<?xml version="1.0" encoding="UTF-8"?>
<gpx creator="Garmin Connect" version="1.1"
  xsi:schemaLocation="http://www.topografix.com/GPX/1/1 http://www.topografix.com/GPX/11.xsd"
  xmlns:ns3="http://www.garmin.com/xmlschemas/TrackPointExtension/v1"
  xmlns="http://www.topografix.com/GPX/1/1"
  xmlns:xsi="http://www.w3.org/2001/XMLSchema-instance" xmlns:ns2="http://www.garmin.com/xmlschemas/GpxExtensions/v3">
  <metadata>
    <link href="connect.garmin.com">
      <text>Garmin Connect</text>
    </link>
    <time>2026-04-09T01:44:01.000Z</time>
  </metadata>
  <trk>
    <name>San Francisco - 30 min 30 sec sprints</name>
    <type>running</type>
    <trkseg>
      <trkpt lat="37.76350527070462703704833984375" lon="-122.4062657542526721954345703125">
        <ele>31.200000762939453125</ele>
        <time>2026-04-09T01:44:01.000Z</time>
        <extensions>
          <ns3:TrackPointExtension>
            <ns3:atemp>26.0</ns3:atemp>
            <ns3:hr>75</ns3:hr>
            <ns3:cad>0</ns3:cad>
          </ns3:TrackPointExtension>
        </extensions>
      </trkpt>
      <trkpt lat="37.76349118910729885101318359375" lon="-122.40626198239624500274658203125">
        <ele>31.3999996185302734375</ele>
        <time>2026-04-09T01:44:02.000Z</time>
        <extensions>
          <ns3:TrackPointExtension>
            <ns3:atemp>26.0</ns3:atemp>
            <ns3:hr>74</ns3:hr>
            <ns3:cad>0</ns3:cad>
          </ns3:TrackPointExtension>
        </extensions>
      </trkpt>
      <trkpt lat="37.7634750120341777801513671875" lon="-122.406243793666362762451171875">
        <ele>31.6000003814697265625</ele>
        <time>2026-04-09T01:44:03.000Z</time>
        <extensions>
          <ns3:TrackPointExtension>
            <ns3:atemp>26.0</ns3:atemp>
            <ns3:hr>75</ns3:hr>
            <ns3:cad>0</ns3:cad>
          </ns3:TrackPointExtension>
        </extensions>
      </trkpt>
      <trkpt lat="37.76345162652432918548583984375" lon="-122.4062396027147769927978515625">
        <ele>32</ele>
        <time>2026-04-09T01:44:04.000Z</time>
        <extensions>
          <ns3:TrackPointExtension>
            <ns3:atemp>26.0</ns3:atemp>
            <ns3:hr>74</ns3:hr>
            <ns3:cad>0</ns3:cad>
          </ns3:TrackPointExtension>
        </extensions>
      </trkpt>
      <trkpt lat="37.763431929051876068115234375" lon="-122.40623901598155498504638671875">
        <ele>32.200000762939453125</ele>
        <time>2026-04-09T01:44:05.000Z</time>
        <extensions>
          <ns3:TrackPointExtension>
            <ns3:atemp>26.0</ns3:atemp>
            <ns3:hr>75</ns3:hr>
            <ns3:cad>0</ns3:cad>
          </ns3:TrackPointExtension>
        </extensions>
      </trkpt>
      <trkpt lat="37.7634069509804248809814453125" lon="-122.40623432211577892303466796875">
        <ele>32.40000152587890625</ele>
        <time>2026-04-09T01:44:06.000Z</time>
        <extensions>
          <ns3:TrackPointExtension>
            <ns3:atemp>26.0</ns3:atemp>
            <ns3:hr>76</ns3:hr>
            <ns3:cad>0</ns3:cad>
          </ns3:TrackPointExtension>
        </extensions>
      </trkpt>
      <trkpt lat="37.76338197290897369384765625" lon="-122.406244464218616485595703125">
        <ele>32.59999847412109375</ele>
        <time>2026-04-09T01:44:07.000Z</time>
        <extensions>
          <ns3:TrackPointExtension>
            <ns3:atemp>26.0</ns3:atemp>
            <ns3:hr>76</ns3:hr>
            <ns3:cad>0</ns3:cad>
          </ns3:TrackPointExtension>
        </extensions>
      </trkpt>
      <trkpt lat="37.76336864568293094635009765625" lon="-122.4062556959688663482666015625">
        <ele>32.799999237060546875</ele>
        <time>2026-04-09T01:44:08.000Z</time>
        <extensions>
          <ns3:TrackPointExtension>
            <ns3:atemp>26.0</ns3:atemp>
            <ns3:hr>76</ns3:hr>
            <ns3:cad>80</ns3:cad>
          </ns3:TrackPointExtension>
        </extensions>
      </trkpt>
      <trkpt lat="37.76334567926824092864990234375" lon="-122.4062655866146087646484375">
        <ele>32.799999237060546875</ele>
        <time>2026-04-09T01:44:09.000Z</time>
        <extensions>
          <ns3:TrackPointExtension>
            <ns3:atemp>26.0</ns3:atemp>
            <ns3:hr>76</ns3:hr>
            <ns3:cad>80</ns3:cad>
          </ns3:TrackPointExtension>
        </extensions>
      </trkpt>
      <trkpt lat="37.76332162320613861083984375" lon="-122.40627455525100231170654296875">
        <ele>32.40000152587890625</ele>
        <time>2026-04-09T01:44:10.000Z</time>
        <extensions>
          <ns3:TrackPointExtension>
            <ns3:atemp>26.0</ns3:atemp>
            <ns3:hr>77</ns3:hr>
            <ns3:cad>78</ns3:cad>
          </ns3:TrackPointExtension>
        </extensions>
      </trkpt>
      <trkpt lat="37.7632956393063068389892578125" lon="-122.4062788300216197967529296875">
        <ele>32.200000762939453125</ele>
        <time>2026-04-09T01:44:11.000Z</time>
        <extensions>
          <ns3:TrackPointExtension>
            <ns3:atemp>26.0</ns3:atemp>
            <ns3:hr>77</ns3:hr>
            <ns3:cad>78</ns3:cad>
          </ns3:TrackPointExtension>
        </extensions>
      </trkpt>
      <trkpt lat="37.76326940394937992095947265625" lon="-122.40628008730709552764892578125">
        <ele>32</ele>
        <time>2026-04-09T01:44:12.000Z</time>
        <extensions>
          <ns3:TrackPointExtension>
            <ns3:atemp>26.0</ns3:atemp>
            <ns3:hr>77</ns3:hr>
            <ns3:cad>78</ns3:cad>
          </ns3:TrackPointExtension>
        </extensions>
      </trkpt>
      <trkpt lat="37.76324140839278697967529296875" lon="-122.40624488331377506256103515625">
        <ele>32</ele>
        <time>2026-04-09T01:44:13.000Z</time>
        <extensions>
          <ns3:TrackPointExtension>
            <ns3:atemp>26.0</ns3:atemp>
            <ns3:hr>78</ns3:hr>
            <ns3:cad>78</ns3:cad>
          </ns3:TrackPointExtension>
        </extensions>
      </trkpt>
      <trkpt lat="37.76322246529161930084228515625" lon="-122.4062372557818889617919921875">
        <ele>32</ele>
        <time>2026-04-09T01:44:14.000Z</time>
        <extensions>
          <ns3:TrackPointExtension>
            <ns3:atemp>26.0</ns3:atemp>
            <ns3:hr>79</ns3:hr>
            <ns3:cad>79</ns3:cad>
          </ns3:TrackPointExtension>
        </extensions>
      </trkpt>
      <trkpt lat="37.763198912143707275390625" lon="-122.40622946061193943023681640625">
        <ele>32.40000152587890625</ele>
        <time>2026-04-09T01:44:15.000Z</time>
        <extensions>
          <ns3:TrackPointExtension>
            <ns3:atemp>26.0</ns3:atemp>
            <ns3:hr>80</ns3:hr>
            <ns3:cad>79</ns3:cad>
          </ns3:TrackPointExtension>
        </extensions>
      </trkpt>
      <trkpt lat="37.76316999457776546478271484375" lon="-122.40622124634683132171630859375">
        <ele>32.799999237060546875</ele>
        <time>2026-04-09T01:44:16.000Z</time>
        <extensions>
          <ns3:TrackPointExtension>
            <ns3:atemp>26.0</ns3:atemp>
            <ns3:hr>81</ns3:hr>
            <ns3:cad>79</ns3:cad>
          </ns3:TrackPointExtension>
        </extensions>
      </trkpt>
      <trkpt lat="37.7631518058478832244873046875" lon="-122.40621839649975299835205078125">
        <ele>33.200000762939453125</ele>
        <time>2026-04-09T01:44:17.000Z</time>
        <extensions>
          <ns3:TrackPointExtension>
            <ns3:atemp>26.0</ns3:atemp>
            <ns3:hr>82</ns3:hr>
            <ns3:cad>79</ns3:cad>
          </ns3:TrackPointExtension>
        </extensions>
      </trkpt>
      <trkpt lat="37.763131521642208099365234375" lon="-122.40621395409107208251953125">
        <ele>33.200000762939453125</ele>
        <time>2026-04-09T01:44:18.000Z</time>
        <extensions>
          <ns3:TrackPointExtension>
            <ns3:atemp>26.0</ns3:atemp>
            <ns3:hr>83</ns3:hr>
            <ns3:cad>79</ns3:cad>
          </ns3:TrackPointExtension>
        </extensions>
      </trkpt>
      <trkpt lat="37.763103358447551727294921875" lon="-122.4062057398259639739990234375">
        <ele>33</ele>
        <time>2026-04-09T01:44:19.000Z</time>
        <extensions>
          <ns3:TrackPointExtension>
            <ns3:atemp>26.0</ns3:atemp>
            <ns3:hr>83</ns3:hr>
            <ns3:cad>79</ns3:cad>
          </ns3:TrackPointExtension>
        </extensions>
      </trkpt>
      <trkpt lat="37.76308969594538211822509765625" lon="-122.4061985313892364501953125">
        <ele>32.799999237060546875</ele>
        <time>2026-04-09T01:44:20.000Z</time>
        <extensions>
          <ns3:TrackPointExtension>
            <ns3:atemp>26.0</ns3:atemp>
            <ns3:hr>84</ns3:hr>
            <ns3:cad>78</ns3:cad>
          </ns3:TrackPointExtension>
        </extensions>
      </trkpt>
      <trkpt lat="37.7630689926445484161376953125" lon="-122.4061909876763820648193359375">
        <ele>32.59999847412109375</ele>
        <time>2026-04-09T01:44:21.000Z</time>
        <extensions>
          <ns3:TrackPointExtension>
            <ns3:atemp>26.0</ns3:atemp>
            <ns3:hr>85</ns3:hr>
            <ns3:cad>78</ns3:cad>
          </ns3:TrackPointExtension>
        </extensions>
      </trkpt>
      <trkpt lat="37.7630421705543994903564453125" lon="-122.4061866290867328643798828125">
        <ele>32.59999847412109375</ele>
        <time>2026-04-09T01:44:22.000Z</time>
        <extensions>
          <ns3:TrackPointExtension>
            <ns3:atemp>26.0</ns3:atemp>
            <ns3:hr>86</ns3:hr>
            <ns3:cad>78</ns3:cad>
          </ns3:TrackPointExtension>
        </extensions>
      </trkpt>
      <trkpt lat="37.7630203776061534881591796875" lon="-122.40618134848773479461669921875">
        <ele>32.40000152587890625</ele>
        <time>2026-04-09T01:44:23.000Z</time>
        <extensions>
          <ns3:TrackPointExtension>
            <ns3:atemp>26.0</ns3:atemp>
            <ns3:hr>86</ns3:hr>
            <ns3:cad>78</ns3:cad>
          </ns3:TrackPointExtension>
        </extensions>
      </trkpt>
      <trkpt lat="37.7629992552101612091064453125" lon="-122.406179420650005340576171875">
        <ele>32.59999847412109375</ele>
        <time>2026-04-09T01:44:24.000Z</time>
        <extensions>
          <ns3:TrackPointExtension>
            <ns3:atemp>26.0</ns3:atemp>
            <ns3:hr>87</ns3:hr>
            <ns3:cad>78</ns3:cad>
          </ns3:TrackPointExtension>
        </extensions>
      </trkpt>
      <trkpt lat="37.762966565787792205810546875" lon="-122.4061769060790538787841796875">
        <ele>32.59999847412109375</ele>
        <time>2026-04-09T01:44:25.000Z</time>
        <extensions>
          <ns3:TrackPointExtension>
            <ns3:atemp>26.0</ns3:atemp>
            <ns3:hr>88</ns3:hr>
            <ns3:cad>78</ns3:cad>
          </ns3:TrackPointExtension>
        </extensions>
      </trkpt>
      <trkpt lat="37.76294368319213390350341796875" lon="-122.406175397336483001708984375">
        <ele>32.59999847412109375</ele>
        <time>2026-04-09T01:44:26.000Z</time>
        <extensions>
          <ns3:TrackPointExtension>
            <ns3:atemp>26.0</ns3:atemp>
            <ns3:hr>88</ns3:hr>
            <ns3:cad>79</ns3:cad>
          </ns3:TrackPointExtension>
        </extensions>
      </trkpt>
      <trkpt lat="37.76292239315807819366455078125" lon="-122.40617598406970500946044921875">
        <ele>32.59999847412109375</ele>
        <time>2026-04-09T01:44:27.000Z</time>
        <extensions>
          <ns3:TrackPointExtension>
            <ns3:atemp>26.0</ns3:atemp>
            <ns3:hr>89</ns3:hr>
            <ns3:cad>80</ns3:cad>
          </ns3:TrackPointExtension>
        </extensions>
      </trkpt>
      <trkpt lat="37.76289272122085094451904296875" lon="-122.40616969764232635498046875">
        <ele>32.799999237060546875</ele>
        <time>2026-04-09T01:44:28.000Z</time>
        <extensions>
          <ns3:TrackPointExtension>
            <ns3:atemp>26.0</ns3:atemp>
            <ns3:hr>90</ns3:hr>
            <ns3:cad>80</ns3:cad>
          </ns3:TrackPointExtension>
        </extensions>
      </trkpt>
      <trkpt lat="37.7628668211400508880615234375" lon="-122.40617095492780208587646484375">
        <ele>32.799999237060546875</ele>
        <time>2026-04-09T01:44:29.000Z</time>
        <extensions>
          <ns3:TrackPointExtension>
            <ns3:atemp>26.0</ns3:atemp>
            <ns3:hr>90</ns3:hr>
            <ns3:cad>80</ns3:cad>
          </ns3:TrackPointExtension>
        </extensions>
      </trkpt>
      <trkpt lat="37.7628408372402191162109375" lon="-122.40617296658456325531005859375">
        <ele>32.799999237060546875</ele>
        <time>2026-04-09T01:44:30.000Z</time>
        <extensions>
          <ns3:TrackPointExtension>
            <ns3:atemp>26.0</ns3:atemp>
            <ns3:hr>91</ns3:hr>
            <ns3:cad>80</ns3:cad>
          </ns3:TrackPointExtension>
        </extensions>
      </trkpt>
      <trkpt lat="37.76280856691300868988037109375" lon="-122.40616835653781890869140625">
        <ele>33</ele>
        <time>2026-04-09T01:44:31.000Z</time>
        <extensions>
          <ns3:TrackPointExtension>
            <ns3:atemp>26.0</ns3:atemp>
            <ns3:hr>91</ns3:hr>
            <ns3:cad>79</ns3:cad>
          </ns3:TrackPointExtension>
        </extensions>
      </trkpt>
      <trkpt lat="37.76278526522219181060791015625" lon="-122.40616223774850368499755859375">
        <ele>33</ele>
        <time>2026-04-09T01:44:32.000Z</time>
        <extensions>
          <ns3:TrackPointExtension>
            <ns3:atemp>26.0</ns3:atemp>
            <ns3:hr>92</ns3:hr>
            <ns3:cad>79</ns3:cad>
          </ns3:TrackPointExtension>
        </extensions>
      </trkpt>
      <trkpt lat="37.762766741216182708740234375" lon="-122.4061594717204570770263671875">
        <ele>33</ele>
        <time>2026-04-09T01:44:33.000Z</time>
        <extensions>
          <ns3:TrackPointExtension>
            <ns3:atemp>26.0</ns3:atemp>
            <ns3:hr>93</ns3:hr>
            <ns3:cad>79</ns3:cad>
          </ns3:TrackPointExtension>
        </extensions>
      </trkpt>
      <trkpt lat="37.762742601335048675537109375" lon="-122.40616056136786937713623046875">
        <ele>33</ele>
        <time>2026-04-09T01:44:34.000Z</time>
        <extensions>
          <ns3:TrackPointExtension>
            <ns3:atemp>26.0</ns3:atemp>
            <ns3:hr>94</ns3:hr>
            <ns3:cad>79</ns3:cad>
          </ns3:TrackPointExtension>
        </extensions>
      </trkpt>
      <trkpt lat="37.76271946728229522705078125" lon="-122.406154610216617584228515625">
        <ele>33</ele>
        <time>2026-04-09T01:44:35.000Z</time>
        <extensions>
          <ns3:TrackPointExtension>
            <ns3:atemp>26.0</ns3:atemp>
            <ns3:hr>94</ns3:hr>
            <ns3:cad>79</ns3:cad>
          </ns3:TrackPointExtension>
        </extensions>
      </trkpt>
      <trkpt lat="37.762697674334049224853515625" lon="-122.40615335293114185333251953125">
        <ele>33</ele>
        <time>2026-04-09T01:44:36.000Z</time>
        <extensions>
          <ns3:TrackPointExtension>
            <ns3:atemp>26.0</ns3:atemp>
            <ns3:hr>95</ns3:hr>
            <ns3:cad>79</ns3:cad>
          </ns3:TrackPointExtension>
        </extensions>
      </trkpt>
      <trkpt lat="37.762665487825870513916015625" lon="-122.40614698268473148345947265625">
        <ele>32.799999237060546875</ele>
        <time>2026-04-09T01:44:37.000Z</time>
        <extensions>
          <ns3:TrackPointExtension>
            <ns3:atemp>26.0</ns3:atemp>
            <ns3:hr>95</ns3:hr>
            <ns3:cad>79</ns3:cad>
          </ns3:TrackPointExtension>
        </extensions>
      </trkpt>
      <trkpt lat="37.76264143176376819610595703125" lon="-122.4061480723321437835693359375">
        <ele>32.59999847412109375</ele>
        <time>2026-04-09T01:44:38.000Z</time>
        <extensions>
          <ns3:TrackPointExtension>
            <ns3:atemp>26.0</ns3:atemp>
            <ns3:hr>96</ns3:hr>
            <ns3:cad>80</ns3:cad>
          </ns3:TrackPointExtension>
        </extensions>
      </trkpt>
      <trkpt lat="37.76261729188263416290283203125" lon="-122.4061527661979198455810546875">
        <ele>32.59999847412109375</ele>
        <time>2026-04-09T01:44:39.000Z</time>
        <extensions>
          <ns3:TrackPointExtension>
            <ns3:atemp>26.0</ns3:atemp>
            <ns3:hr>97</ns3:hr>
            <ns3:cad>80</ns3:cad>
          </ns3:TrackPointExtension>
        </extensions>
      </trkpt>
      <trkpt lat="37.76257932186126708984375" lon="-122.40614958107471466064453125">
        <ele>32.40000152587890625</ele>
        <time>2026-04-09T01:44:40.000Z</time>
        <extensions>
          <ns3:TrackPointExtension>
            <ns3:atemp>26.0</ns3:atemp>
            <ns3:hr>97</ns3:hr>
            <ns3:cad>80</ns3:cad>
          </ns3:TrackPointExtension>
        </extensions>
      </trkpt>
      <trkpt lat="37.76255392469465732574462890625" lon="-122.4061527661979198455810546875">
        <ele>32.40000152587890625</ele>
        <time>2026-04-09T01:44:41.000Z</time>
        <extensions>
          <ns3:TrackPointExtension>
            <ns3:atemp>26.0</ns3:atemp>
            <ns3:hr>98</ns3:hr>
            <ns3:cad>80</ns3:cad>
          </ns3:TrackPointExtension>
        </extensions>
      </trkpt>
      <trkpt lat="37.7625308744609355926513671875" lon="-122.406154610216617584228515625">
        <ele>32.40000152587890625</ele>
        <time>2026-04-09T01:44:42.000Z</time>
        <extensions>
          <ns3:TrackPointExtension>
            <ns3:atemp>26.0</ns3:atemp>
            <ns3:hr>98</ns3:hr>
            <ns3:cad>80</ns3:cad>
          </ns3:TrackPointExtension>
        </extensions>
      </trkpt>
      <trkpt lat="37.762499861419200897216796875" lon="-122.40614958107471466064453125">
        <ele>32.40000152587890625</ele>
        <time>2026-04-09T01:44:43.000Z</time>
        <extensions>
          <ns3:TrackPointExtension>
            <ns3:atemp>25.0</ns3:atemp>
            <ns3:hr>99</ns3:hr>
            <ns3:cad>80</ns3:cad>
          </ns3:TrackPointExtension>
        </extensions>
      </trkpt>
      <trkpt lat="37.76247647590935230255126953125" lon="-122.40615083836019039154052734375">
        <ele>32.40000152587890625</ele>
        <time>2026-04-09T01:44:44.000Z</time>
        <extensions>
          <ns3:TrackPointExtension>
            <ns3:atemp>25.0</ns3:atemp>
            <ns3:hr>100</ns3:hr>
            <ns3:cad>80</ns3:cad>
          </ns3:TrackPointExtension>
        </extensions>
      </trkpt>
      <trkpt lat="37.76245116256177425384521484375" lon="-122.4061544425785541534423828125">
        <ele>32.40000152587890625</ele>
        <time>2026-04-09T01:44:45.000Z</time>
        <extensions>
          <ns3:TrackPointExtension>
            <ns3:atemp>25.0</ns3:atemp>
            <ns3:hr>100</ns3:hr>
            <ns3:cad>80</ns3:cad>
          </ns3:TrackPointExtension>
        </extensions>
      </trkpt>
      <trkpt lat="37.76241763494908809661865234375" lon="-122.40615067072212696075439453125">
        <ele>32.200000762939453125</ele>
        <time>2026-04-09T01:44:46.000Z</time>
        <extensions>
          <ns3:TrackPointExtension>
            <ns3:atemp>25.0</ns3:atemp>
            <ns3:hr>100</ns3:hr>
            <ns3:cad>80</ns3:cad>
          </ns3:TrackPointExtension>
        </extensions>
      </trkpt>
      <trkpt lat="37.7623929083347320556640625" lon="-122.40614597685635089874267578125">
        <ele>32.200000762939453125</ele>
        <time>2026-04-09T01:44:47.000Z</time>
        <extensions>
          <ns3:TrackPointExtension>
            <ns3:atemp>25.0</ns3:atemp>
            <ns3:hr>101</ns3:hr>
            <ns3:cad>80</ns3:cad>
          </ns3:TrackPointExtension>
        </extensions>
      </trkpt>
      <trkpt lat="37.76236985810101032257080078125" lon="-122.40614463575184345245361328125">
        <ele>32.200000762939453125</ele>
        <time>2026-04-09T01:44:48.000Z</time>
        <extensions>
          <ns3:TrackPointExtension>
            <ns3:atemp>25.0</ns3:atemp>
            <ns3:hr>101</ns3:hr>
            <ns3:cad>80</ns3:cad>
          </ns3:TrackPointExtension>
        </extensions>
      </trkpt>
      <trkpt lat="37.76233884505927562713623046875" lon="-122.4061433784663677215576171875">
        <ele>32.200000762939453125</ele>
        <time>2026-04-09T01:44:49.000Z</time>
        <extensions>
          <ns3:TrackPointExtension>
            <ns3:atemp>25.0</ns3:atemp>
            <ns3:hr>101</ns3:hr>
            <ns3:cad>81</ns3:cad>
          </ns3:TrackPointExtension>
        </extensions>
      </trkpt>
      <trkpt lat="37.76231579482555389404296875" lon="-122.40614530630409717559814453125">
        <ele>32.40000152587890625</ele>
        <time>2026-04-09T01:44:50.000Z</time>
        <extensions>
          <ns3:TrackPointExtension>
            <ns3:atemp>25.0</ns3:atemp>
            <ns3:hr>102</ns3:hr>
            <ns3:cad>81</ns3:cad>
          </ns3:TrackPointExtension>
        </extensions>
      </trkpt>
      <trkpt lat="37.76229140348732471466064453125" lon="-122.40614346228539943695068359375">
        <ele>32.200000762939453125</ele>
        <time>2026-04-09T01:44:51.000Z</time>
        <extensions>
          <ns3:TrackPointExtension>
            <ns3:atemp>26.0</ns3:atemp>
            <ns3:hr>102</ns3:hr>
            <ns3:cad>81</ns3:cad>
          </ns3:TrackPointExtension>
        </extensions>
      </trkpt>
      <trkpt lat="37.7622609771788120269775390625" lon="-122.4061266146600246429443359375">
        <ele>32</ele>
        <time>2026-04-09T01:44:52.000Z</time>
        <extensions>
          <ns3:TrackPointExtension>
            <ns3:atemp>25.0</ns3:atemp>
            <ns3:hr>102</ns3:hr>
            <ns3:cad>81</ns3:cad>
          </ns3:TrackPointExtension>
        </extensions>
      </trkpt>
      <trkpt lat="37.76223658584058284759521484375" lon="-122.40612502209842205047607421875">
        <ele>31.6000003814697265625</ele>
        <time>2026-04-09T01:44:53.000Z</time>
        <extensions>
          <ns3:TrackPointExtension>
            <ns3:atemp>25.0</ns3:atemp>
            <ns3:hr>103</ns3:hr>
            <ns3:cad>80</ns3:cad>
          </ns3:TrackPointExtension>
        </extensions>
      </trkpt>
      <trkpt lat="37.76221144013106822967529296875" lon="-122.4060952663421630859375">
        <ele>31</ele>
        <time>2026-04-09T01:44:54.000Z</time>
        <extensions>
          <ns3:TrackPointExtension>
            <ns3:atemp>25.0</ns3:atemp>
            <ns3:hr>103</ns3:hr>
            <ns3:cad>80</ns3:cad>
          </ns3:TrackPointExtension>
        </extensions>
      </trkpt>
      <trkpt lat="37.7622066624462604522705078125" lon="-122.40607582032680511474609375">
        <ele>31</ele>
        <time>2026-04-09T01:44:55.000Z</time>
        <extensions>
          <ns3:TrackPointExtension>
            <ns3:atemp>25.0</ns3:atemp>
            <ns3:hr>103</ns3:hr>
            <ns3:cad>80</ns3:cad>
          </ns3:TrackPointExtension>
        </extensions>
      </trkpt>
      <trkpt lat="37.7622073329985141754150390625" lon="-122.40605528466403484344482421875">
        <ele>31.200000762939453125</ele>
        <time>2026-04-09T01:44:56.000Z</time>
        <extensions>
          <ns3:TrackPointExtension>
            <ns3:atemp>25.0</ns3:atemp>
            <ns3:hr>104</ns3:hr>
            <ns3:cad>80</ns3:cad>
          </ns3:TrackPointExtension>
        </extensions>
      </trkpt>
      <trkpt lat="37.76221546344459056854248046875" lon="-122.40602695383131504058837890625">
        <ele>31.3999996185302734375</ele>
        <time>2026-04-09T01:44:57.000Z</time>
        <extensions>
          <ns3:TrackPointExtension>
            <ns3:atemp>25.0</ns3:atemp>
            <ns3:hr>104</ns3:hr>
            <ns3:cad>81</ns3:cad>
          </ns3:TrackPointExtension>
        </extensions>
      </trkpt>
      <trkpt lat="37.76223625056445598602294921875" lon="-122.4060079269111156463623046875">
        <ele>32</ele>
        <time>2026-04-09T01:44:58.000Z</time>
        <extensions>
          <ns3:TrackPointExtension>
            <ns3:atemp>25.0</ns3:atemp>
            <ns3:hr>105</ns3:hr>
            <ns3:cad>81</ns3:cad>
          </ns3:TrackPointExtension>
        </extensions>
      </trkpt>
      <trkpt lat="37.762248404324054718017578125" lon="-122.4059864692389965057373046875">
        <ele>32.40000152587890625</ele>
        <time>2026-04-09T01:44:59.000Z</time>
        <extensions>
          <ns3:TrackPointExtension>
            <ns3:atemp>25.0</ns3:atemp>
            <ns3:hr>106</ns3:hr>
            <ns3:cad>81</ns3:cad>
          </ns3:TrackPointExtension>
        </extensions>
      </trkpt>
      <trkpt lat="37.7622727118432521820068359375" lon="-122.4059566296637058258056640625">
        <ele>32.799999237060546875</ele>
        <time>2026-04-09T01:45:00.000Z</time>
        <extensions>
          <ns3:TrackPointExtension>
            <ns3:atemp>25.0</ns3:atemp>
            <ns3:hr>106</ns3:hr>
            <ns3:cad>80</ns3:cad>
          </ns3:TrackPointExtension>
        </extensions>
      </trkpt>
      <trkpt lat="37.76230313815176486968994140625" lon="-122.4059526063501834869384765625">
        <ele>33.200000762939453125</ele>
        <time>2026-04-09T01:45:01.000Z</time>
        <extensions>
          <ns3:TrackPointExtension>
            <ns3:atemp>25.0</ns3:atemp>
            <ns3:hr>107</ns3:hr>
            <ns3:cad>80</ns3:cad>
          </ns3:TrackPointExtension>
        </extensions>
      </trkpt>
      <trkpt lat="37.762325517833232879638671875" lon="-122.40594849921762943267822265625">
        <ele>33.59999847412109375</ele>
        <time>2026-04-09T01:45:02.000Z</time>
        <extensions>
          <ns3:TrackPointExtension>
            <ns3:atemp>25.0</ns3:atemp>
            <ns3:hr>107</ns3:hr>
            <ns3:cad>80</ns3:cad>
          </ns3:TrackPointExtension>
        </extensions>
      </trkpt>
      <trkpt lat="37.76235594414174556732177734375" lon="-122.40595889277756214141845703125">
        <ele>33.799999237060546875</ele>
        <time>2026-04-09T01:45:03.000Z</time>
        <extensions>
          <ns3:TrackPointExtension>
            <ns3:atemp>25.0</ns3:atemp>
            <ns3:hr>107</ns3:hr>
            <ns3:cad>80</ns3:cad>
          </ns3:TrackPointExtension>
        </extensions>
      </trkpt>
      <trkpt lat="37.7623789943754673004150390625" lon="-122.40597884170711040496826171875">
        <ele>34.200000762939453125</ele>
        <time>2026-04-09T01:45:04.000Z</time>
        <extensions>
          <ns3:TrackPointExtension>
            <ns3:atemp>25.0</ns3:atemp>
            <ns3:hr>108</ns3:hr>
            <ns3:cad>80</ns3:cad>
          </ns3:TrackPointExtension>
        </extensions>
      </trkpt>
      <trkpt lat="37.76239550672471523284912109375" lon="-122.40599929355084896087646484375">
        <ele>34.59999847412109375</ele>
        <time>2026-04-09T01:45:05.000Z</time>
        <extensions>
          <ns3:TrackPointExtension>
            <ns3:atemp>25.0</ns3:atemp>
            <ns3:hr>108</ns3:hr>
            <ns3:cad>80</ns3:cad>
          </ns3:TrackPointExtension>
        </extensions>
      </trkpt>
      <trkpt lat="37.76239885948598384857177734375" lon="-122.40603265352547168731689453125">
        <ele>35</ele>
        <time>2026-04-09T01:45:06.000Z</time>
        <extensions>
          <ns3:TrackPointExtension>
            <ns3:atemp>25.0</ns3:atemp>
            <ns3:hr>109</ns3:hr>
            <ns3:cad>80</ns3:cad>
          </ns3:TrackPointExtension>
        </extensions>
      </trkpt>
      <trkpt lat="37.76239550672471523284912109375" lon="-122.4060572125017642974853515625">
        <ele>35.40000152587890625</ele>
        <time>2026-04-09T01:45:07.000Z</time>
        <extensions>
          <ns3:TrackPointExtension>
            <ns3:atemp>25.0</ns3:atemp>
            <ns3:hr>109</ns3:hr>
            <ns3:cad>80</ns3:cad>
          </ns3:TrackPointExtension>
        </extensions>
      </trkpt>
      <trkpt lat="37.762383185327053070068359375" lon="-122.406076826155185699462890625">
        <ele>35.799999237060546875</ele>
        <time>2026-04-09T01:45:08.000Z</time>
        <extensions>
          <ns3:TrackPointExtension>
            <ns3:atemp>25.0</ns3:atemp>
            <ns3:hr>109</ns3:hr>
            <ns3:cad>81</ns3:cad>
          </ns3:TrackPointExtension>
        </extensions>
      </trkpt>
      <trkpt lat="37.762359045445919036865234375" lon="-122.40609099157154560089111328125">
        <ele>36</ele>
        <time>2026-04-09T01:45:09.000Z</time>
        <extensions>
          <ns3:TrackPointExtension>
            <ns3:atemp>25.0</ns3:atemp>
            <ns3:hr>110</ns3:hr>
            <ns3:cad>81</ns3:cad>
          </ns3:TrackPointExtension>
        </extensions>
      </trkpt>
      <trkpt lat="37.762340940535068511962890625" lon="-122.40609727799892425537109375">
        <ele>36.40000152587890625</ele>
        <time>2026-04-09T01:45:10.000Z</time>
        <extensions>
          <ns3:TrackPointExtension>
            <ns3:atemp>25.0</ns3:atemp>
            <ns3:hr>111</ns3:hr>
            <ns3:cad>81</ns3:cad>
          </ns3:TrackPointExtension>
        </extensions>
      </trkpt>
      <trkpt lat="37.7623139508068561553955078125" lon="-122.406095601618289947509765625">
        <ele>36.59999847412109375</ele>
        <time>2026-04-09T01:45:11.000Z</time>
        <extensions>
          <ns3:TrackPointExtension>
            <ns3:atemp>25.0</ns3:atemp>
            <ns3:hr>111</ns3:hr>
            <ns3:cad>81</ns3:cad>
          </ns3:TrackPointExtension>
        </extensions>
      </trkpt>
      <trkpt lat="37.76229173876345157623291015625" lon="-122.406073473393917083740234375">
        <ele>36.799999237060546875</ele>
        <time>2026-04-09T01:45:12.000Z</time>
        <extensions>
          <ns3:TrackPointExtension>
            <ns3:atemp>25.0</ns3:atemp>
            <ns3:hr>112</ns3:hr>
            <ns3:cad>82</ns3:cad>
          </ns3:TrackPointExtension>
        </extensions>
      </trkpt>
      <trkpt lat="37.7622787468135356903076171875" lon="-122.40605712868273258209228515625">
        <ele>36.799999237060546875</ele>
        <time>2026-04-09T01:45:13.000Z</time>
        <extensions>
          <ns3:TrackPointExtension>
            <ns3:atemp>25.0</ns3:atemp>
            <ns3:hr>113</ns3:hr>
            <ns3:cad>82</ns3:cad>
          </ns3:TrackPointExtension>
        </extensions>
      </trkpt>
      <trkpt lat="37.76226273737847805023193359375" lon="-122.406029887497425079345703125">
        <ele>37</ele>
        <time>2026-04-09T01:45:14.000Z</time>
        <extensions>
          <ns3:TrackPointExtension>
            <ns3:atemp>25.0</ns3:atemp>
            <ns3:hr>114</ns3:hr>
            <ns3:cad>82</ns3:cad>
          </ns3:TrackPointExtension>
        </extensions>
      </trkpt>
      <trkpt lat="37.76225251145660877227783203125" lon="-122.40601412951946258544921875">
        <ele>37.40000152587890625</ele>
        <time>2026-04-09T01:45:15.000Z</time>
        <extensions>
          <ns3:TrackPointExtension>
            <ns3:atemp>25.0</ns3:atemp>
            <ns3:hr>115</ns3:hr>
            <ns3:cad>82</ns3:cad>
          </ns3:TrackPointExtension>
        </extensions>
      </trkpt>
      <trkpt lat="37.76224471628665924072265625" lon="-122.40599795244634151458740234375">
        <ele>37.59999847412109375</ele>
        <time>2026-04-09T01:45:16.000Z</time>
        <extensions>
          <ns3:TrackPointExtension>
            <ns3:atemp>25.0</ns3:atemp>
            <ns3:hr>116</ns3:hr>
            <ns3:cad>82</ns3:cad>
          </ns3:TrackPointExtension>
        </extensions>
      </trkpt>
      <trkpt lat="37.76223926804959774017333984375" lon="-122.405970878899097442626953125">
        <ele>38.200000762939453125</ele>
        <time>2026-04-09T01:45:17.000Z</time>
        <extensions>
          <ns3:TrackPointExtension>
            <ns3:atemp>25.0</ns3:atemp>
            <ns3:hr>117</ns3:hr>
            <ns3:cad>82</ns3:cad>
          </ns3:TrackPointExtension>
        </extensions>
      </trkpt>
      <trkpt lat="37.76222652755677700042724609375" lon="-122.4059499241411685943603515625">
        <ele>38.40000152587890625</ele>
        <time>2026-04-09T01:45:18.000Z</time>
        <extensions>
          <ns3:TrackPointExtension>
            <ns3:atemp>25.0</ns3:atemp>
            <ns3:hr>119</ns3:hr>
            <ns3:cad>82</ns3:cad>
          </ns3:TrackPointExtension>
        </extensions>
      </trkpt>
      <trkpt lat="37.762219570577144622802734375" lon="-122.40593374706804752349853515625">
        <ele>38.59999847412109375</ele>
        <time>2026-04-09T01:45:19.000Z</time>
        <extensions>
          <ns3:TrackPointExtension>
            <ns3:atemp>25.0</ns3:atemp>
            <ns3:hr>120</ns3:hr>
            <ns3:cad>82</ns3:cad>
          </ns3:TrackPointExtension>
        </extensions>
      </trkpt>
      <trkpt lat="37.7622069977223873138427734375" lon="-122.4058996327221393585205078125">
        <ele>38.799999237060546875</ele>
        <time>2026-04-09T01:45:20.000Z</time>
        <extensions>
          <ns3:TrackPointExtension>
            <ns3:atemp>25.0</ns3:atemp>
            <ns3:hr>121</ns3:hr>
            <ns3:cad>81</ns3:cad>
          </ns3:TrackPointExtension>
        </extensions>
      </trkpt>
      <trkpt lat="37.76220171712338924407958984375" lon="-122.40587289445102214813232421875">
        <ele>39</ele>
        <time>2026-04-09T01:45:21.000Z</time>
        <extensions>
          <ns3:TrackPointExtension>
            <ns3:atemp>25.0</ns3:atemp>
            <ns3:hr>121</ns3:hr>
            <ns3:cad>80</ns3:cad>
          </ns3:TrackPointExtension>
        </extensions>
      </trkpt>
      <trkpt lat="37.76219115592539310455322265625" lon="-122.40583769045770168304443359375">
        <ele>39</ele>
        <time>2026-04-09T01:45:22.000Z</time>
        <extensions>
          <ns3:TrackPointExtension>
            <ns3:atemp>25.0</ns3:atemp>
            <ns3:hr>122</ns3:hr>
            <ns3:cad>80</ns3:cad>
          </ns3:TrackPointExtension>
        </extensions>
      </trkpt>
      <trkpt lat="37.7621835283935070037841796875" lon="-122.40580148063600063323974609375">
        <ele>38.799999237060546875</ele>
        <time>2026-04-09T01:45:23.000Z</time>
        <extensions>
          <ns3:TrackPointExtension>
            <ns3:atemp>25.0</ns3:atemp>
            <ns3:hr>123</ns3:hr>
            <ns3:cad>81</ns3:cad>
          </ns3:TrackPointExtension>
        </extensions>
      </trkpt>
      <trkpt lat="37.76217631995677947998046875" lon="-122.40578119643032550811767578125">
        <ele>38.799999237060546875</ele>
        <time>2026-04-09T01:45:24.000Z</time>
        <extensions>
          <ns3:TrackPointExtension>
            <ns3:atemp>25.0</ns3:atemp>
            <ns3:hr>124</ns3:hr>
            <ns3:cad>81</ns3:cad>
          </ns3:TrackPointExtension>
        </extensions>
      </trkpt>
      <trkpt lat="37.76216668076813220977783203125" lon="-122.40575403906404972076416015625">
        <ele>38.59999847412109375</ele>
        <time>2026-04-09T01:45:25.000Z</time>
        <extensions>
          <ns3:TrackPointExtension>
            <ns3:atemp>25.0</ns3:atemp>
            <ns3:hr>125</ns3:hr>
            <ns3:cad>81</ns3:cad>
          </ns3:TrackPointExtension>
        </extensions>
      </trkpt>
      <trkpt lat="37.76215762831270694732666015625" lon="-122.405720762908458709716796875">
        <ele>38.40000152587890625</ele>
        <time>2026-04-09T01:45:26.000Z</time>
        <extensions>
          <ns3:TrackPointExtension>
            <ns3:atemp>25.0</ns3:atemp>
            <ns3:hr>126</ns3:hr>
            <ns3:cad>81</ns3:cad>
          </ns3:TrackPointExtension>
        </extensions>
      </trkpt>
      <trkpt lat="37.76214924640953540802001953125" lon="-122.4057008139789104461669921875">
        <ele>38.40000152587890625</ele>
        <time>2026-04-09T01:45:27.000Z</time>
        <extensions>
          <ns3:TrackPointExtension>
            <ns3:atemp>25.0</ns3:atemp>
            <ns3:hr>127</ns3:hr>
            <ns3:cad>81</ns3:cad>
          </ns3:TrackPointExtension>
        </extensions>
      </trkpt>
      <trkpt lat="37.7621329016983509063720703125" lon="-122.40566753782331943511962890625">
        <ele>38.40000152587890625</ele>
        <time>2026-04-09T01:45:28.000Z</time>
        <extensions>
          <ns3:TrackPointExtension>
            <ns3:atemp>25.0</ns3:atemp>
            <ns3:hr>127</ns3:hr>
            <ns3:cad>81</ns3:cad>
          </ns3:TrackPointExtension>
        </extensions>
      </trkpt>
      <trkpt lat="37.76212091557681560516357421875" lon="-122.40563954226672649383544921875">
        <ele>38.40000152587890625</ele>
        <time>2026-04-09T01:45:29.000Z</time>
        <extensions>
          <ns3:TrackPointExtension>
            <ns3:atemp>25.0</ns3:atemp>
            <ns3:hr>128</ns3:hr>
            <ns3:cad>81</ns3:cad>
          </ns3:TrackPointExtension>
        </extensions>
      </trkpt>
      <trkpt lat="37.7621117793023586273193359375" lon="-122.4056169949471950531005859375">
        <ele>38.40000152587890625</ele>
        <time>2026-04-09T01:45:30.000Z</time>
        <extensions>
          <ns3:TrackPointExtension>
            <ns3:atemp>25.0</ns3:atemp>
            <ns3:hr>128</ns3:hr>
            <ns3:cad>81</ns3:cad>
          </ns3:TrackPointExtension>
        </extensions>
      </trkpt>
      <trkpt lat="37.76209610514342784881591796875" lon="-122.4055854789912700653076171875">
        <ele>38.40000152587890625</ele>
        <time>2026-04-09T01:45:31.000Z</time>
        <extensions>
          <ns3:TrackPointExtension>
            <ns3:atemp>25.0</ns3:atemp>
            <ns3:hr>129</ns3:hr>
            <ns3:cad>81</ns3:cad>
          </ns3:TrackPointExtension>
        </extensions>
      </trkpt>
      <trkpt lat="37.7620795927941799163818359375" lon="-122.4055606685578823089599609375">
        <ele>38.40000152587890625</ele>
        <time>2026-04-09T01:45:32.000Z</time>
        <extensions>
          <ns3:TrackPointExtension>
            <ns3:atemp>25.0</ns3:atemp>
            <ns3:hr>129</ns3:hr>
            <ns3:cad>81</ns3:cad>
          </ns3:TrackPointExtension>
        </extensions>
      </trkpt>
      <trkpt lat="37.7620661817491054534912109375" lon="-122.4055398814380168914794921875">
        <ele>38.40000152587890625</ele>
        <time>2026-04-09T01:45:33.000Z</time>
        <extensions>
          <ns3:TrackPointExtension>
            <ns3:atemp>25.0</ns3:atemp>
            <ns3:hr>130</ns3:hr>
            <ns3:cad>81</ns3:cad>
          </ns3:TrackPointExtension>
        </extensions>
      </trkpt>
      <trkpt lat="37.76205134578049182891845703125" lon="-122.40551146678626537322998046875">
        <ele>38.40000152587890625</ele>
        <time>2026-04-09T01:45:34.000Z</time>
        <extensions>
          <ns3:TrackPointExtension>
            <ns3:atemp>24.0</ns3:atemp>
            <ns3:hr>130</ns3:hr>
            <ns3:cad>81</ns3:cad>
          </ns3:TrackPointExtension>
        </extensions>
      </trkpt>
      <trkpt lat="37.7620375156402587890625" lon="-122.40548615343868732452392578125">
        <ele>38.40000152587890625</ele>
        <time>2026-04-09T01:45:35.000Z</time>
        <extensions>
          <ns3:TrackPointExtension>
            <ns3:atemp>25.0</ns3:atemp>
            <ns3:hr>130</ns3:hr>
            <ns3:cad>81</ns3:cad>
          </ns3:TrackPointExtension>
        </extensions>
      </trkpt>
      <trkpt lat="37.76202418841421604156494140625" lon="-122.40545312874019145965576171875">
        <ele>38.40000152587890625</ele>
        <time>2026-04-09T01:45:36.000Z</time>
        <extensions>
          <ns3:TrackPointExtension>
            <ns3:atemp>25.0</ns3:atemp>
            <ns3:hr>129</ns3:hr>
            <ns3:cad>81</ns3:cad>
          </ns3:TrackPointExtension>
        </extensions>
      </trkpt>
      <trkpt lat="37.762017063796520233154296875" lon="-122.4054242111742496490478515625">
        <ele>38.59999847412109375</ele>
        <time>2026-04-09T01:45:37.000Z</time>
        <extensions>
          <ns3:TrackPointExtension>
            <ns3:atemp>24.0</ns3:atemp>
            <ns3:hr>130</ns3:hr>
            <ns3:cad>80</ns3:cad>
          </ns3:TrackPointExtension>
        </extensions>
      </trkpt>
      <trkpt lat="37.76200541295111179351806640625" lon="-122.4053973890841007232666015625">
        <ele>38.59999847412109375</ele>
        <time>2026-04-09T01:45:38.000Z</time>
        <extensions>
          <ns3:TrackPointExtension>
            <ns3:atemp>24.0</ns3:atemp>
            <ns3:hr>130</ns3:hr>
            <ns3:cad>81</ns3:cad>
          </ns3:TrackPointExtension>
        </extensions>
      </trkpt>
      <trkpt lat="37.7619934268295764923095703125" lon="-122.40535698831081390380859375">
        <ele>38.799999237060546875</ele>
        <time>2026-04-09T01:45:39.000Z</time>
        <extensions>
          <ns3:TrackPointExtension>
            <ns3:atemp>25.0</ns3:atemp>
            <ns3:hr>129</ns3:hr>
            <ns3:cad>81</ns3:cad>
          </ns3:TrackPointExtension>
        </extensions>
      </trkpt>
      <trkpt lat="37.761992923915386199951171875" lon="-122.4053283222019672393798828125">
        <ele>39</ele>
        <time>2026-04-09T01:45:40.000Z</time>
        <extensions>
          <ns3:TrackPointExtension>
            <ns3:atemp>25.0</ns3:atemp>
            <ns3:hr>130</ns3:hr>
            <ns3:cad>81</ns3:cad>
          </ns3:TrackPointExtension>
        </extensions>
      </trkpt>
      <trkpt lat="37.76198747567832469940185546875" lon="-122.405296303331851959228515625">
        <ele>39.200000762939453125</ele>
        <time>2026-04-09T01:45:41.000Z</time>
        <extensions>
          <ns3:TrackPointExtension>
            <ns3:atemp>24.0</ns3:atemp>
            <ns3:hr>130</ns3:hr>
            <ns3:cad>82</ns3:cad>
          </ns3:TrackPointExtension>
        </extensions>
      </trkpt>
      <trkpt lat="37.76199183426797389984130859375" lon="-122.40525850094854831695556640625">
        <ele>39.40000152587890625</ele>
        <time>2026-04-09T01:45:42.000Z</time>
        <extensions>
          <ns3:TrackPointExtension>
            <ns3:atemp>24.0</ns3:atemp>
            <ns3:hr>129</ns3:hr>
            <ns3:cad>82</ns3:cad>
          </ns3:TrackPointExtension>
        </extensions>
      </trkpt>
      <trkpt lat="37.761993594467639923095703125" lon="-122.4052317626774311065673828125">
        <ele>39.59999847412109375</ele>
        <time>2026-04-09T01:45:43.000Z</time>
        <extensions>
          <ns3:TrackPointExtension>
            <ns3:atemp>24.0</ns3:atemp>
            <ns3:hr>130</ns3:hr>
            <ns3:cad>82</ns3:cad>
          </ns3:TrackPointExtension>
        </extensions>
      </trkpt>
      <trkpt lat="37.7619997970759868621826171875" lon="-122.40520133636891841888427734375">
        <ele>39.799999237060546875</ele>
        <time>2026-04-09T01:45:44.000Z</time>
        <extensions>
          <ns3:TrackPointExtension>
            <ns3:atemp>24.0</ns3:atemp>
            <ns3:hr>130</ns3:hr>
            <ns3:cad>82</ns3:cad>
          </ns3:TrackPointExtension>
        </extensions>
      </trkpt>
      <trkpt lat="37.76201681233942508697509765625" lon="-122.4051677249372005462646484375">
        <ele>40</ele>
        <time>2026-04-09T01:45:45.000Z</time>
        <extensions>
          <ns3:TrackPointExtension>
            <ns3:atemp>24.0</ns3:atemp>
            <ns3:hr>130</ns3:hr>
            <ns3:cad>82</ns3:cad>
          </ns3:TrackPointExtension>
        </extensions>
      </trkpt>
      <trkpt lat="37.76202385313808917999267578125" lon="-122.40514375269412994384765625">
        <ele>40</ele>
        <time>2026-04-09T01:45:46.000Z</time>
        <extensions>
          <ns3:TrackPointExtension>
            <ns3:atemp>24.0</ns3:atemp>
            <ns3:hr>129</ns3:hr>
            <ns3:cad>82</ns3:cad>
          </ns3:TrackPointExtension>
        </extensions>
      </trkpt>
      <trkpt lat="37.76202879846096038818359375" lon="-122.40510695613920688629150390625">
        <ele>40</ele>
        <time>2026-04-09T01:45:47.000Z</time>
        <extensions>
          <ns3:TrackPointExtension>
            <ns3:atemp>24.0</ns3:atemp>
            <ns3:hr>130</ns3:hr>
            <ns3:cad>82</ns3:cad>
          </ns3:TrackPointExtension>
        </extensions>
      </trkpt>
      <trkpt lat="37.76203273795545101165771484375" lon="-122.40507267415523529052734375">
        <ele>39.59999847412109375</ele>
        <time>2026-04-09T01:45:48.000Z</time>
        <extensions>
          <ns3:TrackPointExtension>
            <ns3:atemp>24.0</ns3:atemp>
            <ns3:hr>130</ns3:hr>
            <ns3:cad>81</ns3:cad>
          </ns3:TrackPointExtension>
        </extensions>
      </trkpt>
      <trkpt lat="37.7620323188602924346923828125" lon="-122.4050476960837841033935546875">
        <ele>39.200000762939453125</ele>
        <time>2026-04-09T01:45:49.000Z</time>
        <extensions>
          <ns3:TrackPointExtension>
            <ns3:atemp>24.0</ns3:atemp>
            <ns3:hr>130</ns3:hr>
            <ns3:cad>81</ns3:cad>
          </ns3:TrackPointExtension>
        </extensions>
      </trkpt>
      <trkpt lat="37.7620356716215610504150390625" lon="-122.4050104804337024688720703125">
        <ele>39.200000762939453125</ele>
        <time>2026-04-09T01:45:50.000Z</time>
        <extensions>
          <ns3:TrackPointExtension>
            <ns3:atemp>24.0</ns3:atemp>
            <ns3:hr>130</ns3:hr>
            <ns3:cad>81</ns3:cad>
          </ns3:TrackPointExtension>
        </extensions>
      </trkpt>
      <trkpt lat="37.76204145513474941253662109375" lon="-122.40498256869614124298095703125">
        <ele>39.200000762939453125</ele>
        <time>2026-04-09T01:45:51.000Z</time>
        <extensions>
          <ns3:TrackPointExtension>
            <ns3:atemp>24.0</ns3:atemp>
            <ns3:hr>130</ns3:hr>
            <ns3:cad>81</ns3:cad>
          </ns3:TrackPointExtension>
        </extensions>
      </trkpt>
      <trkpt lat="37.762043215334415435791015625" lon="-122.40495993755757808685302734375">
        <ele>39.40000152587890625</ele>
        <time>2026-04-09T01:45:52.000Z</time>
        <extensions>
          <ns3:TrackPointExtension>
            <ns3:atemp>24.0</ns3:atemp>
            <ns3:hr>131</ns3:hr>
            <ns3:cad>81</ns3:cad>
          </ns3:TrackPointExtension>
        </extensions>
      </trkpt>
      <trkpt lat="37.7620433829724788665771484375" lon="-122.4049246497452259063720703125">
        <ele>39.59999847412109375</ele>
        <time>2026-04-09T01:45:53.000Z</time>
        <extensions>
          <ns3:TrackPointExtension>
            <ns3:atemp>24.0</ns3:atemp>
            <ns3:hr>130</ns3:hr>
            <ns3:cad>81</ns3:cad>
          </ns3:TrackPointExtension>
        </extensions>
      </trkpt>
      <trkpt lat="37.76204715482890605926513671875" lon="-122.40489908494055271148681640625">
        <ele>40</ele>
        <time>2026-04-09T01:45:54.000Z</time>
        <extensions>
          <ns3:TrackPointExtension>
            <ns3:atemp>24.0</ns3:atemp>
            <ns3:hr>130</ns3:hr>
            <ns3:cad>81</ns3:cad>
          </ns3:TrackPointExtension>
        </extensions>
      </trkpt>
      <trkpt lat="37.76204749010503292083740234375" lon="-122.40487729199230670928955078125">
        <ele>40.200000762939453125</ele>
        <time>2026-04-09T01:45:55.000Z</time>
        <extensions>
          <ns3:TrackPointExtension>
            <ns3:atemp>24.0</ns3:atemp>
            <ns3:hr>130</ns3:hr>
            <ns3:cad>81</ns3:cad>
          </ns3:TrackPointExtension>
        </extensions>
      </trkpt>
      <trkpt lat="37.76204715482890605926513671875" lon="-122.40484644658863544464111328125">
        <ele>40.59999847412109375</ele>
        <time>2026-04-09T01:45:56.000Z</time>
        <extensions>
          <ns3:TrackPointExtension>
            <ns3:atemp>24.0</ns3:atemp>
            <ns3:hr>130</ns3:hr>
            <ns3:cad>81</ns3:cad>
          </ns3:TrackPointExtension>
        </extensions>
      </trkpt>
      <trkpt lat="37.76205084286630153656005859375" lon="-122.40482079796493053436279296875">
        <ele>40.799999237060546875</ele>
        <time>2026-04-09T01:45:57.000Z</time>
        <extensions>
          <ns3:TrackPointExtension>
            <ns3:atemp>24.0</ns3:atemp>
            <ns3:hr>130</ns3:hr>
            <ns3:cad>81</ns3:cad>
          </ns3:TrackPointExtension>
        </extensions>
      </trkpt>
      <trkpt lat="37.76205335743725299835205078125" lon="-122.40479716099798679351806640625">
        <ele>41.200000762939453125</ele>
        <time>2026-04-09T01:45:58.000Z</time>
        <extensions>
          <ns3:TrackPointExtension>
            <ns3:atemp>24.0</ns3:atemp>
            <ns3:hr>130</ns3:hr>
            <ns3:cad>81</ns3:cad>
          </ns3:TrackPointExtension>
        </extensions>
      </trkpt>
      <trkpt lat="37.76205553673207759857177734375" lon="-122.40476480685174465179443359375">
        <ele>41.59999847412109375</ele>
        <time>2026-04-09T01:45:59.000Z</time>
        <extensions>
          <ns3:TrackPointExtension>
            <ns3:atemp>24.0</ns3:atemp>
            <ns3:hr>131</ns3:hr>
            <ns3:cad>81</ns3:cad>
          </ns3:TrackPointExtension>
        </extensions>
      </trkpt>
      <trkpt lat="37.76205821894109249114990234375" lon="-122.40473982878029346466064453125">
        <ele>42</ele>
        <time>2026-04-09T01:46:00.000Z</time>
        <extensions>
          <ns3:TrackPointExtension>
            <ns3:atemp>24.0</ns3:atemp>
            <ns3:hr>130</ns3:hr>
            <ns3:cad>81</ns3:cad>
          </ns3:TrackPointExtension>
        </extensions>
      </trkpt>
      <trkpt lat="37.76205922476947307586669921875" lon="-122.404714263975620269775390625">
        <ele>42.40000152587890625</ele>
        <time>2026-04-09T01:46:01.000Z</time>
        <extensions>
          <ns3:TrackPointExtension>
            <ns3:atemp>24.0</ns3:atemp>
            <ns3:hr>131</ns3:hr>
            <ns3:cad>81</ns3:cad>
          </ns3:TrackPointExtension>
        </extensions>
      </trkpt>
      <trkpt lat="37.762068025767803192138671875" lon="-122.40467813797295093536376953125">
        <ele>42.799999237060546875</ele>
        <time>2026-04-09T01:46:02.000Z</time>
        <extensions>
          <ns3:TrackPointExtension>
            <ns3:atemp>24.0</ns3:atemp>
            <ns3:hr>131</ns3:hr>
            <ns3:cad>80</ns3:cad>
          </ns3:TrackPointExtension>
        </extensions>
      </trkpt>
      <trkpt lat="37.76207297109067440032958984375" lon="-122.40465768612921237945556640625">
        <ele>43.200000762939453125</ele>
        <time>2026-04-09T01:46:03.000Z</time>
        <extensions>
          <ns3:TrackPointExtension>
            <ns3:atemp>24.0</ns3:atemp>
            <ns3:hr>131</ns3:hr>
            <ns3:cad>80</ns3:cad>
          </ns3:TrackPointExtension>
        </extensions>
      </trkpt>
      <trkpt lat="37.76208202354609966278076171875" lon="-122.40463681519031524658203125">
        <ele>43.40000152587890625</ele>
        <time>2026-04-09T01:46:04.000Z</time>
        <extensions>
          <ns3:TrackPointExtension>
            <ns3:atemp>24.0</ns3:atemp>
            <ns3:hr>131</ns3:hr>
            <ns3:cad>80</ns3:cad>
          </ns3:TrackPointExtension>
        </extensions>
      </trkpt>
      <trkpt lat="37.76206810958683490753173828125" lon="-122.4046004377305507659912109375">
        <ele>43.799999237060546875</ele>
        <time>2026-04-09T01:46:05.000Z</time>
        <extensions>
          <ns3:TrackPointExtension>
            <ns3:atemp>24.0</ns3:atemp>
            <ns3:hr>132</ns3:hr>
            <ns3:cad>81</ns3:cad>
          </ns3:TrackPointExtension>
        </extensions>
      </trkpt>
      <trkpt lat="37.7620655111968517303466796875" lon="-122.40458325482904911041259765625">
        <ele>44.200000762939453125</ele>
        <time>2026-04-09T01:46:06.000Z</time>
        <extensions>
          <ns3:TrackPointExtension>
            <ns3:atemp>24.0</ns3:atemp>
            <ns3:hr>133</ns3:hr>
            <ns3:cad>81</ns3:cad>
          </ns3:TrackPointExtension>
        </extensions>
      </trkpt>
      <trkpt lat="37.7620641700923442840576171875" lon="-122.404558360576629638671875">
        <ele>44.59999847412109375</ele>
        <time>2026-04-09T01:46:07.000Z</time>
        <extensions>
          <ns3:TrackPointExtension>
            <ns3:atemp>24.0</ns3:atemp>
            <ns3:hr>133</ns3:hr>
            <ns3:cad>81</ns3:cad>
          </ns3:TrackPointExtension>
        </extensions>
      </trkpt>
      <trkpt lat="37.76206475682556629180908203125" lon="-122.40453262813389301300048828125">
        <ele>45</ele>
        <time>2026-04-09T01:46:08.000Z</time>
        <extensions>
          <ns3:TrackPointExtension>
            <ns3:atemp>24.0</ns3:atemp>
            <ns3:hr>134</ns3:hr>
            <ns3:cad>81</ns3:cad>
          </ns3:TrackPointExtension>
        </extensions>
      </trkpt>
      <trkpt lat="37.76206240989267826080322265625" lon="-122.4045112542808055877685546875">
        <ele>45.200000762939453125</ele>
        <time>2026-04-09T01:46:09.000Z</time>
        <extensions>
          <ns3:TrackPointExtension>
            <ns3:atemp>24.0</ns3:atemp>
            <ns3:hr>135</ns3:hr>
            <ns3:cad>81</ns3:cad>
          </ns3:TrackPointExtension>
        </extensions>
      </trkpt>
      <trkpt lat="37.76206190697848796844482421875" lon="-122.4044700153172016143798828125">
        <ele>45.40000152587890625</ele>
        <time>2026-04-09T01:46:10.000Z</time>
        <extensions>
          <ns3:TrackPointExtension>
            <ns3:atemp>24.0</ns3:atemp>
            <ns3:hr>135</ns3:hr>
            <ns3:cad>81</ns3:cad>
          </ns3:TrackPointExtension>
        </extensions>
      </trkpt>
      <trkpt lat="37.7620651759207248687744140625" lon="-122.4044455401599407196044921875">
        <ele>45.799999237060546875</ele>
        <time>2026-04-09T01:46:11.000Z</time>
        <extensions>
          <ns3:TrackPointExtension>
            <ns3:atemp>24.0</ns3:atemp>
            <ns3:hr>136</ns3:hr>
            <ns3:cad>81</ns3:cad>
          </ns3:TrackPointExtension>
        </extensions>
      </trkpt>
      <trkpt lat="37.76206509210169315338134765625" lon="-122.40441712550818920135498046875">
        <ele>46.200000762939453125</ele>
        <time>2026-04-09T01:46:12.000Z</time>
        <extensions>
          <ns3:TrackPointExtension>
            <ns3:atemp>24.0</ns3:atemp>
            <ns3:hr>136</ns3:hr>
            <ns3:cad>81</ns3:cad>
          </ns3:TrackPointExtension>
        </extensions>
      </trkpt>
      <trkpt lat="37.76206995360553264617919921875" lon="-122.404381334781646728515625">
        <ele>46.59999847412109375</ele>
        <time>2026-04-09T01:46:13.000Z</time>
        <extensions>
          <ns3:TrackPointExtension>
            <ns3:atemp>24.0</ns3:atemp>
            <ns3:hr>137</ns3:hr>
            <ns3:cad>81</ns3:cad>
          </ns3:TrackPointExtension>
        </extensions>
      </trkpt>
      <trkpt lat="37.7620728872716426849365234375" lon="-122.4043570272624492645263671875">
        <ele>46.799999237060546875</ele>
        <time>2026-04-09T01:46:14.000Z</time>
        <extensions>
          <ns3:TrackPointExtension>
            <ns3:atemp>24.0</ns3:atemp>
            <ns3:hr>138</ns3:hr>
            <ns3:cad>81</ns3:cad>
          </ns3:TrackPointExtension>
        </extensions>
      </trkpt>
      <trkpt lat="37.76207246817648410797119140625" lon="-122.404327355325222015380859375">
        <ele>47</ele>
        <time>2026-04-09T01:46:15.000Z</time>
        <extensions>
          <ns3:TrackPointExtension>
            <ns3:atemp>24.0</ns3:atemp>
            <ns3:hr>138</ns3:hr>
            <ns3:cad>81</ns3:cad>
          </ns3:TrackPointExtension>
        </extensions>
      </trkpt>
      <trkpt lat="37.76207582093775272369384765625" lon="-122.40429039113223552703857421875">
        <ele>47.200000762939453125</ele>
        <time>2026-04-09T01:46:16.000Z</time>
        <extensions>
          <ns3:TrackPointExtension>
            <ns3:atemp>24.0</ns3:atemp>
            <ns3:hr>139</ns3:hr>
            <ns3:cad>81</ns3:cad>
          </ns3:TrackPointExtension>
        </extensions>
      </trkpt>
      <trkpt lat="37.76207707822322845458984375" lon="-122.40426390431821346282958984375">
        <ele>47.200000762939453125</ele>
        <time>2026-04-09T01:46:17.000Z</time>
        <extensions>
          <ns3:TrackPointExtension>
            <ns3:atemp>24.0</ns3:atemp>
            <ns3:hr>139</ns3:hr>
            <ns3:cad>80</ns3:cad>
          </ns3:TrackPointExtension>
        </extensions>
      </trkpt>
      <trkpt lat="37.76207800023257732391357421875" lon="-122.40423657931387424468994140625">
        <ele>47</ele>
        <time>2026-04-09T01:46:18.000Z</time>
        <extensions>
          <ns3:TrackPointExtension>
            <ns3:atemp>24.0</ns3:atemp>
            <ns3:hr>140</ns3:hr>
            <ns3:cad>80</ns3:cad>
          </ns3:TrackPointExtension>
        </extensions>
      </trkpt>
      <trkpt lat="37.76208571158349514007568359375" lon="-122.40419684909284114837646484375">
        <ele>47</ele>
        <time>2026-04-09T01:46:19.000Z</time>
        <extensions>
          <ns3:TrackPointExtension>
            <ns3:atemp>24.0</ns3:atemp>
            <ns3:hr>141</ns3:hr>
            <ns3:cad>80</ns3:cad>
          </ns3:TrackPointExtension>
        </extensions>
      </trkpt>
      <trkpt lat="37.76208671741187572479248046875" lon="-122.40416751243174076080322265625">
        <ele>46.799999237060546875</ele>
        <time>2026-04-09T01:46:20.000Z</time>
        <extensions>
          <ns3:TrackPointExtension>
            <ns3:atemp>24.0</ns3:atemp>
            <ns3:hr>141</ns3:hr>
            <ns3:cad>80</ns3:cad>
          </ns3:TrackPointExtension>
        </extensions>
      </trkpt>
      <trkpt lat="37.76208051480352878570556640625" lon="-122.4041458033025264739990234375">
        <ele>46.59999847412109375</ele>
        <time>2026-04-09T01:46:21.000Z</time>
        <extensions>
          <ns3:TrackPointExtension>
            <ns3:atemp>24.0</ns3:atemp>
            <ns3:hr>142</ns3:hr>
            <ns3:cad>80</ns3:cad>
          </ns3:TrackPointExtension>
        </extensions>
      </trkpt>
      <trkpt lat="37.76207146234810352325439453125" lon="-122.4041189812123775482177734375">
        <ele>46.59999847412109375</ele>
        <time>2026-04-09T01:46:22.000Z</time>
        <extensions>
          <ns3:TrackPointExtension>
            <ns3:atemp>24.0</ns3:atemp>
            <ns3:hr>142</ns3:hr>
            <ns3:cad>80</ns3:cad>
          </ns3:TrackPointExtension>
        </extensions>
      </trkpt>
      <trkpt lat="37.76206509210169315338134765625" lon="-122.4040951766073703765869140625">
        <ele>46.40000152587890625</ele>
        <time>2026-04-09T01:46:23.000Z</time>
        <extensions>
          <ns3:TrackPointExtension>
            <ns3:atemp>24.0</ns3:atemp>
            <ns3:hr>142</ns3:hr>
            <ns3:cad>80</ns3:cad>
          </ns3:TrackPointExtension>
        </extensions>
      </trkpt>
      <trkpt lat="37.76206173934042453765869140625" lon="-122.404066510498523712158203125">
        <ele>46.40000152587890625</ele>
        <time>2026-04-09T01:46:24.000Z</time>
        <extensions>
          <ns3:TrackPointExtension>
            <ns3:atemp>24.0</ns3:atemp>
            <ns3:hr>142</ns3:hr>
            <ns3:cad>80</ns3:cad>
          </ns3:TrackPointExtension>
        </extensions>
      </trkpt>
      <trkpt lat="37.7620618231594562530517578125" lon="-122.404048740863800048828125">
        <ele>46.40000152587890625</ele>
        <time>2026-04-09T01:46:25.000Z</time>
        <extensions>
          <ns3:TrackPointExtension>
            <ns3:atemp>24.0</ns3:atemp>
            <ns3:hr>142</ns3:hr>
            <ns3:cad>80</ns3:cad>
          </ns3:TrackPointExtension>
        </extensions>
      </trkpt>
      <trkpt lat="37.762061320245265960693359375" lon="-122.40402719937264919281005859375">
        <ele>46.59999847412109375</ele>
        <time>2026-04-09T01:46:26.000Z</time>
        <extensions>
          <ns3:TrackPointExtension>
            <ns3:atemp>24.0</ns3:atemp>
            <ns3:hr>142</ns3:hr>
            <ns3:cad>80</ns3:cad>
          </ns3:TrackPointExtension>
        </extensions>
      </trkpt>
      <trkpt lat="37.76205989532172679901123046875" lon="-122.40399031899869441986083984375">
        <ele>46.799999237060546875</ele>
        <time>2026-04-09T01:46:27.000Z</time>
        <extensions>
          <ns3:TrackPointExtension>
            <ns3:atemp>24.0</ns3:atemp>
            <ns3:hr>142</ns3:hr>
            <ns3:cad>80</ns3:cad>
          </ns3:TrackPointExtension>
        </extensions>
      </trkpt>
      <trkpt lat="37.76206458918750286102294921875" lon="-122.40395897068083286285400390625">
        <ele>47</ele>
        <time>2026-04-09T01:46:28.000Z</time>
        <extensions>
          <ns3:TrackPointExtension>
            <ns3:atemp>24.0</ns3:atemp>
            <ns3:hr>142</ns3:hr>
            <ns3:cad>80</ns3:cad>
          </ns3:TrackPointExtension>
        </extensions>
      </trkpt>
      <trkpt lat="37.76206232607364654541015625" lon="-122.40393818356096744537353515625">
        <ele>47.200000762939453125</ele>
        <time>2026-04-09T01:46:29.000Z</time>
        <extensions>
          <ns3:TrackPointExtension>
            <ns3:atemp>24.0</ns3:atemp>
            <ns3:hr>142</ns3:hr>
            <ns3:cad>80</ns3:cad>
          </ns3:TrackPointExtension>
        </extensions>
      </trkpt>
      <trkpt lat="37.7620628289878368377685546875" lon="-122.403902895748615264892578125">
        <ele>47.40000152587890625</ele>
        <time>2026-04-09T01:46:30.000Z</time>
        <extensions>
          <ns3:TrackPointExtension>
            <ns3:atemp>24.0</ns3:atemp>
            <ns3:hr>142</ns3:hr>
            <ns3:cad>80</ns3:cad>
          </ns3:TrackPointExtension>
        </extensions>
      </trkpt>
      <trkpt lat="37.762068025767803192138671875" lon="-122.4038735590875148773193359375">
        <ele>47.59999847412109375</ele>
        <time>2026-04-09T01:46:31.000Z</time>
        <extensions>
          <ns3:TrackPointExtension>
            <ns3:atemp>24.0</ns3:atemp>
            <ns3:hr>142</ns3:hr>
            <ns3:cad>81</ns3:cad>
          </ns3:TrackPointExtension>
        </extensions>
      </trkpt>
      <trkpt lat="37.7620665170252323150634765625" lon="-122.4038490839302539825439453125">
        <ele>47.59999847412109375</ele>
        <time>2026-04-09T01:46:32.000Z</time>
        <extensions>
          <ns3:TrackPointExtension>
            <ns3:atemp>24.0</ns3:atemp>
            <ns3:hr>142</ns3:hr>
            <ns3:cad>81</ns3:cad>
          </ns3:TrackPointExtension>
        </extensions>
      </trkpt>
      <trkpt lat="37.76206743903458118438720703125" lon="-122.4038167297840118408203125">
        <ele>47.799999237060546875</ele>
        <time>2026-04-09T01:46:33.000Z</time>
        <extensions>
          <ns3:TrackPointExtension>
            <ns3:atemp>24.0</ns3:atemp>
            <ns3:hr>141</ns3:hr>
            <ns3:cad>83</ns3:cad>
          </ns3:TrackPointExtension>
        </extensions>
      </trkpt>
      <trkpt lat="37.7620698697865009307861328125" lon="-122.40378714166581630706787109375">
        <ele>47.799999237060546875</ele>
        <time>2026-04-09T01:46:34.000Z</time>
        <extensions>
          <ns3:TrackPointExtension>
            <ns3:atemp>24.0</ns3:atemp>
            <ns3:hr>141</ns3:hr>
            <ns3:cad>83</ns3:cad>
          </ns3:TrackPointExtension>
        </extensions>
      </trkpt>
      <trkpt lat="37.76207028888165950775146484375" lon="-122.4037518538534641265869140625">
        <ele>48</ele>
        <time>2026-04-09T01:46:35.000Z</time>
        <extensions>
          <ns3:TrackPointExtension>
            <ns3:atemp>24.0</ns3:atemp>
            <ns3:hr>141</ns3:hr>
            <ns3:cad>83</ns3:cad>
          </ns3:TrackPointExtension>
        </extensions>
      </trkpt>
      <trkpt lat="37.76207447983324527740478515625" lon="-122.40371438674628734588623046875">
        <ele>48</ele>
        <time>2026-04-09T01:46:36.000Z</time>
        <extensions>
          <ns3:TrackPointExtension>
            <ns3:atemp>24.0</ns3:atemp>
            <ns3:hr>141</ns3:hr>
            <ns3:cad>83</ns3:cad>
          </ns3:TrackPointExtension>
        </extensions>
      </trkpt>
      <trkpt lat="37.7620748989284038543701171875" lon="-122.403686977922916412353515625">
        <ele>48</ele>
        <time>2026-04-09T01:46:37.000Z</time>
        <extensions>
          <ns3:TrackPointExtension>
            <ns3:atemp>24.0</ns3:atemp>
            <ns3:hr>140</ns3:hr>
            <ns3:cad>82</ns3:cad>
          </ns3:TrackPointExtension>
        </extensions>
      </trkpt>
      <trkpt lat="37.7620762400329113006591796875" lon="-122.40364867262542247772216796875">
        <ele>48</ele>
        <time>2026-04-09T01:46:38.000Z</time>
        <extensions>
          <ns3:TrackPointExtension>
            <ns3:atemp>24.0</ns3:atemp>
            <ns3:hr>140</ns3:hr>
            <ns3:cad>82</ns3:cad>
          </ns3:TrackPointExtension>
        </extensions>
      </trkpt>
      <trkpt lat="37.7620817720890045166015625" lon="-122.4036133848130702972412109375">
        <ele>48.200000762939453125</ele>
        <time>2026-04-09T01:46:39.000Z</time>
        <extensions>
          <ns3:TrackPointExtension>
            <ns3:atemp>24.0</ns3:atemp>
            <ns3:hr>140</ns3:hr>
            <ns3:cad>82</ns3:cad>
          </ns3:TrackPointExtension>
        </extensions>
      </trkpt>
      <trkpt lat="37.762084119021892547607421875" lon="-122.403589077293872833251953125">
        <ele>48.40000152587890625</ele>
        <time>2026-04-09T01:46:40.000Z</time>
        <extensions>
          <ns3:TrackPointExtension>
            <ns3:atemp>24.0</ns3:atemp>
            <ns3:hr>140</ns3:hr>
            <ns3:cad>82</ns3:cad>
          </ns3:TrackPointExtension>
        </extensions>
      </trkpt>
      <trkpt lat="37.762088812887668609619140625" lon="-122.403553538024425506591796875">
        <ele>48.40000152587890625</ele>
        <time>2026-04-09T01:46:41.000Z</time>
        <extensions>
          <ns3:TrackPointExtension>
            <ns3:atemp>23.0</ns3:atemp>
            <ns3:hr>140</ns3:hr>
            <ns3:cad>81</ns3:cad>
          </ns3:TrackPointExtension>
        </extensions>
      </trkpt>
      <trkpt lat="37.76208906434476375579833984375" lon="-122.4035282246768474578857421875">
        <ele>48.59999847412109375</ele>
        <time>2026-04-09T01:46:42.000Z</time>
        <extensions>
          <ns3:TrackPointExtension>
            <ns3:atemp>23.0</ns3:atemp>
            <ns3:hr>140</ns3:hr>
            <ns3:cad>81</ns3:cad>
          </ns3:TrackPointExtension>
        </extensions>
      </trkpt>
      <trkpt lat="37.7620886452496051788330078125" lon="-122.40349897183477878570556640625">
        <ele>48.59999847412109375</ele>
        <time>2026-04-09T01:46:43.000Z</time>
        <extensions>
          <ns3:TrackPointExtension>
            <ns3:atemp>24.0</ns3:atemp>
            <ns3:hr>139</ns3:hr>
            <ns3:cad>82</ns3:cad>
          </ns3:TrackPointExtension>
        </extensions>
      </trkpt>
      <trkpt lat="37.7621037326753139495849609375" lon="-122.40346728824079036712646484375">
        <ele>48.59999847412109375</ele>
        <time>2026-04-09T01:46:44.000Z</time>
        <extensions>
          <ns3:TrackPointExtension>
            <ns3:atemp>24.0</ns3:atemp>
            <ns3:hr>139</ns3:hr>
            <ns3:cad>83</ns3:cad>
          </ns3:TrackPointExtension>
        </extensions>
      </trkpt>
      <trkpt lat="37.7621018886566162109375" lon="-122.4034400470554828643798828125">
        <ele>48.59999847412109375</ele>
        <time>2026-04-09T01:46:45.000Z</time>
        <extensions>
          <ns3:TrackPointExtension>
            <ns3:atemp>23.0</ns3:atemp>
            <ns3:hr>139</ns3:hr>
            <ns3:cad>83</ns3:cad>
          </ns3:TrackPointExtension>
        </extensions>
      </trkpt>
      <trkpt lat="37.76210767216980457305908203125" lon="-122.40340568125247955322265625">
        <ele>48.799999237060546875</ele>
        <time>2026-04-09T01:46:46.000Z</time>
        <extensions>
          <ns3:TrackPointExtension>
            <ns3:atemp>23.0</ns3:atemp>
            <ns3:hr>139</ns3:hr>
            <ns3:cad>82</ns3:cad>
          </ns3:TrackPointExtension>
        </extensions>
      </trkpt>
      <trkpt lat="37.762112952768802642822265625" lon="-122.40337408147752285003662109375">
        <ele>48.799999237060546875</ele>
        <time>2026-04-09T01:46:47.000Z</time>
        <extensions>
          <ns3:TrackPointExtension>
            <ns3:atemp>23.0</ns3:atemp>
            <ns3:hr>139</ns3:hr>
            <ns3:cad>81</ns3:cad>
          </ns3:TrackPointExtension>
        </extensions>
      </trkpt>
      <trkpt lat="37.76210968382656574249267578125" lon="-122.4033532105386257171630859375">
        <ele>48.799999237060546875</ele>
        <time>2026-04-09T01:46:48.000Z</time>
        <extensions>
          <ns3:TrackPointExtension>
            <ns3:atemp>23.0</ns3:atemp>
            <ns3:hr>139</ns3:hr>
            <ns3:cad>81</ns3:cad>
          </ns3:TrackPointExtension>
        </extensions>
      </trkpt>
      <trkpt lat="37.76210817508399486541748046875" lon="-122.40332144312560558319091796875">
        <ele>49</ele>
        <time>2026-04-09T01:46:49.000Z</time>
        <extensions>
          <ns3:TrackPointExtension>
            <ns3:atemp>23.0</ns3:atemp>
            <ns3:hr>139</ns3:hr>
            <ns3:cad>81</ns3:cad>
          </ns3:TrackPointExtension>
        </extensions>
      </trkpt>
      <trkpt lat="37.762115299701690673828125" lon="-122.40328674204647541046142578125">
        <ele>49</ele>
        <time>2026-04-09T01:46:50.000Z</time>
        <extensions>
          <ns3:TrackPointExtension>
            <ns3:atemp>23.0</ns3:atemp>
            <ns3:hr>139</ns3:hr>
            <ns3:cad>81</ns3:cad>
          </ns3:TrackPointExtension>
        </extensions>
      </trkpt>
      <trkpt lat="37.7621164731681346893310546875" lon="-122.4032626859843730926513671875">
        <ele>49</ele>
        <time>2026-04-09T01:46:51.000Z</time>
        <extensions>
          <ns3:TrackPointExtension>
            <ns3:atemp>23.0</ns3:atemp>
            <ns3:hr>139</ns3:hr>
            <ns3:cad>80</ns3:cad>
          </ns3:TrackPointExtension>
        </extensions>
      </trkpt>
      <trkpt lat="37.76212058030068874359130859375" lon="-122.40323108620941638946533203125">
        <ele>49</ele>
        <time>2026-04-09T01:46:52.000Z</time>
        <extensions>
          <ns3:TrackPointExtension>
            <ns3:atemp>23.0</ns3:atemp>
            <ns3:hr>138</ns3:hr>
            <ns3:cad>80</ns3:cad>
          </ns3:TrackPointExtension>
        </extensions>
      </trkpt>
      <trkpt lat="37.762130387127399444580078125" lon="-122.40320024080574512481689453125">
        <ele>48.799999237060546875</ele>
        <time>2026-04-09T01:46:53.000Z</time>
        <extensions>
          <ns3:TrackPointExtension>
            <ns3:atemp>23.0</ns3:atemp>
            <ns3:hr>139</ns3:hr>
            <ns3:cad>79</ns3:cad>
          </ns3:TrackPointExtension>
        </extensions>
      </trkpt>
      <trkpt lat="37.7621318958699703216552734375" lon="-122.40318037569522857666015625">
        <ele>48.799999237060546875</ele>
        <time>2026-04-09T01:46:54.000Z</time>
        <extensions>
          <ns3:TrackPointExtension>
            <ns3:atemp>23.0</ns3:atemp>
            <ns3:hr>139</ns3:hr>
            <ns3:cad>78</ns3:cad>
          </ns3:TrackPointExtension>
        </extensions>
      </trkpt>
      <trkpt lat="37.76213365606963634490966796875" lon="-122.4031550623476505279541015625">
        <ele>49</ele>
        <time>2026-04-09T01:46:55.000Z</time>
        <extensions>
          <ns3:TrackPointExtension>
            <ns3:atemp>23.0</ns3:atemp>
            <ns3:hr>139</ns3:hr>
            <ns3:cad>78</ns3:cad>
          </ns3:TrackPointExtension>
        </extensions>
      </trkpt>
      <trkpt lat="37.7621379308402538299560546875" lon="-122.4031238816678524017333984375">
        <ele>49</ele>
        <time>2026-04-09T01:46:56.000Z</time>
        <extensions>
          <ns3:TrackPointExtension>
            <ns3:atemp>23.0</ns3:atemp>
            <ns3:hr>138</ns3:hr>
            <ns3:cad>79</ns3:cad>
          </ns3:TrackPointExtension>
        </extensions>
      </trkpt>
      <trkpt lat="37.7621443010866641998291015625" lon="-122.403092868626117706298828125">
        <ele>48.799999237060546875</ele>
        <time>2026-04-09T01:46:57.000Z</time>
        <extensions>
          <ns3:TrackPointExtension>
            <ns3:atemp>23.0</ns3:atemp>
            <ns3:hr>138</ns3:hr>
            <ns3:cad>79</ns3:cad>
          </ns3:TrackPointExtension>
        </extensions>
      </trkpt>
      <trkpt lat="37.76214555837213993072509765625" lon="-122.40307719446718692779541015625">
        <ele>48.799999237060546875</ele>
        <time>2026-04-09T01:46:58.000Z</time>
        <extensions>
          <ns3:TrackPointExtension>
            <ns3:atemp>23.0</ns3:atemp>
            <ns3:hr>138</ns3:hr>
            <ns3:cad>78</ns3:cad>
          </ns3:TrackPointExtension>
        </extensions>
      </trkpt>
      <trkpt lat="37.76215092279016971588134765625" lon="-122.40305087529122829437255859375">
        <ele>48.40000152587890625</ele>
        <time>2026-04-09T01:46:59.000Z</time>
        <extensions>
          <ns3:TrackPointExtension>
            <ns3:atemp>23.0</ns3:atemp>
            <ns3:hr>138</ns3:hr>
            <ns3:cad>77</ns3:cad>
          </ns3:TrackPointExtension>
        </extensions>
      </trkpt>
      <trkpt lat="37.76215326972305774688720703125" lon="-122.4030222930014133453369140625">
        <ele>48.200000762939453125</ele>
        <time>2026-04-09T01:47:00.000Z</time>
        <extensions>
          <ns3:TrackPointExtension>
            <ns3:atemp>23.0</ns3:atemp>
            <ns3:hr>138</ns3:hr>
            <ns3:cad>75</ns3:cad>
          </ns3:TrackPointExtension>
        </extensions>
      </trkpt>
      <trkpt lat="37.76215326972305774688720703125" lon="-122.40299505181610584259033203125">
        <ele>47.799999237060546875</ele>
        <time>2026-04-09T01:47:01.000Z</time>
        <extensions>
          <ns3:TrackPointExtension>
            <ns3:atemp>23.0</ns3:atemp>
            <ns3:hr>138</ns3:hr>
            <ns3:cad>75</ns3:cad>
          </ns3:TrackPointExtension>
        </extensions>
      </trkpt>
      <trkpt lat="37.76214689947664737701416015625" lon="-122.40297275595366954803466796875">
        <ele>47.59999847412109375</ele>
        <time>2026-04-09T01:47:02.000Z</time>
        <extensions>
          <ns3:TrackPointExtension>
            <ns3:atemp>23.0</ns3:atemp>
            <ns3:hr>138</ns3:hr>
            <ns3:cad>75</ns3:cad>
          </ns3:TrackPointExtension>
        </extensions>
      </trkpt>
      <trkpt lat="37.76214639656245708465576171875" lon="-122.4029515497386455535888671875">
        <ele>47.40000152587890625</ele>
        <time>2026-04-09T01:47:03.000Z</time>
        <extensions>
          <ns3:TrackPointExtension>
            <ns3:atemp>23.0</ns3:atemp>
            <ns3:hr>138</ns3:hr>
            <ns3:cad>75</ns3:cad>
          </ns3:TrackPointExtension>
        </extensions>
      </trkpt>
      <trkpt lat="37.76215142570436000823974609375" lon="-122.40292397327721118927001953125">
        <ele>47.200000762939453125</ele>
        <time>2026-04-09T01:47:04.000Z</time>
        <extensions>
          <ns3:TrackPointExtension>
            <ns3:atemp>23.0</ns3:atemp>
            <ns3:hr>139</ns3:hr>
            <ns3:cad>75</ns3:cad>
          </ns3:TrackPointExtension>
        </extensions>
      </trkpt>
      <trkpt lat="37.76215016841888427734375" lon="-122.4028995819389820098876953125">
        <ele>47</ele>
        <time>2026-04-09T01:47:05.000Z</time>
        <extensions>
          <ns3:TrackPointExtension>
            <ns3:atemp>23.0</ns3:atemp>
            <ns3:hr>139</ns3:hr>
            <ns3:cad>75</ns3:cad>
          </ns3:TrackPointExtension>
        </extensions>
      </trkpt>
      <trkpt lat="37.76214606128633022308349609375" lon="-122.4028831534087657928466796875">
        <ele>46.799999237060546875</ele>
        <time>2026-04-09T01:47:06.000Z</time>
        <extensions>
          <ns3:TrackPointExtension>
            <ns3:atemp>23.0</ns3:atemp>
            <ns3:hr>139</ns3:hr>
            <ns3:cad>75</ns3:cad>
          </ns3:TrackPointExtension>
        </extensions>
      </trkpt>
      <trkpt lat="37.76214119978249073028564453125" lon="-122.4028556607663631439208984375">
        <ele>46.40000152587890625</ele>
        <time>2026-04-09T01:47:07.000Z</time>
        <extensions>
          <ns3:TrackPointExtension>
            <ns3:atemp>23.0</ns3:atemp>
            <ns3:hr>138</ns3:hr>
            <ns3:cad>75</ns3:cad>
          </ns3:TrackPointExtension>
        </extensions>
      </trkpt>
      <trkpt lat="37.7621461451053619384765625" lon="-122.40282389335334300994873046875">
        <ele>46.200000762939453125</ele>
        <time>2026-04-09T01:47:08.000Z</time>
        <extensions>
          <ns3:TrackPointExtension>
            <ns3:atemp>23.0</ns3:atemp>
            <ns3:hr>138</ns3:hr>
            <ns3:cad>75</ns3:cad>
          </ns3:TrackPointExtension>
        </extensions>
      </trkpt>
      <trkpt lat="37.76214689947664737701416015625" lon="-122.402803190052509307861328125">
        <ele>45.799999237060546875</ele>
        <time>2026-04-09T01:47:09.000Z</time>
        <extensions>
          <ns3:TrackPointExtension>
            <ns3:atemp>23.0</ns3:atemp>
            <ns3:hr>137</ns3:hr>
            <ns3:cad>77</ns3:cad>
          </ns3:TrackPointExtension>
        </extensions>
      </trkpt>
      <trkpt lat="37.76214656420052051544189453125" lon="-122.40278332494199275970458984375">
        <ele>45.59999847412109375</ele>
        <time>2026-04-09T01:47:10.000Z</time>
        <extensions>
          <ns3:TrackPointExtension>
            <ns3:atemp>23.0</ns3:atemp>
            <ns3:hr>136</ns3:hr>
            <ns3:cad>77</ns3:cad>
          </ns3:TrackPointExtension>
        </extensions>
      </trkpt>
      <trkpt lat="37.762143798172473907470703125" lon="-122.40275734104216098785400390625">
        <ele>45</ele>
        <time>2026-04-09T01:47:11.000Z</time>
        <extensions>
          <ns3:TrackPointExtension>
            <ns3:atemp>23.0</ns3:atemp>
            <ns3:hr>136</ns3:hr>
            <ns3:cad>76</ns3:cad>
          </ns3:TrackPointExtension>
        </extensions>
      </trkpt>
      <trkpt lat="37.76214949786663055419921875" lon="-122.4027265794575214385986328125">
        <ele>44.799999237060546875</ele>
        <time>2026-04-09T01:47:12.000Z</time>
        <extensions>
          <ns3:TrackPointExtension>
            <ns3:atemp>23.0</ns3:atemp>
            <ns3:hr>135</ns3:hr>
            <ns3:cad>76</ns3:cad>
          </ns3:TrackPointExtension>
        </extensions>
      </trkpt>
      <trkpt lat="37.76214472018182277679443359375" lon="-122.40270721726119518280029296875">
        <ele>44.40000152587890625</ele>
        <time>2026-04-09T01:47:13.000Z</time>
        <extensions>
          <ns3:TrackPointExtension>
            <ns3:atemp>23.0</ns3:atemp>
            <ns3:hr>134</ns3:hr>
            <ns3:cad>76</ns3:cad>
          </ns3:TrackPointExtension>
        </extensions>
      </trkpt>
      <trkpt lat="37.76214505545794963836669921875" lon="-122.402680814266204833984375">
        <ele>44.200000762939453125</ele>
        <time>2026-04-09T01:47:14.000Z</time>
        <extensions>
          <ns3:TrackPointExtension>
            <ns3:atemp>23.0</ns3:atemp>
            <ns3:hr>134</ns3:hr>
            <ns3:cad>76</ns3:cad>
          </ns3:TrackPointExtension>
        </extensions>
      </trkpt>
      <trkpt lat="37.7621496655046939849853515625" lon="-122.40264804102480411529541015625">
        <ele>44</ele>
        <time>2026-04-09T01:47:15.000Z</time>
        <extensions>
          <ns3:TrackPointExtension>
            <ns3:atemp>23.0</ns3:atemp>
            <ns3:hr>133</ns3:hr>
            <ns3:cad>76</ns3:cad>
          </ns3:TrackPointExtension>
        </extensions>
      </trkpt>
      <trkpt lat="37.76215729303658008575439453125" lon="-122.4026179499924182891845703125">
        <ele>43.799999237060546875</ele>
        <time>2026-04-09T01:47:16.000Z</time>
        <extensions>
          <ns3:TrackPointExtension>
            <ns3:atemp>23.0</ns3:atemp>
            <ns3:hr>132</ns3:hr>
            <ns3:cad>76</ns3:cad>
          </ns3:TrackPointExtension>
        </extensions>
      </trkpt>
      <trkpt lat="37.7621563710272312164306640625" lon="-122.40259322337806224822998046875">
        <ele>43.59999847412109375</ele>
        <time>2026-04-09T01:47:17.000Z</time>
        <extensions>
          <ns3:TrackPointExtension>
            <ns3:atemp>23.0</ns3:atemp>
            <ns3:hr>131</ns3:hr>
            <ns3:cad>76</ns3:cad>
          </ns3:TrackPointExtension>
        </extensions>
      </trkpt>
      <trkpt lat="37.76215796358883380889892578125" lon="-122.40257025696337223052978515625">
        <ele>43.40000152587890625</ele>
        <time>2026-04-09T01:47:18.000Z</time>
        <extensions>
          <ns3:TrackPointExtension>
            <ns3:atemp>23.0</ns3:atemp>
            <ns3:hr>131</ns3:hr>
            <ns3:cad>76</ns3:cad>
          </ns3:TrackPointExtension>
        </extensions>
      </trkpt>
      <trkpt lat="37.76216114871203899383544921875" lon="-122.40254477597773075103759765625">
        <ele>43</ele>
        <time>2026-04-09T01:47:19.000Z</time>
        <extensions>
          <ns3:TrackPointExtension>
            <ns3:atemp>23.0</ns3:atemp>
            <ns3:hr>130</ns3:hr>
            <ns3:cad>75</ns3:cad>
          </ns3:TrackPointExtension>
        </extensions>
      </trkpt>
      <trkpt lat="37.7621724642813205718994140625" lon="-122.4025173671543598175048828125">
        <ele>42.799999237060546875</ele>
        <time>2026-04-09T01:47:20.000Z</time>
        <extensions>
          <ns3:TrackPointExtension>
            <ns3:atemp>23.0</ns3:atemp>
            <ns3:hr>129</ns3:hr>
            <ns3:cad>75</ns3:cad>
          </ns3:TrackPointExtension>
        </extensions>
      </trkpt>
      <trkpt lat="37.7621711231768131256103515625" lon="-122.40250353701412677764892578125">
        <ele>42.59999847412109375</ele>
        <time>2026-04-09T01:47:21.000Z</time>
        <extensions>
          <ns3:TrackPointExtension>
            <ns3:atemp>23.0</ns3:atemp>
            <ns3:hr>129</ns3:hr>
            <ns3:cad>75</ns3:cad>
          </ns3:TrackPointExtension>
        </extensions>
      </trkpt>
      <trkpt lat="37.762164585292339324951171875" lon="-122.40247495472431182861328125">
        <ele>42.200000762939453125</ele>
        <time>2026-04-09T01:47:22.000Z</time>
        <extensions>
          <ns3:TrackPointExtension>
            <ns3:atemp>23.0</ns3:atemp>
            <ns3:hr>128</ns3:hr>
            <ns3:cad>75</ns3:cad>
          </ns3:TrackPointExtension>
        </extensions>
      </trkpt>
      <trkpt lat="37.76217070408165454864501953125" lon="-122.40243949927389621734619140625">
        <ele>42</ele>
        <time>2026-04-09T01:47:23.000Z</time>
        <extensions>
          <ns3:TrackPointExtension>
            <ns3:atemp>23.0</ns3:atemp>
            <ns3:hr>128</ns3:hr>
            <ns3:cad>75</ns3:cad>
          </ns3:TrackPointExtension>
        </extensions>
      </trkpt>
      <trkpt lat="37.76216802187263965606689453125" lon="-122.40241569466888904571533203125">
        <ele>41.799999237060546875</ele>
        <time>2026-04-09T01:47:24.000Z</time>
        <extensions>
          <ns3:TrackPointExtension>
            <ns3:atemp>23.0</ns3:atemp>
            <ns3:hr>128</ns3:hr>
            <ns3:cad>75</ns3:cad>
          </ns3:TrackPointExtension>
        </extensions>
      </trkpt>
      <trkpt lat="37.76216986589133739471435546875" lon="-122.4023882858455181121826171875">
        <ele>41.799999237060546875</ele>
        <time>2026-04-09T01:47:25.000Z</time>
        <extensions>
          <ns3:TrackPointExtension>
            <ns3:atemp>23.0</ns3:atemp>
            <ns3:hr>127</ns3:hr>
            <ns3:cad>76</ns3:cad>
          </ns3:TrackPointExtension>
        </extensions>
      </trkpt>
      <trkpt lat="37.76217187754809856414794921875" lon="-122.40235400386154651641845703125">
        <ele>41.799999237060546875</ele>
        <time>2026-04-09T01:47:26.000Z</time>
        <extensions>
          <ns3:TrackPointExtension>
            <ns3:atemp>23.0</ns3:atemp>
            <ns3:hr>127</ns3:hr>
            <ns3:cad>78</ns3:cad>
          </ns3:TrackPointExtension>
        </extensions>
      </trkpt>
      <trkpt lat="37.76217154227197170257568359375" lon="-122.40232684649527072906494140625">
        <ele>41.799999237060546875</ele>
        <time>2026-04-09T01:47:27.000Z</time>
        <extensions>
          <ns3:TrackPointExtension>
            <ns3:atemp>23.0</ns3:atemp>
            <ns3:hr>126</ns3:hr>
            <ns3:cad>79</ns3:cad>
          </ns3:TrackPointExtension>
        </extensions>
      </trkpt>
      <trkpt lat="37.7621701173484325408935546875" lon="-122.40229281596839427947998046875">
        <ele>41.799999237060546875</ele>
        <time>2026-04-09T01:47:28.000Z</time>
        <extensions>
          <ns3:TrackPointExtension>
            <ns3:atemp>23.0</ns3:atemp>
            <ns3:hr>126</ns3:hr>
            <ns3:cad>79</ns3:cad>
          </ns3:TrackPointExtension>
        </extensions>
      </trkpt>
      <trkpt lat="37.76217388920485973358154296875" lon="-122.40225593559443950653076171875">
        <ele>41.799999237060546875</ele>
        <time>2026-04-09T01:47:29.000Z</time>
        <extensions>
          <ns3:TrackPointExtension>
            <ns3:atemp>23.0</ns3:atemp>
            <ns3:hr>126</ns3:hr>
            <ns3:cad>79</ns3:cad>
          </ns3:TrackPointExtension>
        </extensions>
      </trkpt>
      <trkpt lat="37.76218034327030181884765625" lon="-122.40222324617207050323486328125">
        <ele>41.59999847412109375</ele>
        <time>2026-04-09T01:47:30.000Z</time>
        <extensions>
          <ns3:TrackPointExtension>
            <ns3:atemp>23.0</ns3:atemp>
            <ns3:hr>125</ns3:hr>
            <ns3:cad>79</ns3:cad>
          </ns3:TrackPointExtension>
        </extensions>
      </trkpt>
      <trkpt lat="37.762173302471637725830078125" lon="-122.40220245905220508575439453125">
        <ele>41.59999847412109375</ele>
        <time>2026-04-09T01:47:31.000Z</time>
        <extensions>
          <ns3:TrackPointExtension>
            <ns3:atemp>23.0</ns3:atemp>
            <ns3:hr>124</ns3:hr>
            <ns3:cad>79</ns3:cad>
          </ns3:TrackPointExtension>
        </extensions>
      </trkpt>
      <trkpt lat="37.7621681056916713714599609375" lon="-122.40218452177941799163818359375">
        <ele>41.59999847412109375</ele>
        <time>2026-04-09T01:47:32.000Z</time>
        <extensions>
          <ns3:TrackPointExtension>
            <ns3:atemp>23.0</ns3:atemp>
            <ns3:hr>124</ns3:hr>
            <ns3:cad>79</ns3:cad>
          </ns3:TrackPointExtension>
        </extensions>
      </trkpt>
      <trkpt lat="37.76216961443424224853515625" lon="-122.402169518172740936279296875">
        <ele>41.59999847412109375</ele>
        <time>2026-04-09T01:47:33.000Z</time>
        <extensions>
          <ns3:TrackPointExtension>
            <ns3:atemp>23.0</ns3:atemp>
            <ns3:hr>123</ns3:hr>
            <ns3:cad>79</ns3:cad>
          </ns3:TrackPointExtension>
        </extensions>
      </trkpt>
      <trkpt lat="37.76217388920485973358154296875" lon="-122.402149736881256103515625">
        <ele>41.40000152587890625</ele>
        <time>2026-04-09T01:47:34.000Z</time>
        <extensions>
          <ns3:TrackPointExtension>
            <ns3:atemp>23.0</ns3:atemp>
            <ns3:hr>123</ns3:hr>
            <ns3:cad>76</ns3:cad>
          </ns3:TrackPointExtension>
        </extensions>
      </trkpt>
      <trkpt lat="37.7621811814606189727783203125" lon="-122.402136325836181640625">
        <ele>41.200000762939453125</ele>
        <time>2026-04-09T01:47:35.000Z</time>
        <extensions>
          <ns3:TrackPointExtension>
            <ns3:atemp>23.0</ns3:atemp>
            <ns3:hr>123</ns3:hr>
            <ns3:cad>76</ns3:cad>
          </ns3:TrackPointExtension>
        </extensions>
      </trkpt>
      <trkpt lat="37.76218059472739696502685546875" lon="-122.40212484262883663177490234375">
        <ele>40.799999237060546875</ele>
        <time>2026-04-09T01:47:36.000Z</time>
        <extensions>
          <ns3:TrackPointExtension>
            <ns3:atemp>23.0</ns3:atemp>
            <ns3:hr>122</ns3:hr>
            <ns3:cad>72</ns3:cad>
          </ns3:TrackPointExtension>
        </extensions>
      </trkpt>
      <trkpt lat="37.76218612678349018096923828125" lon="-122.40210841409862041473388671875">
        <ele>40.40000152587890625</ele>
        <time>2026-04-09T01:47:37.000Z</time>
        <extensions>
          <ns3:TrackPointExtension>
            <ns3:atemp>23.0</ns3:atemp>
            <ns3:hr>122</ns3:hr>
            <ns3:cad>72</ns3:cad>
          </ns3:TrackPointExtension>
        </extensions>
      </trkpt>
      <trkpt lat="37.76218880899250507354736328125" lon="-122.4020908959209918975830078125">
        <ele>40</ele>
        <time>2026-04-09T01:47:38.000Z</time>
        <extensions>
          <ns3:TrackPointExtension>
            <ns3:atemp>23.0</ns3:atemp>
            <ns3:hr>122</ns3:hr>
            <ns3:cad>73</ns3:cad>
          </ns3:TrackPointExtension>
        </extensions>
      </trkpt>
      <trkpt lat="37.7621971070766448974609375" lon="-122.40207220427691936492919921875">
        <ele>39.59999847412109375</ele>
        <time>2026-04-09T01:47:39.000Z</time>
        <extensions>
          <ns3:TrackPointExtension>
            <ns3:atemp>23.0</ns3:atemp>
            <ns3:hr>121</ns3:hr>
            <ns3:cad>73</ns3:cad>
          </ns3:TrackPointExtension>
        </extensions>
      </trkpt>
      <trkpt lat="37.76220104657113552093505859375" lon="-122.4020573683083057403564453125">
        <ele>39.200000762939453125</ele>
        <time>2026-04-09T01:47:40.000Z</time>
        <extensions>
          <ns3:TrackPointExtension>
            <ns3:atemp>23.0</ns3:atemp>
            <ns3:hr>121</ns3:hr>
            <ns3:cad>75</ns3:cad>
          </ns3:TrackPointExtension>
        </extensions>
      </trkpt>
      <trkpt lat="37.76219937019050121307373046875" lon="-122.40204521454870700836181640625">
        <ele>38.799999237060546875</ele>
        <time>2026-04-09T01:47:41.000Z</time>
        <extensions>
          <ns3:TrackPointExtension>
            <ns3:atemp>23.0</ns3:atemp>
            <ns3:hr>120</ns3:hr>
            <ns3:cad>75</ns3:cad>
          </ns3:TrackPointExtension>
        </extensions>
      </trkpt>
      <trkpt lat="37.762197442352771759033203125" lon="-122.402026355266571044921875">
        <ele>38.40000152587890625</ele>
        <time>2026-04-09T01:47:42.000Z</time>
        <extensions>
          <ns3:TrackPointExtension>
            <ns3:atemp>23.0</ns3:atemp>
            <ns3:hr>120</ns3:hr>
            <ns3:cad>73</ns3:cad>
          </ns3:TrackPointExtension>
        </extensions>
      </trkpt>
      <trkpt lat="37.7621976099908351898193359375" lon="-122.4020047299563884735107421875">
        <ele>38</ele>
        <time>2026-04-09T01:47:43.000Z</time>
        <extensions>
          <ns3:TrackPointExtension>
            <ns3:atemp>23.0</ns3:atemp>
            <ns3:hr>120</ns3:hr>
            <ns3:cad>73</ns3:cad>
          </ns3:TrackPointExtension>
        </extensions>
      </trkpt>
      <trkpt lat="37.76220406405627727508544921875" lon="-122.4019852839410305023193359375">
        <ele>37.59999847412109375</ele>
        <time>2026-04-09T01:47:44.000Z</time>
        <extensions>
          <ns3:TrackPointExtension>
            <ns3:atemp>23.0</ns3:atemp>
            <ns3:hr>119</ns3:hr>
            <ns3:cad>73</ns3:cad>
          </ns3:TrackPointExtension>
        </extensions>
      </trkpt>
      <trkpt lat="37.7622029744088649749755859375" lon="-122.40197078324854373931884765625">
        <ele>37.40000152587890625</ele>
        <time>2026-04-09T01:47:45.000Z</time>
        <extensions>
          <ns3:TrackPointExtension>
            <ns3:atemp>23.0</ns3:atemp>
            <ns3:hr>119</ns3:hr>
            <ns3:cad>73</ns3:cad>
          </ns3:TrackPointExtension>
        </extensions>
      </trkpt>
      <trkpt lat="37.76219584979116916656494140625" lon="-122.4019552767276763916015625">
        <ele>37</ele>
        <time>2026-04-09T01:47:46.000Z</time>
        <extensions>
          <ns3:TrackPointExtension>
            <ns3:atemp>23.0</ns3:atemp>
            <ns3:hr>118</ns3:hr>
            <ns3:cad>73</ns3:cad>
          </ns3:TrackPointExtension>
        </extensions>
      </trkpt>
      <trkpt lat="37.76219241321086883544921875" lon="-122.401938848197460174560546875">
        <ele>36.59999847412109375</ele>
        <time>2026-04-09T01:47:47.000Z</time>
        <extensions>
          <ns3:TrackPointExtension>
            <ns3:atemp>23.0</ns3:atemp>
            <ns3:hr>118</ns3:hr>
            <ns3:cad>72</ns3:cad>
          </ns3:TrackPointExtension>
        </extensions>
      </trkpt>
      <trkpt lat="37.762196101248264312744140625" lon="-122.40192451514303684234619140625">
        <ele>36.200000762939453125</ele>
        <time>2026-04-09T01:47:48.000Z</time>
        <extensions>
          <ns3:TrackPointExtension>
            <ns3:atemp>23.0</ns3:atemp>
            <ns3:hr>118</ns3:hr>
            <ns3:cad>72</ns3:cad>
          </ns3:TrackPointExtension>
        </extensions>
      </trkpt>
      <trkpt lat="37.76219685561954975128173828125" lon="-122.40190775133669376373291015625">
        <ele>36</ele>
        <time>2026-04-09T01:47:49.000Z</time>
        <extensions>
          <ns3:TrackPointExtension>
            <ns3:atemp>23.0</ns3:atemp>
            <ns3:hr>117</ns3:hr>
            <ns3:cad>73</ns3:cad>
          </ns3:TrackPointExtension>
        </extensions>
      </trkpt>
      <trkpt lat="37.76219534687697887420654296875" lon="-122.40189216099679470062255859375">
        <ele>35.59999847412109375</ele>
        <time>2026-04-09T01:47:50.000Z</time>
        <extensions>
          <ns3:TrackPointExtension>
            <ns3:atemp>23.0</ns3:atemp>
            <ns3:hr>117</ns3:hr>
            <ns3:cad>73</ns3:cad>
          </ns3:TrackPointExtension>
        </extensions>
      </trkpt>
      <trkpt lat="37.7621976099908351898193359375" lon="-122.4018726311624050140380859375">
        <ele>35.200000762939453125</ele>
        <time>2026-04-09T01:47:51.000Z</time>
        <extensions>
          <ns3:TrackPointExtension>
            <ns3:atemp>23.0</ns3:atemp>
            <ns3:hr>116</ns3:hr>
            <ns3:cad>73</ns3:cad>
          </ns3:TrackPointExtension>
        </extensions>
      </trkpt>
      <trkpt lat="37.76219786144793033599853515625" lon="-122.40184991620481014251708984375">
        <ele>34.799999237060546875</ele>
        <time>2026-04-09T01:47:52.000Z</time>
        <extensions>
          <ns3:TrackPointExtension>
            <ns3:atemp>23.0</ns3:atemp>
            <ns3:hr>116</ns3:hr>
            <ns3:cad>73</ns3:cad>
          </ns3:TrackPointExtension>
        </extensions>
      </trkpt>
      <trkpt lat="37.762195430696010589599609375" lon="-122.40183700807392597198486328125">
        <ele>34.40000152587890625</ele>
        <time>2026-04-09T01:47:53.000Z</time>
        <extensions>
          <ns3:TrackPointExtension>
            <ns3:atemp>23.0</ns3:atemp>
            <ns3:hr>115</ns3:hr>
            <ns3:cad>72</ns3:cad>
          </ns3:TrackPointExtension>
        </extensions>
      </trkpt>
      <trkpt lat="37.76219031773507595062255859375" lon="-122.40182493813335895538330078125">
        <ele>33.799999237060546875</ele>
        <time>2026-04-09T01:47:54.000Z</time>
        <extensions>
          <ns3:TrackPointExtension>
            <ns3:atemp>23.0</ns3:atemp>
            <ns3:hr>115</ns3:hr>
            <ns3:cad>72</ns3:cad>
          </ns3:TrackPointExtension>
        </extensions>
      </trkpt>
      <trkpt lat="37.76219350285828113555908203125" lon="-122.4018116109073162078857421875">
        <ele>33.40000152587890625</ele>
        <time>2026-04-09T01:47:55.000Z</time>
        <extensions>
          <ns3:TrackPointExtension>
            <ns3:atemp>23.0</ns3:atemp>
            <ns3:hr>114</ns3:hr>
            <ns3:cad>72</ns3:cad>
          </ns3:TrackPointExtension>
        </extensions>
      </trkpt>
      <trkpt lat="37.76219082064926624298095703125" lon="-122.40179861895740032196044921875">
        <ele>33.200000762939453125</ele>
        <time>2026-04-09T01:47:56.000Z</time>
        <extensions>
          <ns3:TrackPointExtension>
            <ns3:atemp>23.0</ns3:atemp>
            <ns3:hr>114</ns3:hr>
            <ns3:cad>72</ns3:cad>
          </ns3:TrackPointExtension>
        </extensions>
      </trkpt>
      <trkpt lat="37.762195765972137451171875" lon="-122.40177623927593231201171875">
        <ele>32.799999237060546875</ele>
        <time>2026-04-09T01:47:57.000Z</time>
        <extensions>
          <ns3:TrackPointExtension>
            <ns3:atemp>23.0</ns3:atemp>
            <ns3:hr>113</ns3:hr>
            <ns3:cad>72</ns3:cad>
          </ns3:TrackPointExtension>
        </extensions>
      </trkpt>
      <trkpt lat="37.76219853200018405914306640625" lon="-122.40176022984087467193603515625">
        <ele>32.40000152587890625</ele>
        <time>2026-04-09T01:47:58.000Z</time>
        <extensions>
          <ns3:TrackPointExtension>
            <ns3:atemp>23.0</ns3:atemp>
            <ns3:hr>113</ns3:hr>
            <ns3:cad>72</ns3:cad>
          </ns3:TrackPointExtension>
        </extensions>
      </trkpt>
      <trkpt lat="37.7621952630579471588134765625" lon="-122.401743717491626739501953125">
        <ele>32</ele>
        <time>2026-04-09T01:47:59.000Z</time>
        <extensions>
          <ns3:TrackPointExtension>
            <ns3:atemp>23.0</ns3:atemp>
            <ns3:hr>112</ns3:hr>
            <ns3:cad>72</ns3:cad>
          </ns3:TrackPointExtension>
        </extensions>
      </trkpt>
      <trkpt lat="37.7621882222592830657958984375" lon="-122.40172569639980792999267578125">
        <ele>31.6000003814697265625</ele>
        <time>2026-04-09T01:48:00.000Z</time>
        <extensions>
          <ns3:TrackPointExtension>
            <ns3:atemp>23.0</ns3:atemp>
            <ns3:hr>111</ns3:hr>
            <ns3:cad>72</ns3:cad>
          </ns3:TrackPointExtension>
        </extensions>
      </trkpt>
      <trkpt lat="37.762185372412204742431640625" lon="-122.40170407108962535858154296875">
        <ele>31.200000762939453125</ele>
        <time>2026-04-09T01:48:01.000Z</time>
        <extensions>
          <ns3:TrackPointExtension>
            <ns3:atemp>23.0</ns3:atemp>
            <ns3:hr>111</ns3:hr>
            <ns3:cad>72</ns3:cad>
          </ns3:TrackPointExtension>
        </extensions>
      </trkpt>
      <trkpt lat="37.7621888928115367889404296875" lon="-122.40168462507426738739013671875">
        <ele>30.799999237060546875</ele>
        <time>2026-04-09T01:48:02.000Z</time>
        <extensions>
          <ns3:TrackPointExtension>
            <ns3:atemp>23.0</ns3:atemp>
            <ns3:hr>110</ns3:hr>
            <ns3:cad>72</ns3:cad>
          </ns3:TrackPointExtension>
        </extensions>
      </trkpt>
      <trkpt lat="37.7621939219534397125244140625" lon="-122.4016701243817806243896484375">
        <ele>30.3999996185302734375</ele>
        <time>2026-04-09T01:48:03.000Z</time>
        <extensions>
          <ns3:TrackPointExtension>
            <ns3:atemp>23.0</ns3:atemp>
            <ns3:hr>110</ns3:hr>
            <ns3:cad>72</ns3:cad>
          </ns3:TrackPointExtension>
        </extensions>
      </trkpt>
      <trkpt lat="37.76219643652439117431640625" lon="-122.40165864117443561553955078125">
        <ele>30.200000762939453125</ele>
        <time>2026-04-09T01:48:04.000Z</time>
        <extensions>
          <ns3:TrackPointExtension>
            <ns3:atemp>23.0</ns3:atemp>
            <ns3:hr>109</ns3:hr>
            <ns3:cad>72</ns3:cad>
          </ns3:TrackPointExtension>
        </extensions>
      </trkpt>
      <trkpt lat="37.76219769380986690521240234375" lon="-122.401637770235538482666015625">
        <ele>30</ele>
        <time>2026-04-09T01:48:05.000Z</time>
        <extensions>
          <ns3:TrackPointExtension>
            <ns3:atemp>23.0</ns3:atemp>
            <ns3:hr>109</ns3:hr>
            <ns3:cad>72</ns3:cad>
          </ns3:TrackPointExtension>
        </extensions>
      </trkpt>
      <trkpt lat="37.76220255531370639801025390625" lon="-122.40162025205790996551513671875">
        <ele>29.6000003814697265625</ele>
        <time>2026-04-09T01:48:06.000Z</time>
        <extensions>
          <ns3:TrackPointExtension>
            <ns3:atemp>23.0</ns3:atemp>
            <ns3:hr>108</ns3:hr>
            <ns3:cad>72</ns3:cad>
          </ns3:TrackPointExtension>
        </extensions>
      </trkpt>
      <trkpt lat="37.76220574043691158294677734375" lon="-122.40159912966191768646240234375">
        <ele>29.200000762939453125</ele>
        <time>2026-04-09T01:48:07.000Z</time>
        <extensions>
          <ns3:TrackPointExtension>
            <ns3:atemp>23.0</ns3:atemp>
            <ns3:hr>108</ns3:hr>
            <ns3:cad>72</ns3:cad>
          </ns3:TrackPointExtension>
        </extensions>
      </trkpt>
      <trkpt lat="37.76220389641821384429931640625" lon="-122.4015832878649234771728515625">
        <ele>28.799999237060546875</ele>
        <time>2026-04-09T01:48:08.000Z</time>
        <extensions>
          <ns3:TrackPointExtension>
            <ns3:atemp>23.0</ns3:atemp>
            <ns3:hr>108</ns3:hr>
            <ns3:cad>72</ns3:cad>
          </ns3:TrackPointExtension>
        </extensions>
      </trkpt>
      <trkpt lat="37.76220272295176982879638671875" lon="-122.40156811662018299102783203125">
        <ele>28.3999996185302734375</ele>
        <time>2026-04-09T01:48:09.000Z</time>
        <extensions>
          <ns3:TrackPointExtension>
            <ns3:atemp>23.0</ns3:atemp>
            <ns3:hr>107</ns3:hr>
            <ns3:cad>72</ns3:cad>
          </ns3:TrackPointExtension>
        </extensions>
      </trkpt>
      <trkpt lat="37.76220691390335559844970703125" lon="-122.40154531784355640411376953125">
        <ele>28</ele>
        <time>2026-04-09T01:48:10.000Z</time>
        <extensions>
          <ns3:TrackPointExtension>
            <ns3:atemp>23.0</ns3:atemp>
            <ns3:hr>107</ns3:hr>
            <ns3:cad>72</ns3:cad>
          </ns3:TrackPointExtension>
        </extensions>
      </trkpt>
      <trkpt lat="37.7622096799314022064208984375" lon="-122.40152955986559391021728515625">
        <ele>27.3999996185302734375</ele>
        <time>2026-04-09T01:48:11.000Z</time>
        <extensions>
          <ns3:TrackPointExtension>
            <ns3:atemp>23.0</ns3:atemp>
            <ns3:hr>106</ns3:hr>
            <ns3:cad>74</ns3:cad>
          </ns3:TrackPointExtension>
        </extensions>
      </trkpt>
      <trkpt lat="37.76220825500786304473876953125" lon="-122.40151246078312397003173828125">
        <ele>27</ele>
        <time>2026-04-09T01:48:12.000Z</time>
        <extensions>
          <ns3:TrackPointExtension>
            <ns3:atemp>23.0</ns3:atemp>
            <ns3:hr>106</ns3:hr>
            <ns3:cad>74</ns3:cad>
          </ns3:TrackPointExtension>
        </extensions>
      </trkpt>
      <trkpt lat="37.76220741681754589080810546875" lon="-122.40148697979748249053955078125">
        <ele>26.6000003814697265625</ele>
        <time>2026-04-09T01:48:13.000Z</time>
        <extensions>
          <ns3:TrackPointExtension>
            <ns3:atemp>23.0</ns3:atemp>
            <ns3:hr>106</ns3:hr>
            <ns3:cad>74</ns3:cad>
          </ns3:TrackPointExtension>
        </extensions>
      </trkpt>
      <trkpt lat="37.76220976375043392181396484375" lon="-122.4014622531831264495849609375">
        <ele>26</ele>
        <time>2026-04-09T01:48:14.000Z</time>
        <extensions>
          <ns3:TrackPointExtension>
            <ns3:atemp>23.0</ns3:atemp>
            <ns3:hr>105</ns3:hr>
            <ns3:cad>77</ns3:cad>
          </ns3:TrackPointExtension>
        </extensions>
      </trkpt>
      <trkpt lat="37.762206494808197021484375" lon="-122.40144188515841960906982421875">
        <ele>25.6000003814697265625</ele>
        <time>2026-04-09T01:48:15.000Z</time>
        <extensions>
          <ns3:TrackPointExtension>
            <ns3:atemp>23.0</ns3:atemp>
            <ns3:hr>105</ns3:hr>
            <ns3:cad>77</ns3:cad>
          </ns3:TrackPointExtension>
        </extensions>
      </trkpt>
      <trkpt lat="37.76220850646495819091796875" lon="-122.4014082737267017364501953125">
        <ele>25.200000762939453125</ele>
        <time>2026-04-09T01:48:16.000Z</time>
        <extensions>
          <ns3:TrackPointExtension>
            <ns3:atemp>23.0</ns3:atemp>
            <ns3:hr>105</ns3:hr>
            <ns3:cad>77</ns3:cad>
          </ns3:TrackPointExtension>
        </extensions>
      </trkpt>
      <trkpt lat="37.762219905853271484375" lon="-122.40138304419815540313720703125">
        <ele>24.6000003814697265625</ele>
        <time>2026-04-09T01:48:17.000Z</time>
        <extensions>
          <ns3:TrackPointExtension>
            <ns3:atemp>23.0</ns3:atemp>
            <ns3:hr>104</ns3:hr>
            <ns3:cad>81</ns3:cad>
          </ns3:TrackPointExtension>
        </extensions>
      </trkpt>
      <trkpt lat="37.76222267188131809234619140625" lon="-122.40135739557445049285888671875">
        <ele>24.3999996185302734375</ele>
        <time>2026-04-09T01:48:18.000Z</time>
        <extensions>
          <ns3:TrackPointExtension>
            <ns3:atemp>23.0</ns3:atemp>
            <ns3:hr>104</ns3:hr>
            <ns3:cad>81</ns3:cad>
          </ns3:TrackPointExtension>
        </extensions>
      </trkpt>
      <trkpt lat="37.7622271142899990081787109375" lon="-122.401328645646572113037109375">
        <ele>24.200000762939453125</ele>
        <time>2026-04-09T01:48:19.000Z</time>
        <extensions>
          <ns3:TrackPointExtension>
            <ns3:atemp>23.0</ns3:atemp>
            <ns3:hr>104</ns3:hr>
            <ns3:cad>81</ns3:cad>
          </ns3:TrackPointExtension>
        </extensions>
      </trkpt>
      <trkpt lat="37.7622438780963420867919921875" lon="-122.4012936092913150787353515625">
        <ele>24.200000762939453125</ele>
        <time>2026-04-09T01:48:20.000Z</time>
        <extensions>
          <ns3:TrackPointExtension>
            <ns3:atemp>23.0</ns3:atemp>
            <ns3:hr>104</ns3:hr>
            <ns3:cad>81</ns3:cad>
          </ns3:TrackPointExtension>
        </extensions>
      </trkpt>
      <trkpt lat="37.7622596360743045806884765625" lon="-122.40127005614340305328369140625">
        <ele>24.200000762939453125</ele>
        <time>2026-04-09T01:48:21.000Z</time>
        <extensions>
          <ns3:TrackPointExtension>
            <ns3:atemp>23.0</ns3:atemp>
            <ns3:hr>103</ns3:hr>
            <ns3:cad>79</ns3:cad>
          </ns3:TrackPointExtension>
        </extensions>
      </trkpt>
      <trkpt lat="37.76228629052639007568359375" lon="-122.40125278942286968231201171875">
        <ele>24</ele>
        <time>2026-04-09T01:48:22.000Z</time>
        <extensions>
          <ns3:TrackPointExtension>
            <ns3:atemp>23.0</ns3:atemp>
            <ns3:hr>103</ns3:hr>
            <ns3:cad>79</ns3:cad>
          </ns3:TrackPointExtension>
        </extensions>
      </trkpt>
      <trkpt lat="37.76232241652905941009521484375" lon="-122.40125698037445545196533203125">
        <ele>23.799999237060546875</ele>
        <time>2026-04-09T01:48:23.000Z</time>
        <extensions>
          <ns3:TrackPointExtension>
            <ns3:atemp>23.0</ns3:atemp>
            <ns3:hr>103</ns3:hr>
            <ns3:cad>78</ns3:cad>
          </ns3:TrackPointExtension>
        </extensions>
      </trkpt>
      <trkpt lat="37.76235066354274749755859375" lon="-122.4012547172605991363525390625">
        <ele>23.6000003814697265625</ele>
        <time>2026-04-09T01:48:24.000Z</time>
        <extensions>
          <ns3:TrackPointExtension>
            <ns3:atemp>23.0</ns3:atemp>
            <ns3:hr>103</ns3:hr>
            <ns3:cad>78</ns3:cad>
          </ns3:TrackPointExtension>
        </extensions>
      </trkpt>
      <trkpt lat="37.76237874291837215423583984375" lon="-122.4012530408799648284912109375">
        <ele>23.6000003814697265625</ele>
        <time>2026-04-09T01:48:25.000Z</time>
        <extensions>
          <ns3:TrackPointExtension>
            <ns3:atemp>23.0</ns3:atemp>
            <ns3:hr>103</ns3:hr>
            <ns3:cad>78</ns3:cad>
          </ns3:TrackPointExtension>
        </extensions>
      </trkpt>
      <trkpt lat="37.76240925304591655731201171875" lon="-122.401254884898662567138671875">
        <ele>23.6000003814697265625</ele>
        <time>2026-04-09T01:48:26.000Z</time>
        <extensions>
          <ns3:TrackPointExtension>
            <ns3:atemp>23.0</ns3:atemp>
            <ns3:hr>103</ns3:hr>
            <ns3:cad>80</ns3:cad>
          </ns3:TrackPointExtension>
        </extensions>
      </trkpt>
      <trkpt lat="37.76243456639349460601806640625" lon="-122.4012657813727855682373046875">
        <ele>23.3999996185302734375</ele>
        <time>2026-04-09T01:48:27.000Z</time>
        <extensions>
          <ns3:TrackPointExtension>
            <ns3:atemp>23.0</ns3:atemp>
            <ns3:hr>103</ns3:hr>
            <ns3:cad>80</ns3:cad>
          </ns3:TrackPointExtension>
        </extensions>
      </trkpt>
      <trkpt lat="37.76245652697980403900146484375" lon="-122.4012687988579273223876953125">
        <ele>23.3999996185302734375</ele>
        <time>2026-04-09T01:48:28.000Z</time>
        <extensions>
          <ns3:TrackPointExtension>
            <ns3:atemp>23.0</ns3:atemp>
            <ns3:hr>103</ns3:hr>
            <ns3:cad>80</ns3:cad>
          </ns3:TrackPointExtension>
        </extensions>
      </trkpt>
      <trkpt lat="37.76247899048030376434326171875" lon="-122.4012724868953227996826171875">
        <ele>23.3999996185302734375</ele>
        <time>2026-04-09T01:48:29.000Z</time>
        <extensions>
          <ns3:TrackPointExtension>
            <ns3:atemp>23.0</ns3:atemp>
            <ns3:hr>103</ns3:hr>
            <ns3:cad>79</ns3:cad>
          </ns3:TrackPointExtension>
        </extensions>
      </trkpt>
      <trkpt lat="37.76250380091369152069091796875" lon="-122.40127910859882831573486328125">
        <ele>23.200000762939453125</ele>
        <time>2026-04-09T01:48:30.000Z</time>
        <extensions>
          <ns3:TrackPointExtension>
            <ns3:atemp>23.0</ns3:atemp>
            <ns3:hr>102</ns3:hr>
            <ns3:cad>78</ns3:cad>
          </ns3:TrackPointExtension>
        </extensions>
      </trkpt>
      <trkpt lat="37.76252190582454204559326171875" lon="-122.401284389197826385498046875">
        <ele>23</ele>
        <time>2026-04-09T01:48:31.000Z</time>
        <extensions>
          <ns3:TrackPointExtension>
            <ns3:atemp>23.0</ns3:atemp>
            <ns3:hr>102</ns3:hr>
            <ns3:cad>77</ns3:cad>
          </ns3:TrackPointExtension>
        </extensions>
      </trkpt>
      <trkpt lat="37.76253984309732913970947265625" lon="-122.40128614939749240875244140625">
        <ele>22.799999237060546875</ele>
        <time>2026-04-09T01:48:32.000Z</time>
        <extensions>
          <ns3:TrackPointExtension>
            <ns3:atemp>23.0</ns3:atemp>
            <ns3:hr>103</ns3:hr>
            <ns3:cad>76</ns3:cad>
          </ns3:TrackPointExtension>
        </extensions>
      </trkpt>
      <trkpt lat="37.7625637315213680267333984375" lon="-122.4012862332165241241455078125">
        <ele>22.6000003814697265625</ele>
        <time>2026-04-09T01:48:33.000Z</time>
        <extensions>
          <ns3:TrackPointExtension>
            <ns3:atemp>23.0</ns3:atemp>
            <ns3:hr>103</ns3:hr>
            <ns3:cad>76</ns3:cad>
          </ns3:TrackPointExtension>
        </extensions>
      </trkpt>
      <trkpt lat="37.7625932358205318450927734375" lon="-122.40129520185291767120361328125">
        <ele>22.3999996185302734375</ele>
        <time>2026-04-09T01:48:34.000Z</time>
        <extensions>
          <ns3:TrackPointExtension>
            <ns3:atemp>23.0</ns3:atemp>
            <ns3:hr>103</ns3:hr>
            <ns3:cad>76</ns3:cad>
          </ns3:TrackPointExtension>
        </extensions>
      </trkpt>
      <trkpt lat="37.762611173093318939208984375" lon="-122.40129067562520503997802734375">
        <ele>22.200000762939453125</ele>
        <time>2026-04-09T01:48:35.000Z</time>
        <extensions>
          <ns3:TrackPointExtension>
            <ns3:atemp>23.0</ns3:atemp>
            <ns3:hr>103</ns3:hr>
            <ns3:cad>76</ns3:cad>
          </ns3:TrackPointExtension>
        </extensions>
      </trkpt>
      <trkpt lat="37.7626354806125164031982421875" lon="-122.40128849633038043975830078125">
        <ele>22</ele>
        <time>2026-04-09T01:48:36.000Z</time>
        <extensions>
          <ns3:TrackPointExtension>
            <ns3:atemp>23.0</ns3:atemp>
            <ns3:hr>103</ns3:hr>
            <ns3:cad>76</ns3:cad>
          </ns3:TrackPointExtension>
        </extensions>
      </trkpt>
      <trkpt lat="37.7626623027026653289794921875" lon="-122.40129000507295131683349609375">
        <ele>21.799999237060546875</ele>
        <time>2026-04-09T01:48:37.000Z</time>
        <extensions>
          <ns3:TrackPointExtension>
            <ns3:atemp>23.0</ns3:atemp>
            <ns3:hr>103</ns3:hr>
            <ns3:cad>76</ns3:cad>
          </ns3:TrackPointExtension>
        </extensions>
      </trkpt>
      <trkpt lat="37.7626847662031650543212890625" lon="-122.40129771642386913299560546875">
        <ele>21.799999237060546875</ele>
        <time>2026-04-09T01:48:38.000Z</time>
        <extensions>
          <ns3:TrackPointExtension>
            <ns3:atemp>23.0</ns3:atemp>
            <ns3:hr>103</ns3:hr>
            <ns3:cad>76</ns3:cad>
          </ns3:TrackPointExtension>
        </extensions>
      </trkpt>
      <trkpt lat="37.7627005241811275482177734375" lon="-122.40129746496677398681640625">
        <ele>21.6000003814697265625</ele>
        <time>2026-04-09T01:48:39.000Z</time>
        <extensions>
          <ns3:TrackPointExtension>
            <ns3:atemp>23.0</ns3:atemp>
            <ns3:hr>103</ns3:hr>
            <ns3:cad>77</ns3:cad>
          </ns3:TrackPointExtension>
        </extensions>
      </trkpt>
      <trkpt lat="37.76272214949131011962890625" lon="-122.401298470795154571533203125">
        <ele>21.3999996185302734375</ele>
        <time>2026-04-09T01:48:40.000Z</time>
        <extensions>
          <ns3:TrackPointExtension>
            <ns3:atemp>23.0</ns3:atemp>
            <ns3:hr>103</ns3:hr>
            <ns3:cad>77</ns3:cad>
          </ns3:TrackPointExtension>
        </extensions>
      </trkpt>
      <trkpt lat="37.7627454511821269989013671875" lon="-122.40130417048931121826171875">
        <ele>21.200000762939453125</ele>
        <time>2026-04-09T01:48:41.000Z</time>
        <extensions>
          <ns3:TrackPointExtension>
            <ns3:atemp>23.0</ns3:atemp>
            <ns3:hr>103</ns3:hr>
            <ns3:cad>77</ns3:cad>
          </ns3:TrackPointExtension>
        </extensions>
      </trkpt>
      <trkpt lat="37.762767411768436431884765625" lon="-122.401301823556423187255859375">
        <ele>21</ele>
        <time>2026-04-09T01:48:42.000Z</time>
        <extensions>
          <ns3:TrackPointExtension>
            <ns3:atemp>23.0</ns3:atemp>
            <ns3:hr>103</ns3:hr>
            <ns3:cad>76</ns3:cad>
          </ns3:TrackPointExtension>
        </extensions>
      </trkpt>
      <trkpt lat="37.7627843432128429412841796875" lon="-122.401299141347408294677734375">
        <ele>20.799999237060546875</ele>
        <time>2026-04-09T01:48:43.000Z</time>
        <extensions>
          <ns3:TrackPointExtension>
            <ns3:atemp>23.0</ns3:atemp>
            <ns3:hr>103</ns3:hr>
            <ns3:cad>76</ns3:cad>
          </ns3:TrackPointExtension>
        </extensions>
      </trkpt>
      <trkpt lat="37.76280873455107212066650390625" lon="-122.40130157209932804107666015625">
        <ele>20.799999237060546875</ele>
        <time>2026-04-09T01:48:44.000Z</time>
        <extensions>
          <ns3:TrackPointExtension>
            <ns3:atemp>23.0</ns3:atemp>
            <ns3:hr>103</ns3:hr>
            <ns3:cad>76</ns3:cad>
          </ns3:TrackPointExtension>
        </extensions>
      </trkpt>
      <trkpt lat="37.76283706538379192352294921875" lon="-122.40131221711635589599609375">
        <ele>20.6000003814697265625</ele>
        <time>2026-04-09T01:48:45.000Z</time>
        <extensions>
          <ns3:TrackPointExtension>
            <ns3:atemp>23.0</ns3:atemp>
            <ns3:hr>103</ns3:hr>
            <ns3:cad>76</ns3:cad>
          </ns3:TrackPointExtension>
        </extensions>
      </trkpt>
      <trkpt lat="37.76285734958946704864501953125" lon="-122.40131045691668987274169921875">
        <ele>20.3999996185302734375</ele>
        <time>2026-04-09T01:48:46.000Z</time>
        <extensions>
          <ns3:TrackPointExtension>
            <ns3:atemp>23.0</ns3:atemp>
            <ns3:hr>104</ns3:hr>
            <ns3:cad>76</ns3:cad>
          </ns3:TrackPointExtension>
        </extensions>
      </trkpt>
      <trkpt lat="37.76287780143320560455322265625" lon="-122.4013093672692775726318359375">
        <ele>20.200000762939453125</ele>
        <time>2026-04-09T01:48:47.000Z</time>
        <extensions>
          <ns3:TrackPointExtension>
            <ns3:atemp>23.0</ns3:atemp>
            <ns3:hr>104</ns3:hr>
            <ns3:cad>76</ns3:cad>
          </ns3:TrackPointExtension>
        </extensions>
      </trkpt>
      <trkpt lat="37.76290076784789562225341796875" lon="-122.40130727179348468780517578125">
        <ele>20.200000762939453125</ele>
        <time>2026-04-09T01:48:48.000Z</time>
        <extensions>
          <ns3:TrackPointExtension>
            <ns3:atemp>23.0</ns3:atemp>
            <ns3:hr>104</ns3:hr>
            <ns3:cad>76</ns3:cad>
          </ns3:TrackPointExtension>
        </extensions>
      </trkpt>
      <trkpt lat="37.76292859576642513275146484375" lon="-122.40131816826760768890380859375">
        <ele>20</ele>
        <time>2026-04-09T01:48:49.000Z</time>
        <extensions>
          <ns3:TrackPointExtension>
            <ns3:atemp>23.0</ns3:atemp>
            <ns3:hr>104</ns3:hr>
            <ns3:cad>76</ns3:cad>
          </ns3:TrackPointExtension>
        </extensions>
      </trkpt>
      <trkpt lat="37.762945108115673065185546875" lon="-122.4013204313814640045166015625">
        <ele>19.799999237060546875</ele>
        <time>2026-04-09T01:48:50.000Z</time>
        <extensions>
          <ns3:TrackPointExtension>
            <ns3:atemp>23.0</ns3:atemp>
            <ns3:hr>104</ns3:hr>
            <ns3:cad>76</ns3:cad>
          </ns3:TrackPointExtension>
        </extensions>
      </trkpt>
      <trkpt lat="37.76297251693904399871826171875" lon="-122.40132453851401805877685546875">
        <ele>19.6000003814697265625</ele>
        <time>2026-04-09T01:48:51.000Z</time>
        <extensions>
          <ns3:TrackPointExtension>
            <ns3:atemp>23.0</ns3:atemp>
            <ns3:hr>104</ns3:hr>
            <ns3:cad>77</ns3:cad>
          </ns3:TrackPointExtension>
        </extensions>
      </trkpt>
      <trkpt lat="37.76300420053303241729736328125" lon="-122.4013328365981578826904296875">
        <ele>19.200000762939453125</ele>
        <time>2026-04-09T01:48:52.000Z</time>
        <extensions>
          <ns3:TrackPointExtension>
            <ns3:atemp>23.0</ns3:atemp>
            <ns3:hr>104</ns3:hr>
            <ns3:cad>77</ns3:cad>
          </ns3:TrackPointExtension>
        </extensions>
      </trkpt>
      <trkpt lat="37.76302297599613666534423828125" lon="-122.40134029649198055267333984375">
        <ele>19</ele>
        <time>2026-04-09T01:48:53.000Z</time>
        <extensions>
          <ns3:TrackPointExtension>
            <ns3:atemp>23.0</ns3:atemp>
            <ns3:hr>104</ns3:hr>
            <ns3:cad>76</ns3:cad>
          </ns3:TrackPointExtension>
        </extensions>
      </trkpt>
      <trkpt lat="37.763045690953731536865234375" lon="-122.4013439007103443145751953125">
        <ele>18.3999996185302734375</ele>
        <time>2026-04-09T01:48:54.000Z</time>
        <extensions>
          <ns3:TrackPointExtension>
            <ns3:atemp>23.0</ns3:atemp>
            <ns3:hr>104</ns3:hr>
            <ns3:cad>76</ns3:cad>
          </ns3:TrackPointExtension>
        </extensions>
      </trkpt>
      <trkpt lat="37.763069830834865570068359375" lon="-122.4013499356806278228759765625">
        <ele>18.200000762939453125</ele>
        <time>2026-04-09T01:48:55.000Z</time>
        <extensions>
          <ns3:TrackPointExtension>
            <ns3:atemp>23.0</ns3:atemp>
            <ns3:hr>103</ns3:hr>
            <ns3:cad>77</ns3:cad>
          </ns3:TrackPointExtension>
        </extensions>
      </trkpt>
      <trkpt lat="37.763098664581775665283203125" lon="-122.4013546295464038848876953125">
        <ele>18.200000762939453125</ele>
        <time>2026-04-09T01:48:56.000Z</time>
        <extensions>
          <ns3:TrackPointExtension>
            <ns3:atemp>23.0</ns3:atemp>
            <ns3:hr>103</ns3:hr>
            <ns3:cad>77</ns3:cad>
          </ns3:TrackPointExtension>
        </extensions>
      </trkpt>
      <trkpt lat="37.76311484165489673614501953125" lon="-122.4013517796993255615234375">
        <ele>18</ele>
        <time>2026-04-09T01:48:57.000Z</time>
        <extensions>
          <ns3:TrackPointExtension>
            <ns3:atemp>23.0</ns3:atemp>
            <ns3:hr>103</ns3:hr>
            <ns3:cad>79</ns3:cad>
          </ns3:TrackPointExtension>
        </extensions>
      </trkpt>
      <trkpt lat="37.763129509985446929931640625" lon="-122.40135236643254756927490234375">
        <ele>17.799999237060546875</ele>
        <time>2026-04-09T01:48:58.000Z</time>
        <extensions>
          <ns3:TrackPointExtension>
            <ns3:atemp>23.0</ns3:atemp>
            <ns3:hr>102</ns3:hr>
            <ns3:cad>79</ns3:cad>
          </ns3:TrackPointExtension>
        </extensions>
      </trkpt>
      <trkpt lat="37.7631558291614055633544921875" lon="-122.40136024542152881622314453125">
        <ele>17.6000003814697265625</ele>
        <time>2026-04-09T01:48:59.000Z</time>
        <extensions>
          <ns3:TrackPointExtension>
            <ns3:atemp>23.0</ns3:atemp>
            <ns3:hr>102</ns3:hr>
            <ns3:cad>78</ns3:cad>
          </ns3:TrackPointExtension>
        </extensions>
      </trkpt>
      <trkpt lat="37.7631782926619052886962890625" lon="-122.4013546295464038848876953125">
        <ele>17.3999996185302734375</ele>
        <time>2026-04-09T01:49:00.000Z</time>
        <extensions>
          <ns3:TrackPointExtension>
            <ns3:atemp>23.0</ns3:atemp>
            <ns3:hr>102</ns3:hr>
            <ns3:cad>77</ns3:cad>
          </ns3:TrackPointExtension>
        </extensions>
      </trkpt>
      <trkpt lat="37.76320603676140308380126953125" lon="-122.40134733729064464569091796875">
        <ele>17.200000762939453125</ele>
        <time>2026-04-09T01:49:01.000Z</time>
        <extensions>
          <ns3:TrackPointExtension>
            <ns3:atemp>22.0</ns3:atemp>
            <ns3:hr>102</ns3:hr>
            <ns3:cad>77</ns3:cad>
          </ns3:TrackPointExtension>
        </extensions>
      </trkpt>
      <trkpt lat="37.7632336132228374481201171875" lon="-122.40134582854807376861572265625">
        <ele>17.200000762939453125</ele>
        <time>2026-04-09T01:49:02.000Z</time>
        <extensions>
          <ns3:TrackPointExtension>
            <ns3:atemp>22.0</ns3:atemp>
            <ns3:hr>102</ns3:hr>
            <ns3:cad>78</ns3:cad>
          </ns3:TrackPointExtension>
        </extensions>
      </trkpt>
      <trkpt lat="37.76325683109462261199951171875" lon="-122.401353456079959869384765625">
        <ele>17</ele>
        <time>2026-04-09T01:49:03.000Z</time>
        <extensions>
          <ns3:TrackPointExtension>
            <ns3:atemp>22.0</ns3:atemp>
            <ns3:hr>102</ns3:hr>
            <ns3:cad>78</ns3:cad>
          </ns3:TrackPointExtension>
        </extensions>
      </trkpt>
      <trkpt lat="37.763273008167743682861328125" lon="-122.40135521627962589263916015625">
        <ele>16.799999237060546875</ele>
        <time>2026-04-09T01:49:04.000Z</time>
        <extensions>
          <ns3:TrackPointExtension>
            <ns3:atemp>22.0</ns3:atemp>
            <ns3:hr>102</ns3:hr>
            <ns3:cad>77</ns3:cad>
          </ns3:TrackPointExtension>
        </extensions>
      </trkpt>
      <trkpt lat="37.76330175809562206268310546875" lon="-122.4013616703450679779052734375">
        <ele>16.6000003814697265625</ele>
        <time>2026-04-09T01:49:05.000Z</time>
        <extensions>
          <ns3:TrackPointExtension>
            <ns3:atemp>22.0</ns3:atemp>
            <ns3:hr>101</ns3:hr>
            <ns3:cad>77</ns3:cad>
          </ns3:TrackPointExtension>
        </extensions>
      </trkpt>
      <trkpt lat="37.763333357870578765869140625" lon="-122.40137214772403240203857421875">
        <ele>16.200000762939453125</ele>
        <time>2026-04-09T01:49:06.000Z</time>
        <extensions>
          <ns3:TrackPointExtension>
            <ns3:atemp>22.0</ns3:atemp>
            <ns3:hr>101</ns3:hr>
            <ns3:cad>76</ns3:cad>
          </ns3:TrackPointExtension>
        </extensions>
      </trkpt>
      <trkpt lat="37.76335506699979305267333984375" lon="-122.4013770930469036102294921875">
        <ele>16</ele>
        <time>2026-04-09T01:49:07.000Z</time>
        <extensions>
          <ns3:TrackPointExtension>
            <ns3:atemp>22.0</ns3:atemp>
            <ns3:hr>101</ns3:hr>
            <ns3:cad>76</ns3:cad>
          </ns3:TrackPointExtension>
        </extensions>
      </trkpt>
      <trkpt lat="37.76338272728025913238525390625" lon="-122.40138136781752109527587890625">
        <ele>15.80000019073486328125</ele>
        <time>2026-04-09T01:49:08.000Z</time>
        <extensions>
          <ns3:TrackPointExtension>
            <ns3:atemp>22.0</ns3:atemp>
            <ns3:hr>101</ns3:hr>
            <ns3:cad>76</ns3:cad>
          </ns3:TrackPointExtension>
        </extensions>
      </trkpt>
      <trkpt lat="37.76341952383518218994140625" lon="-122.40138254128396511077880859375">
        <ele>15.6000003814697265625</ele>
        <time>2026-04-09T01:49:09.000Z</time>
        <extensions>
          <ns3:TrackPointExtension>
            <ns3:atemp>22.0</ns3:atemp>
            <ns3:hr>102</ns3:hr>
            <ns3:cad>76</ns3:cad>
          </ns3:TrackPointExtension>
        </extensions>
      </trkpt>
      <trkpt lat="37.76344056241214275360107421875" lon="-122.40139779634773731231689453125">
        <ele>15.3999996185302734375</ele>
        <time>2026-04-09T01:49:10.000Z</time>
        <extensions>
          <ns3:TrackPointExtension>
            <ns3:atemp>22.0</ns3:atemp>
            <ns3:hr>101</ns3:hr>
            <ns3:cad>76</ns3:cad>
          </ns3:TrackPointExtension>
        </extensions>
      </trkpt>
      <trkpt lat="37.763460092246532440185546875" lon="-122.4013998918235301971435546875">
        <ele>15.19999980926513671875</ele>
        <time>2026-04-09T01:49:11.000Z</time>
        <extensions>
          <ns3:TrackPointExtension>
            <ns3:atemp>22.0</ns3:atemp>
            <ns3:hr>101</ns3:hr>
            <ns3:cad>76</ns3:cad>
          </ns3:TrackPointExtension>
        </extensions>
      </trkpt>
      <trkpt lat="37.76348062790930271148681640625" lon="-122.40140651352703571319580078125">
        <ele>15</ele>
        <time>2026-04-09T01:49:12.000Z</time>
        <extensions>
          <ns3:TrackPointExtension>
            <ns3:atemp>22.0</ns3:atemp>
            <ns3:hr>102</ns3:hr>
            <ns3:cad>76</ns3:cad>
          </ns3:TrackPointExtension>
        </extensions>
      </trkpt>
      <trkpt lat="37.76350275613367557525634765625" lon="-122.40141254849731922149658203125">
        <ele>14.6000003814697265625</ele>
        <time>2026-04-09T01:49:13.000Z</time>
        <extensions>
          <ns3:TrackPointExtension>
            <ns3:atemp>22.0</ns3:atemp>
            <ns3:hr>101</ns3:hr>
            <ns3:cad>77</ns3:cad>
          </ns3:TrackPointExtension>
        </extensions>
      </trkpt>
      <trkpt lat="37.76351868174970149993896484375" lon="-122.40139611996710300445556640625">
        <ele>14.3999996185302734375</ele>
        <time>2026-04-09T01:49:14.000Z</time>
        <extensions>
          <ns3:TrackPointExtension>
            <ns3:atemp>22.0</ns3:atemp>
            <ns3:hr>101</ns3:hr>
            <ns3:cad>77</ns3:cad>
          </ns3:TrackPointExtension>
        </extensions>
      </trkpt>
      <trkpt lat="37.7635437436401844024658203125" lon="-122.4013817869126796722412109375">
        <ele>14.19999980926513671875</ele>
        <time>2026-04-09T01:49:15.000Z</time>
        <extensions>
          <ns3:TrackPointExtension>
            <ns3:atemp>22.0</ns3:atemp>
            <ns3:hr>102</ns3:hr>
            <ns3:cad>77</ns3:cad>
          </ns3:TrackPointExtension>
        </extensions>
      </trkpt>
      <trkpt lat="37.7635705657303333282470703125" lon="-122.401384972035884857177734375">
        <ele>14</ele>
        <time>2026-04-09T01:49:16.000Z</time>
        <extensions>
          <ns3:TrackPointExtension>
            <ns3:atemp>22.0</ns3:atemp>
            <ns3:hr>102</ns3:hr>
            <ns3:cad>77</ns3:cad>
          </ns3:TrackPointExtension>
        </extensions>
      </trkpt>
      <trkpt lat="37.76358473114669322967529296875" lon="-122.4013744108378887176513671875">
        <ele>14</ele>
        <time>2026-04-09T01:49:17.000Z</time>
        <extensions>
          <ns3:TrackPointExtension>
            <ns3:atemp>22.0</ns3:atemp>
            <ns3:hr>102</ns3:hr>
            <ns3:cad>77</ns3:cad>
          </ns3:TrackPointExtension>
        </extensions>
      </trkpt>
      <trkpt lat="37.76360451243817806243896484375" lon="-122.4013586528599262237548828125">
        <ele>14.19999980926513671875</ele>
        <time>2026-04-09T01:49:18.000Z</time>
        <extensions>
          <ns3:TrackPointExtension>
            <ns3:atemp>22.0</ns3:atemp>
            <ns3:hr>101</ns3:hr>
            <ns3:cad>77</ns3:cad>
          </ns3:TrackPointExtension>
        </extensions>
      </trkpt>
      <trkpt lat="37.76363569311797618865966796875" lon="-122.40135270170867443084716796875">
        <ele>14.19999980926513671875</ele>
        <time>2026-04-09T01:49:19.000Z</time>
        <extensions>
          <ns3:TrackPointExtension>
            <ns3:atemp>22.0</ns3:atemp>
            <ns3:hr>102</ns3:hr>
            <ns3:cad>77</ns3:cad>
          </ns3:TrackPointExtension>
        </extensions>
      </trkpt>
      <trkpt lat="37.76364591903984546661376953125" lon="-122.401370890438556671142578125">
        <ele>14.3999996185302734375</ele>
        <time>2026-04-09T01:49:20.000Z</time>
        <extensions>
          <ns3:TrackPointExtension>
            <ns3:atemp>22.0</ns3:atemp>
            <ns3:hr>102</ns3:hr>
            <ns3:cad>79</ns3:cad>
          </ns3:TrackPointExtension>
        </extensions>
      </trkpt>
      <trkpt lat="37.7636644430458545684814453125" lon="-122.40138706751167774200439453125">
        <ele>14.3999996185302734375</ele>
        <time>2026-04-09T01:49:21.000Z</time>
        <extensions>
          <ns3:TrackPointExtension>
            <ns3:atemp>22.0</ns3:atemp>
            <ns3:hr>102</ns3:hr>
            <ns3:cad>80</ns3:cad>
          </ns3:TrackPointExtension>
        </extensions>
      </trkpt>
      <trkpt lat="37.763688080012798309326171875" lon="-122.40140500478446483612060546875">
        <ele>14.3999996185302734375</ele>
        <time>2026-04-09T01:49:22.000Z</time>
        <extensions>
          <ns3:TrackPointExtension>
            <ns3:atemp>22.0</ns3:atemp>
            <ns3:hr>101</ns3:hr>
            <ns3:cad>80</ns3:cad>
          </ns3:TrackPointExtension>
        </extensions>
      </trkpt>
      <trkpt lat="37.76370693929493427276611328125" lon="-122.401411123573780059814453125">
        <ele>14.3999996185302734375</ele>
        <time>2026-04-09T01:49:23.000Z</time>
        <extensions>
          <ns3:TrackPointExtension>
            <ns3:atemp>22.0</ns3:atemp>
            <ns3:hr>102</ns3:hr>
            <ns3:cad>80</ns3:cad>
          </ns3:TrackPointExtension>
        </extensions>
      </trkpt>
      <trkpt lat="37.76373141445219516754150390625" lon="-122.401415146887302398681640625">
        <ele>14.3999996185302734375</ele>
        <time>2026-04-09T01:49:24.000Z</time>
        <extensions>
          <ns3:TrackPointExtension>
            <ns3:atemp>22.0</ns3:atemp>
            <ns3:hr>102</ns3:hr>
            <ns3:cad>80</ns3:cad>
          </ns3:TrackPointExtension>
        </extensions>
      </trkpt>
      <trkpt lat="37.76375337503850460052490234375" lon="-122.40142059512436389923095703125">
        <ele>14.19999980926513671875</ele>
        <time>2026-04-09T01:49:25.000Z</time>
        <extensions>
          <ns3:TrackPointExtension>
            <ns3:atemp>22.0</ns3:atemp>
            <ns3:hr>102</ns3:hr>
            <ns3:cad>77</ns3:cad>
          </ns3:TrackPointExtension>
        </extensions>
      </trkpt>
      <trkpt lat="37.76378254406154155731201171875" lon="-122.40142755210399627685546875">
        <ele>14</ele>
        <time>2026-04-09T01:49:26.000Z</time>
        <extensions>
          <ns3:TrackPointExtension>
            <ns3:atemp>22.0</ns3:atemp>
            <ns3:hr>101</ns3:hr>
            <ns3:cad>77</ns3:cad>
          </ns3:TrackPointExtension>
        </extensions>
      </trkpt>
      <trkpt lat="37.763802744448184967041015625" lon="-122.401425205171108245849609375">
        <ele>14</ele>
        <time>2026-04-09T01:49:27.000Z</time>
        <extensions>
          <ns3:TrackPointExtension>
            <ns3:atemp>22.0</ns3:atemp>
            <ns3:hr>102</ns3:hr>
            <ns3:cad>77</ns3:cad>
          </ns3:TrackPointExtension>
        </extensions>
      </trkpt>
      <trkpt lat="37.7638253755867481231689453125" lon="-122.40142445079982280731201171875">
        <ele>13.80000019073486328125</ele>
        <time>2026-04-09T01:49:28.000Z</time>
        <extensions>
          <ns3:TrackPointExtension>
            <ns3:atemp>22.0</ns3:atemp>
            <ns3:hr>102</ns3:hr>
            <ns3:cad>77</ns3:cad>
          </ns3:TrackPointExtension>
        </extensions>
      </trkpt>
      <trkpt lat="37.763853706419467926025390625" lon="-122.40142797119915485382080078125">
        <ele>13.6000003814697265625</ele>
        <time>2026-04-09T01:49:29.000Z</time>
        <extensions>
          <ns3:TrackPointExtension>
            <ns3:atemp>22.0</ns3:atemp>
            <ns3:hr>102</ns3:hr>
            <ns3:cad>77</ns3:cad>
          </ns3:TrackPointExtension>
        </extensions>
      </trkpt>
      <trkpt lat="37.76387415826320648193359375" lon="-122.4014290608465671539306640625">
        <ele>13.3999996185302734375</ele>
        <time>2026-04-09T01:49:30.000Z</time>
        <extensions>
          <ns3:TrackPointExtension>
            <ns3:atemp>22.0</ns3:atemp>
            <ns3:hr>101</ns3:hr>
            <ns3:cad>77</ns3:cad>
          </ns3:TrackPointExtension>
        </extensions>
      </trkpt>
      <trkpt lat="37.7638957835733890533447265625" lon="-122.40143266506493091583251953125">
        <ele>13.19999980926513671875</ele>
        <time>2026-04-09T01:49:31.000Z</time>
        <extensions>
          <ns3:TrackPointExtension>
            <ns3:atemp>22.0</ns3:atemp>
            <ns3:hr>102</ns3:hr>
            <ns3:cad>77</ns3:cad>
          </ns3:TrackPointExtension>
        </extensions>
      </trkpt>
      <trkpt lat="37.763921432197093963623046875" lon="-122.4014293961226940155029296875">
        <ele>12.80000019073486328125</ele>
        <time>2026-04-09T01:49:32.000Z</time>
        <extensions>
          <ns3:TrackPointExtension>
            <ns3:atemp>22.0</ns3:atemp>
            <ns3:hr>102</ns3:hr>
            <ns3:cad>77</ns3:cad>
          </ns3:TrackPointExtension>
        </extensions>
      </trkpt>
      <trkpt lat="37.7639487572014331817626953125" lon="-122.401436604559421539306640625">
        <ele>12.3999996185302734375</ele>
        <time>2026-04-09T01:49:33.000Z</time>
        <extensions>
          <ns3:TrackPointExtension>
            <ns3:atemp>22.0</ns3:atemp>
            <ns3:hr>102</ns3:hr>
            <ns3:cad>77</ns3:cad>
          </ns3:TrackPointExtension>
        </extensions>
      </trkpt>
      <trkpt lat="37.763967029750347137451171875" lon="-122.40143350325524806976318359375">
        <ele>12.19999980926513671875</ele>
        <time>2026-04-09T01:49:34.000Z</time>
        <extensions>
          <ns3:TrackPointExtension>
            <ns3:atemp>22.0</ns3:atemp>
            <ns3:hr>102</ns3:hr>
            <ns3:cad>77</ns3:cad>
          </ns3:TrackPointExtension>
        </extensions>
      </trkpt>
      <trkpt lat="37.76399276219308376312255859375" lon="-122.401436269283294677734375">
        <ele>11.80000019073486328125</ele>
        <time>2026-04-09T01:49:35.000Z</time>
        <extensions>
          <ns3:TrackPointExtension>
            <ns3:atemp>22.0</ns3:atemp>
            <ns3:hr>102</ns3:hr>
            <ns3:cad>78</ns3:cad>
          </ns3:TrackPointExtension>
        </extensions>
      </trkpt>
      <trkpt lat="37.76402042247354984283447265625" lon="-122.401454038918018341064453125">
        <ele>11.3999996185302734375</ele>
        <time>2026-04-09T01:49:36.000Z</time>
        <extensions>
          <ns3:TrackPointExtension>
            <ns3:atemp>22.0</ns3:atemp>
            <ns3:hr>101</ns3:hr>
            <ns3:cad>78</ns3:cad>
          </ns3:TrackPointExtension>
        </extensions>
      </trkpt>
      <trkpt lat="37.764041125774383544921875" lon="-122.401452362537384033203125">
        <ele>11.19999980926513671875</ele>
        <time>2026-04-09T01:49:37.000Z</time>
        <extensions>
          <ns3:TrackPointExtension>
            <ns3:atemp>22.0</ns3:atemp>
            <ns3:hr>102</ns3:hr>
            <ns3:cad>78</ns3:cad>
          </ns3:TrackPointExtension>
        </extensions>
      </trkpt>
      <trkpt lat="37.7640639245510101318359375" lon="-122.40144959650933742523193359375">
        <ele>11</ele>
        <time>2026-04-09T01:49:38.000Z</time>
        <extensions>
          <ns3:TrackPointExtension>
            <ns3:atemp>22.0</ns3:atemp>
            <ns3:hr>102</ns3:hr>
            <ns3:cad>78</ns3:cad>
          </ns3:TrackPointExtension>
        </extensions>
      </trkpt>
      <trkpt lat="37.76409787125885486602783203125" lon="-122.40145982243120670318603515625">
        <ele>10.80000019073486328125</ele>
        <time>2026-04-09T01:49:39.000Z</time>
        <extensions>
          <ns3:TrackPointExtension>
            <ns3:atemp>22.0</ns3:atemp>
            <ns3:hr>101</ns3:hr>
            <ns3:cad>78</ns3:cad>
          </ns3:TrackPointExtension>
        </extensions>
      </trkpt>
      <trkpt lat="37.7641180716454982757568359375" lon="-122.4014568887650966644287109375">
        <ele>10.80000019073486328125</ele>
        <time>2026-04-09T01:49:40.000Z</time>
        <extensions>
          <ns3:TrackPointExtension>
            <ns3:atemp>22.0</ns3:atemp>
            <ns3:hr>102</ns3:hr>
            <ns3:cad>78</ns3:cad>
          </ns3:TrackPointExtension>
        </extensions>
      </trkpt>
      <trkpt lat="37.764147408306598663330078125" lon="-122.40145278163254261016845703125">
        <ele>10.80000019073486328125</ele>
        <time>2026-04-09T01:49:41.000Z</time>
        <extensions>
          <ns3:TrackPointExtension>
            <ns3:atemp>22.0</ns3:atemp>
            <ns3:hr>102</ns3:hr>
            <ns3:cad>79</ns3:cad>
          </ns3:TrackPointExtension>
        </extensions>
      </trkpt>
      <trkpt lat="37.76417917571961879730224609375" lon="-122.4014639295637607574462890625">
        <ele>10.80000019073486328125</ele>
        <time>2026-04-09T01:49:42.000Z</time>
        <extensions>
          <ns3:TrackPointExtension>
            <ns3:atemp>22.0</ns3:atemp>
            <ns3:hr>102</ns3:hr>
            <ns3:cad>79</ns3:cad>
          </ns3:TrackPointExtension>
        </extensions>
      </trkpt>
      <trkpt lat="37.7641982026398181915283203125" lon="-122.40145579911768436431884765625">
        <ele>10.6000003814697265625</ele>
        <time>2026-04-09T01:49:43.000Z</time>
        <extensions>
          <ns3:TrackPointExtension>
            <ns3:atemp>22.0</ns3:atemp>
            <ns3:hr>102</ns3:hr>
            <ns3:cad>79</ns3:cad>
          </ns3:TrackPointExtension>
        </extensions>
      </trkpt>
      <trkpt lat="37.764226533472537994384765625" lon="-122.40145144052803516387939453125">
        <ele>10.3999996185302734375</ele>
        <time>2026-04-09T01:49:44.000Z</time>
        <extensions>
          <ns3:TrackPointExtension>
            <ns3:atemp>22.0</ns3:atemp>
            <ns3:hr>102</ns3:hr>
            <ns3:cad>79</ns3:cad>
          </ns3:TrackPointExtension>
        </extensions>
      </trkpt>
      <trkpt lat="37.76426374912261962890625" lon="-122.4014592356979846954345703125">
        <ele>10.3999996185302734375</ele>
        <time>2026-04-09T01:49:45.000Z</time>
        <extensions>
          <ns3:TrackPointExtension>
            <ns3:atemp>22.0</ns3:atemp>
            <ns3:hr>102</ns3:hr>
            <ns3:cad>80</ns3:cad>
          </ns3:TrackPointExtension>
        </extensions>
      </trkpt>
      <trkpt lat="37.76428830809891223907470703125" lon="-122.40145445801317691802978515625">
        <ele>10.19999980926513671875</ele>
        <time>2026-04-09T01:49:46.000Z</time>
        <extensions>
          <ns3:TrackPointExtension>
            <ns3:atemp>22.0</ns3:atemp>
            <ns3:hr>102</ns3:hr>
            <ns3:cad>80</ns3:cad>
          </ns3:TrackPointExtension>
        </extensions>
      </trkpt>
      <trkpt lat="37.76431806385517120361328125" lon="-122.401458062231540679931640625">
        <ele>10.3999996185302734375</ele>
        <time>2026-04-09T01:49:47.000Z</time>
        <extensions>
          <ns3:TrackPointExtension>
            <ns3:atemp>22.0</ns3:atemp>
            <ns3:hr>102</ns3:hr>
            <ns3:cad>80</ns3:cad>
          </ns3:TrackPointExtension>
        </extensions>
      </trkpt>
      <trkpt lat="37.76435234583914279937744140625" lon="-122.401469461619853973388671875">
        <ele>10.3999996185302734375</ele>
        <time>2026-04-09T01:49:48.000Z</time>
        <extensions>
          <ns3:TrackPointExtension>
            <ns3:atemp>22.0</ns3:atemp>
            <ns3:hr>102</ns3:hr>
            <ns3:cad>80</ns3:cad>
          </ns3:TrackPointExtension>
        </extensions>
      </trkpt>
      <trkpt lat="37.76437036693096160888671875" lon="-122.40146954543888568878173828125">
        <ele>10.3999996185302734375</ele>
        <time>2026-04-09T01:49:49.000Z</time>
        <extensions>
          <ns3:TrackPointExtension>
            <ns3:atemp>22.0</ns3:atemp>
            <ns3:hr>102</ns3:hr>
            <ns3:cad>79</ns3:cad>
          </ns3:TrackPointExtension>
        </extensions>
      </trkpt>
      <trkpt lat="37.76439526118338108062744140625" lon="-122.40147449076175689697265625">
        <ele>10.19999980926513671875</ele>
        <time>2026-04-09T01:49:50.000Z</time>
        <extensions>
          <ns3:TrackPointExtension>
            <ns3:atemp>22.0</ns3:atemp>
            <ns3:hr>103</ns3:hr>
            <ns3:cad>79</ns3:cad>
          </ns3:TrackPointExtension>
        </extensions>
      </trkpt>
      <trkpt lat="37.76443029753863811492919921875" lon="-122.401490248739719390869140625">
        <ele>9.80000019073486328125</ele>
        <time>2026-04-09T01:49:51.000Z</time>
        <extensions>
          <ns3:TrackPointExtension>
            <ns3:atemp>22.0</ns3:atemp>
            <ns3:hr>103</ns3:hr>
            <ns3:cad>79</ns3:cad>
          </ns3:TrackPointExtension>
        </extensions>
      </trkpt>
      <trkpt lat="37.76444655843079090118408203125" lon="-122.40149904973804950714111328125">
        <ele>9.80000019073486328125</ele>
        <time>2026-04-09T01:49:52.000Z</time>
        <extensions>
          <ns3:TrackPointExtension>
            <ns3:atemp>22.0</ns3:atemp>
            <ns3:hr>102</ns3:hr>
            <ns3:cad>80</ns3:cad>
          </ns3:TrackPointExtension>
        </extensions>
      </trkpt>
      <trkpt lat="37.76446432806551456451416015625" lon="-122.4015061743557453155517578125">
        <ele>9.6000003814697265625</ele>
        <time>2026-04-09T01:49:53.000Z</time>
        <extensions>
          <ns3:TrackPointExtension>
            <ns3:atemp>22.0</ns3:atemp>
            <ns3:hr>102</ns3:hr>
            <ns3:cad>81</ns3:cad>
          </ns3:TrackPointExtension>
        </extensions>
      </trkpt>
      <trkpt lat="37.76448695920407772064208984375" lon="-122.4015142209827899932861328125">
        <ele>9.6000003814697265625</ele>
        <time>2026-04-09T01:49:54.000Z</time>
        <extensions>
          <ns3:TrackPointExtension>
            <ns3:atemp>22.0</ns3:atemp>
            <ns3:hr>102</ns3:hr>
            <ns3:cad>81</ns3:cad>
          </ns3:TrackPointExtension>
        </extensions>
      </trkpt>
      <trkpt lat="37.76450908742845058441162109375" lon="-122.40151740610599517822265625">
        <ele>9.6000003814697265625</ele>
        <time>2026-04-09T01:49:55.000Z</time>
        <extensions>
          <ns3:TrackPointExtension>
            <ns3:atemp>22.0</ns3:atemp>
            <ns3:hr>103</ns3:hr>
            <ns3:cad>81</ns3:cad>
          </ns3:TrackPointExtension>
        </extensions>
      </trkpt>
      <trkpt lat="37.764534316956996917724609375" lon="-122.4015192501246929168701171875">
        <ele>9.6000003814697265625</ele>
        <time>2026-04-09T01:49:56.000Z</time>
        <extensions>
          <ns3:TrackPointExtension>
            <ns3:atemp>22.0</ns3:atemp>
            <ns3:hr>103</ns3:hr>
            <ns3:cad>81</ns3:cad>
          </ns3:TrackPointExtension>
        </extensions>
      </trkpt>
      <trkpt lat="37.7645586244761943817138671875" lon="-122.40152285434305667877197265625">
        <ele>9.80000019073486328125</ele>
        <time>2026-04-09T01:49:57.000Z</time>
        <extensions>
          <ns3:TrackPointExtension>
            <ns3:atemp>22.0</ns3:atemp>
            <ns3:hr>103</ns3:hr>
            <ns3:cad>81</ns3:cad>
          </ns3:TrackPointExtension>
        </extensions>
      </trkpt>
      <trkpt lat="37.76458452455699443817138671875" lon="-122.40151874721050262451171875">
        <ele>9.80000019073486328125</ele>
        <time>2026-04-09T01:49:58.000Z</time>
        <extensions>
          <ns3:TrackPointExtension>
            <ns3:atemp>22.0</ns3:atemp>
            <ns3:hr>103</ns3:hr>
            <ns3:cad>81</ns3:cad>
          </ns3:TrackPointExtension>
        </extensions>
      </trkpt>
      <trkpt lat="37.76462861336767673492431640625" lon="-122.40150877274572849273681640625">
        <ele>9.6000003814697265625</ele>
        <time>2026-04-09T01:49:59.000Z</time>
        <extensions>
          <ns3:TrackPointExtension>
            <ns3:atemp>22.0</ns3:atemp>
            <ns3:hr>104</ns3:hr>
            <ns3:cad>81</ns3:cad>
          </ns3:TrackPointExtension>
        </extensions>
      </trkpt>
      <trkpt lat="37.76465308852493762969970703125" lon="-122.40151338279247283935546875">
        <ele>9.6000003814697265625</ele>
        <time>2026-04-09T01:50:00.000Z</time>
        <extensions>
          <ns3:TrackPointExtension>
            <ns3:atemp>22.0</ns3:atemp>
            <ns3:hr>104</ns3:hr>
            <ns3:cad>81</ns3:cad>
          </ns3:TrackPointExtension>
        </extensions>
      </trkpt>
      <trkpt lat="37.76467479765415191650390625" lon="-122.4015128798782825469970703125">
        <ele>9.6000003814697265625</ele>
        <time>2026-04-09T01:50:01.000Z</time>
        <extensions>
          <ns3:TrackPointExtension>
            <ns3:atemp>22.0</ns3:atemp>
            <ns3:hr>104</ns3:hr>
            <ns3:cad>80</ns3:cad>
          </ns3:TrackPointExtension>
        </extensions>
      </trkpt>
      <trkpt lat="37.7647034637629985809326171875" lon="-122.40151598118245601654052734375">
        <ele>9.3999996185302734375</ele>
        <time>2026-04-09T01:50:02.000Z</time>
        <extensions>
          <ns3:TrackPointExtension>
            <ns3:atemp>22.0</ns3:atemp>
            <ns3:hr>104</ns3:hr>
            <ns3:cad>80</ns3:cad>
          </ns3:TrackPointExtension>
        </extensions>
      </trkpt>
      <trkpt lat="37.7647319622337818145751953125" lon="-122.40151665173470973968505859375">
        <ele>9.3999996185302734375</ele>
        <time>2026-04-09T01:50:03.000Z</time>
        <extensions>
          <ns3:TrackPointExtension>
            <ns3:atemp>22.0</ns3:atemp>
            <ns3:hr>104</ns3:hr>
            <ns3:cad>80</ns3:cad>
          </ns3:TrackPointExtension>
        </extensions>
      </trkpt>
      <trkpt lat="37.764752916991710662841796875" lon="-122.4015101976692676544189453125">
        <ele>9.3999996185302734375</ele>
        <time>2026-04-09T01:50:04.000Z</time>
        <extensions>
          <ns3:TrackPointExtension>
            <ns3:atemp>22.0</ns3:atemp>
            <ns3:hr>104</ns3:hr>
            <ns3:cad>80</ns3:cad>
          </ns3:TrackPointExtension>
        </extensions>
      </trkpt>
      <trkpt lat="37.7647778950631618499755859375" lon="-122.40149485878646373748779296875">
        <ele>9.19999980926513671875</ele>
        <time>2026-04-09T01:50:05.000Z</time>
        <extensions>
          <ns3:TrackPointExtension>
            <ns3:atemp>22.0</ns3:atemp>
            <ns3:hr>104</ns3:hr>
            <ns3:cad>80</ns3:cad>
          </ns3:TrackPointExtension>
        </extensions>
      </trkpt>
      <trkpt lat="37.76478954590857028961181640625" lon="-122.40148329176008701324462890625">
        <ele>9.19999980926513671875</ele>
        <time>2026-04-09T01:50:06.000Z</time>
        <extensions>
          <ns3:TrackPointExtension>
            <ns3:atemp>22.0</ns3:atemp>
            <ns3:hr>105</ns3:hr>
            <ns3:cad>80</ns3:cad>
          </ns3:TrackPointExtension>
        </extensions>
      </trkpt>
      <trkpt lat="37.76478854008018970489501953125" lon="-122.40146367810666561126708984375">
        <ele>9.19999980926513671875</ele>
        <time>2026-04-09T01:50:07.000Z</time>
        <extensions>
          <ns3:TrackPointExtension>
            <ns3:atemp>22.0</ns3:atemp>
            <ns3:hr>105</ns3:hr>
            <ns3:cad>80</ns3:cad>
          </ns3:TrackPointExtension>
        </extensions>
      </trkpt>
      <trkpt lat="37.76478669606149196624755859375" lon="-122.4014253728091716766357421875">
        <ele>9.19999980926513671875</ele>
        <time>2026-04-09T01:50:08.000Z</time>
        <extensions>
          <ns3:TrackPointExtension>
            <ns3:atemp>22.0</ns3:atemp>
            <ns3:hr>105</ns3:hr>
            <ns3:cad>80</ns3:cad>
          </ns3:TrackPointExtension>
        </extensions>
      </trkpt>
      <trkpt lat="37.76478803716599941253662109375" lon="-122.4013841338455677032470703125">
        <ele>9.19999980926513671875</ele>
        <time>2026-04-09T01:50:09.000Z</time>
        <extensions>
          <ns3:TrackPointExtension>
            <ns3:atemp>22.0</ns3:atemp>
            <ns3:hr>105</ns3:hr>
            <ns3:cad>80</ns3:cad>
          </ns3:TrackPointExtension>
        </extensions>
      </trkpt>
      <trkpt lat="37.76478786952793598175048828125" lon="-122.4013546295464038848876953125">
        <ele>9.19999980926513671875</ele>
        <time>2026-04-09T01:50:10.000Z</time>
        <extensions>
          <ns3:TrackPointExtension>
            <ns3:atemp>22.0</ns3:atemp>
            <ns3:hr>105</ns3:hr>
            <ns3:cad>80</ns3:cad>
          </ns3:TrackPointExtension>
        </extensions>
      </trkpt>
      <trkpt lat="37.76479155756533145904541015625" lon="-122.401308529078960418701171875">
        <ele>9.19999980926513671875</ele>
        <time>2026-04-09T01:50:11.000Z</time>
        <extensions>
          <ns3:TrackPointExtension>
            <ns3:atemp>22.0</ns3:atemp>
            <ns3:hr>105</ns3:hr>
            <ns3:cad>80</ns3:cad>
          </ns3:TrackPointExtension>
        </extensions>
      </trkpt>
      <trkpt lat="37.764793820679187774658203125" lon="-122.4012701399624347686767578125">
        <ele>9</ele>
        <time>2026-04-09T01:50:12.000Z</time>
        <extensions>
          <ns3:TrackPointExtension>
            <ns3:atemp>22.0</ns3:atemp>
            <ns3:hr>106</ns3:hr>
            <ns3:cad>79</ns3:cad>
          </ns3:TrackPointExtension>
        </extensions>
      </trkpt>
      <trkpt lat="37.76479658670723438262939453125" lon="-122.40124390460550785064697265625">
        <ele>9.19999980926513671875</ele>
        <time>2026-04-09T01:50:13.000Z</time>
        <extensions>
          <ns3:TrackPointExtension>
            <ns3:atemp>22.0</ns3:atemp>
            <ns3:hr>106</ns3:hr>
            <ns3:cad>79</ns3:cad>
          </ns3:TrackPointExtension>
        </extensions>
      </trkpt>
      <trkpt lat="37.764799185097217559814453125" lon="-122.4012069404125213623046875">
        <ele>9.19999980926513671875</ele>
        <time>2026-04-09T01:50:14.000Z</time>
        <extensions>
          <ns3:TrackPointExtension>
            <ns3:atemp>22.0</ns3:atemp>
            <ns3:hr>106</ns3:hr>
            <ns3:cad>79</ns3:cad>
          </ns3:TrackPointExtension>
        </extensions>
      </trkpt>
      <trkpt lat="37.76479960419237613677978515625" lon="-122.40117332898080348968505859375">
        <ele>9.19999980926513671875</ele>
        <time>2026-04-09T01:50:15.000Z</time>
        <extensions>
          <ns3:TrackPointExtension>
            <ns3:atemp>22.0</ns3:atemp>
            <ns3:hr>106</ns3:hr>
            <ns3:cad>79</ns3:cad>
          </ns3:TrackPointExtension>
        </extensions>
      </trkpt>
      <trkpt lat="37.76479683816432952880859375" lon="-122.40115002728998661041259765625">
        <ele>9.19999980926513671875</ele>
        <time>2026-04-09T01:50:16.000Z</time>
        <extensions>
          <ns3:TrackPointExtension>
            <ns3:atemp>22.0</ns3:atemp>
            <ns3:hr>105</ns3:hr>
            <ns3:cad>79</ns3:cad>
          </ns3:TrackPointExtension>
        </extensions>
      </trkpt>
      <trkpt lat="37.76479725725948810577392578125" lon="-122.4011170864105224609375">
        <ele>9.3999996185302734375</ele>
        <time>2026-04-09T01:50:17.000Z</time>
        <extensions>
          <ns3:TrackPointExtension>
            <ns3:atemp>22.0</ns3:atemp>
            <ns3:hr>106</ns3:hr>
            <ns3:cad>79</ns3:cad>
          </ns3:TrackPointExtension>
        </extensions>
      </trkpt>
      <trkpt lat="37.7647973410785198211669921875" lon="-122.4010887555778026580810546875">
        <ele>9.19999980926513671875</ele>
        <time>2026-04-09T01:50:18.000Z</time>
        <extensions>
          <ns3:TrackPointExtension>
            <ns3:atemp>22.0</ns3:atemp>
            <ns3:hr>106</ns3:hr>
            <ns3:cad>79</ns3:cad>
          </ns3:TrackPointExtension>
        </extensions>
      </trkpt>
      <trkpt lat="37.7647980116307735443115234375" lon="-122.40106503479182720184326171875">
        <ele>9.19999980926513671875</ele>
        <time>2026-04-09T01:50:19.000Z</time>
        <extensions>
          <ns3:TrackPointExtension>
            <ns3:atemp>22.0</ns3:atemp>
            <ns3:hr>107</ns3:hr>
            <ns3:cad>80</ns3:cad>
          </ns3:TrackPointExtension>
        </extensions>
      </trkpt>
      <trkpt lat="37.7648000232875347137451171875" lon="-122.4010253883898258209228515625">
        <ele>9.19999980926513671875</ele>
        <time>2026-04-09T01:50:20.000Z</time>
        <extensions>
          <ns3:TrackPointExtension>
            <ns3:atemp>22.0</ns3:atemp>
            <ns3:hr>107</ns3:hr>
            <ns3:cad>80</ns3:cad>
          </ns3:TrackPointExtension>
        </extensions>
      </trkpt>
      <trkpt lat="37.76480111293494701385498046875" lon="-122.4009990692138671875">
        <ele>9</ele>
        <time>2026-04-09T01:50:21.000Z</time>
        <extensions>
          <ns3:TrackPointExtension>
            <ns3:atemp>22.0</ns3:atemp>
            <ns3:hr>107</ns3:hr>
            <ns3:cad>80</ns3:cad>
          </ns3:TrackPointExtension>
        </extensions>
      </trkpt>
      <trkpt lat="37.76480664499104022979736328125" lon="-122.40097132511436939239501953125">
        <ele>9</ele>
        <time>2026-04-09T01:50:22.000Z</time>
        <extensions>
          <ns3:TrackPointExtension>
            <ns3:atemp>22.0</ns3:atemp>
            <ns3:hr>107</ns3:hr>
            <ns3:cad>81</ns3:cad>
          </ns3:TrackPointExtension>
        </extensions>
      </trkpt>
      <trkpt lat="37.76480915956199169158935546875" lon="-122.40093670785427093505859375">
        <ele>9</ele>
        <time>2026-04-09T01:50:23.000Z</time>
        <extensions>
          <ns3:TrackPointExtension>
            <ns3:atemp>22.0</ns3:atemp>
            <ns3:hr>107</ns3:hr>
            <ns3:cad>81</ns3:cad>
          </ns3:TrackPointExtension>
        </extensions>
      </trkpt>
      <trkpt lat="37.7648068964481353759765625" lon="-122.40090795792639255523681640625">
        <ele>9</ele>
        <time>2026-04-09T01:50:24.000Z</time>
        <extensions>
          <ns3:TrackPointExtension>
            <ns3:atemp>22.0</ns3:atemp>
            <ns3:hr>107</ns3:hr>
            <ns3:cad>83</ns3:cad>
          </ns3:TrackPointExtension>
        </extensions>
      </trkpt>
      <trkpt lat="37.7648104168474674224853515625" lon="-122.40087501704692840576171875">
        <ele>9</ele>
        <time>2026-04-09T01:50:25.000Z</time>
        <extensions>
          <ns3:TrackPointExtension>
            <ns3:atemp>22.0</ns3:atemp>
            <ns3:hr>108</ns3:hr>
            <ns3:cad>83</ns3:cad>
          </ns3:TrackPointExtension>
        </extensions>
      </trkpt>
      <trkpt lat="37.76482156477868556976318359375" lon="-122.40084417164325714111328125">
        <ele>9</ele>
        <time>2026-04-09T01:50:26.000Z</time>
        <extensions>
          <ns3:TrackPointExtension>
            <ns3:atemp>22.0</ns3:atemp>
            <ns3:hr>108</ns3:hr>
            <ns3:cad>81</ns3:cad>
          </ns3:TrackPointExtension>
        </extensions>
      </trkpt>
      <trkpt lat="37.76482089422643184661865234375" lon="-122.4008228816092014312744140625">
        <ele>9</ele>
        <time>2026-04-09T01:50:27.000Z</time>
        <extensions>
          <ns3:TrackPointExtension>
            <ns3:atemp>22.0</ns3:atemp>
            <ns3:hr>108</ns3:hr>
            <ns3:cad>81</ns3:cad>
          </ns3:TrackPointExtension>
        </extensions>
      </trkpt>
      <trkpt lat="37.76480865664780139923095703125" lon="-122.4007997475564479827880859375">
        <ele>9</ele>
        <time>2026-04-09T01:50:28.000Z</time>
        <extensions>
          <ns3:TrackPointExtension>
            <ns3:atemp>22.0</ns3:atemp>
            <ns3:hr>108</ns3:hr>
            <ns3:cad>81</ns3:cad>
          </ns3:TrackPointExtension>
        </extensions>
      </trkpt>
      <trkpt lat="37.76477730832993984222412109375" lon="-122.4007792957127094268798828125">
        <ele>9</ele>
        <time>2026-04-09T01:50:29.000Z</time>
        <extensions>
          <ns3:TrackPointExtension>
            <ns3:atemp>22.0</ns3:atemp>
            <ns3:hr>109</ns3:hr>
            <ns3:cad>81</ns3:cad>
          </ns3:TrackPointExtension>
        </extensions>
      </trkpt>
      <trkpt lat="37.76475300081074237823486328125" lon="-122.40076613612473011016845703125">
        <ele>9</ele>
        <time>2026-04-09T01:50:30.000Z</time>
        <extensions>
          <ns3:TrackPointExtension>
            <ns3:atemp>22.0</ns3:atemp>
            <ns3:hr>109</ns3:hr>
            <ns3:cad>80</ns3:cad>
          </ns3:TrackPointExtension>
        </extensions>
      </trkpt>
      <trkpt lat="37.76472114957869052886962890625" lon="-122.400761358439922332763671875">
        <ele>9</ele>
        <time>2026-04-09T01:50:31.000Z</time>
        <extensions>
          <ns3:TrackPointExtension>
            <ns3:atemp>22.0</ns3:atemp>
            <ns3:hr>109</ns3:hr>
            <ns3:cad>80</ns3:cad>
          </ns3:TrackPointExtension>
        </extensions>
      </trkpt>
      <trkpt lat="37.76469013653695583343505859375" lon="-122.4007538147270679473876953125">
        <ele>9.19999980926513671875</ele>
        <time>2026-04-09T01:50:32.000Z</time>
        <extensions>
          <ns3:TrackPointExtension>
            <ns3:atemp>22.0</ns3:atemp>
            <ns3:hr>109</ns3:hr>
            <ns3:cad>80</ns3:cad>
          </ns3:TrackPointExtension>
        </extensions>
      </trkpt>
      <trkpt lat="37.76467052288353443145751953125" lon="-122.4007481150329113006591796875">
        <ele>9.3999996185302734375</ele>
        <time>2026-04-09T01:50:33.000Z</time>
        <extensions>
          <ns3:TrackPointExtension>
            <ns3:atemp>22.0</ns3:atemp>
            <ns3:hr>109</ns3:hr>
            <ns3:cad>80</ns3:cad>
          </ns3:TrackPointExtension>
        </extensions>
      </trkpt>
      <trkpt lat="37.764644958078861236572265625" lon="-122.400745935738086700439453125">
        <ele>9.3999996185302734375</ele>
        <time>2026-04-09T01:50:34.000Z</time>
        <extensions>
          <ns3:TrackPointExtension>
            <ns3:atemp>22.0</ns3:atemp>
            <ns3:hr>110</ns3:hr>
            <ns3:cad>80</ns3:cad>
          </ns3:TrackPointExtension>
        </extensions>
      </trkpt>
      <trkpt lat="37.7646196447312831878662109375" lon="-122.4007407389581203460693359375">
        <ele>9.6000003814697265625</ele>
        <time>2026-04-09T01:50:35.000Z</time>
        <extensions>
          <ns3:TrackPointExtension>
            <ns3:atemp>22.0</ns3:atemp>
            <ns3:hr>110</ns3:hr>
            <ns3:cad>80</ns3:cad>
          </ns3:TrackPointExtension>
        </extensions>
      </trkpt>
      <trkpt lat="37.764604724943637847900390625" lon="-122.40073730237782001495361328125">
        <ele>9.6000003814697265625</ele>
        <time>2026-04-09T01:50:36.000Z</time>
        <extensions>
          <ns3:TrackPointExtension>
            <ns3:atemp>22.0</ns3:atemp>
            <ns3:hr>110</ns3:hr>
            <ns3:cad>80</ns3:cad>
          </ns3:TrackPointExtension>
        </extensions>
      </trkpt>
      <trkpt lat="37.7645780704915523529052734375" lon="-122.4007360450923442840576171875">
        <ele>9.80000019073486328125</ele>
        <time>2026-04-09T01:50:37.000Z</time>
        <extensions>
          <ns3:TrackPointExtension>
            <ns3:atemp>22.0</ns3:atemp>
            <ns3:hr>110</ns3:hr>
            <ns3:cad>80</ns3:cad>
          </ns3:TrackPointExtension>
        </extensions>
      </trkpt>
      <trkpt lat="37.76455451734364032745361328125" lon="-122.400734536349773406982421875">
        <ele>9.80000019073486328125</ele>
        <time>2026-04-09T01:50:38.000Z</time>
        <extensions>
          <ns3:TrackPointExtension>
            <ns3:atemp>22.0</ns3:atemp>
            <ns3:hr>111</ns3:hr>
            <ns3:cad>80</ns3:cad>
          </ns3:TrackPointExtension>
        </extensions>
      </trkpt>
      <trkpt lat="37.76452551595866680145263671875" lon="-122.40073210559785366058349609375">
        <ele>9.80000019073486328125</ele>
        <time>2026-04-09T01:50:39.000Z</time>
        <extensions>
          <ns3:TrackPointExtension>
            <ns3:atemp>22.0</ns3:atemp>
            <ns3:hr>111</ns3:hr>
            <ns3:cad>81</ns3:cad>
          </ns3:TrackPointExtension>
        </extensions>
      </trkpt>
      <trkpt lat="37.76449249126017093658447265625" lon="-122.400729171931743621826171875">
        <ele>9.80000019073486328125</ele>
        <time>2026-04-09T01:50:40.000Z</time>
        <extensions>
          <ns3:TrackPointExtension>
            <ns3:atemp>22.0</ns3:atemp>
            <ns3:hr>111</ns3:hr>
            <ns3:cad>82</ns3:cad>
          </ns3:TrackPointExtension>
        </extensions>
      </trkpt>
      <trkpt lat="37.764467932283878326416015625" lon="-122.40072322078049182891845703125">
        <ele>9.80000019073486328125</ele>
        <time>2026-04-09T01:50:41.000Z</time>
        <extensions>
          <ns3:TrackPointExtension>
            <ns3:atemp>22.0</ns3:atemp>
            <ns3:hr>111</ns3:hr>
            <ns3:cad>82</ns3:cad>
          </ns3:TrackPointExtension>
        </extensions>
      </trkpt>
      <trkpt lat="37.7644412778317928314208984375" lon="-122.40072003565728664398193359375">
        <ele>9.6000003814697265625</ele>
        <time>2026-04-09T01:50:42.000Z</time>
        <extensions>
          <ns3:TrackPointExtension>
            <ns3:atemp>22.0</ns3:atemp>
            <ns3:hr>112</ns3:hr>
            <ns3:cad>82</ns3:cad>
          </ns3:TrackPointExtension>
        </extensions>
      </trkpt>
      <trkpt lat="37.76441194117069244384765625" lon="-122.4007142521440982818603515625">
        <ele>9.6000003814697265625</ele>
        <time>2026-04-09T01:50:43.000Z</time>
        <extensions>
          <ns3:TrackPointExtension>
            <ns3:atemp>22.0</ns3:atemp>
            <ns3:hr>112</ns3:hr>
            <ns3:cad>81</ns3:cad>
          </ns3:TrackPointExtension>
        </extensions>
      </trkpt>
      <trkpt lat="37.764392159879207611083984375" lon="-122.4007092230021953582763671875">
        <ele>9.80000019073486328125</ele>
        <time>2026-04-09T01:50:44.000Z</time>
        <extensions>
          <ns3:TrackPointExtension>
            <ns3:atemp>22.0</ns3:atemp>
            <ns3:hr>113</ns3:hr>
            <ns3:cad>81</ns3:cad>
          </ns3:TrackPointExtension>
        </extensions>
      </trkpt>
      <trkpt lat="37.764366008341312408447265625" lon="-122.40070411004126071929931640625">
        <ele>9.80000019073486328125</ele>
        <time>2026-04-09T01:50:45.000Z</time>
        <extensions>
          <ns3:TrackPointExtension>
            <ns3:atemp>22.0</ns3:atemp>
            <ns3:hr>114</ns3:hr>
            <ns3:cad>81</ns3:cad>
          </ns3:TrackPointExtension>
        </extensions>
      </trkpt>
      <trkpt lat="37.7643430419266223907470703125" lon="-122.400695979595184326171875">
        <ele>10</ele>
        <time>2026-04-09T01:50:46.000Z</time>
        <extensions>
          <ns3:TrackPointExtension>
            <ns3:atemp>22.0</ns3:atemp>
            <ns3:hr>114</ns3:hr>
            <ns3:cad>81</ns3:cad>
          </ns3:TrackPointExtension>
        </extensions>
      </trkpt>
      <trkpt lat="37.76432233862578868865966796875" lon="-122.400700338184833526611328125">
        <ele>10</ele>
        <time>2026-04-09T01:50:47.000Z</time>
        <extensions>
          <ns3:TrackPointExtension>
            <ns3:atemp>22.0</ns3:atemp>
            <ns3:hr>115</ns3:hr>
            <ns3:cad>82</ns3:cad>
          </ns3:TrackPointExtension>
        </extensions>
      </trkpt>
      <trkpt lat="37.76429392397403717041015625" lon="-122.4006944708526134490966796875">
        <ele>10</ele>
        <time>2026-04-09T01:50:48.000Z</time>
        <extensions>
          <ns3:TrackPointExtension>
            <ns3:atemp>22.0</ns3:atemp>
            <ns3:hr>116</ns3:hr>
            <ns3:cad>82</ns3:cad>
          </ns3:TrackPointExtension>
        </extensions>
      </trkpt>
      <trkpt lat="37.76427389122545719146728515625" lon="-122.4006874300539493560791015625">
        <ele>10</ele>
        <time>2026-04-09T01:50:49.000Z</time>
        <extensions>
          <ns3:TrackPointExtension>
            <ns3:atemp>22.0</ns3:atemp>
            <ns3:hr>117</ns3:hr>
            <ns3:cad>81</ns3:cad>
          </ns3:TrackPointExtension>
        </extensions>
      </trkpt>
      <trkpt lat="37.76424908079206943511962890625" lon="-122.4006834067404270172119140625">
        <ele>10</ele>
        <time>2026-04-09T01:50:50.000Z</time>
        <extensions>
          <ns3:TrackPointExtension>
            <ns3:atemp>22.0</ns3:atemp>
            <ns3:hr>118</ns3:hr>
            <ns3:cad>81</ns3:cad>
          </ns3:TrackPointExtension>
        </extensions>
      </trkpt>
      <trkpt lat="37.764218151569366455078125" lon="-122.40067946724593639373779296875">
        <ele>10</ele>
        <time>2026-04-09T01:50:51.000Z</time>
        <extensions>
          <ns3:TrackPointExtension>
            <ns3:atemp>22.0</ns3:atemp>
            <ns3:hr>118</ns3:hr>
            <ns3:cad>81</ns3:cad>
          </ns3:TrackPointExtension>
        </extensions>
      </trkpt>
      <trkpt lat="37.7641978673636913299560546875" lon="-122.40067728795111179351806640625">
        <ele>10</ele>
        <time>2026-04-09T01:50:52.000Z</time>
        <extensions>
          <ns3:TrackPointExtension>
            <ns3:atemp>22.0</ns3:atemp>
            <ns3:hr>118</ns3:hr>
            <ns3:cad>81</ns3:cad>
          </ns3:TrackPointExtension>
        </extensions>
      </trkpt>
      <trkpt lat="37.76417330838739871978759765625" lon="-122.40067443810403347015380859375">
        <ele>10</ele>
        <time>2026-04-09T01:50:53.000Z</time>
        <extensions>
          <ns3:TrackPointExtension>
            <ns3:atemp>22.0</ns3:atemp>
            <ns3:hr>119</ns3:hr>
            <ns3:cad>81</ns3:cad>
          </ns3:TrackPointExtension>
        </extensions>
      </trkpt>
      <trkpt lat="37.76414430700242519378662109375" lon="-122.40066588856279850006103515625">
        <ele>10</ele>
        <time>2026-04-09T01:50:54.000Z</time>
        <extensions>
          <ns3:TrackPointExtension>
            <ns3:atemp>22.0</ns3:atemp>
            <ns3:hr>119</ns3:hr>
            <ns3:cad>81</ns3:cad>
          </ns3:TrackPointExtension>
        </extensions>
      </trkpt>
      <trkpt lat="37.76412318460643291473388671875" lon="-122.40065884776413440704345703125">
        <ele>10</ele>
        <time>2026-04-09T01:50:55.000Z</time>
        <extensions>
          <ns3:TrackPointExtension>
            <ns3:atemp>22.0</ns3:atemp>
            <ns3:hr>120</ns3:hr>
            <ns3:cad>81</ns3:cad>
          </ns3:TrackPointExtension>
        </extensions>
      </trkpt>
      <trkpt lat="37.76409736834466457366943359375" lon="-122.40065507590770721435546875">
        <ele>10</ele>
        <time>2026-04-09T01:50:56.000Z</time>
        <extensions>
          <ns3:TrackPointExtension>
            <ns3:atemp>22.0</ns3:atemp>
            <ns3:hr>121</ns3:hr>
            <ns3:cad>81</ns3:cad>
          </ns3:TrackPointExtension>
        </extensions>
      </trkpt>
      <trkpt lat="37.7640627510845661163330078125" lon="-122.40065013058483600616455078125">
        <ele>10</ele>
        <time>2026-04-09T01:50:57.000Z</time>
        <extensions>
          <ns3:TrackPointExtension>
            <ns3:atemp>22.0</ns3:atemp>
            <ns3:hr>121</ns3:hr>
            <ns3:cad>79</ns3:cad>
          </ns3:TrackPointExtension>
        </extensions>
      </trkpt>
      <trkpt lat="37.764041461050510406494140625" lon="-122.4006517231464385986328125">
        <ele>10</ele>
        <time>2026-04-09T01:50:58.000Z</time>
        <extensions>
          <ns3:TrackPointExtension>
            <ns3:atemp>22.0</ns3:atemp>
            <ns3:hr>122</ns3:hr>
            <ns3:cad>79</ns3:cad>
          </ns3:TrackPointExtension>
        </extensions>
      </trkpt>
      <trkpt lat="37.76401857845485210418701171875" lon="-122.40064728073775768280029296875">
        <ele>9.80000019073486328125</ele>
        <time>2026-04-09T01:50:59.000Z</time>
        <extensions>
          <ns3:TrackPointExtension>
            <ns3:atemp>22.0</ns3:atemp>
            <ns3:hr>122</ns3:hr>
            <ns3:cad>79</ns3:cad>
          </ns3:TrackPointExtension>
        </extensions>
      </trkpt>
      <trkpt lat="37.76399125345051288604736328125" lon="-122.400646023452281951904296875">
        <ele>9.6000003814697265625</ele>
        <time>2026-04-09T01:51:00.000Z</time>
        <extensions>
          <ns3:TrackPointExtension>
            <ns3:atemp>22.0</ns3:atemp>
            <ns3:hr>122</ns3:hr>
            <ns3:cad>80</ns3:cad>
          </ns3:TrackPointExtension>
        </extensions>
      </trkpt>
      <trkpt lat="37.763973064720630645751953125" lon="-122.4006488732993602752685546875">
        <ele>9.80000019073486328125</ele>
        <time>2026-04-09T01:51:01.000Z</time>
        <extensions>
          <ns3:TrackPointExtension>
            <ns3:atemp>22.0</ns3:atemp>
            <ns3:hr>122</ns3:hr>
            <ns3:cad>80</ns3:cad>
          </ns3:TrackPointExtension>
        </extensions>
      </trkpt>
      <trkpt lat="37.7639038302004337310791015625" lon="-122.40061308257281780242919921875">
        <ele>10</ele>
        <time>2026-04-09T01:52:10.000Z</time>
        <extensions>
          <ns3:TrackPointExtension>
            <ns3:atemp>21.0</ns3:atemp>
            <ns3:hr>102</ns3:hr>
            <ns3:cad>0</ns3:cad>
          </ns3:TrackPointExtension>
        </extensions>
      </trkpt>
      <trkpt lat="37.76388647966086864471435546875" lon="-122.40062163211405277252197265625">
        <ele>10</ele>
        <time>2026-04-09T01:52:11.000Z</time>
        <extensions>
          <ns3:TrackPointExtension>
            <ns3:atemp>21.0</ns3:atemp>
            <ns3:hr>102</ns3:hr>
            <ns3:cad>0</ns3:cad>
          </ns3:TrackPointExtension>
        </extensions>
      </trkpt>
      <trkpt lat="37.7638521976768970489501953125" lon="-122.400613836944103240966796875">
        <ele>9.80000019073486328125</ele>
        <time>2026-04-09T01:52:12.000Z</time>
        <extensions>
          <ns3:TrackPointExtension>
            <ns3:atemp>21.0</ns3:atemp>
            <ns3:hr>102</ns3:hr>
            <ns3:cad>0</ns3:cad>
          </ns3:TrackPointExtension>
        </extensions>
      </trkpt>
      <trkpt lat="37.76380400173366069793701171875" lon="-122.4006093107163906097412109375">
        <ele>9.6000003814697265625</ele>
        <time>2026-04-09T01:52:13.000Z</time>
        <extensions>
          <ns3:TrackPointExtension>
            <ns3:atemp>21.0</ns3:atemp>
            <ns3:hr>102</ns3:hr>
            <ns3:cad>0</ns3:cad>
          </ns3:TrackPointExtension>
        </extensions>
      </trkpt>
      <trkpt lat="37.7637650258839130401611328125" lon="-122.40060470066964626312255859375">
        <ele>9.6000003814697265625</ele>
        <time>2026-04-09T01:52:14.000Z</time>
        <extensions>
          <ns3:TrackPointExtension>
            <ns3:atemp>21.0</ns3:atemp>
            <ns3:hr>101</ns3:hr>
            <ns3:cad>0</ns3:cad>
          </ns3:TrackPointExtension>
        </extensions>
      </trkpt>
      <trkpt lat="37.76371414773166179656982421875" lon="-122.40060604177415370941162109375">
        <ele>9.3999996185302734375</ele>
        <time>2026-04-09T01:52:15.000Z</time>
        <extensions>
          <ns3:TrackPointExtension>
            <ns3:atemp>21.0</ns3:atemp>
            <ns3:hr>102</ns3:hr>
            <ns3:cad>0</ns3:cad>
          </ns3:TrackPointExtension>
        </extensions>
      </trkpt>
      <trkpt lat="37.76367374695837497711181640625" lon="-122.40060947835445404052734375">
        <ele>9.3999996185302734375</ele>
        <time>2026-04-09T01:52:16.000Z</time>
        <extensions>
          <ns3:TrackPointExtension>
            <ns3:atemp>21.0</ns3:atemp>
            <ns3:hr>104</ns3:hr>
            <ns3:cad>0</ns3:cad>
          </ns3:TrackPointExtension>
        </extensions>
      </trkpt>
      <trkpt lat="37.76362764649093151092529296875" lon="-122.400609813630580902099609375">
        <ele>9.80000019073486328125</ele>
        <time>2026-04-09T01:52:17.000Z</time>
        <extensions>
          <ns3:TrackPointExtension>
            <ns3:atemp>21.0</ns3:atemp>
            <ns3:hr>105</ns3:hr>
            <ns3:cad>0</ns3:cad>
          </ns3:TrackPointExtension>
        </extensions>
      </trkpt>
      <trkpt lat="37.76359193958342075347900390625" lon="-122.40060704760253429412841796875">
        <ele>10.19999980926513671875</ele>
        <time>2026-04-09T01:52:18.000Z</time>
        <extensions>
          <ns3:TrackPointExtension>
            <ns3:atemp>21.0</ns3:atemp>
            <ns3:hr>106</ns3:hr>
            <ns3:cad>92</ns3:cad>
          </ns3:TrackPointExtension>
        </extensions>
      </trkpt>
      <trkpt lat="37.76354030705988407135009765625" lon="-122.4006069637835025787353515625">
        <ele>10.6000003814697265625</ele>
        <time>2026-04-09T01:52:19.000Z</time>
        <extensions>
          <ns3:TrackPointExtension>
            <ns3:atemp>21.0</ns3:atemp>
            <ns3:hr>107</ns3:hr>
            <ns3:cad>93</ns3:cad>
          </ns3:TrackPointExtension>
        </extensions>
      </trkpt>
      <trkpt lat="37.7634961344301700592041015625" lon="-122.40060654468834400177001953125">
        <ele>10.6000003814697265625</ele>
        <time>2026-04-09T01:52:20.000Z</time>
        <extensions>
          <ns3:TrackPointExtension>
            <ns3:atemp>21.0</ns3:atemp>
            <ns3:hr>108</ns3:hr>
            <ns3:cad>93</ns3:cad>
          </ns3:TrackPointExtension>
        </extensions>
      </trkpt>
      <trkpt lat="37.76345045305788516998291015625" lon="-122.40060486830770969390869140625">
        <ele>10.3999996185302734375</ele>
        <time>2026-04-09T01:52:21.000Z</time>
        <extensions>
          <ns3:TrackPointExtension>
            <ns3:atemp>21.0</ns3:atemp>
            <ns3:hr>109</ns3:hr>
            <ns3:cad>93</ns3:cad>
          </ns3:TrackPointExtension>
        </extensions>
      </trkpt>
      <trkpt lat="37.763397060334682464599609375" lon="-122.4006049521267414093017578125">
        <ele>10.3999996185302734375</ele>
        <time>2026-04-09T01:52:22.000Z</time>
        <extensions>
          <ns3:TrackPointExtension>
            <ns3:atemp>21.0</ns3:atemp>
            <ns3:hr>110</ns3:hr>
            <ns3:cad>93</ns3:cad>
          </ns3:TrackPointExtension>
        </extensions>
      </trkpt>
      <trkpt lat="37.763349115848541259765625" lon="-122.40059849806129932403564453125">
        <ele>10.3999996185302734375</ele>
        <time>2026-04-09T01:52:23.000Z</time>
        <extensions>
          <ns3:TrackPointExtension>
            <ns3:atemp>21.0</ns3:atemp>
            <ns3:hr>111</ns3:hr>
            <ns3:cad>95</ns3:cad>
          </ns3:TrackPointExtension>
        </extensions>
      </trkpt>
      <trkpt lat="37.763300836086273193359375" lon="-122.400585003197193145751953125">
        <ele>10.3999996185302734375</ele>
        <time>2026-04-09T01:52:24.000Z</time>
        <extensions>
          <ns3:TrackPointExtension>
            <ns3:atemp>21.0</ns3:atemp>
            <ns3:hr>111</ns3:hr>
            <ns3:cad>95</ns3:cad>
          </ns3:TrackPointExtension>
        </extensions>
      </trkpt>
      <trkpt lat="37.763264290988445281982421875" lon="-122.40057234652340412139892578125">
        <ele>10.6000003814697265625</ele>
        <time>2026-04-09T01:52:25.000Z</time>
        <extensions>
          <ns3:TrackPointExtension>
            <ns3:atemp>21.0</ns3:atemp>
            <ns3:hr>112</ns3:hr>
            <ns3:cad>95</ns3:cad>
          </ns3:TrackPointExtension>
        </extensions>
      </trkpt>
      <trkpt lat="37.7632148377597332000732421875" lon="-122.40056698210537433624267578125">
        <ele>11.19999980926513671875</ele>
        <time>2026-04-09T01:52:26.000Z</time>
        <extensions>
          <ns3:TrackPointExtension>
            <ns3:atemp>21.0</ns3:atemp>
            <ns3:hr>113</ns3:hr>
            <ns3:cad>95</ns3:cad>
          </ns3:TrackPointExtension>
        </extensions>
      </trkpt>
      <trkpt lat="37.763176448643207550048828125" lon="-122.40056061185896396636962890625">
        <ele>11.6000003814697265625</ele>
        <time>2026-04-09T01:52:27.000Z</time>
        <extensions>
          <ns3:TrackPointExtension>
            <ns3:atemp>21.0</ns3:atemp>
            <ns3:hr>113</ns3:hr>
            <ns3:cad>96</ns3:cad>
          </ns3:TrackPointExtension>
        </extensions>
      </trkpt>
      <trkpt lat="37.76313294656574726104736328125" lon="-122.40054870955646038055419921875">
        <ele>11.6000003814697265625</ele>
        <time>2026-04-09T01:52:28.000Z</time>
        <extensions>
          <ns3:TrackPointExtension>
            <ns3:atemp>21.0</ns3:atemp>
            <ns3:hr>114</ns3:hr>
            <ns3:cad>96</ns3:cad>
          </ns3:TrackPointExtension>
        </extensions>
      </trkpt>
      <trkpt lat="37.76309304870665073394775390625" lon="-122.40054552443325519561767578125">
        <ele>12</ele>
        <time>2026-04-09T01:52:29.000Z</time>
        <extensions>
          <ns3:TrackPointExtension>
            <ns3:atemp>21.0</ns3:atemp>
            <ns3:hr>115</ns3:hr>
            <ns3:cad>96</ns3:cad>
          </ns3:TrackPointExtension>
        </extensions>
      </trkpt>
      <trkpt lat="37.763052396476268768310546875" lon="-122.40053764544427394866943359375">
        <ele>12.19999980926513671875</ele>
        <time>2026-04-09T01:52:30.000Z</time>
        <extensions>
          <ns3:TrackPointExtension>
            <ns3:atemp>21.0</ns3:atemp>
            <ns3:hr>115</ns3:hr>
            <ns3:cad>95</ns3:cad>
          </ns3:TrackPointExtension>
        </extensions>
      </trkpt>
      <trkpt lat="37.7630098164081573486328125" lon="-122.4005402438342571258544921875">
        <ele>12.6000003814697265625</ele>
        <time>2026-04-09T01:52:31.000Z</time>
        <extensions>
          <ns3:TrackPointExtension>
            <ns3:atemp>21.0</ns3:atemp>
            <ns3:hr>116</ns3:hr>
            <ns3:cad>95</ns3:cad>
          </ns3:TrackPointExtension>
        </extensions>
      </trkpt>
      <trkpt lat="37.76297159492969512939453125" lon="-122.40054368041455745697021484375">
        <ele>13</ele>
        <time>2026-04-09T01:52:32.000Z</time>
        <extensions>
          <ns3:TrackPointExtension>
            <ns3:atemp>21.0</ns3:atemp>
            <ns3:hr>116</ns3:hr>
            <ns3:cad>92</ns3:cad>
          </ns3:TrackPointExtension>
        </extensions>
      </trkpt>
      <trkpt lat="37.76292331516742706298828125" lon="-122.40054904483258724212646484375">
        <ele>13.19999980926513671875</ele>
        <time>2026-04-09T01:52:33.000Z</time>
        <extensions>
          <ns3:TrackPointExtension>
            <ns3:atemp>21.0</ns3:atemp>
            <ns3:hr>117</ns3:hr>
            <ns3:cad>92</ns3:cad>
          </ns3:TrackPointExtension>
        </extensions>
      </trkpt>
      <trkpt lat="37.76288802735507488250732421875" lon="-122.40055055357515811920166015625">
        <ele>13.80000019073486328125</ele>
        <time>2026-04-09T01:52:34.000Z</time>
        <extensions>
          <ns3:TrackPointExtension>
            <ns3:atemp>21.0</ns3:atemp>
            <ns3:hr>118</ns3:hr>
            <ns3:cad>94</ns3:cad>
          </ns3:TrackPointExtension>
        </extensions>
      </trkpt>
      <trkpt lat="37.76285064406692981719970703125" lon="-122.40055927075445652008056640625">
        <ele>14</ele>
        <time>2026-04-09T01:52:35.000Z</time>
        <extensions>
          <ns3:TrackPointExtension>
            <ns3:atemp>21.0</ns3:atemp>
            <ns3:hr>118</ns3:hr>
            <ns3:cad>94</ns3:cad>
          </ns3:TrackPointExtension>
        </extensions>
      </trkpt>
      <trkpt lat="37.76280404068529605865478515625" lon="-122.4005539901554584503173828125">
        <ele>14.3999996185302734375</ele>
        <time>2026-04-09T01:52:36.000Z</time>
        <extensions>
          <ns3:TrackPointExtension>
            <ns3:atemp>21.0</ns3:atemp>
            <ns3:hr>119</ns3:hr>
            <ns3:cad>94</ns3:cad>
          </ns3:TrackPointExtension>
        </extensions>
      </trkpt>
      <trkpt lat="37.762769423425197601318359375" lon="-122.40055189467966556549072265625">
        <ele>14.3999996185302734375</ele>
        <time>2026-04-09T01:52:37.000Z</time>
        <extensions>
          <ns3:TrackPointExtension>
            <ns3:atemp>21.0</ns3:atemp>
            <ns3:hr>120</ns3:hr>
            <ns3:cad>94</ns3:cad>
          </ns3:TrackPointExtension>
        </extensions>
      </trkpt>
      <trkpt lat="37.7627162821590900421142578125" lon="-122.40054242312908172607421875">
        <ele>14.6000003814697265625</ele>
        <time>2026-04-09T01:52:38.000Z</time>
        <extensions>
          <ns3:TrackPointExtension>
            <ns3:atemp>21.0</ns3:atemp>
            <ns3:hr>120</ns3:hr>
            <ns3:cad>94</ns3:cad>
          </ns3:TrackPointExtension>
        </extensions>
      </trkpt>
      <trkpt lat="37.7626938186585903167724609375" lon="-122.400541417300701141357421875">
        <ele>14.80000019073486328125</ele>
        <time>2026-04-09T01:52:39.000Z</time>
        <extensions>
          <ns3:TrackPointExtension>
            <ns3:atemp>21.0</ns3:atemp>
            <ns3:hr>122</ns3:hr>
            <ns3:cad>94</ns3:cad>
          </ns3:TrackPointExtension>
        </extensions>
      </trkpt>
      <trkpt lat="37.7626435272395610809326171875" lon="-122.400531359016895294189453125">
        <ele>15.19999980926513671875</ele>
        <time>2026-04-09T01:52:40.000Z</time>
        <extensions>
          <ns3:TrackPointExtension>
            <ns3:atemp>21.0</ns3:atemp>
            <ns3:hr>123</ns3:hr>
            <ns3:cad>94</ns3:cad>
          </ns3:TrackPointExtension>
        </extensions>
      </trkpt>
      <trkpt lat="37.76260606013238430023193359375" lon="-122.40053261630237102508544921875">
        <ele>15.6000003814697265625</ele>
        <time>2026-04-09T01:52:41.000Z</time>
        <extensions>
          <ns3:TrackPointExtension>
            <ns3:atemp>21.0</ns3:atemp>
            <ns3:hr>124</ns3:hr>
            <ns3:cad>94</ns3:cad>
          </ns3:TrackPointExtension>
        </extensions>
      </trkpt>
      <trkpt lat="37.76256968267261981964111328125" lon="-122.40053479559719562530517578125">
        <ele>16</ele>
        <time>2026-04-09T01:52:42.000Z</time>
        <extensions>
          <ns3:TrackPointExtension>
            <ns3:atemp>21.0</ns3:atemp>
            <ns3:hr>126</ns3:hr>
            <ns3:cad>94</ns3:cad>
          </ns3:TrackPointExtension>
        </extensions>
      </trkpt>
      <trkpt lat="37.76253573596477508544921875" lon="-122.40053311921656131744384765625">
        <ele>16.200000762939453125</ele>
        <time>2026-04-09T01:52:43.000Z</time>
        <extensions>
          <ns3:TrackPointExtension>
            <ns3:atemp>21.0</ns3:atemp>
            <ns3:hr>127</ns3:hr>
            <ns3:cad>94</ns3:cad>
          </ns3:TrackPointExtension>
        </extensions>
      </trkpt>
      <trkpt lat="37.76251159608364105224609375" lon="-122.400529347360134124755859375">
        <ele>16.3999996185302734375</ele>
        <time>2026-04-09T01:52:44.000Z</time>
        <extensions>
          <ns3:TrackPointExtension>
            <ns3:atemp>21.0</ns3:atemp>
            <ns3:hr>128</ns3:hr>
            <ns3:cad>94</ns3:cad>
          </ns3:TrackPointExtension>
        </extensions>
      </trkpt>
      <trkpt lat="37.7624822594225406646728515625" lon="-122.40051836706697940826416015625">
        <ele>16.3999996185302734375</ele>
        <time>2026-04-09T01:52:45.000Z</time>
        <extensions>
          <ns3:TrackPointExtension>
            <ns3:atemp>21.0</ns3:atemp>
            <ns3:hr>130</ns3:hr>
            <ns3:cad>94</ns3:cad>
          </ns3:TrackPointExtension>
        </extensions>
      </trkpt>
      <trkpt lat="37.76246289722621440887451171875" lon="-122.40049950778484344482421875">
        <ele>16.6000003814697265625</ele>
        <time>2026-04-09T01:52:46.000Z</time>
        <extensions>
          <ns3:TrackPointExtension>
            <ns3:atemp>21.0</ns3:atemp>
            <ns3:hr>131</ns3:hr>
            <ns3:cad>80</ns3:cad>
          </ns3:TrackPointExtension>
        </extensions>
      </trkpt>
      <trkpt lat="37.76245183311402797698974609375" lon="-122.4004829116165637969970703125">
        <ele>16.6000003814697265625</ele>
        <time>2026-04-09T01:52:47.000Z</time>
        <extensions>
          <ns3:TrackPointExtension>
            <ns3:atemp>21.0</ns3:atemp>
            <ns3:hr>133</ns3:hr>
            <ns3:cad>80</ns3:cad>
          </ns3:TrackPointExtension>
        </extensions>
      </trkpt>
      <trkpt lat="37.76243356056511402130126953125" lon="-122.4004560895264148712158203125">
        <ele>16.799999237060546875</ele>
        <time>2026-04-09T01:52:48.000Z</time>
        <extensions>
          <ns3:TrackPointExtension>
            <ns3:atemp>21.0</ns3:atemp>
            <ns3:hr>134</ns3:hr>
            <ns3:cad>80</ns3:cad>
          </ns3:TrackPointExtension>
        </extensions>
      </trkpt>
      <trkpt lat="37.76242970488965511322021484375" lon="-122.40043085999786853790283203125">
        <ele>16.799999237060546875</ele>
        <time>2026-04-09T01:52:49.000Z</time>
        <extensions>
          <ns3:TrackPointExtension>
            <ns3:atemp>21.0</ns3:atemp>
            <ns3:hr>136</ns3:hr>
            <ns3:cad>79</ns3:cad>
          </ns3:TrackPointExtension>
        </extensions>
      </trkpt>
      <trkpt lat="37.762418054044246673583984375" lon="-122.40040965378284454345703125">
        <ele>17</ele>
        <time>2026-04-09T01:52:50.000Z</time>
        <extensions>
          <ns3:TrackPointExtension>
            <ns3:atemp>21.0</ns3:atemp>
            <ns3:hr>137</ns3:hr>
            <ns3:cad>79</ns3:cad>
          </ns3:TrackPointExtension>
        </extensions>
      </trkpt>
      <trkpt lat="37.76240640319883823394775390625" lon="-122.40037612617015838623046875">
        <ele>17</ele>
        <time>2026-04-09T01:52:51.000Z</time>
        <extensions>
          <ns3:TrackPointExtension>
            <ns3:atemp>21.0</ns3:atemp>
            <ns3:hr>139</ns3:hr>
            <ns3:cad>79</ns3:cad>
          </ns3:TrackPointExtension>
        </extensions>
      </trkpt>
      <trkpt lat="37.7623977698385715484619140625" lon="-122.40035257302224636077880859375">
        <ele>17</ele>
        <time>2026-04-09T01:52:52.000Z</time>
        <extensions>
          <ns3:TrackPointExtension>
            <ns3:atemp>21.0</ns3:atemp>
            <ns3:hr>139</ns3:hr>
            <ns3:cad>80</ns3:cad>
          </ns3:TrackPointExtension>
        </extensions>
      </trkpt>
      <trkpt lat="37.76238326914608478546142578125" lon="-122.40033161826431751251220703125">
        <ele>16.799999237060546875</ele>
        <time>2026-04-09T01:52:53.000Z</time>
        <extensions>
          <ns3:TrackPointExtension>
            <ns3:atemp>21.0</ns3:atemp>
            <ns3:hr>140</ns3:hr>
            <ns3:cad>80</ns3:cad>
          </ns3:TrackPointExtension>
        </extensions>
      </trkpt>
      <trkpt lat="37.7623716183006763458251953125" lon="-122.40029641427099704742431640625">
        <ele>16.799999237060546875</ele>
        <time>2026-04-09T01:52:54.000Z</time>
        <extensions>
          <ns3:TrackPointExtension>
            <ns3:atemp>21.0</ns3:atemp>
            <ns3:hr>142</ns3:hr>
            <ns3:cad>80</ns3:cad>
          </ns3:TrackPointExtension>
        </extensions>
      </trkpt>
      <trkpt lat="37.76236809790134429931640625" lon="-122.40026540122926235198974609375">
        <ele>16.6000003814697265625</ele>
        <time>2026-04-09T01:52:55.000Z</time>
        <extensions>
          <ns3:TrackPointExtension>
            <ns3:atemp>21.0</ns3:atemp>
            <ns3:hr>143</ns3:hr>
            <ns3:cad>81</ns3:cad>
          </ns3:TrackPointExtension>
        </extensions>
      </trkpt>
      <trkpt lat="37.7623593807220458984375" lon="-122.40023665130138397216796875">
        <ele>16.6000003814697265625</ele>
        <time>2026-04-09T01:52:56.000Z</time>
        <extensions>
          <ns3:TrackPointExtension>
            <ns3:atemp>21.0</ns3:atemp>
            <ns3:hr>145</ns3:hr>
            <ns3:cad>81</ns3:cad>
          </ns3:TrackPointExtension>
        </extensions>
      </trkpt>
      <trkpt lat="37.76235611177980899810791015625" lon="-122.400195412337779998779296875">
        <ele>16.3999996185302734375</ele>
        <time>2026-04-09T01:52:57.000Z</time>
        <extensions>
          <ns3:TrackPointExtension>
            <ns3:atemp>21.0</ns3:atemp>
            <ns3:hr>146</ns3:hr>
            <ns3:cad>81</ns3:cad>
          </ns3:TrackPointExtension>
        </extensions>
      </trkpt>
      <trkpt lat="37.76235393248498439788818359375" lon="-122.4001654051244258880615234375">
        <ele>16.3999996185302734375</ele>
        <time>2026-04-09T01:52:58.000Z</time>
        <extensions>
          <ns3:TrackPointExtension>
            <ns3:atemp>21.0</ns3:atemp>
            <ns3:hr>147</ns3:hr>
            <ns3:cad>81</ns3:cad>
          </ns3:TrackPointExtension>
        </extensions>
      </trkpt>
      <trkpt lat="37.76234873570501804351806640625" lon="-122.4001312069594860076904296875">
        <ele>16.200000762939453125</ele>
        <time>2026-04-09T01:52:59.000Z</time>
        <extensions>
          <ns3:TrackPointExtension>
            <ns3:atemp>21.0</ns3:atemp>
            <ns3:hr>148</ns3:hr>
            <ns3:cad>79</ns3:cad>
          </ns3:TrackPointExtension>
        </extensions>
      </trkpt>
      <trkpt lat="37.76234856806695461273193359375" lon="-122.40009089000523090362548828125">
        <ele>16</ele>
        <time>2026-04-09T01:53:00.000Z</time>
        <extensions>
          <ns3:TrackPointExtension>
            <ns3:atemp>21.0</ns3:atemp>
            <ns3:hr>149</ns3:hr>
            <ns3:cad>79</ns3:cad>
          </ns3:TrackPointExtension>
        </extensions>
      </trkpt>
      <trkpt lat="37.762348987162113189697265625" lon="-122.40006071515381336212158203125">
        <ele>15.80000019073486328125</ele>
        <time>2026-04-09T01:53:01.000Z</time>
        <extensions>
          <ns3:TrackPointExtension>
            <ns3:atemp>21.0</ns3:atemp>
            <ns3:hr>149</ns3:hr>
            <ns3:cad>79</ns3:cad>
          </ns3:TrackPointExtension>
        </extensions>
      </trkpt>
      <trkpt lat="37.76235024444758892059326171875" lon="-122.40003104321658611297607421875">
        <ele>15.6000003814697265625</ele>
        <time>2026-04-09T01:53:02.000Z</time>
        <extensions>
          <ns3:TrackPointExtension>
            <ns3:atemp>21.0</ns3:atemp>
            <ns3:hr>149</ns3:hr>
            <ns3:cad>79</ns3:cad>
          </ns3:TrackPointExtension>
        </extensions>
      </trkpt>
      <trkpt lat="37.76235477067530155181884765625" lon="-122.3999924026429653167724609375">
        <ele>15.3999996185302734375</ele>
        <time>2026-04-09T01:53:03.000Z</time>
        <extensions>
          <ns3:TrackPointExtension>
            <ns3:atemp>21.0</ns3:atemp>
            <ns3:hr>149</ns3:hr>
            <ns3:cad>79</ns3:cad>
          </ns3:TrackPointExtension>
        </extensions>
      </trkpt>
      <trkpt lat="37.76236298494040966033935546875" lon="-122.39996164105832576751708984375">
        <ele>15.19999980926513671875</ele>
        <time>2026-04-09T01:53:04.000Z</time>
        <extensions>
          <ns3:TrackPointExtension>
            <ns3:atemp>21.0</ns3:atemp>
            <ns3:hr>149</ns3:hr>
            <ns3:cad>80</ns3:cad>
          </ns3:TrackPointExtension>
        </extensions>
      </trkpt>
      <trkpt lat="37.76236407458782196044921875" lon="-122.39993230439722537994384765625">
        <ele>15</ele>
        <time>2026-04-09T01:53:05.000Z</time>
        <extensions>
          <ns3:TrackPointExtension>
            <ns3:atemp>21.0</ns3:atemp>
            <ns3:hr>149</ns3:hr>
            <ns3:cad>80</ns3:cad>
          </ns3:TrackPointExtension>
        </extensions>
      </trkpt>
      <trkpt lat="37.76237052865326404571533203125" lon="-122.39988972432911396026611328125">
        <ele>14.80000019073486328125</ele>
        <time>2026-04-09T01:53:06.000Z</time>
        <extensions>
          <ns3:TrackPointExtension>
            <ns3:atemp>21.0</ns3:atemp>
            <ns3:hr>148</ns3:hr>
            <ns3:cad>79</ns3:cad>
          </ns3:TrackPointExtension>
        </extensions>
      </trkpt>
      <trkpt lat="37.76237153448164463043212890625" lon="-122.3998643271625041961669921875">
        <ele>14.6000003814697265625</ele>
        <time>2026-04-09T01:53:07.000Z</time>
        <extensions>
          <ns3:TrackPointExtension>
            <ns3:atemp>21.0</ns3:atemp>
            <ns3:hr>148</ns3:hr>
            <ns3:cad>79</ns3:cad>
          </ns3:TrackPointExtension>
        </extensions>
      </trkpt>
      <trkpt lat="37.76237019337713718414306640625" lon="-122.39983566105365753173828125">
        <ele>14.6000003814697265625</ele>
        <time>2026-04-09T01:53:08.000Z</time>
        <extensions>
          <ns3:TrackPointExtension>
            <ns3:atemp>21.0</ns3:atemp>
            <ns3:hr>148</ns3:hr>
            <ns3:cad>79</ns3:cad>
          </ns3:TrackPointExtension>
        </extensions>
      </trkpt>
      <trkpt lat="37.7623675949871540069580078125" lon="-122.39979970268905162811279296875">
        <ele>14.3999996185302734375</ele>
        <time>2026-04-09T01:53:09.000Z</time>
        <extensions>
          <ns3:TrackPointExtension>
            <ns3:atemp>21.0</ns3:atemp>
            <ns3:hr>147</ns3:hr>
            <ns3:cad>80</ns3:cad>
          </ns3:TrackPointExtension>
        </extensions>
      </trkpt>
      <trkpt lat="37.7623749710619449615478515625" lon="-122.3997773230075836181640625">
        <ele>14.19999980926513671875</ele>
        <time>2026-04-09T01:53:10.000Z</time>
        <extensions>
          <ns3:TrackPointExtension>
            <ns3:atemp>21.0</ns3:atemp>
            <ns3:hr>147</ns3:hr>
            <ns3:cad>80</ns3:cad>
          </ns3:TrackPointExtension>
        </extensions>
      </trkpt>
      <trkpt lat="37.76237689889967441558837890625" lon="-122.3997370898723602294921875">
        <ele>14</ele>
        <time>2026-04-09T01:53:11.000Z</time>
        <extensions>
          <ns3:TrackPointExtension>
            <ns3:atemp>21.0</ns3:atemp>
            <ns3:hr>147</ns3:hr>
            <ns3:cad>79</ns3:cad>
          </ns3:TrackPointExtension>
        </extensions>
      </trkpt>
      <trkpt lat="37.7623763121664524078369140625" lon="-122.3996906541287899017333984375">
        <ele>13.80000019073486328125</ele>
        <time>2026-04-09T01:53:12.000Z</time>
        <extensions>
          <ns3:TrackPointExtension>
            <ns3:atemp>21.0</ns3:atemp>
            <ns3:hr>146</ns3:hr>
            <ns3:cad>79</ns3:cad>
          </ns3:TrackPointExtension>
        </extensions>
      </trkpt>
      <trkpt lat="37.76238393969833850860595703125" lon="-122.39964312873780727386474609375">
        <ele>13.19999980926513671875</ele>
        <time>2026-04-09T01:53:13.000Z</time>
        <extensions>
          <ns3:TrackPointExtension>
            <ns3:atemp>21.0</ns3:atemp>
            <ns3:hr>146</ns3:hr>
            <ns3:cad>79</ns3:cad>
          </ns3:TrackPointExtension>
        </extensions>
      </trkpt>
      <trkpt lat="37.762389220297336578369140625" lon="-122.39959199912846088409423828125">
        <ele>12.6000003814697265625</ele>
        <time>2026-04-09T01:53:14.000Z</time>
        <extensions>
          <ns3:TrackPointExtension>
            <ns3:atemp>21.0</ns3:atemp>
            <ns3:hr>146</ns3:hr>
            <ns3:cad>80</ns3:cad>
          </ns3:TrackPointExtension>
        </extensions>
      </trkpt>
      <trkpt lat="37.76239416562020778656005859375" lon="-122.3995367623865604400634765625">
        <ele>12.19999980926513671875</ele>
        <time>2026-04-09T01:53:15.000Z</time>
        <extensions>
          <ns3:TrackPointExtension>
            <ns3:atemp>21.0</ns3:atemp>
            <ns3:hr>145</ns3:hr>
            <ns3:cad>82</ns3:cad>
          </ns3:TrackPointExtension>
        </extensions>
      </trkpt>
      <trkpt lat="37.7623907290399074554443359375" lon="-122.3994888179004192352294921875">
        <ele>11.80000019073486328125</ele>
        <time>2026-04-09T01:53:16.000Z</time>
        <extensions>
          <ns3:TrackPointExtension>
            <ns3:atemp>21.0</ns3:atemp>
            <ns3:hr>145</ns3:hr>
            <ns3:cad>82</ns3:cad>
          </ns3:TrackPointExtension>
        </extensions>
      </trkpt>
      <trkpt lat="37.7623877115547657012939453125" lon="-122.39943743683397769927978515625">
        <ele>11.3999996185302734375</ele>
        <time>2026-04-09T01:53:17.000Z</time>
        <extensions>
          <ns3:TrackPointExtension>
            <ns3:atemp>21.0</ns3:atemp>
            <ns3:hr>145</ns3:hr>
            <ns3:cad>82</ns3:cad>
          </ns3:TrackPointExtension>
        </extensions>
      </trkpt>
      <trkpt lat="37.76238209567964076995849609375" lon="-122.39939217455685138702392578125">
        <ele>11.19999980926513671875</ele>
        <time>2026-04-09T01:53:18.000Z</time>
        <extensions>
          <ns3:TrackPointExtension>
            <ns3:atemp>21.0</ns3:atemp>
            <ns3:hr>145</ns3:hr>
            <ns3:cad>86</ns3:cad>
          </ns3:TrackPointExtension>
        </extensions>
      </trkpt>
      <trkpt lat="37.7623860351741313934326171875" lon="-122.39933584816753864288330078125">
        <ele>11.19999980926513671875</ele>
        <time>2026-04-09T01:53:19.000Z</time>
        <extensions>
          <ns3:TrackPointExtension>
            <ns3:atemp>21.0</ns3:atemp>
            <ns3:hr>146</ns3:hr>
            <ns3:cad>87</ns3:cad>
          </ns3:TrackPointExtension>
        </extensions>
      </trkpt>
      <trkpt lat="37.76238628663122653961181640625" lon="-122.399295531213283538818359375">
        <ele>11.3999996185302734375</ele>
        <time>2026-04-09T01:53:20.000Z</time>
        <extensions>
          <ns3:TrackPointExtension>
            <ns3:atemp>21.0</ns3:atemp>
            <ns3:hr>145</ns3:hr>
            <ns3:cad>87</ns3:cad>
          </ns3:TrackPointExtension>
        </extensions>
      </trkpt>
      <trkpt lat="37.76239198632538318634033203125" lon="-122.39924029447138309478759765625">
        <ele>11.3999996185302734375</ele>
        <time>2026-04-09T01:53:21.000Z</time>
        <extensions>
          <ns3:TrackPointExtension>
            <ns3:atemp>21.0</ns3:atemp>
            <ns3:hr>145</ns3:hr>
            <ns3:cad>87</ns3:cad>
          </ns3:TrackPointExtension>
        </extensions>
      </trkpt>
      <trkpt lat="37.76239223778247833251953125" lon="-122.39920374937355518341064453125">
        <ele>11.6000003814697265625</ele>
        <time>2026-04-09T01:53:22.000Z</time>
        <extensions>
          <ns3:TrackPointExtension>
            <ns3:atemp>20.0</ns3:atemp>
            <ns3:hr>145</ns3:hr>
            <ns3:cad>88</ns3:cad>
          </ns3:TrackPointExtension>
        </extensions>
      </trkpt>
      <trkpt lat="37.762395925819873809814453125" lon="-122.39916033111512660980224609375">
        <ele>11.80000019073486328125</ele>
        <time>2026-04-09T01:53:23.000Z</time>
        <extensions>
          <ns3:TrackPointExtension>
            <ns3:atemp>21.0</ns3:atemp>
            <ns3:hr>145</ns3:hr>
            <ns3:cad>88</ns3:cad>
          </ns3:TrackPointExtension>
        </extensions>
      </trkpt>
      <trkpt lat="37.762398608028888702392578125" lon="-122.39911691285669803619384765625">
        <ele>12.3999996185302734375</ele>
        <time>2026-04-09T01:53:24.000Z</time>
        <extensions>
          <ns3:TrackPointExtension>
            <ns3:atemp>21.0</ns3:atemp>
            <ns3:hr>145</ns3:hr>
            <ns3:cad>88</ns3:cad>
          </ns3:TrackPointExtension>
        </extensions>
      </trkpt>
      <trkpt lat="37.76239969767630100250244140625" lon="-122.39908330142498016357421875">
        <ele>13</ele>
        <time>2026-04-09T01:53:25.000Z</time>
        <extensions>
          <ns3:TrackPointExtension>
            <ns3:atemp>20.0</ns3:atemp>
            <ns3:hr>146</ns3:hr>
            <ns3:cad>90</ns3:cad>
          </ns3:TrackPointExtension>
        </extensions>
      </trkpt>
      <trkpt lat="37.76240154169499874114990234375" lon="-122.39905421622097492218017578125">
        <ele>13.3999996185302734375</ele>
        <time>2026-04-09T01:53:26.000Z</time>
        <extensions>
          <ns3:TrackPointExtension>
            <ns3:atemp>20.0</ns3:atemp>
            <ns3:hr>145</ns3:hr>
            <ns3:cad>90</ns3:cad>
          </ns3:TrackPointExtension>
        </extensions>
      </trkpt>
      <trkpt lat="37.762402631342411041259765625" lon="-122.39902052097022533416748046875">
        <ele>14.19999980926513671875</ele>
        <time>2026-04-09T01:53:27.000Z</time>
        <extensions>
          <ns3:TrackPointExtension>
            <ns3:atemp>20.0</ns3:atemp>
            <ns3:hr>145</ns3:hr>
            <ns3:cad>90</ns3:cad>
          </ns3:TrackPointExtension>
        </extensions>
      </trkpt>
      <trkpt lat="37.762400619685649871826171875" lon="-122.39898447878658771514892578125">
        <ele>14.3999996185302734375</ele>
        <time>2026-04-09T01:53:28.000Z</time>
        <extensions>
          <ns3:TrackPointExtension>
            <ns3:atemp>20.0</ns3:atemp>
            <ns3:hr>146</ns3:hr>
            <ns3:cad>90</ns3:cad>
          </ns3:TrackPointExtension>
        </extensions>
      </trkpt>
      <trkpt lat="37.762401290237903594970703125" lon="-122.39894692786037921905517578125">
        <ele>15</ele>
        <time>2026-04-09T01:53:29.000Z</time>
        <extensions>
          <ns3:TrackPointExtension>
            <ns3:atemp>20.0</ns3:atemp>
            <ns3:hr>145</ns3:hr>
            <ns3:cad>90</ns3:cad>
          </ns3:TrackPointExtension>
        </extensions>
      </trkpt>
      <trkpt lat="37.76240296661853790283203125" lon="-122.39891021512448787689208984375">
        <ele>15.6000003814697265625</ele>
        <time>2026-04-09T01:53:30.000Z</time>
        <extensions>
          <ns3:TrackPointExtension>
            <ns3:atemp>20.0</ns3:atemp>
            <ns3:hr>145</ns3:hr>
            <ns3:cad>90</ns3:cad>
          </ns3:TrackPointExtension>
        </extensions>
      </trkpt>
      <trkpt lat="37.762404642999172210693359375" lon="-122.39886562339961528778076171875">
        <ele>16</ele>
        <time>2026-04-09T01:53:31.000Z</time>
        <extensions>
          <ns3:TrackPointExtension>
            <ns3:atemp>20.0</ns3:atemp>
            <ns3:hr>146</ns3:hr>
            <ns3:cad>90</ns3:cad>
          </ns3:TrackPointExtension>
        </extensions>
      </trkpt>
      <trkpt lat="37.762410677969455718994140625" lon="-122.398847602307796478271484375">
        <ele>16.6000003814697265625</ele>
        <time>2026-04-09T01:53:32.000Z</time>
        <extensions>
          <ns3:TrackPointExtension>
            <ns3:atemp>20.0</ns3:atemp>
            <ns3:hr>146</ns3:hr>
            <ns3:cad>90</ns3:cad>
          </ns3:TrackPointExtension>
        </extensions>
      </trkpt>
      <trkpt lat="37.7624081633985042572021484375" lon="-122.39880309440195560455322265625">
        <ele>17</ele>
        <time>2026-04-09T01:53:33.000Z</time>
        <extensions>
          <ns3:TrackPointExtension>
            <ns3:atemp>20.0</ns3:atemp>
            <ns3:hr>146</ns3:hr>
            <ns3:cad>90</ns3:cad>
          </ns3:TrackPointExtension>
        </extensions>
      </trkpt>
      <trkpt lat="37.7623991109430789947509765625" lon="-122.39878649823367595672607421875">
        <ele>17.6000003814697265625</ele>
        <time>2026-04-09T01:53:34.000Z</time>
        <extensions>
          <ns3:TrackPointExtension>
            <ns3:atemp>20.0</ns3:atemp>
            <ns3:hr>147</ns3:hr>
            <ns3:cad>90</ns3:cad>
          </ns3:TrackPointExtension>
        </extensions>
      </trkpt>
      <trkpt lat="37.76239885948598384857177734375" lon="-122.39875028841197490692138671875">
        <ele>18.200000762939453125</ele>
        <time>2026-04-09T01:53:35.000Z</time>
        <extensions>
          <ns3:TrackPointExtension>
            <ns3:atemp>20.0</ns3:atemp>
            <ns3:hr>148</ns3:hr>
            <ns3:cad>90</ns3:cad>
          </ns3:TrackPointExtension>
        </extensions>
      </trkpt>
      <trkpt lat="37.76239718310534954071044921875" lon="-122.3987287469208240509033203125">
        <ele>18.799999237060546875</ele>
        <time>2026-04-09T01:53:36.000Z</time>
        <extensions>
          <ns3:TrackPointExtension>
            <ns3:atemp>20.0</ns3:atemp>
            <ns3:hr>149</ns3:hr>
            <ns3:cad>90</ns3:cad>
          </ns3:TrackPointExtension>
        </extensions>
      </trkpt>
      <trkpt lat="37.76239902712404727935791015625" lon="-122.39869496785104274749755859375">
        <ele>19.3999996185302734375</ele>
        <time>2026-04-09T01:53:37.000Z</time>
        <extensions>
          <ns3:TrackPointExtension>
            <ns3:atemp>20.0</ns3:atemp>
            <ns3:hr>150</ns3:hr>
            <ns3:cad>90</ns3:cad>
          </ns3:TrackPointExtension>
        </extensions>
      </trkpt>
      <trkpt lat="37.76240296661853790283203125" lon="-122.3986647091805934906005859375">
        <ele>19.799999237060546875</ele>
        <time>2026-04-09T01:53:38.000Z</time>
        <extensions>
          <ns3:TrackPointExtension>
            <ns3:atemp>20.0</ns3:atemp>
            <ns3:hr>151</ns3:hr>
            <ns3:cad>90</ns3:cad>
          </ns3:TrackPointExtension>
        </extensions>
      </trkpt>
      <trkpt lat="37.76240003295242786407470703125" lon="-122.39863160066306591033935546875">
        <ele>20.3999996185302734375</ele>
        <time>2026-04-09T01:53:39.000Z</time>
        <extensions>
          <ns3:TrackPointExtension>
            <ns3:atemp>20.0</ns3:atemp>
            <ns3:hr>152</ns3:hr>
            <ns3:cad>88</ns3:cad>
          </ns3:TrackPointExtension>
        </extensions>
      </trkpt>
      <trkpt lat="37.76240623556077480316162109375" lon="-122.3985869251191616058349609375">
        <ele>21</ele>
        <time>2026-04-09T01:53:40.000Z</time>
        <extensions>
          <ns3:TrackPointExtension>
            <ns3:atemp>20.0</ns3:atemp>
            <ns3:hr>152</ns3:hr>
            <ns3:cad>88</ns3:cad>
          </ns3:TrackPointExtension>
        </extensions>
      </trkpt>
      <trkpt lat="37.7624116837978363037109375" lon="-122.39855825901031494140625">
        <ele>21.6000003814697265625</ele>
        <time>2026-04-09T01:53:41.000Z</time>
        <extensions>
          <ns3:TrackPointExtension>
            <ns3:atemp>20.0</ns3:atemp>
            <ns3:hr>153</ns3:hr>
            <ns3:cad>88</ns3:cad>
          </ns3:TrackPointExtension>
        </extensions>
      </trkpt>
      <trkpt lat="37.76240489445626735687255859375" lon="-122.39851911552250385284423828125">
        <ele>22</ele>
        <time>2026-04-09T01:53:42.000Z</time>
        <extensions>
          <ns3:TrackPointExtension>
            <ns3:atemp>20.0</ns3:atemp>
            <ns3:hr>154</ns3:hr>
            <ns3:cad>88</ns3:cad>
          </ns3:TrackPointExtension>
        </extensions>
      </trkpt>
      <trkpt lat="37.7624385058879852294921875" lon="-122.3985054530203342437744140625">
        <ele>22</ele>
        <time>2026-04-09T01:53:43.000Z</time>
        <extensions>
          <ns3:TrackPointExtension>
            <ns3:atemp>20.0</ns3:atemp>
            <ns3:hr>155</ns3:hr>
            <ns3:cad>88</ns3:cad>
          </ns3:TrackPointExtension>
        </extensions>
      </trkpt>
      <trkpt lat="37.762463986873626708984375" lon="-122.39849749021232128143310546875">
        <ele>22.200000762939453125</ele>
        <time>2026-04-09T01:53:44.000Z</time>
        <extensions>
          <ns3:TrackPointExtension>
            <ns3:atemp>20.0</ns3:atemp>
            <ns3:hr>156</ns3:hr>
            <ns3:cad>83</ns3:cad>
          </ns3:TrackPointExtension>
        </extensions>
      </trkpt>
      <trkpt lat="37.76250296272337436676025390625" lon="-122.39848692901432514190673828125">
        <ele>22.3999996185302734375</ele>
        <time>2026-04-09T01:53:45.000Z</time>
        <extensions>
          <ns3:TrackPointExtension>
            <ns3:atemp>20.0</ns3:atemp>
            <ns3:hr>156</ns3:hr>
            <ns3:cad>81</ns3:cad>
          </ns3:TrackPointExtension>
        </extensions>
      </trkpt>
      <trkpt lat="37.76252676732838153839111328125" lon="-122.3984866775572299957275390625">
        <ele>22.3999996185302734375</ele>
        <time>2026-04-09T01:53:46.000Z</time>
        <extensions>
          <ns3:TrackPointExtension>
            <ns3:atemp>20.0</ns3:atemp>
            <ns3:hr>156</ns3:hr>
            <ns3:cad>80</ns3:cad>
          </ns3:TrackPointExtension>
        </extensions>
      </trkpt>
      <trkpt lat="37.76254151947796344757080078125" lon="-122.398482151329517364501953125">
        <ele>22.3999996185302734375</ele>
        <time>2026-04-09T01:53:47.000Z</time>
        <extensions>
          <ns3:TrackPointExtension>
            <ns3:atemp>20.0</ns3:atemp>
            <ns3:hr>157</ns3:hr>
            <ns3:cad>80</ns3:cad>
          </ns3:TrackPointExtension>
        </extensions>
      </trkpt>
      <trkpt lat="37.76256415061652660369873046875" lon="-122.39847267977893352508544921875">
        <ele>22.200000762939453125</ele>
        <time>2026-04-09T01:53:48.000Z</time>
        <extensions>
          <ns3:TrackPointExtension>
            <ns3:atemp>20.0</ns3:atemp>
            <ns3:hr>157</ns3:hr>
            <ns3:cad>80</ns3:cad>
          </ns3:TrackPointExtension>
        </extensions>
      </trkpt>
      <trkpt lat="37.76259164325892925262451171875" lon="-122.39847787655889987945556640625">
        <ele>22.200000762939453125</ele>
        <time>2026-04-09T01:53:49.000Z</time>
        <extensions>
          <ns3:TrackPointExtension>
            <ns3:atemp>20.0</ns3:atemp>
            <ns3:hr>157</ns3:hr>
            <ns3:cad>80</ns3:cad>
          </ns3:TrackPointExtension>
        </extensions>
      </trkpt>
      <trkpt lat="37.76261025108397006988525390625" lon="-122.398469410836696624755859375">
        <ele>22</ele>
        <time>2026-04-09T01:53:50.000Z</time>
        <extensions>
          <ns3:TrackPointExtension>
            <ns3:atemp>20.0</ns3:atemp>
            <ns3:hr>158</ns3:hr>
            <ns3:cad>79</ns3:cad>
          </ns3:TrackPointExtension>
        </extensions>
      </trkpt>
      <trkpt lat="37.76263003237545490264892578125" lon="-122.398468069732189178466796875">
        <ele>21.799999237060546875</ele>
        <time>2026-04-09T01:53:51.000Z</time>
        <extensions>
          <ns3:TrackPointExtension>
            <ns3:atemp>20.0</ns3:atemp>
            <ns3:hr>158</ns3:hr>
            <ns3:cad>78</ns3:cad>
          </ns3:TrackPointExtension>
        </extensions>
      </trkpt>
      <trkpt lat="37.76264813728630542755126953125" lon="-122.39847033284604549407958984375">
        <ele>21.6000003814697265625</ele>
        <time>2026-04-09T01:53:52.000Z</time>
        <extensions>
          <ns3:TrackPointExtension>
            <ns3:atemp>20.0</ns3:atemp>
            <ns3:hr>158</ns3:hr>
            <ns3:cad>78</ns3:cad>
          </ns3:TrackPointExtension>
        </extensions>
      </trkpt>
      <trkpt lat="37.762670181691646575927734375" lon="-122.3984826542437076568603515625">
        <ele>21.3999996185302734375</ele>
        <time>2026-04-09T01:53:53.000Z</time>
        <extensions>
          <ns3:TrackPointExtension>
            <ns3:atemp>20.0</ns3:atemp>
            <ns3:hr>159</ns3:hr>
            <ns3:cad>77</ns3:cad>
          </ns3:TrackPointExtension>
        </extensions>
      </trkpt>
      <trkpt lat="37.76268803514540195465087890625" lon="-122.39848759956657886505126953125">
        <ele>21.200000762939453125</ele>
        <time>2026-04-09T01:53:54.000Z</time>
        <extensions>
          <ns3:TrackPointExtension>
            <ns3:atemp>20.0</ns3:atemp>
            <ns3:hr>159</ns3:hr>
            <ns3:cad>76</ns3:cad>
          </ns3:TrackPointExtension>
        </extensions>
      </trkpt>
      <trkpt lat="37.762704379856586456298828125" lon="-122.39848810248076915740966796875">
        <ele>21.200000762939453125</ele>
        <time>2026-04-09T01:53:55.000Z</time>
        <extensions>
          <ns3:TrackPointExtension>
            <ns3:atemp>20.0</ns3:atemp>
            <ns3:hr>159</ns3:hr>
            <ns3:cad>76</ns3:cad>
          </ns3:TrackPointExtension>
        </extensions>
      </trkpt>
      <trkpt lat="37.762725166976451873779296875" lon="-122.398485839366912841796875">
        <ele>21</ele>
        <time>2026-04-09T01:53:56.000Z</time>
        <extensions>
          <ns3:TrackPointExtension>
            <ns3:atemp>20.0</ns3:atemp>
            <ns3:hr>159</ns3:hr>
            <ns3:cad>76</ns3:cad>
          </ns3:TrackPointExtension>
        </extensions>
      </trkpt>
      <trkpt lat="37.76275039650499820709228515625" lon="-122.39850268699228763580322265625">
        <ele>20.799999237060546875</ele>
        <time>2026-04-09T01:53:57.000Z</time>
        <extensions>
          <ns3:TrackPointExtension>
            <ns3:atemp>20.0</ns3:atemp>
            <ns3:hr>159</ns3:hr>
            <ns3:cad>76</ns3:cad>
          </ns3:TrackPointExtension>
        </extensions>
      </trkpt>
      <trkpt lat="37.7627685852348804473876953125" lon="-122.3985113203525543212890625">
        <ele>20.799999237060546875</ele>
        <time>2026-04-09T01:53:58.000Z</time>
        <extensions>
          <ns3:TrackPointExtension>
            <ns3:atemp>20.0</ns3:atemp>
            <ns3:hr>159</ns3:hr>
            <ns3:cad>76</ns3:cad>
          </ns3:TrackPointExtension>
        </extensions>
      </trkpt>
      <trkpt lat="37.7627836726605892181396484375" lon="-122.39853990264236927032470703125">
        <ele>20.6000003814697265625</ele>
        <time>2026-04-09T01:53:59.000Z</time>
        <extensions>
          <ns3:TrackPointExtension>
            <ns3:atemp>20.0</ns3:atemp>
            <ns3:hr>158</ns3:hr>
            <ns3:cad>76</ns3:cad>
          </ns3:TrackPointExtension>
        </extensions>
      </trkpt>
      <trkpt lat="37.76277068071067333221435546875" lon="-122.3985604383051395416259765625">
        <ele>20.6000003814697265625</ele>
        <time>2026-04-09T01:54:00.000Z</time>
        <extensions>
          <ns3:TrackPointExtension>
            <ns3:atemp>20.0</ns3:atemp>
            <ns3:hr>158</ns3:hr>
            <ns3:cad>75</ns3:cad>
          </ns3:TrackPointExtension>
        </extensions>
      </trkpt>
      <trkpt lat="37.7627575211226940155029296875" lon="-122.398565970361232757568359375">
        <ele>20.6000003814697265625</ele>
        <time>2026-04-09T01:54:01.000Z</time>
        <extensions>
          <ns3:TrackPointExtension>
            <ns3:atemp>20.0</ns3:atemp>
            <ns3:hr>158</ns3:hr>
            <ns3:cad>75</ns3:cad>
          </ns3:TrackPointExtension>
        </extensions>
      </trkpt>
      <trkpt lat="37.76273095048964023590087890625" lon="-122.3985756933689117431640625">
        <ele>20.6000003814697265625</ele>
        <time>2026-04-09T01:54:02.000Z</time>
        <extensions>
          <ns3:TrackPointExtension>
            <ns3:atemp>20.0</ns3:atemp>
            <ns3:hr>157</ns3:hr>
            <ns3:cad>75</ns3:cad>
          </ns3:TrackPointExtension>
        </extensions>
      </trkpt>
      <trkpt lat="37.76269759051501750946044921875" lon="-122.39857376553118228912353515625">
        <ele>20.799999237060546875</ele>
        <time>2026-04-09T01:54:03.000Z</time>
        <extensions>
          <ns3:TrackPointExtension>
            <ns3:atemp>20.0</ns3:atemp>
            <ns3:hr>156</ns3:hr>
            <ns3:cad>78</ns3:cad>
          </ns3:TrackPointExtension>
        </extensions>
      </trkpt>
      <trkpt lat="37.76267864741384983062744140625" lon="-122.3985775373876094818115234375">
        <ele>20.799999237060546875</ele>
        <time>2026-04-09T01:54:04.000Z</time>
        <extensions>
          <ns3:TrackPointExtension>
            <ns3:atemp>20.0</ns3:atemp>
            <ns3:hr>156</ns3:hr>
            <ns3:cad>81</ns3:cad>
          </ns3:TrackPointExtension>
        </extensions>
      </trkpt>
      <trkpt lat="37.76265115477144718170166015625" lon="-122.3985748551785945892333984375">
        <ele>20.799999237060546875</ele>
        <time>2026-04-09T01:54:05.000Z</time>
        <extensions>
          <ns3:TrackPointExtension>
            <ns3:atemp>20.0</ns3:atemp>
            <ns3:hr>155</ns3:hr>
            <ns3:cad>81</ns3:cad>
          </ns3:TrackPointExtension>
        </extensions>
      </trkpt>
      <trkpt lat="37.762625254690647125244140625" lon="-122.398571334779262542724609375">
        <ele>21</ele>
        <time>2026-04-09T01:54:06.000Z</time>
        <extensions>
          <ns3:TrackPointExtension>
            <ns3:atemp>20.0</ns3:atemp>
            <ns3:hr>154</ns3:hr>
            <ns3:cad>81</ns3:cad>
          </ns3:TrackPointExtension>
        </extensions>
      </trkpt>
      <trkpt lat="37.76260304264724254608154296875" lon="-122.39856295287609100341796875">
        <ele>21.200000762939453125</ele>
        <time>2026-04-09T01:54:07.000Z</time>
        <extensions>
          <ns3:TrackPointExtension>
            <ns3:atemp>20.0</ns3:atemp>
            <ns3:hr>154</ns3:hr>
            <ns3:cad>81</ns3:cad>
          </ns3:TrackPointExtension>
        </extensions>
      </trkpt>
      <trkpt lat="37.76257957331836223602294921875" lon="-122.3985570855438709259033203125">
        <ele>21.3999996185302734375</ele>
        <time>2026-04-09T01:54:08.000Z</time>
        <extensions>
          <ns3:TrackPointExtension>
            <ns3:atemp>20.0</ns3:atemp>
            <ns3:hr>153</ns3:hr>
            <ns3:cad>80</ns3:cad>
          </ns3:TrackPointExtension>
        </extensions>
      </trkpt>
      <trkpt lat="37.7625506557524204254150390625" lon="-122.39855331368744373321533203125">
        <ele>21.3999996185302734375</ele>
        <time>2026-04-09T01:54:09.000Z</time>
        <extensions>
          <ns3:TrackPointExtension>
            <ns3:atemp>20.0</ns3:atemp>
            <ns3:hr>153</ns3:hr>
            <ns3:cad>80</ns3:cad>
          </ns3:TrackPointExtension>
        </extensions>
      </trkpt>
      <trkpt lat="37.76253749616444110870361328125" lon="-122.39854962565004825592041015625">
        <ele>21.6000003814697265625</ele>
        <time>2026-04-09T01:54:10.000Z</time>
        <extensions>
          <ns3:TrackPointExtension>
            <ns3:atemp>20.0</ns3:atemp>
            <ns3:hr>152</ns3:hr>
            <ns3:cad>81</ns3:cad>
          </ns3:TrackPointExtension>
        </extensions>
      </trkpt>
      <trkpt lat="37.762503214180469512939453125" lon="-122.3985488712787628173828125">
        <ele>21.6000003814697265625</ele>
        <time>2026-04-09T01:54:11.000Z</time>
        <extensions>
          <ns3:TrackPointExtension>
            <ns3:atemp>20.0</ns3:atemp>
            <ns3:hr>151</ns3:hr>
            <ns3:cad>81</ns3:cad>
          </ns3:TrackPointExtension>
        </extensions>
      </trkpt>
      <trkpt lat="37.762481756508350372314453125" lon="-122.3985547386109828948974609375">
        <ele>21.3999996185302734375</ele>
        <time>2026-04-09T01:54:12.000Z</time>
        <extensions>
          <ns3:TrackPointExtension>
            <ns3:atemp>20.0</ns3:atemp>
            <ns3:hr>151</ns3:hr>
            <ns3:cad>81</ns3:cad>
          </ns3:TrackPointExtension>
        </extensions>
      </trkpt>
      <trkpt lat="37.762436158955097198486328125" lon="-122.3985466919839382171630859375">
        <ele>21.3999996185302734375</ele>
        <time>2026-04-09T01:54:13.000Z</time>
        <extensions>
          <ns3:TrackPointExtension>
            <ns3:atemp>20.0</ns3:atemp>
            <ns3:hr>150</ns3:hr>
            <ns3:cad>81</ns3:cad>
          </ns3:TrackPointExtension>
        </extensions>
      </trkpt>
      <trkpt lat="37.76241176761686801910400390625" lon="-122.3985416628420352935791015625">
        <ele>21.200000762939453125</ele>
        <time>2026-04-09T01:54:14.000Z</time>
        <extensions>
          <ns3:TrackPointExtension>
            <ns3:atemp>20.0</ns3:atemp>
            <ns3:hr>150</ns3:hr>
            <ns3:cad>83</ns3:cad>
          </ns3:TrackPointExtension>
        </extensions>
      </trkpt>
      <trkpt lat="37.76237740181386470794677734375" lon="-122.398541159927845001220703125">
        <ele>21.3999996185302734375</ele>
        <time>2026-04-09T01:54:15.000Z</time>
        <extensions>
          <ns3:TrackPointExtension>
            <ns3:atemp>20.0</ns3:atemp>
            <ns3:hr>150</ns3:hr>
            <ns3:cad>83</ns3:cad>
          </ns3:TrackPointExtension>
        </extensions>
      </trkpt>
      <trkpt lat="37.76235342957079410552978515625" lon="-122.39853118546307086944580078125">
        <ele>21.799999237060546875</ele>
        <time>2026-04-09T01:54:16.000Z</time>
        <extensions>
          <ns3:TrackPointExtension>
            <ns3:atemp>20.0</ns3:atemp>
            <ns3:hr>149</ns3:hr>
            <ns3:cad>83</ns3:cad>
          </ns3:TrackPointExtension>
        </extensions>
      </trkpt>
      <trkpt lat="37.7623179741203784942626953125" lon="-122.39852674305438995361328125">
        <ele>22.200000762939453125</ele>
        <time>2026-04-09T01:54:17.000Z</time>
        <extensions>
          <ns3:TrackPointExtension>
            <ns3:atemp>20.0</ns3:atemp>
            <ns3:hr>149</ns3:hr>
            <ns3:cad>86</ns3:cad>
          </ns3:TrackPointExtension>
        </extensions>
      </trkpt>
      <trkpt lat="37.762287966907024383544921875" lon="-122.3985185287892818450927734375">
        <ele>22.3999996185302734375</ele>
        <time>2026-04-09T01:54:18.000Z</time>
        <extensions>
          <ns3:TrackPointExtension>
            <ns3:atemp>20.0</ns3:atemp>
            <ns3:hr>149</ns3:hr>
            <ns3:cad>86</ns3:cad>
          </ns3:TrackPointExtension>
        </extensions>
      </trkpt>
      <trkpt lat="37.762263156473636627197265625" lon="-122.3985168524086475372314453125">
        <ele>22.799999237060546875</ele>
        <time>2026-04-09T01:54:19.000Z</time>
        <extensions>
          <ns3:TrackPointExtension>
            <ns3:atemp>20.0</ns3:atemp>
            <ns3:hr>149</ns3:hr>
            <ns3:cad>86</ns3:cad>
          </ns3:TrackPointExtension>
        </extensions>
      </trkpt>
      <trkpt lat="37.76223675347864627838134765625" lon="-122.39850528538227081298828125">
        <ele>23.3999996185302734375</ele>
        <time>2026-04-09T01:54:20.000Z</time>
        <extensions>
          <ns3:TrackPointExtension>
            <ns3:atemp>20.0</ns3:atemp>
            <ns3:hr>149</ns3:hr>
            <ns3:cad>86</ns3:cad>
          </ns3:TrackPointExtension>
        </extensions>
      </trkpt>
      <trkpt lat="37.762216888368129730224609375" lon="-122.39850461483001708984375">
        <ele>24</ele>
        <time>2026-04-09T01:54:21.000Z</time>
        <extensions>
          <ns3:TrackPointExtension>
            <ns3:atemp>20.0</ns3:atemp>
            <ns3:hr>149</ns3:hr>
            <ns3:cad>86</ns3:cad>
          </ns3:TrackPointExtension>
        </extensions>
      </trkpt>
      <trkpt lat="37.76218193583190441131591796875" lon="-122.398502938449382781982421875">
        <ele>24.6000003814697265625</ele>
        <time>2026-04-09T01:54:22.000Z</time>
        <extensions>
          <ns3:TrackPointExtension>
            <ns3:atemp>20.0</ns3:atemp>
            <ns3:hr>148</ns3:hr>
            <ns3:cad>88</ns3:cad>
          </ns3:TrackPointExtension>
        </extensions>
      </trkpt>
      <trkpt lat="37.76215528137981891632080078125" lon="-122.39850536920130252838134765625">
        <ele>25</ele>
        <time>2026-04-09T01:54:23.000Z</time>
        <extensions>
          <ns3:TrackPointExtension>
            <ns3:atemp>20.0</ns3:atemp>
            <ns3:hr>149</ns3:hr>
            <ns3:cad>88</ns3:cad>
          </ns3:TrackPointExtension>
        </extensions>
      </trkpt>
      <trkpt lat="37.7621248550713062286376953125" lon="-122.39851006306707859039306640625">
        <ele>25.3999996185302734375</ele>
        <time>2026-04-09T01:54:24.000Z</time>
        <extensions>
          <ns3:TrackPointExtension>
            <ns3:atemp>20.0</ns3:atemp>
            <ns3:hr>149</ns3:hr>
            <ns3:cad>86</ns3:cad>
          </ns3:TrackPointExtension>
        </extensions>
      </trkpt>
      <trkpt lat="37.7621080912649631500244140625" lon="-122.39850855432450771331787109375">
        <ele>25.799999237060546875</ele>
        <time>2026-04-09T01:54:25.000Z</time>
        <extensions>
          <ns3:TrackPointExtension>
            <ns3:atemp>20.0</ns3:atemp>
            <ns3:hr>149</ns3:hr>
            <ns3:cad>86</ns3:cad>
          </ns3:TrackPointExtension>
        </extensions>
      </trkpt>
      <trkpt lat="37.7620792575180530548095703125" lon="-122.3985067941248416900634765625">
        <ele>26.3999996185302734375</ele>
        <time>2026-04-09T01:54:26.000Z</time>
        <extensions>
          <ns3:TrackPointExtension>
            <ns3:atemp>20.0</ns3:atemp>
            <ns3:hr>149</ns3:hr>
            <ns3:cad>88</ns3:cad>
          </ns3:TrackPointExtension>
        </extensions>
      </trkpt>
      <trkpt lat="37.76205738075077533721923828125" lon="-122.3985032737255096435546875">
        <ele>26.6000003814697265625</ele>
        <time>2026-04-09T01:54:27.000Z</time>
        <extensions>
          <ns3:TrackPointExtension>
            <ns3:atemp>20.0</ns3:atemp>
            <ns3:hr>150</ns3:hr>
            <ns3:cad>88</ns3:cad>
          </ns3:TrackPointExtension>
        </extensions>
      </trkpt>
      <trkpt lat="37.76203139685094356536865234375" lon="-122.39849816076457500457763671875">
        <ele>27</ele>
        <time>2026-04-09T01:54:28.000Z</time>
        <extensions>
          <ns3:TrackPointExtension>
            <ns3:atemp>20.0</ns3:atemp>
            <ns3:hr>151</ns3:hr>
            <ns3:cad>88</ns3:cad>
          </ns3:TrackPointExtension>
        </extensions>
      </trkpt>
      <trkpt lat="37.76201195083558559417724609375" lon="-122.39849598146975040435791015625">
        <ele>27.3999996185302734375</ele>
        <time>2026-04-09T01:54:29.000Z</time>
        <extensions>
          <ns3:TrackPointExtension>
            <ns3:atemp>20.0</ns3:atemp>
            <ns3:hr>152</ns3:hr>
            <ns3:cad>88</ns3:cad>
          </ns3:TrackPointExtension>
        </extensions>
      </trkpt>
      <trkpt lat="37.76198898442089557647705078125" lon="-122.3984970711171627044677734375">
        <ele>27.799999237060546875</ele>
        <time>2026-04-09T01:54:30.000Z</time>
        <extensions>
          <ns3:TrackPointExtension>
            <ns3:atemp>20.0</ns3:atemp>
            <ns3:hr>152</ns3:hr>
            <ns3:cad>88</ns3:cad>
          </ns3:TrackPointExtension>
        </extensions>
      </trkpt>
      <trkpt lat="37.76195948012173175811767578125" lon="-122.3984952270984649658203125">
        <ele>28.200000762939453125</ele>
        <time>2026-04-09T01:54:31.000Z</time>
        <extensions>
          <ns3:TrackPointExtension>
            <ns3:atemp>20.0</ns3:atemp>
            <ns3:hr>153</ns3:hr>
            <ns3:cad>88</ns3:cad>
          </ns3:TrackPointExtension>
        </extensions>
      </trkpt>
      <trkpt lat="37.76193383149802684783935546875" lon="-122.39849313162267208099365234375">
        <ele>28.799999237060546875</ele>
        <time>2026-04-09T01:54:32.000Z</time>
        <extensions>
          <ns3:TrackPointExtension>
            <ns3:atemp>20.0</ns3:atemp>
            <ns3:hr>153</ns3:hr>
            <ns3:cad>88</ns3:cad>
          </ns3:TrackPointExtension>
        </extensions>
      </trkpt>
      <trkpt lat="37.76189871132373809814453125" lon="-122.3984886892139911651611328125">
        <ele>29.200000762939453125</ele>
        <time>2026-04-09T01:54:33.000Z</time>
        <extensions>
          <ns3:TrackPointExtension>
            <ns3:atemp>20.0</ns3:atemp>
            <ns3:hr>154</ns3:hr>
            <ns3:cad>87</ns3:cad>
          </ns3:TrackPointExtension>
        </extensions>
      </trkpt>
      <trkpt lat="37.761873565614223480224609375" lon="-122.39848240278661251068115234375">
        <ele>29.3999996185302734375</ele>
        <time>2026-04-09T01:54:34.000Z</time>
        <extensions>
          <ns3:TrackPointExtension>
            <ns3:atemp>20.0</ns3:atemp>
            <ns3:hr>154</ns3:hr>
            <ns3:cad>87</ns3:cad>
          </ns3:TrackPointExtension>
        </extensions>
      </trkpt>
      <trkpt lat="37.76183836162090301513671875" lon="-122.3984823189675807952880859375">
        <ele>29.799999237060546875</ele>
        <time>2026-04-09T01:54:35.000Z</time>
        <extensions>
          <ns3:TrackPointExtension>
            <ns3:atemp>20.0</ns3:atemp>
            <ns3:hr>155</ns3:hr>
            <ns3:cad>87</ns3:cad>
          </ns3:TrackPointExtension>
        </extensions>
      </trkpt>
      <trkpt lat="37.76182000525295734405517578125" lon="-122.39848273806273937225341796875">
        <ele>30.200000762939453125</ele>
        <time>2026-04-09T01:54:36.000Z</time>
        <extensions>
          <ns3:TrackPointExtension>
            <ns3:atemp>20.0</ns3:atemp>
            <ns3:hr>156</ns3:hr>
            <ns3:cad>87</ns3:cad>
          </ns3:TrackPointExtension>
        </extensions>
      </trkpt>
      <trkpt lat="37.76179167442023754119873046875" lon="-122.39847888238728046417236328125">
        <ele>30.6000003814697265625</ele>
        <time>2026-04-09T01:54:37.000Z</time>
        <extensions>
          <ns3:TrackPointExtension>
            <ns3:atemp>20.0</ns3:atemp>
            <ns3:hr>157</ns3:hr>
            <ns3:cad>86</ns3:cad>
          </ns3:TrackPointExtension>
        </extensions>
      </trkpt>
      <trkpt lat="37.76177465915679931640625" lon="-122.3984776251018047332763671875">
        <ele>31</ele>
        <time>2026-04-09T01:54:38.000Z</time>
        <extensions>
          <ns3:TrackPointExtension>
            <ns3:atemp>20.0</ns3:atemp>
            <ns3:hr>157</ns3:hr>
            <ns3:cad>86</ns3:cad>
          </ns3:TrackPointExtension>
        </extensions>
      </trkpt>
      <trkpt lat="37.761747837066650390625" lon="-122.398468069732189178466796875">
        <ele>31.6000003814697265625</ele>
        <time>2026-04-09T01:54:39.000Z</time>
        <extensions>
          <ns3:TrackPointExtension>
            <ns3:atemp>20.0</ns3:atemp>
            <ns3:hr>158</ns3:hr>
            <ns3:cad>87</ns3:cad>
          </ns3:TrackPointExtension>
        </extensions>
      </trkpt>
      <trkpt lat="37.76172361336648464202880859375" lon="-122.398456670343875885009765625">
        <ele>32.200000762939453125</ele>
        <time>2026-04-09T01:54:40.000Z</time>
        <extensions>
          <ns3:TrackPointExtension>
            <ns3:atemp>20.0</ns3:atemp>
            <ns3:hr>158</ns3:hr>
            <ns3:cad>87</ns3:cad>
          </ns3:TrackPointExtension>
        </extensions>
      </trkpt>
      <trkpt lat="37.761706598103046417236328125" lon="-122.39845859818160533905029296875">
        <ele>32.799999237060546875</ele>
        <time>2026-04-09T01:54:41.000Z</time>
        <extensions>
          <ns3:TrackPointExtension>
            <ns3:atemp>20.0</ns3:atemp>
            <ns3:hr>159</ns3:hr>
            <ns3:cad>87</ns3:cad>
          </ns3:TrackPointExtension>
        </extensions>
      </trkpt>
      <trkpt lat="37.7616910077631473541259765625" lon="-122.39844719879329204559326171875">
        <ele>33.200000762939453125</ele>
        <time>2026-04-09T01:54:42.000Z</time>
        <extensions>
          <ns3:TrackPointExtension>
            <ns3:atemp>20.0</ns3:atemp>
            <ns3:hr>159</ns3:hr>
            <ns3:cad>87</ns3:cad>
          </ns3:TrackPointExtension>
        </extensions>
      </trkpt>
      <trkpt lat="37.76166762225329875946044921875" lon="-122.3984447680413722991943359375">
        <ele>33.40000152587890625</ele>
        <time>2026-04-09T01:54:43.000Z</time>
        <extensions>
          <ns3:TrackPointExtension>
            <ns3:atemp>20.0</ns3:atemp>
            <ns3:hr>159</ns3:hr>
            <ns3:cad>87</ns3:cad>
          </ns3:TrackPointExtension>
        </extensions>
      </trkpt>
      <trkpt lat="37.7616641856729984283447265625" lon="-122.39844703115522861480712890625">
        <ele>33.59999847412109375</ele>
        <time>2026-04-09T01:54:44.000Z</time>
        <extensions>
          <ns3:TrackPointExtension>
            <ns3:atemp>20.0</ns3:atemp>
            <ns3:hr>160</ns3:hr>
            <ns3:cad>83</ns3:cad>
          </ns3:TrackPointExtension>
        </extensions>
      </trkpt>
      <trkpt lat="37.76164851151406764984130859375" lon="-122.39845172502100467681884765625">
        <ele>33.799999237060546875</ele>
        <time>2026-04-09T01:54:45.000Z</time>
        <extensions>
          <ns3:TrackPointExtension>
            <ns3:atemp>20.0</ns3:atemp>
            <ns3:hr>160</ns3:hr>
            <ns3:cad>80</ns3:cad>
          </ns3:TrackPointExtension>
        </extensions>
      </trkpt>
      <trkpt lat="37.761634178459644317626953125" lon="-122.3984469473361968994140625">
        <ele>34</ele>
        <time>2026-04-09T01:54:46.000Z</time>
        <extensions>
          <ns3:TrackPointExtension>
            <ns3:atemp>20.0</ns3:atemp>
            <ns3:hr>160</ns3:hr>
            <ns3:cad>79</ns3:cad>
          </ns3:TrackPointExtension>
        </extensions>
      </trkpt>
      <trkpt lat="37.761618085205554962158203125" lon="-122.39844183437526226043701171875">
        <ele>34.200000762939453125</ele>
        <time>2026-04-09T01:54:47.000Z</time>
        <extensions>
          <ns3:TrackPointExtension>
            <ns3:atemp>20.0</ns3:atemp>
            <ns3:hr>160</ns3:hr>
            <ns3:cad>77</ns3:cad>
          </ns3:TrackPointExtension>
        </extensions>
      </trkpt>
      <trkpt lat="37.761606685817241668701171875" lon="-122.39844384603202342987060546875">
        <ele>34.40000152587890625</ele>
        <time>2026-04-09T01:54:48.000Z</time>
        <extensions>
          <ns3:TrackPointExtension>
            <ns3:atemp>20.0</ns3:atemp>
            <ns3:hr>160</ns3:hr>
            <ns3:cad>77</ns3:cad>
          </ns3:TrackPointExtension>
        </extensions>
      </trkpt>
      <trkpt lat="37.76158816181123256683349609375" lon="-122.3984437622129917144775390625">
        <ele>34.799999237060546875</ele>
        <time>2026-04-09T01:54:49.000Z</time>
        <extensions>
          <ns3:TrackPointExtension>
            <ns3:atemp>20.0</ns3:atemp>
            <ns3:hr>160</ns3:hr>
            <ns3:cad>76</ns3:cad>
          </ns3:TrackPointExtension>
        </extensions>
      </trkpt>
      <trkpt lat="37.76157123036682605743408203125" lon="-122.3984404094517230987548828125">
        <ele>35</ele>
        <time>2026-04-09T01:54:50.000Z</time>
        <extensions>
          <ns3:TrackPointExtension>
            <ns3:atemp>20.0</ns3:atemp>
            <ns3:hr>160</ns3:hr>
            <ns3:cad>76</ns3:cad>
          </ns3:TrackPointExtension>
        </extensions>
      </trkpt>
      <trkpt lat="37.76156703941524028778076171875" lon="-122.398441247642040252685546875">
        <ele>35.200000762939453125</ele>
        <time>2026-04-09T01:54:51.000Z</time>
        <extensions>
          <ns3:TrackPointExtension>
            <ns3:atemp>20.0</ns3:atemp>
            <ns3:hr>160</ns3:hr>
            <ns3:cad>77</ns3:cad>
          </ns3:TrackPointExtension>
        </extensions>
      </trkpt>
      <trkpt lat="37.761552371084690093994140625" lon="-122.3984404094517230987548828125">
        <ele>35.40000152587890625</ele>
        <time>2026-04-09T01:54:52.000Z</time>
        <extensions>
          <ns3:TrackPointExtension>
            <ns3:atemp>20.0</ns3:atemp>
            <ns3:hr>159</ns3:hr>
            <ns3:cad>77</ns3:cad>
          </ns3:TrackPointExtension>
        </extensions>
      </trkpt>
      <trkpt lat="37.7615334279835224151611328125" lon="-122.39844518713653087615966796875">
        <ele>35.59999847412109375</ele>
        <time>2026-04-09T01:54:53.000Z</time>
        <extensions>
          <ns3:TrackPointExtension>
            <ns3:atemp>20.0</ns3:atemp>
            <ns3:hr>160</ns3:hr>
            <ns3:cad>77</ns3:cad>
          </ns3:TrackPointExtension>
        </extensions>
      </trkpt>
      <trkpt lat="37.761533260345458984375" lon="-122.39844049327075481414794921875">
        <ele>35.799999237060546875</ele>
        <time>2026-04-09T01:54:54.000Z</time>
        <extensions>
          <ns3:TrackPointExtension>
            <ns3:atemp>20.0</ns3:atemp>
            <ns3:hr>160</ns3:hr>
            <ns3:cad>78</ns3:cad>
          </ns3:TrackPointExtension>
        </extensions>
      </trkpt>
      <trkpt lat="37.76151674799621105194091796875" lon="-122.39844200201332569122314453125">
        <ele>35.799999237060546875</ele>
        <time>2026-04-09T01:54:55.000Z</time>
        <extensions>
          <ns3:TrackPointExtension>
            <ns3:atemp>20.0</ns3:atemp>
            <ns3:hr>159</ns3:hr>
            <ns3:cad>78</ns3:cad>
          </ns3:TrackPointExtension>
        </extensions>
      </trkpt>
      <trkpt lat="37.7614992298185825347900390625" lon="-122.39844351075589656829833984375">
        <ele>35.799999237060546875</ele>
        <time>2026-04-09T01:54:56.000Z</time>
        <extensions>
          <ns3:TrackPointExtension>
            <ns3:atemp>20.0</ns3:atemp>
            <ns3:hr>159</ns3:hr>
            <ns3:cad>79</ns3:cad>
          </ns3:TrackPointExtension>
        </extensions>
      </trkpt>
      <trkpt lat="37.7614905126392841339111328125" lon="-122.39844233728945255279541015625">
        <ele>36</ele>
        <time>2026-04-09T01:54:57.000Z</time>
        <extensions>
          <ns3:TrackPointExtension>
            <ns3:atemp>20.0</ns3:atemp>
            <ns3:hr>159</ns3:hr>
            <ns3:cad>80</ns3:cad>
          </ns3:TrackPointExtension>
        </extensions>
      </trkpt>
      <trkpt lat="37.76147760450839996337890625" lon="-122.39844686351716518402099609375">
        <ele>36.200000762939453125</ele>
        <time>2026-04-09T01:54:58.000Z</time>
        <extensions>
          <ns3:TrackPointExtension>
            <ns3:atemp>20.0</ns3:atemp>
            <ns3:hr>159</ns3:hr>
            <ns3:cad>80</ns3:cad>
          </ns3:TrackPointExtension>
        </extensions>
      </trkpt>
      <trkpt lat="37.76145958341658115386962890625" lon="-122.3984501324594020843505859375">
        <ele>36.40000152587890625</ele>
        <time>2026-04-09T01:54:59.000Z</time>
        <extensions>
          <ns3:TrackPointExtension>
            <ns3:atemp>20.0</ns3:atemp>
            <ns3:hr>159</ns3:hr>
            <ns3:cad>77</ns3:cad>
          </ns3:TrackPointExtension>
        </extensions>
      </trkpt>
      <trkpt lat="37.7614445798099040985107421875" lon="-122.39845038391649723052978515625">
        <ele>36.59999847412109375</ele>
        <time>2026-04-09T01:55:00.000Z</time>
        <extensions>
          <ns3:TrackPointExtension>
            <ns3:atemp>20.0</ns3:atemp>
            <ns3:hr>159</ns3:hr>
            <ns3:cad>77</ns3:cad>
          </ns3:TrackPointExtension>
        </extensions>
      </trkpt>
      <trkpt lat="37.76143644936382770538330078125" lon="-122.39845558069646358489990234375">
        <ele>36.799999237060546875</ele>
        <time>2026-04-09T01:55:01.000Z</time>
        <extensions>
          <ns3:TrackPointExtension>
            <ns3:atemp>20.0</ns3:atemp>
            <ns3:hr>158</ns3:hr>
            <ns3:cad>77</ns3:cad>
          </ns3:TrackPointExtension>
        </extensions>
      </trkpt>
      <trkpt lat="37.761422954499721527099609375" lon="-122.398458011448383331298828125">
        <ele>37</ele>
        <time>2026-04-09T01:55:02.000Z</time>
        <extensions>
          <ns3:TrackPointExtension>
            <ns3:atemp>20.0</ns3:atemp>
            <ns3:hr>158</ns3:hr>
            <ns3:cad>77</ns3:cad>
          </ns3:TrackPointExtension>
        </extensions>
      </trkpt>
      <trkpt lat="37.76140744797885417938232421875" lon="-122.398449294269084930419921875">
        <ele>37</ele>
        <time>2026-04-09T01:55:03.000Z</time>
        <extensions>
          <ns3:TrackPointExtension>
            <ns3:atemp>20.0</ns3:atemp>
            <ns3:hr>158</ns3:hr>
            <ns3:cad>77</ns3:cad>
          </ns3:TrackPointExtension>
        </extensions>
      </trkpt>
      <trkpt lat="37.76139914989471435546875" lon="-122.39844585768878459930419921875">
        <ele>37.200000762939453125</ele>
        <time>2026-04-09T01:55:04.000Z</time>
        <extensions>
          <ns3:TrackPointExtension>
            <ns3:atemp>20.0</ns3:atemp>
            <ns3:hr>157</ns3:hr>
            <ns3:cad>77</ns3:cad>
          </ns3:TrackPointExtension>
        </extensions>
      </trkpt>
      <trkpt lat="37.76138531975448131561279296875" lon="-122.39844200201332569122314453125">
        <ele>37.40000152587890625</ele>
        <time>2026-04-09T01:55:05.000Z</time>
        <extensions>
          <ns3:TrackPointExtension>
            <ns3:atemp>20.0</ns3:atemp>
            <ns3:hr>157</ns3:hr>
            <ns3:cad>78</ns3:cad>
          </ns3:TrackPointExtension>
        </extensions>
      </trkpt>
      <trkpt lat="37.761369980871677398681640625" lon="-122.39843663759529590606689453125">
        <ele>37.40000152587890625</ele>
        <time>2026-04-09T01:55:06.000Z</time>
        <extensions>
          <ns3:TrackPointExtension>
            <ns3:atemp>20.0</ns3:atemp>
            <ns3:hr>157</ns3:hr>
            <ns3:cad>78</ns3:cad>
          </ns3:TrackPointExtension>
        </extensions>
      </trkpt>
      <trkpt lat="37.76135682128369808197021484375" lon="-122.3984313569962978363037109375">
        <ele>37.59999847412109375</ele>
        <time>2026-04-09T01:55:07.000Z</time>
        <extensions>
          <ns3:TrackPointExtension>
            <ns3:atemp>20.0</ns3:atemp>
            <ns3:hr>156</ns3:hr>
            <ns3:cad>78</ns3:cad>
          </ns3:TrackPointExtension>
        </extensions>
      </trkpt>
      <trkpt lat="37.7613419853150844573974609375" lon="-122.39843579940497875213623046875">
        <ele>37.799999237060546875</ele>
        <time>2026-04-09T01:55:08.000Z</time>
        <extensions>
          <ns3:TrackPointExtension>
            <ns3:atemp>20.0</ns3:atemp>
            <ns3:hr>156</ns3:hr>
            <ns3:cad>79</ns3:cad>
          </ns3:TrackPointExtension>
        </extensions>
      </trkpt>
      <trkpt lat="37.76131759397685527801513671875" lon="-122.398439906537532806396484375">
        <ele>38</ele>
        <time>2026-04-09T01:55:09.000Z</time>
        <extensions>
          <ns3:TrackPointExtension>
            <ns3:atemp>20.0</ns3:atemp>
            <ns3:hr>155</ns3:hr>
            <ns3:cad>79</ns3:cad>
          </ns3:TrackPointExtension>
        </extensions>
      </trkpt>
      <trkpt lat="37.76130669750273227691650390625" lon="-122.39843965508043766021728515625">
        <ele>38.200000762939453125</ele>
        <time>2026-04-09T01:55:10.000Z</time>
        <extensions>
          <ns3:TrackPointExtension>
            <ns3:atemp>20.0</ns3:atemp>
            <ns3:hr>155</ns3:hr>
            <ns3:cad>79</ns3:cad>
          </ns3:TrackPointExtension>
        </extensions>
      </trkpt>
      <trkpt lat="37.76128121651709079742431640625" lon="-122.39843512885272502899169921875">
        <ele>38.59999847412109375</ele>
        <time>2026-04-09T01:55:11.000Z</time>
        <extensions>
          <ns3:TrackPointExtension>
            <ns3:atemp>20.0</ns3:atemp>
            <ns3:hr>155</ns3:hr>
            <ns3:cad>78</ns3:cad>
          </ns3:TrackPointExtension>
        </extensions>
      </trkpt>
      <trkpt lat="37.76125489734113216400146484375" lon="-122.3984347097575664520263671875">
        <ele>38.799999237060546875</ele>
        <time>2026-04-09T01:55:12.000Z</time>
        <extensions>
          <ns3:TrackPointExtension>
            <ns3:atemp>20.0</ns3:atemp>
            <ns3:hr>155</ns3:hr>
            <ns3:cad>78</ns3:cad>
          </ns3:TrackPointExtension>
        </extensions>
      </trkpt>
      <trkpt lat="37.76122623123228549957275390625" lon="-122.39842926152050495147705078125">
        <ele>39</ele>
        <time>2026-04-09T01:55:13.000Z</time>
        <extensions>
          <ns3:TrackPointExtension>
            <ns3:atemp>20.0</ns3:atemp>
            <ns3:hr>154</ns3:hr>
            <ns3:cad>78</ns3:cad>
          </ns3:TrackPointExtension>
        </extensions>
      </trkpt>
      <trkpt lat="37.76119270361959934234619140625" lon="-122.39841367118060588836669921875">
        <ele>39</ele>
        <time>2026-04-09T01:55:14.000Z</time>
        <extensions>
          <ns3:TrackPointExtension>
            <ns3:atemp>20.0</ns3:atemp>
            <ns3:hr>154</ns3:hr>
            <ns3:cad>84</ns3:cad>
          </ns3:TrackPointExtension>
        </extensions>
      </trkpt>
      <trkpt lat="37.7611649595201015472412109375" lon="-122.39840310998260974884033203125">
        <ele>39</ele>
        <time>2026-04-09T01:55:15.000Z</time>
        <extensions>
          <ns3:TrackPointExtension>
            <ns3:atemp>20.0</ns3:atemp>
            <ns3:hr>154</ns3:hr>
            <ns3:cad>85</ns3:cad>
          </ns3:TrackPointExtension>
        </extensions>
      </trkpt>
      <trkpt lat="37.76112623512744903564453125" lon="-122.39839908666908740997314453125">
        <ele>38.799999237060546875</ele>
        <time>2026-04-09T01:55:16.000Z</time>
        <extensions>
          <ns3:TrackPointExtension>
            <ns3:atemp>20.0</ns3:atemp>
            <ns3:hr>155</ns3:hr>
            <ns3:cad>85</ns3:cad>
          </ns3:TrackPointExtension>
        </extensions>
      </trkpt>
      <trkpt lat="37.76110301725566387176513671875" lon="-122.3983933031558990478515625">
        <ele>38.799999237060546875</ele>
        <time>2026-04-09T01:55:17.000Z</time>
        <extensions>
          <ns3:TrackPointExtension>
            <ns3:atemp>20.0</ns3:atemp>
            <ns3:hr>155</ns3:hr>
            <ns3:cad>86</ns3:cad>
          </ns3:TrackPointExtension>
        </extensions>
      </trkpt>
      <trkpt lat="37.76107032783329486846923828125" lon="-122.3983879387378692626953125">
        <ele>39</ele>
        <time>2026-04-09T01:55:18.000Z</time>
        <extensions>
          <ns3:TrackPointExtension>
            <ns3:atemp>20.0</ns3:atemp>
            <ns3:hr>156</ns3:hr>
            <ns3:cad>86</ns3:cad>
          </ns3:TrackPointExtension>
        </extensions>
      </trkpt>
      <trkpt lat="37.76104937307536602020263671875" lon="-122.3983877710998058319091796875">
        <ele>39.200000762939453125</ele>
        <time>2026-04-09T01:55:19.000Z</time>
        <extensions>
          <ns3:TrackPointExtension>
            <ns3:atemp>20.0</ns3:atemp>
            <ns3:hr>157</ns3:hr>
            <ns3:cad>86</ns3:cad>
          </ns3:TrackPointExtension>
        </extensions>
      </trkpt>
      <trkpt lat="37.76103110052645206451416015625" lon="-122.3983790539205074310302734375">
        <ele>39.799999237060546875</ele>
        <time>2026-04-09T01:55:20.000Z</time>
        <extensions>
          <ns3:TrackPointExtension>
            <ns3:atemp>20.0</ns3:atemp>
            <ns3:hr>158</ns3:hr>
            <ns3:cad>86</ns3:cad>
          </ns3:TrackPointExtension>
        </extensions>
      </trkpt>
      <trkpt lat="37.76100285351276397705078125" lon="-122.3983770422637462615966796875">
        <ele>40.200000762939453125</ele>
        <time>2026-04-09T01:55:21.000Z</time>
        <extensions>
          <ns3:TrackPointExtension>
            <ns3:atemp>20.0</ns3:atemp>
            <ns3:hr>158</ns3:hr>
            <ns3:cad>86</ns3:cad>
          </ns3:TrackPointExtension>
        </extensions>
      </trkpt>
      <trkpt lat="37.7609845809638500213623046875" lon="-122.398373186588287353515625">
        <ele>41</ele>
        <time>2026-04-09T01:55:22.000Z</time>
        <extensions>
          <ns3:TrackPointExtension>
            <ns3:atemp>20.0</ns3:atemp>
            <ns3:hr>158</ns3:hr>
            <ns3:cad>87</ns3:cad>
          </ns3:TrackPointExtension>
        </extensions>
      </trkpt>
      <trkpt lat="37.7609580941498279571533203125" lon="-122.39837259985506534576416015625">
        <ele>41.200000762939453125</ele>
        <time>2026-04-09T01:55:23.000Z</time>
        <extensions>
          <ns3:TrackPointExtension>
            <ns3:atemp>20.0</ns3:atemp>
            <ns3:hr>158</ns3:hr>
            <ns3:cad>87</ns3:cad>
          </ns3:TrackPointExtension>
        </extensions>
      </trkpt>
      <trkpt lat="37.7609453536570072174072265625" lon="-122.39837494678795337677001953125">
        <ele>41.799999237060546875</ele>
        <time>2026-04-09T01:55:24.000Z</time>
        <extensions>
          <ns3:TrackPointExtension>
            <ns3:atemp>20.0</ns3:atemp>
            <ns3:hr>159</ns3:hr>
            <ns3:cad>87</ns3:cad>
          </ns3:TrackPointExtension>
        </extensions>
      </trkpt>
      <trkpt lat="37.76092850603163242340087890625" lon="-122.3983745276927947998046875">
        <ele>42.40000152587890625</ele>
        <time>2026-04-09T01:55:25.000Z</time>
        <extensions>
          <ns3:TrackPointExtension>
            <ns3:atemp>20.0</ns3:atemp>
            <ns3:hr>159</ns3:hr>
            <ns3:cad>87</ns3:cad>
          </ns3:TrackPointExtension>
        </extensions>
      </trkpt>
      <trkpt lat="37.760906629264354705810546875" lon="-122.398370169103145599365234375">
        <ele>43</ele>
        <time>2026-04-09T01:55:26.000Z</time>
        <extensions>
          <ns3:TrackPointExtension>
            <ns3:atemp>20.0</ns3:atemp>
            <ns3:hr>159</ns3:hr>
            <ns3:cad>85</ns3:cad>
          </ns3:TrackPointExtension>
        </extensions>
      </trkpt>
      <trkpt lat="37.7608974091708660125732421875" lon="-122.398369498550891876220703125">
        <ele>43.40000152587890625</ele>
        <time>2026-04-09T01:55:27.000Z</time>
        <extensions>
          <ns3:TrackPointExtension>
            <ns3:atemp>20.0</ns3:atemp>
            <ns3:hr>159</ns3:hr>
            <ns3:cad>84</ns3:cad>
          </ns3:TrackPointExtension>
        </extensions>
      </trkpt>
      <trkpt lat="37.76087972335517406463623046875" lon="-122.39836354739964008331298828125">
        <ele>43.59999847412109375</ele>
        <time>2026-04-09T01:55:28.000Z</time>
        <extensions>
          <ns3:TrackPointExtension>
            <ns3:atemp>20.0</ns3:atemp>
            <ns3:hr>160</ns3:hr>
            <ns3:cad>84</ns3:cad>
          </ns3:TrackPointExtension>
        </extensions>
      </trkpt>
      <trkpt lat="37.76085960678756237030029296875" lon="-122.398359775543212890625">
        <ele>44</ele>
        <time>2026-04-09T01:55:29.000Z</time>
        <extensions>
          <ns3:TrackPointExtension>
            <ns3:atemp>20.0</ns3:atemp>
            <ns3:hr>159</ns3:hr>
            <ns3:cad>83</ns3:cad>
          </ns3:TrackPointExtension>
        </extensions>
      </trkpt>
      <trkpt lat="37.76084988377988338470458984375" lon="-122.3983599431812763214111328125">
        <ele>44.40000152587890625</ele>
        <time>2026-04-09T01:55:30.000Z</time>
        <extensions>
          <ns3:TrackPointExtension>
            <ns3:atemp>19.0</ns3:atemp>
            <ns3:hr>159</ns3:hr>
            <ns3:cad>82</ns3:cad>
          </ns3:TrackPointExtension>
        </extensions>
      </trkpt>
      <trkpt lat="37.76082591153681278228759765625" lon="-122.39835717715322971343994140625">
        <ele>44.799999237060546875</ele>
        <time>2026-04-09T01:55:31.000Z</time>
        <extensions>
          <ns3:TrackPointExtension>
            <ns3:atemp>20.0</ns3:atemp>
            <ns3:hr>159</ns3:hr>
            <ns3:cad>81</ns3:cad>
          </ns3:TrackPointExtension>
        </extensions>
      </trkpt>
      <trkpt lat="37.7608115784823894500732421875" lon="-122.398352064192295074462890625">
        <ele>45.200000762939453125</ele>
        <time>2026-04-09T01:55:32.000Z</time>
        <extensions>
          <ns3:TrackPointExtension>
            <ns3:atemp>20.0</ns3:atemp>
            <ns3:hr>159</ns3:hr>
            <ns3:cad>80</ns3:cad>
          </ns3:TrackPointExtension>
        </extensions>
      </trkpt>
      <trkpt lat="37.76079959236085414886474609375" lon="-122.39834845997393131256103515625">
        <ele>45.799999237060546875</ele>
        <time>2026-04-09T01:55:33.000Z</time>
        <extensions>
          <ns3:TrackPointExtension>
            <ns3:atemp>20.0</ns3:atemp>
            <ns3:hr>160</ns3:hr>
            <ns3:cad>80</ns3:cad>
          </ns3:TrackPointExtension>
        </extensions>
      </trkpt>
      <trkpt lat="37.760776542127132415771484375" lon="-122.39834963344037532806396484375">
        <ele>46.40000152587890625</ele>
        <time>2026-04-09T01:55:34.000Z</time>
        <extensions>
          <ns3:TrackPointExtension>
            <ns3:atemp>20.0</ns3:atemp>
            <ns3:hr>159</ns3:hr>
            <ns3:cad>80</ns3:cad>
          </ns3:TrackPointExtension>
        </extensions>
      </trkpt>
      <trkpt lat="37.760765142738819122314453125" lon="-122.3983448557555675506591796875">
        <ele>46.799999237060546875</ele>
        <time>2026-04-09T01:55:35.000Z</time>
        <extensions>
          <ns3:TrackPointExtension>
            <ns3:atemp>20.0</ns3:atemp>
            <ns3:hr>159</ns3:hr>
            <ns3:cad>81</ns3:cad>
          </ns3:TrackPointExtension>
        </extensions>
      </trkpt>
      <trkpt lat="37.76075097732245922088623046875" lon="-122.39834376610815525054931640625">
        <ele>47.40000152587890625</ele>
        <time>2026-04-09T01:55:36.000Z</time>
        <extensions>
          <ns3:TrackPointExtension>
            <ns3:atemp>20.0</ns3:atemp>
            <ns3:hr>159</ns3:hr>
            <ns3:cad>81</ns3:cad>
          </ns3:TrackPointExtension>
        </extensions>
      </trkpt>
      <trkpt lat="37.76072331704199314117431640625" lon="-122.39833840169012546539306640625">
        <ele>47.799999237060546875</ele>
        <time>2026-04-09T01:55:37.000Z</time>
        <extensions>
          <ns3:TrackPointExtension>
            <ns3:atemp>20.0</ns3:atemp>
            <ns3:hr>159</ns3:hr>
            <ns3:cad>80</ns3:cad>
          </ns3:TrackPointExtension>
        </extensions>
      </trkpt>
      <trkpt lat="37.76070856489241123199462890625" lon="-122.39833722822368144989013671875">
        <ele>48</ele>
        <time>2026-04-09T01:55:38.000Z</time>
        <extensions>
          <ns3:TrackPointExtension>
            <ns3:atemp>20.0</ns3:atemp>
            <ns3:hr>158</ns3:hr>
            <ns3:cad>80</ns3:cad>
          </ns3:TrackPointExtension>
        </extensions>
      </trkpt>
      <trkpt lat="37.760683335363864898681640625" lon="-122.39833991043269634246826171875">
        <ele>48.200000762939453125</ele>
        <time>2026-04-09T01:55:39.000Z</time>
        <extensions>
          <ns3:TrackPointExtension>
            <ns3:atemp>19.0</ns3:atemp>
            <ns3:hr>158</ns3:hr>
            <ns3:cad>80</ns3:cad>
          </ns3:TrackPointExtension>
        </extensions>
      </trkpt>
      <trkpt lat="37.76066078804433345794677734375" lon="-122.398338653147220611572265625">
        <ele>48.40000152587890625</ele>
        <time>2026-04-09T01:55:40.000Z</time>
        <extensions>
          <ns3:TrackPointExtension>
            <ns3:atemp>19.0</ns3:atemp>
            <ns3:hr>158</ns3:hr>
            <ns3:cad>80</ns3:cad>
          </ns3:TrackPointExtension>
        </extensions>
      </trkpt>
      <trkpt lat="37.76065341196954250335693359375" lon="-122.39833873696625232696533203125">
        <ele>48.59999847412109375</ele>
        <time>2026-04-09T01:55:41.000Z</time>
        <extensions>
          <ns3:TrackPointExtension>
            <ns3:atemp>19.0</ns3:atemp>
            <ns3:hr>158</ns3:hr>
            <ns3:cad>80</ns3:cad>
          </ns3:TrackPointExtension>
        </extensions>
      </trkpt>
      <trkpt lat="37.76063916273415088653564453125" lon="-122.398338653147220611572265625">
        <ele>48.799999237060546875</ele>
        <time>2026-04-09T01:55:42.000Z</time>
        <extensions>
          <ns3:TrackPointExtension>
            <ns3:atemp>19.0</ns3:atemp>
            <ns3:hr>158</ns3:hr>
            <ns3:cad>80</ns3:cad>
          </ns3:TrackPointExtension>
        </extensions>
      </trkpt>
      <trkpt lat="37.76062524877488613128662109375" lon="-122.3983398266136646270751953125">
        <ele>49</ele>
        <time>2026-04-09T01:55:43.000Z</time>
        <extensions>
          <ns3:TrackPointExtension>
            <ns3:atemp>20.0</ns3:atemp>
            <ns3:hr>158</ns3:hr>
            <ns3:cad>80</ns3:cad>
          </ns3:TrackPointExtension>
        </extensions>
      </trkpt>
      <trkpt lat="37.76060856878757476806640625" lon="-122.39833940751850605010986328125">
        <ele>49.200000762939453125</ele>
        <time>2026-04-09T01:55:44.000Z</time>
        <extensions>
          <ns3:TrackPointExtension>
            <ns3:atemp>19.0</ns3:atemp>
            <ns3:hr>158</ns3:hr>
            <ns3:cad>80</ns3:cad>
          </ns3:TrackPointExtension>
        </extensions>
      </trkpt>
      <trkpt lat="37.76060077361762523651123046875" lon="-122.398347370326519012451171875">
        <ele>49.40000152587890625</ele>
        <time>2026-04-09T01:55:45.000Z</time>
        <extensions>
          <ns3:TrackPointExtension>
            <ns3:atemp>19.0</ns3:atemp>
            <ns3:hr>158</ns3:hr>
            <ns3:cad>80</ns3:cad>
          </ns3:TrackPointExtension>
        </extensions>
      </trkpt>
      <trkpt lat="37.76059524156153202056884765625" lon="-122.398342676460742950439453125">
        <ele>49.59999847412109375</ele>
        <time>2026-04-09T01:55:46.000Z</time>
        <extensions>
          <ns3:TrackPointExtension>
            <ns3:atemp>19.0</ns3:atemp>
            <ns3:hr>158</ns3:hr>
            <ns3:cad>80</ns3:cad>
          </ns3:TrackPointExtension>
        </extensions>
      </trkpt>
      <trkpt lat="37.76058250106871128082275390625" lon="-122.398346699774265289306640625">
        <ele>49.799999237060546875</ele>
        <time>2026-04-09T01:55:47.000Z</time>
        <extensions>
          <ns3:TrackPointExtension>
            <ns3:atemp>19.0</ns3:atemp>
            <ns3:hr>159</ns3:hr>
            <ns3:cad>75</ns3:cad>
          </ns3:TrackPointExtension>
        </extensions>
      </trkpt>
      <trkpt lat="37.76056967675685882568359375" lon="-122.39835080690681934356689453125">
        <ele>50</ele>
        <time>2026-04-09T01:55:48.000Z</time>
        <extensions>
          <ns3:TrackPointExtension>
            <ns3:atemp>19.0</ns3:atemp>
            <ns3:hr>158</ns3:hr>
            <ns3:cad>75</ns3:cad>
          </ns3:TrackPointExtension>
        </extensions>
      </trkpt>
      <trkpt lat="37.760553248226642608642578125" lon="-122.3983438499271869659423828125">
        <ele>50.200000762939453125</ele>
        <time>2026-04-09T01:55:49.000Z</time>
        <extensions>
          <ns3:TrackPointExtension>
            <ns3:atemp>19.0</ns3:atemp>
            <ns3:hr>158</ns3:hr>
            <ns3:cad>75</ns3:cad>
          </ns3:TrackPointExtension>
        </extensions>
      </trkpt>
      <trkpt lat="37.76055282913148403167724609375" lon="-122.39833706058561801910400390625">
        <ele>50.59999847412109375</ele>
        <time>2026-04-09T01:55:50.000Z</time>
        <extensions>
          <ns3:TrackPointExtension>
            <ns3:atemp>19.0</ns3:atemp>
            <ns3:hr>158</ns3:hr>
            <ns3:cad>75</ns3:cad>
          </ns3:TrackPointExtension>
        </extensions>
      </trkpt>
      <trkpt lat="37.76054427959024906158447265625" lon="-122.398325912654399871826171875">
        <ele>50.799999237060546875</ele>
        <time>2026-04-09T01:55:51.000Z</time>
        <extensions>
          <ns3:TrackPointExtension>
            <ns3:atemp>19.0</ns3:atemp>
            <ns3:hr>158</ns3:hr>
            <ns3:cad>76</ns3:cad>
          </ns3:TrackPointExtension>
        </extensions>
      </trkpt>
      <trkpt lat="37.7605354785919189453125" lon="-122.39830386824905872344970703125">
        <ele>51</ele>
        <time>2026-04-09T01:55:52.000Z</time>
        <extensions>
          <ns3:TrackPointExtension>
            <ns3:atemp>19.0</ns3:atemp>
            <ns3:hr>157</ns3:hr>
            <ns3:cad>76</ns3:cad>
          </ns3:TrackPointExtension>
        </extensions>
      </trkpt>
      <trkpt lat="37.7605326287448406219482421875" lon="-122.39829263649880886077880859375">
        <ele>51.200000762939453125</ele>
        <time>2026-04-09T01:55:53.000Z</time>
        <extensions>
          <ns3:TrackPointExtension>
            <ns3:atemp>19.0</ns3:atemp>
            <ns3:hr>156</ns3:hr>
            <ns3:cad>76</ns3:cad>
          </ns3:TrackPointExtension>
        </extensions>
      </trkpt>
      <trkpt lat="37.76052676141262054443359375" lon="-122.3982828296720981597900390625">
        <ele>51.40000152587890625</ele>
        <time>2026-04-09T01:55:54.000Z</time>
        <extensions>
          <ns3:TrackPointExtension>
            <ns3:atemp>19.0</ns3:atemp>
            <ns3:hr>156</ns3:hr>
            <ns3:cad>76</ns3:cad>
          </ns3:TrackPointExtension>
        </extensions>
      </trkpt>
      <trkpt lat="37.760517038404941558837890625" lon="-122.39826899953186511993408203125">
        <ele>51.40000152587890625</ele>
        <time>2026-04-09T01:55:55.000Z</time>
        <extensions>
          <ns3:TrackPointExtension>
            <ns3:atemp>19.0</ns3:atemp>
            <ns3:hr>156</ns3:hr>
            <ns3:cad>77</ns3:cad>
          </ns3:TrackPointExtension>
        </extensions>
      </trkpt>
      <trkpt lat="37.76051159016788005828857421875" lon="-122.39826899953186511993408203125">
        <ele>51.40000152587890625</ele>
        <time>2026-04-09T01:55:56.000Z</time>
        <extensions>
          <ns3:TrackPointExtension>
            <ns3:atemp>19.0</ns3:atemp>
            <ns3:hr>156</ns3:hr>
            <ns3:cad>77</ns3:cad>
          </ns3:TrackPointExtension>
        </extensions>
      </trkpt>
      <trkpt lat="37.76050924323499202728271484375" lon="-122.39827687852084636688232421875">
        <ele>51.40000152587890625</ele>
        <time>2026-04-09T01:55:57.000Z</time>
        <extensions>
          <ns3:TrackPointExtension>
            <ns3:atemp>19.0</ns3:atemp>
            <ns3:hr>156</ns3:hr>
            <ns3:cad>77</ns3:cad>
          </ns3:TrackPointExtension>
        </extensions>
      </trkpt>
      <trkpt lat="37.7605068124830722808837890625" lon="-122.398295737802982330322265625">
        <ele>51.40000152587890625</ele>
        <time>2026-04-09T01:55:58.000Z</time>
        <extensions>
          <ns3:TrackPointExtension>
            <ns3:atemp>19.0</ns3:atemp>
            <ns3:hr>155</ns3:hr>
            <ns3:cad>77</ns3:cad>
          </ns3:TrackPointExtension>
        </extensions>
      </trkpt>
      <trkpt lat="37.760496921837329864501953125" lon="-122.3983109928667545318603515625">
        <ele>51.59999847412109375</ele>
        <time>2026-04-09T01:55:59.000Z</time>
        <extensions>
          <ns3:TrackPointExtension>
            <ns3:atemp>19.0</ns3:atemp>
            <ns3:hr>155</ns3:hr>
            <ns3:cad>77</ns3:cad>
          </ns3:TrackPointExtension>
        </extensions>
      </trkpt>
      <trkpt lat="37.7604925632476806640625" lon="-122.39831124432384967803955078125">
        <ele>51.799999237060546875</ele>
        <time>2026-04-09T01:56:00.000Z</time>
        <extensions>
          <ns3:TrackPointExtension>
            <ns3:atemp>19.0</ns3:atemp>
            <ns3:hr>155</ns3:hr>
            <ns3:cad>78</ns3:cad>
          </ns3:TrackPointExtension>
        </extensions>
      </trkpt>
      <trkpt lat="37.76048158295452594757080078125" lon="-122.398314177989959716796875">
        <ele>52</ele>
        <time>2026-04-09T01:56:01.000Z</time>
        <extensions>
          <ns3:TrackPointExtension>
            <ns3:atemp>19.0</ns3:atemp>
            <ns3:hr>155</ns3:hr>
            <ns3:cad>78</ns3:cad>
          </ns3:TrackPointExtension>
        </extensions>
      </trkpt>
      <trkpt lat="37.76046582497656345367431640625" lon="-122.39831493236124515533447265625">
        <ele>52.200000762939453125</ele>
        <time>2026-04-09T01:56:02.000Z</time>
        <extensions>
          <ns3:TrackPointExtension>
            <ns3:atemp>19.0</ns3:atemp>
            <ns3:hr>155</ns3:hr>
            <ns3:cad>78</ns3:cad>
          </ns3:TrackPointExtension>
        </extensions>
      </trkpt>
      <trkpt lat="37.7604635618627071380615234375" lon="-122.39831727929413318634033203125">
        <ele>52.40000152587890625</ele>
        <time>2026-04-09T01:56:03.000Z</time>
        <extensions>
          <ns3:TrackPointExtension>
            <ns3:atemp>19.0</ns3:atemp>
            <ns3:hr>155</ns3:hr>
            <ns3:cad>78</ns3:cad>
          </ns3:TrackPointExtension>
        </extensions>
      </trkpt>
      <trkpt lat="37.7604585327208042144775390625" lon="-122.39832381717860698699951171875">
        <ele>52.59999847412109375</ele>
        <time>2026-04-09T01:56:04.000Z</time>
        <extensions>
          <ns3:TrackPointExtension>
            <ns3:atemp>19.0</ns3:atemp>
            <ns3:hr>154</ns3:hr>
            <ns3:cad>78</ns3:cad>
          </ns3:TrackPointExtension>
        </extensions>
      </trkpt>
      <trkpt lat="37.7604441158473491668701171875" lon="-122.39833169616758823394775390625">
        <ele>52.799999237060546875</ele>
        <time>2026-04-09T01:56:05.000Z</time>
        <extensions>
          <ns3:TrackPointExtension>
            <ns3:atemp>19.0</ns3:atemp>
            <ns3:hr>154</ns3:hr>
            <ns3:cad>78</ns3:cad>
          </ns3:TrackPointExtension>
        </extensions>
      </trkpt>
      <trkpt lat="37.760436236858367919921875" lon="-122.39832934923470020294189453125">
        <ele>53</ele>
        <time>2026-04-09T01:56:06.000Z</time>
        <extensions>
          <ns3:TrackPointExtension>
            <ns3:atemp>19.0</ns3:atemp>
            <ns3:hr>154</ns3:hr>
            <ns3:cad>77</ns3:cad>
          </ns3:TrackPointExtension>
        </extensions>
      </trkpt>
      <trkpt lat="37.76043615303933620452880859375" lon="-122.39832867868244647979736328125">
        <ele>53.200000762939453125</ele>
        <time>2026-04-09T01:56:07.000Z</time>
        <extensions>
          <ns3:TrackPointExtension>
            <ns3:atemp>19.0</ns3:atemp>
            <ns3:hr>153</ns3:hr>
            <ns3:cad>77</ns3:cad>
          </ns3:TrackPointExtension>
        </extensions>
      </trkpt>
      <trkpt lat="37.76042140088975429534912109375" lon="-122.398327924311161041259765625">
        <ele>53.200000762939453125</ele>
        <time>2026-04-09T01:56:08.000Z</time>
        <extensions>
          <ns3:TrackPointExtension>
            <ns3:atemp>19.0</ns3:atemp>
            <ns3:hr>153</ns3:hr>
            <ns3:cad>77</ns3:cad>
          </ns3:TrackPointExtension>
        </extensions>
      </trkpt>
      <trkpt lat="37.76040111668407917022705078125" lon="-122.3983274213969707489013671875">
        <ele>53.40000152587890625</ele>
        <time>2026-04-09T01:56:09.000Z</time>
        <extensions>
          <ns3:TrackPointExtension>
            <ns3:atemp>19.0</ns3:atemp>
            <ns3:hr>152</ns3:hr>
            <ns3:cad>77</ns3:cad>
          </ns3:TrackPointExtension>
        </extensions>
      </trkpt>
      <trkpt lat="37.76039524935185909271240234375" lon="-122.39832021296024322509765625">
        <ele>53.59999847412109375</ele>
        <time>2026-04-09T01:56:10.000Z</time>
        <extensions>
          <ns3:TrackPointExtension>
            <ns3:atemp>19.0</ns3:atemp>
            <ns3:hr>152</ns3:hr>
            <ns3:cad>77</ns3:cad>
          </ns3:TrackPointExtension>
        </extensions>
      </trkpt>
      <trkpt lat="37.76038452051579952239990234375" lon="-122.39832180552184581756591796875">
        <ele>53.799999237060546875</ele>
        <time>2026-04-09T01:56:11.000Z</time>
        <extensions>
          <ns3:TrackPointExtension>
            <ns3:atemp>19.0</ns3:atemp>
            <ns3:hr>152</ns3:hr>
            <ns3:cad>78</ns3:cad>
          </ns3:TrackPointExtension>
        </extensions>
      </trkpt>
      <trkpt lat="37.7603638172149658203125" lon="-122.3983200453221797943115234375">
        <ele>54</ele>
        <time>2026-04-09T01:56:12.000Z</time>
        <extensions>
          <ns3:TrackPointExtension>
            <ns3:atemp>19.0</ns3:atemp>
            <ns3:hr>151</ns3:hr>
            <ns3:cad>78</ns3:cad>
          </ns3:TrackPointExtension>
        </extensions>
      </trkpt>
      <trkpt lat="37.760345041751861572265625" lon="-122.39831945858895778656005859375">
        <ele>54.40000152587890625</ele>
        <time>2026-04-09T01:56:13.000Z</time>
        <extensions>
          <ns3:TrackPointExtension>
            <ns3:atemp>19.0</ns3:atemp>
            <ns3:hr>151</ns3:hr>
            <ns3:cad>78</ns3:cad>
          </ns3:TrackPointExtension>
        </extensions>
      </trkpt>
      <trkpt lat="37.76033339090645313262939453125" lon="-122.39832381717860698699951171875">
        <ele>54.59999847412109375</ele>
        <time>2026-04-09T01:56:14.000Z</time>
        <extensions>
          <ns3:TrackPointExtension>
            <ns3:atemp>19.0</ns3:atemp>
            <ns3:hr>151</ns3:hr>
            <ns3:cad>77</ns3:cad>
          </ns3:TrackPointExtension>
        </extensions>
      </trkpt>
      <trkpt lat="37.7603073231875896453857421875" lon="-122.3983227275311946868896484375">
        <ele>55</ele>
        <time>2026-04-09T01:56:15.000Z</time>
        <extensions>
          <ns3:TrackPointExtension>
            <ns3:atemp>19.0</ns3:atemp>
            <ns3:hr>151</ns3:hr>
            <ns3:cad>77</ns3:cad>
          </ns3:TrackPointExtension>
        </extensions>
      </trkpt>
      <trkpt lat="37.76028661988675594329833984375" lon="-122.39831895567476749420166015625">
        <ele>55.40000152587890625</ele>
        <time>2026-04-09T01:56:16.000Z</time>
        <extensions>
          <ns3:TrackPointExtension>
            <ns3:atemp>19.0</ns3:atemp>
            <ns3:hr>151</ns3:hr>
            <ns3:cad>77</ns3:cad>
          </ns3:TrackPointExtension>
        </extensions>
      </trkpt>
      <trkpt lat="37.7602734602987766265869140625" lon="-122.398313842713832855224609375">
        <ele>55.799999237060546875</ele>
        <time>2026-04-09T01:56:17.000Z</time>
        <extensions>
          <ns3:TrackPointExtension>
            <ns3:atemp>19.0</ns3:atemp>
            <ns3:hr>151</ns3:hr>
            <ns3:cad>78</ns3:cad>
          </ns3:TrackPointExtension>
        </extensions>
      </trkpt>
      <trkpt lat="37.76024756021797657012939453125" lon="-122.39830906502902507781982421875">
        <ele>56.200000762939453125</ele>
        <time>2026-04-09T01:56:18.000Z</time>
        <extensions>
          <ns3:TrackPointExtension>
            <ns3:atemp>19.0</ns3:atemp>
            <ns3:hr>151</ns3:hr>
            <ns3:cad>79</ns3:cad>
          </ns3:TrackPointExtension>
        </extensions>
      </trkpt>
      <trkpt lat="37.7602258510887622833251953125" lon="-122.398304454982280731201171875">
        <ele>56.59999847412109375</ele>
        <time>2026-04-09T01:56:19.000Z</time>
        <extensions>
          <ns3:TrackPointExtension>
            <ns3:atemp>19.0</ns3:atemp>
            <ns3:hr>151</ns3:hr>
            <ns3:cad>79</ns3:cad>
          </ns3:TrackPointExtension>
        </extensions>
      </trkpt>
      <trkpt lat="37.76020950637757778167724609375" lon="-122.39830504171550273895263671875">
        <ele>57.200000762939453125</ele>
        <time>2026-04-09T01:56:20.000Z</time>
        <extensions>
          <ns3:TrackPointExtension>
            <ns3:atemp>19.0</ns3:atemp>
            <ns3:hr>151</ns3:hr>
            <ns3:cad>79</ns3:cad>
          </ns3:TrackPointExtension>
        </extensions>
      </trkpt>
      <trkpt lat="37.76018167845904827117919921875" lon="-122.39830814301967620849609375">
        <ele>57.59999847412109375</ele>
        <time>2026-04-09T01:56:21.000Z</time>
        <extensions>
          <ns3:TrackPointExtension>
            <ns3:atemp>19.0</ns3:atemp>
            <ns3:hr>151</ns3:hr>
            <ns3:cad>79</ns3:cad>
          </ns3:TrackPointExtension>
        </extensions>
      </trkpt>
      <trkpt lat="37.76016407646238803863525390625" lon="-122.39830604754388332366943359375">
        <ele>58</ele>
        <time>2026-04-09T01:56:22.000Z</time>
        <extensions>
          <ns3:TrackPointExtension>
            <ns3:atemp>19.0</ns3:atemp>
            <ns3:hr>151</ns3:hr>
            <ns3:cad>80</ns3:cad>
          </ns3:TrackPointExtension>
        </extensions>
      </trkpt>
      <trkpt lat="37.760144211351871490478515625" lon="-122.39830688573420047760009765625">
        <ele>58.40000152587890625</ele>
        <time>2026-04-09T01:56:23.000Z</time>
        <extensions>
          <ns3:TrackPointExtension>
            <ns3:atemp>19.0</ns3:atemp>
            <ns3:hr>152</ns3:hr>
            <ns3:cad>81</ns3:cad>
          </ns3:TrackPointExtension>
        </extensions>
      </trkpt>
      <trkpt lat="37.76012401096522808074951171875" lon="-122.39830839447677135467529296875">
        <ele>58.799999237060546875</ele>
        <time>2026-04-09T01:56:24.000Z</time>
        <extensions>
          <ns3:TrackPointExtension>
            <ns3:atemp>19.0</ns3:atemp>
            <ns3:hr>152</ns3:hr>
            <ns3:cad>83</ns3:cad>
          </ns3:TrackPointExtension>
        </extensions>
      </trkpt>
      <trkpt lat="37.760114036500453948974609375" lon="-122.398311160504817962646484375">
        <ele>59.40000152587890625</ele>
        <time>2026-04-09T01:56:25.000Z</time>
        <extensions>
          <ns3:TrackPointExtension>
            <ns3:atemp>19.0</ns3:atemp>
            <ns3:hr>152</ns3:hr>
            <ns3:cad>83</ns3:cad>
          </ns3:TrackPointExtension>
        </extensions>
      </trkpt>
      <trkpt lat="37.76009350083768367767333984375" lon="-122.39830487407743930816650390625">
        <ele>60</ele>
        <time>2026-04-09T01:56:26.000Z</time>
        <extensions>
          <ns3:TrackPointExtension>
            <ns3:atemp>19.0</ns3:atemp>
            <ns3:hr>153</ns3:hr>
            <ns3:cad>83</ns3:cad>
          </ns3:TrackPointExtension>
        </extensions>
      </trkpt>
      <trkpt lat="37.76006701402366161346435546875" lon="-122.39829380996525287628173828125">
        <ele>60.59999847412109375</ele>
        <time>2026-04-09T01:56:27.000Z</time>
        <extensions>
          <ns3:TrackPointExtension>
            <ns3:atemp>19.0</ns3:atemp>
            <ns3:hr>153</ns3:hr>
            <ns3:cad>81</ns3:cad>
          </ns3:TrackPointExtension>
        </extensions>
      </trkpt>
      <trkpt lat="37.76004622690379619598388671875" lon="-122.39829582162201404571533203125">
        <ele>61</ele>
        <time>2026-04-09T01:56:28.000Z</time>
        <extensions>
          <ns3:TrackPointExtension>
            <ns3:atemp>19.0</ns3:atemp>
            <ns3:hr>153</ns3:hr>
            <ns3:cad>81</ns3:cad>
          </ns3:TrackPointExtension>
        </extensions>
      </trkpt>
      <trkpt lat="37.76001739315688610076904296875" lon="-122.39830143749713897705078125">
        <ele>61.200000762939453125</ele>
        <time>2026-04-09T01:56:29.000Z</time>
        <extensions>
          <ns3:TrackPointExtension>
            <ns3:atemp>19.0</ns3:atemp>
            <ns3:hr>153</ns3:hr>
            <ns3:cad>81</ns3:cad>
          </ns3:TrackPointExtension>
        </extensions>
      </trkpt>
      <trkpt lat="37.75999811477959156036376953125" lon="-122.39829867146909236907958984375">
        <ele>61.200000762939453125</ele>
        <time>2026-04-09T01:56:30.000Z</time>
        <extensions>
          <ns3:TrackPointExtension>
            <ns3:atemp>19.0</ns3:atemp>
            <ns3:hr>153</ns3:hr>
            <ns3:cad>82</ns3:cad>
          </ns3:TrackPointExtension>
        </extensions>
      </trkpt>
      <trkpt lat="37.75996944867074489593505859375" lon="-122.3982992582023143768310546875">
        <ele>61.59999847412109375</ele>
        <time>2026-04-09T01:56:31.000Z</time>
        <extensions>
          <ns3:TrackPointExtension>
            <ns3:atemp>19.0</ns3:atemp>
            <ns3:hr>153</ns3:hr>
            <ns3:cad>82</ns3:cad>
          </ns3:TrackPointExtension>
        </extensions>
      </trkpt>
      <trkpt lat="37.759934999048709869384765625" lon="-122.39829649217426776885986328125">
        <ele>61.59999847412109375</ele>
        <time>2026-04-09T01:56:32.000Z</time>
        <extensions>
          <ns3:TrackPointExtension>
            <ns3:atemp>19.0</ns3:atemp>
            <ns3:hr>154</ns3:hr>
            <ns3:cad>82</ns3:cad>
          </ns3:TrackPointExtension>
        </extensions>
      </trkpt>
      <trkpt lat="37.75990775786340236663818359375" lon="-122.39830018021166324615478515625">
        <ele>61.799999237060546875</ele>
        <time>2026-04-09T01:56:33.000Z</time>
        <extensions>
          <ns3:TrackPointExtension>
            <ns3:atemp>19.0</ns3:atemp>
            <ns3:hr>154</ns3:hr>
            <ns3:cad>83</ns3:cad>
          </ns3:TrackPointExtension>
        </extensions>
      </trkpt>
      <trkpt lat="37.75986283086240291595458984375" lon="-122.39829917438328266143798828125">
        <ele>61.799999237060546875</ele>
        <time>2026-04-09T01:56:34.000Z</time>
        <extensions>
          <ns3:TrackPointExtension>
            <ns3:atemp>19.0</ns3:atemp>
            <ns3:hr>155</ns3:hr>
            <ns3:cad>82</ns3:cad>
          </ns3:TrackPointExtension>
        </extensions>
      </trkpt>
      <trkpt lat="37.75983341038227081298828125" lon="-122.3982982523739337921142578125">
        <ele>62</ele>
        <time>2026-04-09T01:56:35.000Z</time>
        <extensions>
          <ns3:TrackPointExtension>
            <ns3:atemp>19.0</ns3:atemp>
            <ns3:hr>156</ns3:hr>
            <ns3:cad>82</ns3:cad>
          </ns3:TrackPointExtension>
        </extensions>
      </trkpt>
      <trkpt lat="37.7597980387508869171142578125" lon="-122.39829833619296550750732421875">
        <ele>62.40000152587890625</ele>
        <time>2026-04-09T01:56:36.000Z</time>
        <extensions>
          <ns3:TrackPointExtension>
            <ns3:atemp>19.0</ns3:atemp>
            <ns3:hr>156</ns3:hr>
            <ns3:cad>82</ns3:cad>
          </ns3:TrackPointExtension>
        </extensions>
      </trkpt>
      <trkpt lat="37.7597651816904544830322265625" lon="-122.398292385041713714599609375">
        <ele>62.59999847412109375</ele>
        <time>2026-04-09T01:56:37.000Z</time>
        <extensions>
          <ns3:TrackPointExtension>
            <ns3:atemp>19.0</ns3:atemp>
            <ns3:hr>157</ns3:hr>
            <ns3:cad>84</ns3:cad>
          </ns3:TrackPointExtension>
        </extensions>
      </trkpt>
      <trkpt lat="37.75975302793085575103759765625" lon="-122.3982865177094936370849609375">
        <ele>62.799999237060546875</ele>
        <time>2026-04-09T01:56:38.000Z</time>
        <extensions>
          <ns3:TrackPointExtension>
            <ns3:atemp>19.0</ns3:atemp>
            <ns3:hr>158</ns3:hr>
            <ns3:cad>84</ns3:cad>
          </ns3:TrackPointExtension>
        </extensions>
      </trkpt>
      <trkpt lat="37.75973391719162464141845703125" lon="-122.39827687852084636688232421875">
        <ele>62.799999237060546875</ele>
        <time>2026-04-09T01:56:39.000Z</time>
        <extensions>
          <ns3:TrackPointExtension>
            <ns3:atemp>19.0</ns3:atemp>
            <ns3:hr>159</ns3:hr>
            <ns3:cad>84</ns3:cad>
          </ns3:TrackPointExtension>
        </extensions>
      </trkpt>
      <trkpt lat="37.75971715338528156280517578125" lon="-122.39827570505440235137939453125">
        <ele>63.200000762939453125</ele>
        <time>2026-04-09T01:56:40.000Z</time>
        <extensions>
          <ns3:TrackPointExtension>
            <ns3:atemp>19.0</ns3:atemp>
            <ns3:hr>159</ns3:hr>
            <ns3:cad>83</ns3:cad>
          </ns3:TrackPointExtension>
        </extensions>
      </trkpt>
      <trkpt lat="37.75970592163503170013427734375" lon="-122.3982788063585758209228515625">
        <ele>63.40000152587890625</ele>
        <time>2026-04-09T01:56:41.000Z</time>
        <extensions>
          <ns3:TrackPointExtension>
            <ns3:atemp>19.0</ns3:atemp>
            <ns3:hr>160</ns3:hr>
            <ns3:cad>83</ns3:cad>
          </ns3:TrackPointExtension>
        </extensions>
      </trkpt>
      <trkpt lat="37.7596894092857837677001953125" lon="-122.39827503450214862823486328125">
        <ele>63.799999237060546875</ele>
        <time>2026-04-09T01:56:42.000Z</time>
        <extensions>
          <ns3:TrackPointExtension>
            <ns3:atemp>19.0</ns3:atemp>
            <ns3:hr>161</ns3:hr>
            <ns3:cad>83</ns3:cad>
          </ns3:TrackPointExtension>
        </extensions>
      </trkpt>
      <trkpt lat="37.7596713043749332427978515625" lon="-122.3982761241495609283447265625">
        <ele>64.1999969482421875</ele>
        <time>2026-04-09T01:56:43.000Z</time>
        <extensions>
          <ns3:TrackPointExtension>
            <ns3:atemp>19.0</ns3:atemp>
            <ns3:hr>161</ns3:hr>
            <ns3:cad>83</ns3:cad>
          </ns3:TrackPointExtension>
        </extensions>
      </trkpt>
      <trkpt lat="37.75967189110815525054931640625" lon="-122.39827436394989490509033203125">
        <ele>64.59999847412109375</ele>
        <time>2026-04-09T01:56:44.000Z</time>
        <extensions>
          <ns3:TrackPointExtension>
            <ns3:atemp>19.0</ns3:atemp>
            <ns3:hr>161</ns3:hr>
            <ns3:cad>82</ns3:cad>
          </ns3:TrackPointExtension>
        </extensions>
      </trkpt>
      <trkpt lat="37.75966099463403224945068359375" lon="-122.39827419631183147430419921875">
        <ele>64.8000030517578125</ele>
        <time>2026-04-09T01:56:45.000Z</time>
        <extensions>
          <ns3:TrackPointExtension>
            <ns3:atemp>19.0</ns3:atemp>
            <ns3:hr>161</ns3:hr>
            <ns3:cad>80</ns3:cad>
          </ns3:TrackPointExtension>
        </extensions>
      </trkpt>
      <trkpt lat="37.75964305736124515533447265625" lon="-122.39827788434922695159912109375">
        <ele>64.8000030517578125</ele>
        <time>2026-04-09T01:56:46.000Z</time>
        <extensions>
          <ns3:TrackPointExtension>
            <ns3:atemp>19.0</ns3:atemp>
            <ns3:hr>161</ns3:hr>
            <ns3:cad>80</ns3:cad>
          </ns3:TrackPointExtension>
        </extensions>
      </trkpt>
      <trkpt lat="37.75963484309613704681396484375" lon="-122.39828073419630527496337890625">
        <ele>64.8000030517578125</ele>
        <time>2026-04-09T01:56:47.000Z</time>
        <extensions>
          <ns3:TrackPointExtension>
            <ns3:atemp>19.0</ns3:atemp>
            <ns3:hr>161</ns3:hr>
            <ns3:cad>77</ns3:cad>
          </ns3:TrackPointExtension>
        </extensions>
      </trkpt>
      <trkpt lat="37.7596270479261875152587890625" lon="-122.39828643389046192169189453125">
        <ele>64.8000030517578125</ele>
        <time>2026-04-09T01:56:48.000Z</time>
        <extensions>
          <ns3:TrackPointExtension>
            <ns3:atemp>19.0</ns3:atemp>
            <ns3:hr>160</ns3:hr>
            <ns3:cad>77</ns3:cad>
          </ns3:TrackPointExtension>
        </extensions>
      </trkpt>
      <trkpt lat="37.7596114575862884521484375" lon="-122.39828936755657196044921875">
        <ele>64.8000030517578125</ele>
        <time>2026-04-09T01:56:49.000Z</time>
        <extensions>
          <ns3:TrackPointExtension>
            <ns3:atemp>19.0</ns3:atemp>
            <ns3:hr>160</ns3:hr>
            <ns3:cad>77</ns3:cad>
          </ns3:TrackPointExtension>
        </extensions>
      </trkpt>
      <trkpt lat="37.75960232131183147430419921875" lon="-122.39828492514789104461669921875">
        <ele>65</ele>
        <time>2026-04-09T01:56:50.000Z</time>
        <extensions>
          <ns3:TrackPointExtension>
            <ns3:atemp>19.0</ns3:atemp>
            <ns3:hr>160</ns3:hr>
            <ns3:cad>77</ns3:cad>
          </ns3:TrackPointExtension>
        </extensions>
      </trkpt>
      <trkpt lat="37.75959511287510395050048828125" lon="-122.39828727208077907562255859375">
        <ele>65.1999969482421875</ele>
        <time>2026-04-09T01:56:51.000Z</time>
        <extensions>
          <ns3:TrackPointExtension>
            <ns3:atemp>19.0</ns3:atemp>
            <ns3:hr>159</ns3:hr>
            <ns3:cad>77</ns3:cad>
          </ns3:TrackPointExtension>
        </extensions>
      </trkpt>
      <trkpt lat="37.75958254002034664154052734375" lon="-122.39828878082334995269775390625">
        <ele>65.40000152587890625</ele>
        <time>2026-04-09T01:56:52.000Z</time>
        <extensions>
          <ns3:TrackPointExtension>
            <ns3:atemp>19.0</ns3:atemp>
            <ns3:hr>159</ns3:hr>
            <ns3:cad>77</ns3:cad>
          </ns3:TrackPointExtension>
        </extensions>
      </trkpt>
      <trkpt lat="37.75956653058528900146484375" lon="-122.39828492514789104461669921875">
        <ele>65.59999847412109375</ele>
        <time>2026-04-09T01:56:53.000Z</time>
        <extensions>
          <ns3:TrackPointExtension>
            <ns3:atemp>19.0</ns3:atemp>
            <ns3:hr>159</ns3:hr>
            <ns3:cad>77</ns3:cad>
          </ns3:TrackPointExtension>
        </extensions>
      </trkpt>
      <trkpt lat="37.75955622084438800811767578125" lon="-122.3982888646423816680908203125">
        <ele>65.59999847412109375</ele>
        <time>2026-04-09T01:56:54.000Z</time>
        <extensions>
          <ns3:TrackPointExtension>
            <ns3:atemp>19.0</ns3:atemp>
            <ns3:hr>158</ns3:hr>
            <ns3:cad>77</ns3:cad>
          </ns3:TrackPointExtension>
        </extensions>
      </trkpt>
      <trkpt lat="37.75954465381801128387451171875" lon="-122.39829129539430141448974609375">
        <ele>65.8000030517578125</ele>
        <time>2026-04-09T01:56:55.000Z</time>
        <extensions>
          <ns3:TrackPointExtension>
            <ns3:atemp>19.0</ns3:atemp>
            <ns3:hr>158</ns3:hr>
            <ns3:cad>77</ns3:cad>
          </ns3:TrackPointExtension>
        </extensions>
      </trkpt>
      <trkpt lat="37.7595274709165096282958984375" lon="-122.3982878588140010833740234375">
        <ele>66</ele>
        <time>2026-04-09T01:56:56.000Z</time>
        <extensions>
          <ns3:TrackPointExtension>
            <ns3:atemp>19.0</ns3:atemp>
            <ns3:hr>158</ns3:hr>
            <ns3:cad>78</ns3:cad>
          </ns3:TrackPointExtension>
        </extensions>
      </trkpt>
      <trkpt lat="37.759520597755908966064453125" lon="-122.39828626625239849090576171875">
        <ele>66.1999969482421875</ele>
        <time>2026-04-09T01:56:57.000Z</time>
        <extensions>
          <ns3:TrackPointExtension>
            <ns3:atemp>19.0</ns3:atemp>
            <ns3:hr>158</ns3:hr>
            <ns3:cad>78</ns3:cad>
          </ns3:TrackPointExtension>
        </extensions>
      </trkpt>
      <trkpt lat="37.7595086954534053802490234375" lon="-122.3982871882617473602294921875">
        <ele>66.40000152587890625</ele>
        <time>2026-04-09T01:56:58.000Z</time>
        <extensions>
          <ns3:TrackPointExtension>
            <ns3:atemp>19.0</ns3:atemp>
            <ns3:hr>157</ns3:hr>
            <ns3:cad>79</ns3:cad>
          </ns3:TrackPointExtension>
        </extensions>
      </trkpt>
      <trkpt lat="37.75949151255190372467041015625" lon="-122.398287020623683929443359375">
        <ele>66.59999847412109375</ele>
        <time>2026-04-09T01:56:59.000Z</time>
        <extensions>
          <ns3:TrackPointExtension>
            <ns3:atemp>19.0</ns3:atemp>
            <ns3:hr>157</ns3:hr>
            <ns3:cad>79</ns3:cad>
          </ns3:TrackPointExtension>
        </extensions>
      </trkpt>
      <trkpt lat="37.75948296301066875457763671875" lon="-122.39828257821500301361083984375">
        <ele>66.8000030517578125</ele>
        <time>2026-04-09T01:57:00.000Z</time>
        <extensions>
          <ns3:TrackPointExtension>
            <ns3:atemp>19.0</ns3:atemp>
            <ns3:hr>157</ns3:hr>
            <ns3:cad>78</ns3:cad>
          </ns3:TrackPointExtension>
        </extensions>
      </trkpt>
      <trkpt lat="37.75947256945073604583740234375" lon="-122.3982818238437175750732421875">
        <ele>67</ele>
        <time>2026-04-09T01:57:01.000Z</time>
        <extensions>
          <ns3:TrackPointExtension>
            <ns3:atemp>19.0</ns3:atemp>
            <ns3:hr>157</ns3:hr>
            <ns3:cad>78</ns3:cad>
          </ns3:TrackPointExtension>
        </extensions>
      </trkpt>
      <trkpt lat="37.759454548358917236328125" lon="-122.398281656205654144287109375">
        <ele>67.1999969482421875</ele>
        <time>2026-04-09T01:57:02.000Z</time>
        <extensions>
          <ns3:TrackPointExtension>
            <ns3:atemp>19.0</ns3:atemp>
            <ns3:hr>156</ns3:hr>
            <ns3:cad>78</ns3:cad>
          </ns3:TrackPointExtension>
        </extensions>
      </trkpt>
      <trkpt lat="37.75944650173187255859375" lon="-122.398276627063751220703125">
        <ele>67.40000152587890625</ele>
        <time>2026-04-09T01:57:03.000Z</time>
        <extensions>
          <ns3:TrackPointExtension>
            <ns3:atemp>19.0</ns3:atemp>
            <ns3:hr>156</ns3:hr>
            <ns3:cad>79</ns3:cad>
          </ns3:TrackPointExtension>
        </extensions>
      </trkpt>
      <trkpt lat="37.75943434797227382659912109375" lon="-122.39827436394989490509033203125">
        <ele>67.8000030517578125</ele>
        <time>2026-04-09T01:57:04.000Z</time>
        <extensions>
          <ns3:TrackPointExtension>
            <ns3:atemp>19.0</ns3:atemp>
            <ns3:hr>156</ns3:hr>
            <ns3:cad>80</ns3:cad>
          </ns3:TrackPointExtension>
        </extensions>
      </trkpt>
      <trkpt lat="37.75941758416593074798583984375" lon="-122.39827721379697322845458984375">
        <ele>68</ele>
        <time>2026-04-09T01:57:05.000Z</time>
        <extensions>
          <ns3:TrackPointExtension>
            <ns3:atemp>19.0</ns3:atemp>
            <ns3:hr>155</ns3:hr>
            <ns3:cad>80</ns3:cad>
          </ns3:TrackPointExtension>
        </extensions>
      </trkpt>
      <trkpt lat="37.75940551422536373138427734375" lon="-122.39827184937894344329833984375">
        <ele>68.1999969482421875</ele>
        <time>2026-04-09T01:57:06.000Z</time>
        <extensions>
          <ns3:TrackPointExtension>
            <ns3:atemp>19.0</ns3:atemp>
            <ns3:hr>155</ns3:hr>
            <ns3:cad>79</ns3:cad>
          </ns3:TrackPointExtension>
        </extensions>
      </trkpt>
      <trkpt lat="37.75939310900866985321044921875" lon="-122.39827922545373439788818359375">
        <ele>68.40000152587890625</ele>
        <time>2026-04-09T01:57:07.000Z</time>
        <extensions>
          <ns3:TrackPointExtension>
            <ns3:atemp>19.0</ns3:atemp>
            <ns3:hr>155</ns3:hr>
            <ns3:cad>79</ns3:cad>
          </ns3:TrackPointExtension>
        </extensions>
      </trkpt>
      <trkpt lat="37.759381122887134552001953125" lon="-122.39828006364405155181884765625">
        <ele>68.59999847412109375</ele>
        <time>2026-04-09T01:57:08.000Z</time>
        <extensions>
          <ns3:TrackPointExtension>
            <ns3:atemp>19.0</ns3:atemp>
            <ns3:hr>154</ns3:hr>
            <ns3:cad>79</ns3:cad>
          </ns3:TrackPointExtension>
        </extensions>
      </trkpt>
      <trkpt lat="37.75937450118362903594970703125" lon="-122.3982637189328670501708984375">
        <ele>68.8000030517578125</ele>
        <time>2026-04-09T01:57:09.000Z</time>
        <extensions>
          <ns3:TrackPointExtension>
            <ns3:atemp>19.0</ns3:atemp>
            <ns3:hr>154</ns3:hr>
            <ns3:cad>79</ns3:cad>
          </ns3:TrackPointExtension>
        </extensions>
      </trkpt>
      <trkpt lat="37.75937139987945556640625" lon="-122.39826715551316738128662109375">
        <ele>68.8000030517578125</ele>
        <time>2026-04-09T01:57:10.000Z</time>
        <extensions>
          <ns3:TrackPointExtension>
            <ns3:atemp>19.0</ns3:atemp>
            <ns3:hr>153</ns3:hr>
            <ns3:cad>80</ns3:cad>
          </ns3:TrackPointExtension>
        </extensions>
      </trkpt>
      <trkpt lat="37.75936125777661800384521484375" lon="-122.398282326757907867431640625">
        <ele>69</ele>
        <time>2026-04-09T01:57:11.000Z</time>
        <extensions>
          <ns3:TrackPointExtension>
            <ns3:atemp>19.0</ns3:atemp>
            <ns3:hr>153</ns3:hr>
            <ns3:cad>80</ns3:cad>
          </ns3:TrackPointExtension>
        </extensions>
      </trkpt>
      <trkpt lat="37.75934080593287944793701171875" lon="-122.39828526042401790618896484375">
        <ele>69.1999969482421875</ele>
        <time>2026-04-09T01:57:12.000Z</time>
        <extensions>
          <ns3:TrackPointExtension>
            <ns3:atemp>19.0</ns3:atemp>
            <ns3:hr>153</ns3:hr>
            <ns3:cad>79</ns3:cad>
          </ns3:TrackPointExtension>
        </extensions>
      </trkpt>
      <trkpt lat="37.75933527387678623199462890625" lon="-122.3982734419405460357666015625">
        <ele>69.59999847412109375</ele>
        <time>2026-04-09T01:57:13.000Z</time>
        <extensions>
          <ns3:TrackPointExtension>
            <ns3:atemp>19.0</ns3:atemp>
            <ns3:hr>152</ns3:hr>
            <ns3:cad>79</ns3:cad>
          </ns3:TrackPointExtension>
        </extensions>
      </trkpt>
      <trkpt lat="37.7593132294714450836181640625" lon="-122.39826950244605541229248046875">
        <ele>69.8000030517578125</ele>
        <time>2026-04-09T01:57:14.000Z</time>
        <extensions>
          <ns3:TrackPointExtension>
            <ns3:atemp>19.0</ns3:atemp>
            <ns3:hr>152</ns3:hr>
            <ns3:cad>77</ns3:cad>
          </ns3:TrackPointExtension>
        </extensions>
      </trkpt>
      <trkpt lat="37.75928079150617122650146484375" lon="-122.39827059209346771240234375">
        <ele>70.1999969482421875</ele>
        <time>2026-04-09T01:57:15.000Z</time>
        <extensions>
          <ns3:TrackPointExtension>
            <ns3:atemp>19.0</ns3:atemp>
            <ns3:hr>151</ns3:hr>
            <ns3:cad>77</ns3:cad>
          </ns3:TrackPointExtension>
        </extensions>
      </trkpt>
      <trkpt lat="37.75926067493855953216552734375" lon="-122.3982710950076580047607421875">
        <ele>70.59999847412109375</ele>
        <time>2026-04-09T01:57:16.000Z</time>
        <extensions>
          <ns3:TrackPointExtension>
            <ns3:atemp>19.0</ns3:atemp>
            <ns3:hr>151</ns3:hr>
            <ns3:cad>77</ns3:cad>
          </ns3:TrackPointExtension>
        </extensions>
      </trkpt>
      <trkpt lat="37.7592451684176921844482421875" lon="-122.39826698787510395050048828125">
        <ele>71</ele>
        <time>2026-04-09T01:57:17.000Z</time>
        <extensions>
          <ns3:TrackPointExtension>
            <ns3:atemp>19.0</ns3:atemp>
            <ns3:hr>152</ns3:hr>
            <ns3:cad>77</ns3:cad>
          </ns3:TrackPointExtension>
        </extensions>
      </trkpt>
      <trkpt lat="37.759220860898494720458984375" lon="-122.3982697539031505584716796875">
        <ele>71.40000152587890625</ele>
        <time>2026-04-09T01:57:18.000Z</time>
        <extensions>
          <ns3:TrackPointExtension>
            <ns3:atemp>19.0</ns3:atemp>
            <ns3:hr>152</ns3:hr>
            <ns3:cad>78</ns3:cad>
          </ns3:TrackPointExtension>
        </extensions>
      </trkpt>
      <trkpt lat="37.75920283980667591094970703125" lon="-122.3982647247612476348876953125">
        <ele>71.8000030517578125</ele>
        <time>2026-04-09T01:57:19.000Z</time>
        <extensions>
          <ns3:TrackPointExtension>
            <ns3:atemp>19.0</ns3:atemp>
            <ns3:hr>153</ns3:hr>
            <ns3:cad>79</ns3:cad>
          </ns3:TrackPointExtension>
        </extensions>
      </trkpt>
      <trkpt lat="37.75918272323906421661376953125" lon="-122.39826229400932788848876953125">
        <ele>72.1999969482421875</ele>
        <time>2026-04-09T01:57:20.000Z</time>
        <extensions>
          <ns3:TrackPointExtension>
            <ns3:atemp>19.0</ns3:atemp>
            <ns3:hr>153</ns3:hr>
            <ns3:cad>80</ns3:cad>
          </ns3:TrackPointExtension>
        </extensions>
      </trkpt>
      <trkpt lat="37.75915690697729587554931640625" lon="-122.39825072698295116424560546875">
        <ele>72.40000152587890625</ele>
        <time>2026-04-09T01:57:21.000Z</time>
        <extensions>
          <ns3:TrackPointExtension>
            <ns3:atemp>19.0</ns3:atemp>
            <ns3:hr>154</ns3:hr>
            <ns3:cad>80</ns3:cad>
          </ns3:TrackPointExtension>
        </extensions>
      </trkpt>
      <trkpt lat="37.75913746096193790435791015625" lon="-122.3982409201562404632568359375">
        <ele>72.59999847412109375</ele>
        <time>2026-04-09T01:57:22.000Z</time>
        <extensions>
          <ns3:TrackPointExtension>
            <ns3:atemp>19.0</ns3:atemp>
            <ns3:hr>154</ns3:hr>
            <ns3:cad>80</ns3:cad>
          </ns3:TrackPointExtension>
        </extensions>
      </trkpt>
      <trkpt lat="37.75911466218531131744384765625" lon="-122.39823915995657444000244140625">
        <ele>73.1999969482421875</ele>
        <time>2026-04-09T01:57:23.000Z</time>
        <extensions>
          <ns3:TrackPointExtension>
            <ns3:atemp>19.0</ns3:atemp>
            <ns3:hr>154</ns3:hr>
            <ns3:cad>80</ns3:cad>
          </ns3:TrackPointExtension>
        </extensions>
      </trkpt>
      <trkpt lat="37.7590862475335597991943359375" lon="-122.398230023682117462158203125">
        <ele>73.59999847412109375</ele>
        <time>2026-04-09T01:57:24.000Z</time>
        <extensions>
          <ns3:TrackPointExtension>
            <ns3:atemp>19.0</ns3:atemp>
            <ns3:hr>154</ns3:hr>
            <ns3:cad>80</ns3:cad>
          </ns3:TrackPointExtension>
        </extensions>
      </trkpt>
      <trkpt lat="37.75906068272888660430908203125" lon="-122.39822306670248508453369140625">
        <ele>73.8000030517578125</ele>
        <time>2026-04-09T01:57:25.000Z</time>
        <extensions>
          <ns3:TrackPointExtension>
            <ns3:atemp>19.0</ns3:atemp>
            <ns3:hr>154</ns3:hr>
            <ns3:cad>80</ns3:cad>
          </ns3:TrackPointExtension>
        </extensions>
      </trkpt>
      <trkpt lat="37.7590165100991725921630859375" lon="-122.3982187919318675994873046875">
        <ele>74</ele>
        <time>2026-04-09T01:57:26.000Z</time>
        <extensions>
          <ns3:TrackPointExtension>
            <ns3:atemp>19.0</ns3:atemp>
            <ns3:hr>154</ns3:hr>
            <ns3:cad>80</ns3:cad>
          </ns3:TrackPointExtension>
        </extensions>
      </trkpt>
      <trkpt lat="37.75898583233356475830078125" lon="-122.39821703173220157623291015625">
        <ele>74</ele>
        <time>2026-04-09T01:57:27.000Z</time>
        <extensions>
          <ns3:TrackPointExtension>
            <ns3:atemp>19.0</ns3:atemp>
            <ns3:hr>155</ns3:hr>
            <ns3:cad>80</ns3:cad>
          </ns3:TrackPointExtension>
        </extensions>
      </trkpt>
      <trkpt lat="37.7589409053325653076171875" lon="-122.3982151038944721221923828125">
        <ele>74</ele>
        <time>2026-04-09T01:57:28.000Z</time>
        <extensions>
          <ns3:TrackPointExtension>
            <ns3:atemp>19.0</ns3:atemp>
            <ns3:hr>155</ns3:hr>
            <ns3:cad>80</ns3:cad>
          </ns3:TrackPointExtension>
        </extensions>
      </trkpt>
      <trkpt lat="37.75890746153891086578369140625" lon="-122.39821116439998149871826171875">
        <ele>74</ele>
        <time>2026-04-09T01:57:29.000Z</time>
        <extensions>
          <ns3:TrackPointExtension>
            <ns3:atemp>19.0</ns3:atemp>
            <ns3:hr>155</ns3:hr>
            <ns3:cad>80</ns3:cad>
          </ns3:TrackPointExtension>
        </extensions>
      </trkpt>
      <trkpt lat="37.75886940769851207733154296875" lon="-122.3982047103345394134521484375">
        <ele>74</ele>
        <time>2026-04-09T01:57:30.000Z</time>
        <extensions>
          <ns3:TrackPointExtension>
            <ns3:atemp>19.0</ns3:atemp>
            <ns3:hr>156</ns3:hr>
            <ns3:cad>80</ns3:cad>
          </ns3:TrackPointExtension>
        </extensions>
      </trkpt>
      <trkpt lat="37.75883420370519161224365234375" lon="-122.39819071255624294281005859375">
        <ele>74.1999969482421875</ele>
        <time>2026-04-09T01:57:31.000Z</time>
        <extensions>
          <ns3:TrackPointExtension>
            <ns3:atemp>19.0</ns3:atemp>
            <ns3:hr>156</ns3:hr>
            <ns3:cad>80</ns3:cad>
          </ns3:TrackPointExtension>
        </extensions>
      </trkpt>
      <trkpt lat="37.75879916734993457794189453125" lon="-122.39818853326141834259033203125">
        <ele>74.1999969482421875</ele>
        <time>2026-04-09T01:57:32.000Z</time>
        <extensions>
          <ns3:TrackPointExtension>
            <ns3:atemp>19.0</ns3:atemp>
            <ns3:hr>156</ns3:hr>
            <ns3:cad>80</ns3:cad>
          </ns3:TrackPointExtension>
        </extensions>
      </trkpt>
      <trkpt lat="37.75875943712890148162841796875" lon="-122.3981825821101665496826171875">
        <ele>74.40000152587890625</ele>
        <time>2026-04-09T01:57:33.000Z</time>
        <extensions>
          <ns3:TrackPointExtension>
            <ns3:atemp>19.0</ns3:atemp>
            <ns3:hr>156</ns3:hr>
            <ns3:cad>80</ns3:cad>
          </ns3:TrackPointExtension>
        </extensions>
      </trkpt>
      <trkpt lat="37.75872741825878620147705078125" lon="-122.398183085024356842041015625">
        <ele>74.40000152587890625</ele>
        <time>2026-04-09T01:57:34.000Z</time>
        <extensions>
          <ns3:TrackPointExtension>
            <ns3:atemp>19.0</ns3:atemp>
            <ns3:hr>156</ns3:hr>
            <ns3:cad>88</ns3:cad>
          </ns3:TrackPointExtension>
        </extensions>
      </trkpt>
      <trkpt lat="37.75869037024676799774169921875" lon="-122.3981773853302001953125">
        <ele>74.40000152587890625</ele>
        <time>2026-04-09T01:57:35.000Z</time>
        <extensions>
          <ns3:TrackPointExtension>
            <ns3:atemp>19.0</ns3:atemp>
            <ns3:hr>156</ns3:hr>
            <ns3:cad>88</ns3:cad>
          </ns3:TrackPointExtension>
        </extensions>
      </trkpt>
      <trkpt lat="37.758664302527904510498046875" lon="-122.39818082191050052642822265625">
        <ele>74.40000152587890625</ele>
        <time>2026-04-09T01:57:36.000Z</time>
        <extensions>
          <ns3:TrackPointExtension>
            <ns3:atemp>19.0</ns3:atemp>
            <ns3:hr>157</ns3:hr>
            <ns3:cad>88</ns3:cad>
          </ns3:TrackPointExtension>
        </extensions>
      </trkpt>
      <trkpt lat="37.7586279250681400299072265625" lon="-122.39816321991384029388427734375">
        <ele>74.40000152587890625</ele>
        <time>2026-04-09T01:57:37.000Z</time>
        <extensions>
          <ns3:TrackPointExtension>
            <ns3:atemp>19.0</ns3:atemp>
            <ns3:hr>157</ns3:hr>
            <ns3:cad>88</ns3:cad>
          </ns3:TrackPointExtension>
        </extensions>
      </trkpt>
      <trkpt lat="37.758596241474151611328125" lon="-122.398150898516178131103515625">
        <ele>74.40000152587890625</ele>
        <time>2026-04-09T01:57:38.000Z</time>
        <extensions>
          <ns3:TrackPointExtension>
            <ns3:atemp>19.0</ns3:atemp>
            <ns3:hr>157</ns3:hr>
            <ns3:cad>88</ns3:cad>
          </ns3:TrackPointExtension>
        </extensions>
      </trkpt>
      <trkpt lat="37.7585575170814990997314453125" lon="-122.39814494736492633819580078125">
        <ele>74.40000152587890625</ele>
        <time>2026-04-09T01:57:39.000Z</time>
        <extensions>
          <ns3:TrackPointExtension>
            <ns3:atemp>19.0</ns3:atemp>
            <ns3:hr>158</ns3:hr>
            <ns3:cad>88</ns3:cad>
          </ns3:TrackPointExtension>
        </extensions>
      </trkpt>
      <trkpt lat="37.75853522121906280517578125" lon="-122.3981433548033237457275390625">
        <ele>74.40000152587890625</ele>
        <time>2026-04-09T01:57:40.000Z</time>
        <extensions>
          <ns3:TrackPointExtension>
            <ns3:atemp>19.0</ns3:atemp>
            <ns3:hr>159</ns3:hr>
            <ns3:cad>88</ns3:cad>
          </ns3:TrackPointExtension>
        </extensions>
      </trkpt>
      <trkpt lat="37.75850429199635982513427734375" lon="-122.398149557411670684814453125">
        <ele>74.40000152587890625</ele>
        <time>2026-04-09T01:57:41.000Z</time>
        <extensions>
          <ns3:TrackPointExtension>
            <ns3:atemp>19.0</ns3:atemp>
            <ns3:hr>159</ns3:hr>
            <ns3:cad>87</ns3:cad>
          </ns3:TrackPointExtension>
        </extensions>
      </trkpt>
      <trkpt lat="37.7584703452885150909423828125" lon="-122.39815793931484222412109375">
        <ele>74.1999969482421875</ele>
        <time>2026-04-09T01:57:42.000Z</time>
        <extensions>
          <ns3:TrackPointExtension>
            <ns3:atemp>19.0</ns3:atemp>
            <ns3:hr>160</ns3:hr>
            <ns3:cad>87</ns3:cad>
          </ns3:TrackPointExtension>
        </extensions>
      </trkpt>
      <trkpt lat="37.75844939053058624267578125" lon="-122.3981648124754428863525390625">
        <ele>74.1999969482421875</ele>
        <time>2026-04-09T01:57:43.000Z</time>
        <extensions>
          <ns3:TrackPointExtension>
            <ns3:atemp>19.0</ns3:atemp>
            <ns3:hr>161</ns3:hr>
            <ns3:cad>87</ns3:cad>
          </ns3:TrackPointExtension>
        </extensions>
      </trkpt>
      <trkpt lat="37.75842365808784961700439453125" lon="-122.39816372282803058624267578125">
        <ele>74.1999969482421875</ele>
        <time>2026-04-09T01:57:44.000Z</time>
        <extensions>
          <ns3:TrackPointExtension>
            <ns3:atemp>19.0</ns3:atemp>
            <ns3:hr>161</ns3:hr>
            <ns3:cad>84</ns3:cad>
          </ns3:TrackPointExtension>
        </extensions>
      </trkpt>
      <trkpt lat="37.75839717127382755279541015625" lon="-122.39815601147711277008056640625">
        <ele>74.1999969482421875</ele>
        <time>2026-04-09T01:57:45.000Z</time>
        <extensions>
          <ns3:TrackPointExtension>
            <ns3:atemp>19.0</ns3:atemp>
            <ns3:hr>161</ns3:hr>
            <ns3:cad>83</ns3:cad>
          </ns3:TrackPointExtension>
        </extensions>
      </trkpt>
      <trkpt lat="37.75838392786681652069091796875" lon="-122.39815399982035160064697265625">
        <ele>74.1999969482421875</ele>
        <time>2026-04-09T01:57:46.000Z</time>
        <extensions>
          <ns3:TrackPointExtension>
            <ns3:atemp>19.0</ns3:atemp>
            <ns3:hr>161</ns3:hr>
            <ns3:cad>80</ns3:cad>
          </ns3:TrackPointExtension>
        </extensions>
      </trkpt>
      <trkpt lat="37.75836079381406307220458984375" lon="-122.398154921829700469970703125">
        <ele>74.40000152587890625</ele>
        <time>2026-04-09T01:57:47.000Z</time>
        <extensions>
          <ns3:TrackPointExtension>
            <ns3:atemp>19.0</ns3:atemp>
            <ns3:hr>161</ns3:hr>
            <ns3:cad>78</ns3:cad>
          </ns3:TrackPointExtension>
        </extensions>
      </trkpt>
      <trkpt lat="37.7583409287035465240478515625" lon="-122.3981514014303684234619140625">
        <ele>74.59999847412109375</ele>
        <time>2026-04-09T01:57:48.000Z</time>
        <extensions>
          <ns3:TrackPointExtension>
            <ns3:atemp>19.0</ns3:atemp>
            <ns3:hr>160</ns3:hr>
            <ns3:cad>78</ns3:cad>
          </ns3:TrackPointExtension>
        </extensions>
      </trkpt>
      <trkpt lat="37.75833070278167724609375" lon="-122.39814980886876583099365234375">
        <ele>74.59999847412109375</ele>
        <time>2026-04-09T01:57:49.000Z</time>
        <extensions>
          <ns3:TrackPointExtension>
            <ns3:atemp>19.0</ns3:atemp>
            <ns3:hr>160</ns3:hr>
            <ns3:cad>80</ns3:cad>
          </ns3:TrackPointExtension>
        </extensions>
      </trkpt>
      <trkpt lat="37.7583131007850170135498046875" lon="-122.39814997650682926177978515625">
        <ele>74.59999847412109375</ele>
        <time>2026-04-09T01:57:50.000Z</time>
        <extensions>
          <ns3:TrackPointExtension>
            <ns3:atemp>19.0</ns3:atemp>
            <ns3:hr>160</ns3:hr>
            <ns3:cad>80</ns3:cad>
          </ns3:TrackPointExtension>
        </extensions>
      </trkpt>
      <trkpt lat="37.75829055346548557281494140625" lon="-122.39814796485006809234619140625">
        <ele>74.59999847412109375</ele>
        <time>2026-04-09T01:57:51.000Z</time>
        <extensions>
          <ns3:TrackPointExtension>
            <ns3:atemp>19.0</ns3:atemp>
            <ns3:hr>159</ns3:hr>
            <ns3:cad>80</ns3:cad>
          </ns3:TrackPointExtension>
        </extensions>
      </trkpt>
      <trkpt lat="37.758274376392364501953125" lon="-122.39814762957394123077392578125">
        <ele>74.40000152587890625</ele>
        <time>2026-04-09T01:57:52.000Z</time>
        <extensions>
          <ns3:TrackPointExtension>
            <ns3:atemp>19.0</ns3:atemp>
            <ns3:hr>159</ns3:hr>
            <ns3:cad>82</ns3:cad>
          </ns3:TrackPointExtension>
        </extensions>
      </trkpt>
      <trkpt lat="37.75824763812124729156494140625" lon="-122.39815131761133670806884765625">
        <ele>74.1999969482421875</ele>
        <time>2026-04-09T01:57:53.000Z</time>
        <extensions>
          <ns3:TrackPointExtension>
            <ns3:atemp>19.0</ns3:atemp>
            <ns3:hr>158</ns3:hr>
            <ns3:cad>82</ns3:cad>
          </ns3:TrackPointExtension>
        </extensions>
      </trkpt>
      <trkpt lat="37.75823757983744144439697265625" lon="-122.39814779721200466156005859375">
        <ele>74.1999969482421875</ele>
        <time>2026-04-09T01:57:54.000Z</time>
        <extensions>
          <ns3:TrackPointExtension>
            <ns3:atemp>19.0</ns3:atemp>
            <ns3:hr>158</ns3:hr>
            <ns3:cad>81</ns3:cad>
          </ns3:TrackPointExtension>
        </extensions>
      </trkpt>
      <trkpt lat="37.75821595452725887298583984375" lon="-122.39814729429781436920166015625">
        <ele>74.1999969482421875</ele>
        <time>2026-04-09T01:57:55.000Z</time>
        <extensions>
          <ns3:TrackPointExtension>
            <ns3:atemp>19.0</ns3:atemp>
            <ns3:hr>158</ns3:hr>
            <ns3:cad>81</ns3:cad>
          </ns3:TrackPointExtension>
        </extensions>
      </trkpt>
      <trkpt lat="37.75819282047450542449951171875" lon="-122.39814276807010173797607421875">
        <ele>74.1999969482421875</ele>
        <time>2026-04-09T01:57:56.000Z</time>
        <extensions>
          <ns3:TrackPointExtension>
            <ns3:atemp>19.0</ns3:atemp>
            <ns3:hr>159</ns3:hr>
            <ns3:cad>82</ns3:cad>
          </ns3:TrackPointExtension>
        </extensions>
      </trkpt>
      <trkpt lat="37.75817974470555782318115234375" lon="-122.3981480486690998077392578125">
        <ele>74.1999969482421875</ele>
        <time>2026-04-09T01:57:57.000Z</time>
        <extensions>
          <ns3:TrackPointExtension>
            <ns3:atemp>19.0</ns3:atemp>
            <ns3:hr>158</ns3:hr>
            <ns3:cad>83</ns3:cad>
          </ns3:TrackPointExtension>
        </extensions>
      </trkpt>
      <trkpt lat="37.758162058889865875244140625" lon="-122.39814779721200466156005859375">
        <ele>74.40000152587890625</ele>
        <time>2026-04-09T01:57:58.000Z</time>
        <extensions>
          <ns3:TrackPointExtension>
            <ns3:atemp>19.0</ns3:atemp>
            <ns3:hr>158</ns3:hr>
            <ns3:cad>83</ns3:cad>
          </ns3:TrackPointExtension>
        </extensions>
      </trkpt>
      <trkpt lat="37.7581417746841907501220703125" lon="-122.398142851889133453369140625">
        <ele>74.40000152587890625</ele>
        <time>2026-04-09T01:57:59.000Z</time>
        <extensions>
          <ns3:TrackPointExtension>
            <ns3:atemp>19.0</ns3:atemp>
            <ns3:hr>157</ns3:hr>
            <ns3:cad>82</ns3:cad>
          </ns3:TrackPointExtension>
        </extensions>
      </trkpt>
      <trkpt lat="37.75812677107751369476318359375" lon="-122.398138828575611114501953125">
        <ele>74.40000152587890625</ele>
        <time>2026-04-09T01:58:00.000Z</time>
        <extensions>
          <ns3:TrackPointExtension>
            <ns3:atemp>19.0</ns3:atemp>
            <ns3:hr>157</ns3:hr>
            <ns3:cad>82</ns3:cad>
          </ns3:TrackPointExtension>
        </extensions>
      </trkpt>
      <trkpt lat="37.758102715015411376953125" lon="-122.39813069812953472137451171875">
        <ele>74.40000152587890625</ele>
        <time>2026-04-09T01:58:01.000Z</time>
        <extensions>
          <ns3:TrackPointExtension>
            <ns3:atemp>19.0</ns3:atemp>
            <ns3:hr>156</ns3:hr>
            <ns3:cad>82</ns3:cad>
          </ns3:TrackPointExtension>
        </extensions>
      </trkpt>
      <trkpt lat="37.7580948360264301300048828125" lon="-122.398126088082790374755859375">
        <ele>74.59999847412109375</ele>
        <time>2026-04-09T01:58:02.000Z</time>
        <extensions>
          <ns3:TrackPointExtension>
            <ns3:atemp>19.0</ns3:atemp>
            <ns3:hr>156</ns3:hr>
            <ns3:cad>82</ns3:cad>
          </ns3:TrackPointExtension>
        </extensions>
      </trkpt>
      <trkpt lat="37.75807513855397701263427734375" lon="-122.3981195501983165740966796875">
        <ele>74.59999847412109375</ele>
        <time>2026-04-09T01:58:03.000Z</time>
        <extensions>
          <ns3:TrackPointExtension>
            <ns3:atemp>19.0</ns3:atemp>
            <ns3:hr>156</ns3:hr>
            <ns3:cad>82</ns3:cad>
          </ns3:TrackPointExtension>
        </extensions>
      </trkpt>
      <trkpt lat="37.75805451907217502593994140625" lon="-122.39811544306576251983642578125">
        <ele>74.40000152587890625</ele>
        <time>2026-04-09T01:58:04.000Z</time>
        <extensions>
          <ns3:TrackPointExtension>
            <ns3:atemp>19.0</ns3:atemp>
            <ns3:hr>155</ns3:hr>
            <ns3:cad>82</ns3:cad>
          </ns3:TrackPointExtension>
        </extensions>
      </trkpt>
      <trkpt lat="37.75803775526583194732666015625" lon="-122.3981155268847942352294921875">
        <ele>74.40000152587890625</ele>
        <time>2026-04-09T01:58:05.000Z</time>
        <extensions>
          <ns3:TrackPointExtension>
            <ns3:atemp>19.0</ns3:atemp>
            <ns3:hr>155</ns3:hr>
            <ns3:cad>83</ns3:cad>
          </ns3:TrackPointExtension>
        </extensions>
      </trkpt>
      <trkpt lat="37.75801562704145908355712890625" lon="-122.39811158739030361175537109375">
        <ele>74.40000152587890625</ele>
        <time>2026-04-09T01:58:06.000Z</time>
        <extensions>
          <ns3:TrackPointExtension>
            <ns3:atemp>19.0</ns3:atemp>
            <ns3:hr>154</ns3:hr>
            <ns3:cad>84</ns3:cad>
          </ns3:TrackPointExtension>
        </extensions>
      </trkpt>
      <trkpt lat="37.7579940855503082275390625" lon="-122.3981047980487346649169921875">
        <ele>74.40000152587890625</ele>
        <time>2026-04-09T01:58:07.000Z</time>
        <extensions>
          <ns3:TrackPointExtension>
            <ns3:atemp>19.0</ns3:atemp>
            <ns3:hr>154</ns3:hr>
            <ns3:cad>84</ns3:cad>
          </ns3:TrackPointExtension>
        </extensions>
      </trkpt>
      <trkpt lat="37.75797371752560138702392578125" lon="-122.3980990983545780181884765625">
        <ele>74.40000152587890625</ele>
        <time>2026-04-09T01:58:08.000Z</time>
        <extensions>
          <ns3:TrackPointExtension>
            <ns3:atemp>19.0</ns3:atemp>
            <ns3:hr>153</ns3:hr>
            <ns3:cad>84</ns3:cad>
          </ns3:TrackPointExtension>
        </extensions>
      </trkpt>
      <trkpt lat="37.75794555433094501495361328125" lon="-122.39810052327811717987060546875">
        <ele>74.59999847412109375</ele>
        <time>2026-04-09T01:58:09.000Z</time>
        <extensions>
          <ns3:TrackPointExtension>
            <ns3:atemp>19.0</ns3:atemp>
            <ns3:hr>153</ns3:hr>
            <ns3:cad>83</ns3:cad>
          </ns3:TrackPointExtension>
        </extensions>
      </trkpt>
      <trkpt lat="37.7579315565526485443115234375" lon="-122.39809893071651458740234375">
        <ele>74.59999847412109375</ele>
        <time>2026-04-09T01:58:10.000Z</time>
        <extensions>
          <ns3:TrackPointExtension>
            <ns3:atemp>19.0</ns3:atemp>
            <ns3:hr>153</ns3:hr>
            <ns3:cad>83</ns3:cad>
          </ns3:TrackPointExtension>
        </extensions>
      </trkpt>
      <trkpt lat="37.757910601794719696044921875" lon="-122.39809733815491199493408203125">
        <ele>74.59999847412109375</ele>
        <time>2026-04-09T01:58:11.000Z</time>
        <extensions>
          <ns3:TrackPointExtension>
            <ns3:atemp>19.0</ns3:atemp>
            <ns3:hr>152</ns3:hr>
            <ns3:cad>82</ns3:cad>
          </ns3:TrackPointExtension>
        </extensions>
      </trkpt>
      <trkpt lat="37.75788553990423679351806640625" lon="-122.3980933986604213714599609375">
        <ele>74.59999847412109375</ele>
        <time>2026-04-09T01:58:12.000Z</time>
        <extensions>
          <ns3:TrackPointExtension>
            <ns3:atemp>19.0</ns3:atemp>
            <ns3:hr>152</ns3:hr>
            <ns3:cad>82</ns3:cad>
          </ns3:TrackPointExtension>
        </extensions>
      </trkpt>
      <trkpt lat="37.7578564547002315521240234375" lon="-122.39809499122202396392822265625">
        <ele>74.59999847412109375</ele>
        <time>2026-04-09T01:58:13.000Z</time>
        <extensions>
          <ns3:TrackPointExtension>
            <ns3:atemp>19.0</ns3:atemp>
            <ns3:hr>151</ns3:hr>
            <ns3:cad>82</ns3:cad>
          </ns3:TrackPointExtension>
        </extensions>
      </trkpt>
      <trkpt lat="37.75781881995499134063720703125" lon="-122.39809012971818447113037109375">
        <ele>74.40000152587890625</ele>
        <time>2026-04-09T01:58:14.000Z</time>
        <extensions>
          <ns3:TrackPointExtension>
            <ns3:atemp>19.0</ns3:atemp>
            <ns3:hr>151</ns3:hr>
            <ns3:cad>82</ns3:cad>
          </ns3:TrackPointExtension>
        </extensions>
      </trkpt>
      <trkpt lat="37.757783867418766021728515625" lon="-122.39808443002402782440185546875">
        <ele>74.40000152587890625</ele>
        <time>2026-04-09T01:58:15.000Z</time>
        <extensions>
          <ns3:TrackPointExtension>
            <ns3:atemp>19.0</ns3:atemp>
            <ns3:hr>151</ns3:hr>
            <ns3:cad>80</ns3:cad>
          </ns3:TrackPointExtension>
        </extensions>
      </trkpt>
      <trkpt lat="37.7577498368918895721435546875" lon="-122.39808007143437862396240234375">
        <ele>74.40000152587890625</ele>
        <time>2026-04-09T01:58:16.000Z</time>
        <extensions>
          <ns3:TrackPointExtension>
            <ns3:atemp>19.0</ns3:atemp>
            <ns3:hr>151</ns3:hr>
            <ns3:cad>80</ns3:cad>
          </ns3:TrackPointExtension>
        </extensions>
      </trkpt>
      <trkpt lat="37.75770667009055614471435546875" lon="-122.39807018078863620758056640625">
        <ele>74.40000152587890625</ele>
        <time>2026-04-09T01:58:17.000Z</time>
        <extensions>
          <ns3:TrackPointExtension>
            <ns3:atemp>19.0</ns3:atemp>
            <ns3:hr>150</ns3:hr>
            <ns3:cad>80</ns3:cad>
          </ns3:TrackPointExtension>
        </extensions>
      </trkpt>
      <trkpt lat="37.75767599232494831085205078125" lon="-122.3980618827044963836669921875">
        <ele>74.40000152587890625</ele>
        <time>2026-04-09T01:58:18.000Z</time>
        <extensions>
          <ns3:TrackPointExtension>
            <ns3:atemp>19.0</ns3:atemp>
            <ns3:hr>150</ns3:hr>
            <ns3:cad>84</ns3:cad>
          </ns3:TrackPointExtension>
        </extensions>
      </trkpt>
      <trkpt lat="37.75762888602912425994873046875" lon="-122.39805492572486400604248046875">
        <ele>74.1999969482421875</ele>
        <time>2026-04-09T01:58:19.000Z</time>
        <extensions>
          <ns3:TrackPointExtension>
            <ns3:atemp>19.0</ns3:atemp>
            <ns3:hr>150</ns3:hr>
            <ns3:cad>85</ns3:cad>
          </ns3:TrackPointExtension>
        </extensions>
      </trkpt>
      <trkpt lat="37.75759904645383358001708984375" lon="-122.3980511538684368133544921875">
        <ele>74.1999969482421875</ele>
        <time>2026-04-09T01:58:20.000Z</time>
        <extensions>
          <ns3:TrackPointExtension>
            <ns3:atemp>19.0</ns3:atemp>
            <ns3:hr>150</ns3:hr>
            <ns3:cad>86</ns3:cad>
          </ns3:TrackPointExtension>
        </extensions>
      </trkpt>
      <trkpt lat="37.75755646638572216033935546875" lon="-122.3980526626110076904296875">
        <ele>74</ele>
        <time>2026-04-09T01:58:21.000Z</time>
        <extensions>
          <ns3:TrackPointExtension>
            <ns3:atemp>19.0</ns3:atemp>
            <ns3:hr>149</ns3:hr>
            <ns3:cad>86</ns3:cad>
          </ns3:TrackPointExtension>
        </extensions>
      </trkpt>
      <trkpt lat="37.757531739771366119384765625" lon="-122.39804528653621673583984375">
        <ele>73.8000030517578125</ele>
        <time>2026-04-09T01:58:22.000Z</time>
        <extensions>
          <ns3:TrackPointExtension>
            <ns3:atemp>19.0</ns3:atemp>
            <ns3:hr>149</ns3:hr>
            <ns3:cad>86</ns3:cad>
          </ns3:TrackPointExtension>
        </extensions>
      </trkpt>
      <trkpt lat="37.7574987150728702545166015625" lon="-122.39804528653621673583984375">
        <ele>74</ele>
        <time>2026-04-09T01:58:23.000Z</time>
        <extensions>
          <ns3:TrackPointExtension>
            <ns3:atemp>19.0</ns3:atemp>
            <ns3:hr>149</ns3:hr>
            <ns3:cad>85</ns3:cad>
          </ns3:TrackPointExtension>
        </extensions>
      </trkpt>
      <trkpt lat="37.75746426545083522796630859375" lon="-122.39803732372820377349853515625">
        <ele>74</ele>
        <time>2026-04-09T01:58:24.000Z</time>
        <extensions>
          <ns3:TrackPointExtension>
            <ns3:atemp>19.0</ns3:atemp>
            <ns3:hr>150</ns3:hr>
            <ns3:cad>85</ns3:cad>
          </ns3:TrackPointExtension>
        </extensions>
      </trkpt>
      <trkpt lat="37.75743610225617885589599609375" lon="-122.3980365693569183349609375">
        <ele>74</ele>
        <time>2026-04-09T01:58:25.000Z</time>
        <extensions>
          <ns3:TrackPointExtension>
            <ns3:atemp>19.0</ns3:atemp>
            <ns3:hr>150</ns3:hr>
            <ns3:cad>86</ns3:cad>
          </ns3:TrackPointExtension>
        </extensions>
      </trkpt>
      <trkpt lat="37.7573957853019237518310546875" lon="-122.3980263434350490570068359375">
        <ele>74</ele>
        <time>2026-04-09T01:58:26.000Z</time>
        <extensions>
          <ns3:TrackPointExtension>
            <ns3:atemp>19.0</ns3:atemp>
            <ns3:hr>150</ns3:hr>
            <ns3:cad>86</ns3:cad>
          </ns3:TrackPointExtension>
        </extensions>
      </trkpt>
      <trkpt lat="37.75737407617270946502685546875" lon="-122.3980236612260341644287109375">
        <ele>73.8000030517578125</ele>
        <time>2026-04-09T01:58:27.000Z</time>
        <extensions>
          <ns3:TrackPointExtension>
            <ns3:atemp>19.0</ns3:atemp>
            <ns3:hr>150</ns3:hr>
            <ns3:cad>86</ns3:cad>
          </ns3:TrackPointExtension>
        </extensions>
      </trkpt>
      <trkpt lat="37.75733761489391326904296875" lon="-122.39801771007478237152099609375">
        <ele>73.8000030517578125</ele>
        <time>2026-04-09T01:58:28.000Z</time>
        <extensions>
          <ns3:TrackPointExtension>
            <ns3:atemp>19.0</ns3:atemp>
            <ns3:hr>149</ns3:hr>
            <ns3:cad>86</ns3:cad>
          </ns3:TrackPointExtension>
        </extensions>
      </trkpt>
      <trkpt lat="37.75731137953698635101318359375" lon="-122.39801469258964061737060546875">
        <ele>73.8000030517578125</ele>
        <time>2026-04-09T01:58:29.000Z</time>
        <extensions>
          <ns3:TrackPointExtension>
            <ns3:atemp>19.0</ns3:atemp>
            <ns3:hr>149</ns3:hr>
            <ns3:cad>86</ns3:cad>
          </ns3:TrackPointExtension>
        </extensions>
      </trkpt>
      <trkpt lat="37.75727818720042705535888671875" lon="-122.398006729781627655029296875">
        <ele>73.8000030517578125</ele>
        <time>2026-04-09T01:58:30.000Z</time>
        <extensions>
          <ns3:TrackPointExtension>
            <ns3:atemp>19.0</ns3:atemp>
            <ns3:hr>149</ns3:hr>
            <ns3:cad>86</ns3:cad>
          </ns3:TrackPointExtension>
        </extensions>
      </trkpt>
      <trkpt lat="37.75724080391228199005126953125" lon="-122.39800061099231243133544921875">
        <ele>74</ele>
        <time>2026-04-09T01:58:31.000Z</time>
        <extensions>
          <ns3:TrackPointExtension>
            <ns3:atemp>19.0</ns3:atemp>
            <ns3:hr>149</ns3:hr>
            <ns3:cad>86</ns3:cad>
          </ns3:TrackPointExtension>
        </extensions>
      </trkpt>
      <trkpt lat="37.757214568555355072021484375" lon="-122.39799926988780498504638671875">
        <ele>74.1999969482421875</ele>
        <time>2026-04-09T01:58:32.000Z</time>
        <extensions>
          <ns3:TrackPointExtension>
            <ns3:atemp>19.0</ns3:atemp>
            <ns3:hr>150</ns3:hr>
            <ns3:cad>86</ns3:cad>
          </ns3:TrackPointExtension>
        </extensions>
      </trkpt>
      <trkpt lat="37.75717894546687602996826171875" lon="-122.397996000945568084716796875">
        <ele>74.40000152587890625</ele>
        <time>2026-04-09T01:58:33.000Z</time>
        <extensions>
          <ns3:TrackPointExtension>
            <ns3:atemp>19.0</ns3:atemp>
            <ns3:hr>149</ns3:hr>
            <ns3:cad>86</ns3:cad>
          </ns3:TrackPointExtension>
        </extensions>
      </trkpt>
      <trkpt lat="37.7571674622595310211181640625" lon="-122.39799792878329753875732421875">
        <ele>74.59999847412109375</ele>
        <time>2026-04-09T01:58:34.000Z</time>
        <extensions>
          <ns3:TrackPointExtension>
            <ns3:atemp>19.0</ns3:atemp>
            <ns3:hr>149</ns3:hr>
            <ns3:cad>86</ns3:cad>
          </ns3:TrackPointExtension>
        </extensions>
      </trkpt>
      <trkpt lat="37.75713100098073482513427734375" lon="-122.39799859933555126190185546875">
        <ele>75</ele>
        <time>2026-04-09T01:58:35.000Z</time>
        <extensions>
          <ns3:TrackPointExtension>
            <ns3:atemp>19.0</ns3:atemp>
            <ns3:hr>149</ns3:hr>
            <ns3:cad>86</ns3:cad>
          </ns3:TrackPointExtension>
        </extensions>
      </trkpt>
      <trkpt lat="37.7571108005940914154052734375" lon="-122.39799675531685352325439453125">
        <ele>75.1999969482421875</ele>
        <time>2026-04-09T01:58:36.000Z</time>
        <extensions>
          <ns3:TrackPointExtension>
            <ns3:atemp>19.0</ns3:atemp>
            <ns3:hr>149</ns3:hr>
            <ns3:cad>86</ns3:cad>
          </ns3:TrackPointExtension>
        </extensions>
      </trkpt>
      <trkpt lat="37.7570973895490169525146484375" lon="-122.397991307079792022705078125">
        <ele>75.59999847412109375</ele>
        <time>2026-04-09T01:58:37.000Z</time>
        <extensions>
          <ns3:TrackPointExtension>
            <ns3:atemp>19.0</ns3:atemp>
            <ns3:hr>149</ns3:hr>
            <ns3:cad>86</ns3:cad>
          </ns3:TrackPointExtension>
        </extensions>
      </trkpt>
      <trkpt lat="37.75706880725920200347900390625" lon="-122.3979834280908107757568359375">
        <ele>76</ele>
        <time>2026-04-09T01:58:38.000Z</time>
        <extensions>
          <ns3:TrackPointExtension>
            <ns3:atemp>19.0</ns3:atemp>
            <ns3:hr>149</ns3:hr>
            <ns3:cad>86</ns3:cad>
          </ns3:TrackPointExtension>
        </extensions>
      </trkpt>
      <trkpt lat="37.757054977118968963623046875" lon="-122.3979837633669376373291015625">
        <ele>76.1999969482421875</ele>
        <time>2026-04-09T01:58:39.000Z</time>
        <extensions>
          <ns3:TrackPointExtension>
            <ns3:atemp>19.0</ns3:atemp>
            <ns3:hr>149</ns3:hr>
            <ns3:cad>85</ns3:cad>
          </ns3:TrackPointExtension>
        </extensions>
      </trkpt>
      <trkpt lat="37.75702622719109058380126953125" lon="-122.39797898568212985992431640625">
        <ele>76.8000030517578125</ele>
        <time>2026-04-09T01:58:40.000Z</time>
        <extensions>
          <ns3:TrackPointExtension>
            <ns3:atemp>19.0</ns3:atemp>
            <ns3:hr>149</ns3:hr>
            <ns3:cad>85</ns3:cad>
          </ns3:TrackPointExtension>
        </extensions>
      </trkpt>
      <trkpt lat="37.75700946338474750518798828125" lon="-122.3979807458817958831787109375">
        <ele>77</ele>
        <time>2026-04-09T01:58:41.000Z</time>
        <extensions>
          <ns3:TrackPointExtension>
            <ns3:atemp>19.0</ns3:atemp>
            <ns3:hr>149</ns3:hr>
            <ns3:cad>86</ns3:cad>
          </ns3:TrackPointExtension>
        </extensions>
      </trkpt>
      <trkpt lat="37.75698062963783740997314453125" lon="-122.3979877866804599761962890625">
        <ele>77.40000152587890625</ele>
        <time>2026-04-09T01:58:42.000Z</time>
        <extensions>
          <ns3:TrackPointExtension>
            <ns3:atemp>19.0</ns3:atemp>
            <ns3:hr>148</ns3:hr>
            <ns3:cad>86</ns3:cad>
          </ns3:TrackPointExtension>
        </extensions>
      </trkpt>
      <trkpt lat="37.75696612894535064697265625" lon="-122.39798669703304767608642578125">
        <ele>77.8000030517578125</ele>
        <time>2026-04-09T01:58:43.000Z</time>
        <extensions>
          <ns3:TrackPointExtension>
            <ns3:atemp>19.0</ns3:atemp>
            <ns3:hr>149</ns3:hr>
            <ns3:cad>86</ns3:cad>
          </ns3:TrackPointExtension>
        </extensions>
      </trkpt>
      <trkpt lat="37.75695162825286388397216796875" lon="-122.3979829251766204833984375">
        <ele>78</ele>
        <time>2026-04-09T01:58:44.000Z</time>
        <extensions>
          <ns3:TrackPointExtension>
            <ns3:atemp>19.0</ns3:atemp>
            <ns3:hr>149</ns3:hr>
            <ns3:cad>84</ns3:cad>
          </ns3:TrackPointExtension>
        </extensions>
      </trkpt>
      <trkpt lat="37.7569451741874217987060546875" lon="-122.3979810811579227447509765625">
        <ele>78.40000152587890625</ele>
        <time>2026-04-09T01:58:45.000Z</time>
        <extensions>
          <ns3:TrackPointExtension>
            <ns3:atemp>19.0</ns3:atemp>
            <ns3:hr>149</ns3:hr>
            <ns3:cad>82</ns3:cad>
          </ns3:TrackPointExtension>
        </extensions>
      </trkpt>
      <trkpt lat="37.75693251751363277435302734375" lon="-122.39798066206276416778564453125">
        <ele>78.59999847412109375</ele>
        <time>2026-04-09T01:58:46.000Z</time>
        <extensions>
          <ns3:TrackPointExtension>
            <ns3:atemp>19.0</ns3:atemp>
            <ns3:hr>149</ns3:hr>
            <ns3:cad>80</ns3:cad>
          </ns3:TrackPointExtension>
        </extensions>
      </trkpt>
      <trkpt lat="37.75692262686789035797119140625" lon="-122.39798015914857387542724609375">
        <ele>78.8000030517578125</ele>
        <time>2026-04-09T01:58:47.000Z</time>
        <extensions>
          <ns3:TrackPointExtension>
            <ns3:atemp>19.0</ns3:atemp>
            <ns3:hr>150</ns3:hr>
            <ns3:cad>79</ns3:cad>
          </ns3:TrackPointExtension>
        </extensions>
      </trkpt>
      <trkpt lat="37.75691424496471881866455078125" lon="-122.39798267371952533721923828125">
        <ele>79</ele>
        <time>2026-04-09T01:58:48.000Z</time>
        <extensions>
          <ns3:TrackPointExtension>
            <ns3:atemp>19.0</ns3:atemp>
            <ns3:hr>150</ns3:hr>
            <ns3:cad>78</ns3:cad>
          </ns3:TrackPointExtension>
        </extensions>
      </trkpt>
      <trkpt lat="37.7568970620632171630859375" lon="-122.3979851044714450836181640625">
        <ele>79.1999969482421875</ele>
        <time>2026-04-09T01:58:49.000Z</time>
        <extensions>
          <ns3:TrackPointExtension>
            <ns3:atemp>19.0</ns3:atemp>
            <ns3:hr>151</ns3:hr>
            <ns3:cad>78</ns3:cad>
          </ns3:TrackPointExtension>
        </extensions>
      </trkpt>
      <trkpt lat="37.75688641704618930816650390625" lon="-122.39798669703304767608642578125">
        <ele>79.40000152587890625</ele>
        <time>2026-04-09T01:58:50.000Z</time>
        <extensions>
          <ns3:TrackPointExtension>
            <ns3:atemp>19.0</ns3:atemp>
            <ns3:hr>151</ns3:hr>
            <ns3:cad>80</ns3:cad>
          </ns3:TrackPointExtension>
        </extensions>
      </trkpt>
      <trkpt lat="37.7568662166595458984375" lon="-122.39798896014690399169921875">
        <ele>79.59999847412109375</ele>
        <time>2026-04-09T01:58:51.000Z</time>
        <extensions>
          <ns3:TrackPointExtension>
            <ns3:atemp>19.0</ns3:atemp>
            <ns3:hr>151</ns3:hr>
            <ns3:cad>80</ns3:cad>
          </ns3:TrackPointExtension>
        </extensions>
      </trkpt>
      <trkpt lat="37.75684316642582416534423828125" lon="-122.39799088798463344573974609375">
        <ele>80</ele>
        <time>2026-04-09T01:58:52.000Z</time>
        <extensions>
          <ns3:TrackPointExtension>
            <ns3:atemp>19.0</ns3:atemp>
            <ns3:hr>151</ns3:hr>
            <ns3:cad>81</ns3:cad>
          </ns3:TrackPointExtension>
        </extensions>
      </trkpt>
      <trkpt lat="37.75682992301881313323974609375" lon="-122.39799273200333118438720703125">
        <ele>80.1999969482421875</ele>
        <time>2026-04-09T01:58:53.000Z</time>
        <extensions>
          <ns3:TrackPointExtension>
            <ns3:atemp>19.0</ns3:atemp>
            <ns3:hr>151</ns3:hr>
            <ns3:cad>82</ns3:cad>
          </ns3:TrackPointExtension>
        </extensions>
      </trkpt>
      <trkpt lat="37.756821624934673309326171875" lon="-122.39799323491752147674560546875">
        <ele>80.40000152587890625</ele>
        <time>2026-04-09T01:58:54.000Z</time>
        <extensions>
          <ns3:TrackPointExtension>
            <ns3:atemp>19.0</ns3:atemp>
            <ns3:hr>150</ns3:hr>
            <ns3:cad>82</ns3:cad>
          </ns3:TrackPointExtension>
        </extensions>
      </trkpt>
      <trkpt lat="37.756809554994106292724609375" lon="-122.39799457602202892303466796875">
        <ele>80.59999847412109375</ele>
        <time>2026-04-09T01:58:55.000Z</time>
        <extensions>
          <ns3:TrackPointExtension>
            <ns3:atemp>19.0</ns3:atemp>
            <ns3:hr>150</ns3:hr>
            <ns3:cad>80</ns3:cad>
          </ns3:TrackPointExtension>
        </extensions>
      </trkpt>
      <trkpt lat="37.7567986585199832916259765625" lon="-122.3979874514043331146240234375">
        <ele>80.8000030517578125</ele>
        <time>2026-04-09T01:58:56.000Z</time>
        <extensions>
          <ns3:TrackPointExtension>
            <ns3:atemp>19.0</ns3:atemp>
            <ns3:hr>150</ns3:hr>
            <ns3:cad>79</ns3:cad>
          </ns3:TrackPointExtension>
        </extensions>
      </trkpt>
      <trkpt lat="37.75679890997707843780517578125" lon="-122.3979864455759525299072265625">
        <ele>81</ele>
        <time>2026-04-09T01:58:57.000Z</time>
        <extensions>
          <ns3:TrackPointExtension>
            <ns3:atemp>19.0</ns3:atemp>
            <ns3:hr>150</ns3:hr>
            <ns3:cad>78</ns3:cad>
          </ns3:TrackPointExtension>
        </extensions>
      </trkpt>
      <trkpt lat="37.7567889355123043060302734375" lon="-122.39798066206276416778564453125">
        <ele>81.1999969482421875</ele>
        <time>2026-04-09T01:58:58.000Z</time>
        <extensions>
          <ns3:TrackPointExtension>
            <ns3:atemp>19.0</ns3:atemp>
            <ns3:hr>150</ns3:hr>
            <ns3:cad>78</ns3:cad>
          </ns3:TrackPointExtension>
        </extensions>
      </trkpt>
      <trkpt lat="37.75677166879177093505859375" lon="-122.397973537445068359375">
        <ele>81.40000152587890625</ele>
        <time>2026-04-09T01:58:59.000Z</time>
        <extensions>
          <ns3:TrackPointExtension>
            <ns3:atemp>19.0</ns3:atemp>
            <ns3:hr>150</ns3:hr>
            <ns3:cad>77</ns3:cad>
          </ns3:TrackPointExtension>
        </extensions>
      </trkpt>
      <trkpt lat="37.756765969097614288330078125" lon="-122.397971190512180328369140625">
        <ele>81.59999847412109375</ele>
        <time>2026-04-09T01:59:00.000Z</time>
        <extensions>
          <ns3:TrackPointExtension>
            <ns3:atemp>19.0</ns3:atemp>
            <ns3:hr>149</ns3:hr>
            <ns3:cad>77</ns3:cad>
          </ns3:TrackPointExtension>
        </extensions>
      </trkpt>
      <trkpt lat="37.756755240261554718017578125" lon="-122.3979693464934825897216796875">
        <ele>81.8000030517578125</ele>
        <time>2026-04-09T01:59:01.000Z</time>
        <extensions>
          <ns3:TrackPointExtension>
            <ns3:atemp>19.0</ns3:atemp>
            <ns3:hr>149</ns3:hr>
            <ns3:cad>77</ns3:cad>
          </ns3:TrackPointExtension>
        </extensions>
      </trkpt>
      <trkpt lat="37.7567366324365139007568359375" lon="-122.39797328598797321319580078125">
        <ele>82</ele>
        <time>2026-04-09T01:59:02.000Z</time>
        <extensions>
          <ns3:TrackPointExtension>
            <ns3:atemp>19.0</ns3:atemp>
            <ns3:hr>149</ns3:hr>
            <ns3:cad>77</ns3:cad>
          </ns3:TrackPointExtension>
        </extensions>
      </trkpt>
      <trkpt lat="37.75672079063951969146728515625" lon="-122.3979740403592586517333984375">
        <ele>82.1999969482421875</ele>
        <time>2026-04-09T01:59:03.000Z</time>
        <extensions>
          <ns3:TrackPointExtension>
            <ns3:atemp>19.0</ns3:atemp>
            <ns3:hr>148</ns3:hr>
            <ns3:cad>77</ns3:cad>
          </ns3:TrackPointExtension>
        </extensions>
      </trkpt>
      <trkpt lat="37.75670771487057209014892578125" lon="-122.39797496236860752105712890625">
        <ele>82.40000152587890625</ele>
        <time>2026-04-09T01:59:04.000Z</time>
        <extensions>
          <ns3:TrackPointExtension>
            <ns3:atemp>19.0</ns3:atemp>
            <ns3:hr>148</ns3:hr>
            <ns3:cad>78</ns3:cad>
          </ns3:TrackPointExtension>
        </extensions>
      </trkpt>
      <trkpt lat="37.756692878901958465576171875" lon="-122.39797513000667095184326171875">
        <ele>82.8000030517578125</ele>
        <time>2026-04-09T01:59:05.000Z</time>
        <extensions>
          <ns3:TrackPointExtension>
            <ns3:atemp>19.0</ns3:atemp>
            <ns3:hr>148</ns3:hr>
            <ns3:cad>78</ns3:cad>
          </ns3:TrackPointExtension>
        </extensions>
      </trkpt>
      <trkpt lat="37.7566749416291713714599609375" lon="-122.3979716934263706207275390625">
        <ele>83</ele>
        <time>2026-04-09T01:59:06.000Z</time>
        <extensions>
          <ns3:TrackPointExtension>
            <ns3:atemp>19.0</ns3:atemp>
            <ns3:hr>147</ns3:hr>
            <ns3:cad>78</ns3:cad>
          </ns3:TrackPointExtension>
        </extensions>
      </trkpt>
      <trkpt lat="37.75667284615337848663330078125" lon="-122.39796624518930912017822265625">
        <ele>83.1999969482421875</ele>
        <time>2026-04-09T01:59:07.000Z</time>
        <extensions>
          <ns3:TrackPointExtension>
            <ns3:atemp>19.0</ns3:atemp>
            <ns3:hr>147</ns3:hr>
            <ns3:cad>77</ns3:cad>
          </ns3:TrackPointExtension>
        </extensions>
      </trkpt>
      <trkpt lat="37.7566638775169849395751953125" lon="-122.3979666642844676971435546875">
        <ele>83.40000152587890625</ele>
        <time>2026-04-09T01:59:08.000Z</time>
        <extensions>
          <ns3:TrackPointExtension>
            <ns3:atemp>19.0</ns3:atemp>
            <ns3:hr>147</ns3:hr>
            <ns3:cad>77</ns3:cad>
          </ns3:TrackPointExtension>
        </extensions>
      </trkpt>
      <trkpt lat="37.7566504664719104766845703125" lon="-122.397958450019359588623046875">
        <ele>83.59999847412109375</ele>
        <time>2026-04-09T01:59:09.000Z</time>
        <extensions>
          <ns3:TrackPointExtension>
            <ns3:atemp>19.0</ns3:atemp>
            <ns3:hr>147</ns3:hr>
            <ns3:cad>77</ns3:cad>
          </ns3:TrackPointExtension>
        </extensions>
      </trkpt>
      <trkpt lat="37.75664158165454864501953125" lon="-122.39795383997261524200439453125">
        <ele>84</ele>
        <time>2026-04-09T01:59:10.000Z</time>
        <extensions>
          <ns3:TrackPointExtension>
            <ns3:atemp>19.0</ns3:atemp>
            <ns3:hr>147</ns3:hr>
            <ns3:cad>78</ns3:cad>
          </ns3:TrackPointExtension>
        </extensions>
      </trkpt>
      <trkpt lat="37.7566261589527130126953125" lon="-122.397953085601329803466796875">
        <ele>84.1999969482421875</ele>
        <time>2026-04-09T01:59:11.000Z</time>
        <extensions>
          <ns3:TrackPointExtension>
            <ns3:atemp>19.0</ns3:atemp>
            <ns3:hr>146</ns3:hr>
            <ns3:cad>78</ns3:cad>
          </ns3:TrackPointExtension>
        </extensions>
      </trkpt>
      <trkpt lat="37.75659958831965923309326171875" lon="-122.39795744419097900390625">
        <ele>84.59999847412109375</ele>
        <time>2026-04-09T01:59:12.000Z</time>
        <extensions>
          <ns3:TrackPointExtension>
            <ns3:atemp>19.0</ns3:atemp>
            <ns3:hr>146</ns3:hr>
            <ns3:cad>78</ns3:cad>
          </ns3:TrackPointExtension>
        </extensions>
      </trkpt>
      <trkpt lat="37.75657930411398410797119140625" lon="-122.39794948138296604156494140625">
        <ele>85.1999969482421875</ele>
        <time>2026-04-09T01:59:13.000Z</time>
        <extensions>
          <ns3:TrackPointExtension>
            <ns3:atemp>19.0</ns3:atemp>
            <ns3:hr>146</ns3:hr>
            <ns3:cad>78</ns3:cad>
          </ns3:TrackPointExtension>
        </extensions>
      </trkpt>
      <trkpt lat="37.7565617859363555908203125" lon="-122.39794897846877574920654296875">
        <ele>85.59999847412109375</ele>
        <time>2026-04-09T01:59:14.000Z</time>
        <extensions>
          <ns3:TrackPointExtension>
            <ns3:atemp>19.0</ns3:atemp>
            <ns3:hr>147</ns3:hr>
            <ns3:cad>79</ns3:cad>
          </ns3:TrackPointExtension>
        </extensions>
      </trkpt>
      <trkpt lat="37.75652758777141571044921875" lon="-122.397958450019359588623046875">
        <ele>86</ele>
        <time>2026-04-09T01:59:15.000Z</time>
        <extensions>
          <ns3:TrackPointExtension>
            <ns3:atemp>19.0</ns3:atemp>
            <ns3:hr>147</ns3:hr>
            <ns3:cad>80</ns3:cad>
          </ns3:TrackPointExtension>
        </extensions>
      </trkpt>
      <trkpt lat="37.7565130032598972320556640625" lon="-122.39795987494289875030517578125">
        <ele>86.40000152587890625</ele>
        <time>2026-04-09T01:59:16.000Z</time>
        <extensions>
          <ns3:TrackPointExtension>
            <ns3:atemp>19.0</ns3:atemp>
            <ns3:hr>147</ns3:hr>
            <ns3:cad>81</ns3:cad>
          </ns3:TrackPointExtension>
        </extensions>
      </trkpt>
      <trkpt lat="37.7564831636846065521240234375" lon="-122.397957779467105865478515625">
        <ele>86.8000030517578125</ele>
        <time>2026-04-09T01:59:17.000Z</time>
        <extensions>
          <ns3:TrackPointExtension>
            <ns3:atemp>19.0</ns3:atemp>
            <ns3:hr>148</ns3:hr>
            <ns3:cad>81</ns3:cad>
          </ns3:TrackPointExtension>
        </extensions>
      </trkpt>
      <trkpt lat="37.7564630471169948577880859375" lon="-122.39795065484941005706787109375">
        <ele>87.1999969482421875</ele>
        <time>2026-04-09T01:59:18.000Z</time>
        <extensions>
          <ns3:TrackPointExtension>
            <ns3:atemp>19.0</ns3:atemp>
            <ns3:hr>149</ns3:hr>
            <ns3:cad>82</ns3:cad>
          </ns3:TrackPointExtension>
        </extensions>
      </trkpt>
      <trkpt lat="37.75644485838711261749267578125" lon="-122.3979552648961544036865234375">
        <ele>87.40000152587890625</ele>
        <time>2026-04-09T01:59:19.000Z</time>
        <extensions>
          <ns3:TrackPointExtension>
            <ns3:atemp>19.0</ns3:atemp>
            <ns3:hr>149</ns3:hr>
            <ns3:cad>82</ns3:cad>
          </ns3:TrackPointExtension>
        </extensions>
      </trkpt>
      <trkpt lat="37.756418623030185699462890625" lon="-122.397952415049076080322265625">
        <ele>87.8000030517578125</ele>
        <time>2026-04-09T01:59:20.000Z</time>
        <extensions>
          <ns3:TrackPointExtension>
            <ns3:atemp>19.0</ns3:atemp>
            <ns3:hr>150</ns3:hr>
            <ns3:cad>83</ns3:cad>
          </ns3:TrackPointExtension>
        </extensions>
      </trkpt>
      <trkpt lat="37.75639951229095458984375" lon="-122.3979495652019977569580078125">
        <ele>88.1999969482421875</ele>
        <time>2026-04-09T01:59:21.000Z</time>
        <extensions>
          <ns3:TrackPointExtension>
            <ns3:atemp>19.0</ns3:atemp>
            <ns3:hr>151</ns3:hr>
            <ns3:cad>83</ns3:cad>
          </ns3:TrackPointExtension>
        </extensions>
      </trkpt>
      <trkpt lat="37.7563713490962982177734375" lon="-122.39794394932687282562255859375">
        <ele>88.59999847412109375</ele>
        <time>2026-04-09T01:59:22.000Z</time>
        <extensions>
          <ns3:TrackPointExtension>
            <ns3:atemp>19.0</ns3:atemp>
            <ns3:hr>151</ns3:hr>
            <ns3:cad>84</ns3:cad>
          </ns3:TrackPointExtension>
        </extensions>
      </trkpt>
      <trkpt lat="37.75634695775806903839111328125" lon="-122.39793858490884304046630859375">
        <ele>88.8000030517578125</ele>
        <time>2026-04-09T01:59:23.000Z</time>
        <extensions>
          <ns3:TrackPointExtension>
            <ns3:atemp>19.0</ns3:atemp>
            <ns3:hr>152</ns3:hr>
            <ns3:cad>84</ns3:cad>
          </ns3:TrackPointExtension>
        </extensions>
      </trkpt>
      <trkpt lat="37.75632432661950588226318359375" lon="-122.39793020300567150115966796875">
        <ele>89.40000152587890625</ele>
        <time>2026-04-09T01:59:24.000Z</time>
        <extensions>
          <ns3:TrackPointExtension>
            <ns3:atemp>19.0</ns3:atemp>
            <ns3:hr>152</ns3:hr>
            <ns3:cad>84</ns3:cad>
          </ns3:TrackPointExtension>
        </extensions>
      </trkpt>
      <trkpt lat="37.756292559206485748291015625" lon="-122.39792735315859317779541015625">
        <ele>89.8000030517578125</ele>
        <time>2026-04-09T01:59:25.000Z</time>
        <extensions>
          <ns3:TrackPointExtension>
            <ns3:atemp>19.0</ns3:atemp>
            <ns3:hr>152</ns3:hr>
            <ns3:cad>84</ns3:cad>
          </ns3:TrackPointExtension>
        </extensions>
      </trkpt>
      <trkpt lat="37.75627453811466693878173828125" lon="-122.39792651496827602386474609375">
        <ele>90.40000152587890625</ele>
        <time>2026-04-09T01:59:26.000Z</time>
        <extensions>
          <ns3:TrackPointExtension>
            <ns3:atemp>19.0</ns3:atemp>
            <ns3:hr>153</ns3:hr>
            <ns3:cad>84</ns3:cad>
          </ns3:TrackPointExtension>
        </extensions>
      </trkpt>
      <trkpt lat="37.7562467940151691436767578125" lon="-122.39793506450951099395751953125">
        <ele>90.8000030517578125</ele>
        <time>2026-04-09T01:59:27.000Z</time>
        <extensions>
          <ns3:TrackPointExtension>
            <ns3:atemp>19.0</ns3:atemp>
            <ns3:hr>153</ns3:hr>
            <ns3:cad>85</ns3:cad>
          </ns3:TrackPointExtension>
        </extensions>
      </trkpt>
      <trkpt lat="37.7562270127236843109130859375" lon="-122.39793171174824237823486328125">
        <ele>91.1999969482421875</ele>
        <time>2026-04-09T01:59:28.000Z</time>
        <extensions>
          <ns3:TrackPointExtension>
            <ns3:atemp>19.0</ns3:atemp>
            <ns3:hr>154</ns3:hr>
            <ns3:cad>85</ns3:cad>
          </ns3:TrackPointExtension>
        </extensions>
      </trkpt>
      <trkpt lat="37.7561970055103302001953125" lon="-122.39793154411017894744873046875">
        <ele>91.40000152587890625</ele>
        <time>2026-04-09T01:59:29.000Z</time>
        <extensions>
          <ns3:TrackPointExtension>
            <ns3:atemp>19.0</ns3:atemp>
            <ns3:hr>154</ns3:hr>
            <ns3:cad>85</ns3:cad>
          </ns3:TrackPointExtension>
        </extensions>
      </trkpt>
      <trkpt lat="37.75617311708629131317138671875" lon="-122.39792970009148120880126953125">
        <ele>91.8000030517578125</ele>
        <time>2026-04-09T01:59:30.000Z</time>
        <extensions>
          <ns3:TrackPointExtension>
            <ns3:atemp>19.0</ns3:atemp>
            <ns3:hr>155</ns3:hr>
            <ns3:cad>85</ns3:cad>
          </ns3:TrackPointExtension>
        </extensions>
      </trkpt>
      <trkpt lat="37.75615132413804531097412109375" lon="-122.39792869426310062408447265625">
        <ele>92.1999969482421875</ele>
        <time>2026-04-09T01:59:31.000Z</time>
        <extensions>
          <ns3:TrackPointExtension>
            <ns3:atemp>19.0</ns3:atemp>
            <ns3:hr>155</ns3:hr>
            <ns3:cad>86</ns3:cad>
          </ns3:TrackPointExtension>
        </extensions>
      </trkpt>
      <trkpt lat="37.75612366385757923126220703125" lon="-122.397924251854419708251953125">
        <ele>92.59999847412109375</ele>
        <time>2026-04-09T01:59:32.000Z</time>
        <extensions>
          <ns3:TrackPointExtension>
            <ns3:atemp>19.0</ns3:atemp>
            <ns3:hr>156</ns3:hr>
            <ns3:cad>86</ns3:cad>
          </ns3:TrackPointExtension>
        </extensions>
      </trkpt>
      <trkpt lat="37.75610111653804779052734375" lon="-122.39792718552052974700927734375">
        <ele>93</ele>
        <time>2026-04-09T01:59:33.000Z</time>
        <extensions>
          <ns3:TrackPointExtension>
            <ns3:atemp>19.0</ns3:atemp>
            <ns3:hr>156</ns3:hr>
            <ns3:cad>86</ns3:cad>
          </ns3:TrackPointExtension>
        </extensions>
      </trkpt>
      <trkpt lat="37.7560655772686004638671875" lon="-122.39793640561401844024658203125">
        <ele>93.1999969482421875</ele>
        <time>2026-04-09T01:59:34.000Z</time>
        <extensions>
          <ns3:TrackPointExtension>
            <ns3:atemp>19.0</ns3:atemp>
            <ns3:hr>157</ns3:hr>
            <ns3:cad>86</ns3:cad>
          </ns3:TrackPointExtension>
        </extensions>
      </trkpt>
      <trkpt lat="37.7560494840145111083984375" lon="-122.397930957376956939697265625">
        <ele>93.59999847412109375</ele>
        <time>2026-04-09T01:59:35.000Z</time>
        <extensions>
          <ns3:TrackPointExtension>
            <ns3:atemp>19.0</ns3:atemp>
            <ns3:hr>157</ns3:hr>
            <ns3:cad>86</ns3:cad>
          </ns3:TrackPointExtension>
        </extensions>
      </trkpt>
      <trkpt lat="37.7560211531817913055419921875" lon="-122.3979341425001621246337890625">
        <ele>93.8000030517578125</ele>
        <time>2026-04-09T01:59:36.000Z</time>
        <extensions>
          <ns3:TrackPointExtension>
            <ns3:atemp>19.0</ns3:atemp>
            <ns3:hr>158</ns3:hr>
            <ns3:cad>86</ns3:cad>
          </ns3:TrackPointExtension>
        </extensions>
      </trkpt>
      <trkpt lat="37.7559963427484035491943359375" lon="-122.39793355576694011688232421875">
        <ele>94.1999969482421875</ele>
        <time>2026-04-09T01:59:37.000Z</time>
        <extensions>
          <ns3:TrackPointExtension>
            <ns3:atemp>19.0</ns3:atemp>
            <ns3:hr>158</ns3:hr>
            <ns3:cad>86</ns3:cad>
          </ns3:TrackPointExtension>
        </extensions>
      </trkpt>
      <trkpt lat="37.75597094558179378509521484375" lon="-122.39793187938630580902099609375">
        <ele>94.40000152587890625</ele>
        <time>2026-04-09T01:59:38.000Z</time>
        <extensions>
          <ns3:TrackPointExtension>
            <ns3:atemp>19.0</ns3:atemp>
            <ns3:hr>159</ns3:hr>
            <ns3:cad>86</ns3:cad>
          </ns3:TrackPointExtension>
        </extensions>
      </trkpt>
      <trkpt lat="37.755945883691310882568359375" lon="-122.39792525768280029296875">
        <ele>94.59999847412109375</ele>
        <time>2026-04-09T01:59:39.000Z</time>
        <extensions>
          <ns3:TrackPointExtension>
            <ns3:atemp>19.0</ns3:atemp>
            <ns3:hr>159</ns3:hr>
            <ns3:cad>87</ns3:cad>
          </ns3:TrackPointExtension>
        </extensions>
      </trkpt>
      <trkpt lat="37.75592274963855743408203125" lon="-122.39792953245341777801513671875">
        <ele>95</ele>
        <time>2026-04-09T01:59:40.000Z</time>
        <extensions>
          <ns3:TrackPointExtension>
            <ns3:atemp>19.0</ns3:atemp>
            <ns3:hr>160</ns3:hr>
            <ns3:cad>87</ns3:cad>
          </ns3:TrackPointExtension>
        </extensions>
      </trkpt>
      <trkpt lat="37.75589601136744022369384765625" lon="-122.39792936481535434722900390625">
        <ele>95.1999969482421875</ele>
        <time>2026-04-09T01:59:41.000Z</time>
        <extensions>
          <ns3:TrackPointExtension>
            <ns3:atemp>19.0</ns3:atemp>
            <ns3:hr>160</ns3:hr>
            <ns3:cad>86</ns3:cad>
          </ns3:TrackPointExtension>
        </extensions>
      </trkpt>
      <trkpt lat="37.7558655850589275360107421875" lon="-122.3979294486343860626220703125">
        <ele>95.59999847412109375</ele>
        <time>2026-04-09T01:59:42.000Z</time>
        <extensions>
          <ns3:TrackPointExtension>
            <ns3:atemp>19.0</ns3:atemp>
            <ns3:hr>160</ns3:hr>
            <ns3:cad>86</ns3:cad>
          </ns3:TrackPointExtension>
        </extensions>
      </trkpt>
      <trkpt lat="37.7558572031557559967041015625" lon="-122.39792861044406890869140625">
        <ele>95.8000030517578125</ele>
        <time>2026-04-09T01:59:43.000Z</time>
        <extensions>
          <ns3:TrackPointExtension>
            <ns3:atemp>19.0</ns3:atemp>
            <ns3:hr>160</ns3:hr>
            <ns3:cad>86</ns3:cad>
          </ns3:TrackPointExtension>
        </extensions>
      </trkpt>
      <trkpt lat="37.755841948091983795166015625" lon="-122.3979203961789608001708984375">
        <ele>96.1999969482421875</ele>
        <time>2026-04-09T01:59:44.000Z</time>
        <extensions>
          <ns3:TrackPointExtension>
            <ns3:atemp>19.0</ns3:atemp>
            <ns3:hr>161</ns3:hr>
            <ns3:cad>86</ns3:cad>
          </ns3:TrackPointExtension>
        </extensions>
      </trkpt>
      <trkpt lat="37.75583432056009769439697265625" lon="-122.39792525768280029296875">
        <ele>96.40000152587890625</ele>
        <time>2026-04-09T01:59:45.000Z</time>
        <extensions>
          <ns3:TrackPointExtension>
            <ns3:atemp>19.0</ns3:atemp>
            <ns3:hr>161</ns3:hr>
            <ns3:cad>83</ns3:cad>
          </ns3:TrackPointExtension>
        </extensions>
      </trkpt>
      <trkpt lat="37.7558263577520847320556640625" lon="-122.39793087355792522430419921875">
        <ele>96.8000030517578125</ele>
        <time>2026-04-09T01:59:46.000Z</time>
        <extensions>
          <ns3:TrackPointExtension>
            <ns3:atemp>19.0</ns3:atemp>
            <ns3:hr>161</ns3:hr>
            <ns3:cad>81</ns3:cad>
          </ns3:TrackPointExtension>
        </extensions>
      </trkpt>
      <trkpt lat="37.75581655092537403106689453125" lon="-122.3979364894330501556396484375">
        <ele>97</ele>
        <time>2026-04-09T01:59:47.000Z</time>
        <extensions>
          <ns3:TrackPointExtension>
            <ns3:atemp>19.0</ns3:atemp>
            <ns3:hr>162</ns3:hr>
            <ns3:cad>78</ns3:cad>
          </ns3:TrackPointExtension>
        </extensions>
      </trkpt>
      <trkpt lat="37.75581638328731060028076171875" lon="-122.3979405127465724945068359375">
        <ele>97.1999969482421875</ele>
        <time>2026-04-09T01:59:48.000Z</time>
        <extensions>
          <ns3:TrackPointExtension>
            <ns3:atemp>19.0</ns3:atemp>
            <ns3:hr>162</ns3:hr>
            <ns3:cad>78</ns3:cad>
          </ns3:TrackPointExtension>
        </extensions>
      </trkpt>
      <trkpt lat="37.75581202469766139984130859375" lon="-122.3979455418884754180908203125">
        <ele>97.40000152587890625</ele>
        <time>2026-04-09T01:59:49.000Z</time>
        <extensions>
          <ns3:TrackPointExtension>
            <ns3:atemp>19.0</ns3:atemp>
            <ns3:hr>162</ns3:hr>
            <ns3:cad>78</ns3:cad>
          </ns3:TrackPointExtension>
        </extensions>
      </trkpt>
      <trkpt lat="37.75579132139682769775390625" lon="-122.39794763736426830291748046875">
        <ele>97.40000152587890625</ele>
        <time>2026-04-09T01:59:50.000Z</time>
        <extensions>
          <ns3:TrackPointExtension>
            <ns3:atemp>19.0</ns3:atemp>
            <ns3:hr>162</ns3:hr>
            <ns3:cad>79</ns3:cad>
          </ns3:TrackPointExtension>
        </extensions>
      </trkpt>
      <trkpt lat="37.7557837776839733123779296875" lon="-122.39794746972620487213134765625">
        <ele>97.40000152587890625</ele>
        <time>2026-04-09T01:59:51.000Z</time>
        <extensions>
          <ns3:TrackPointExtension>
            <ns3:atemp>19.0</ns3:atemp>
            <ns3:hr>163</ns3:hr>
            <ns3:cad>80</ns3:cad>
          </ns3:TrackPointExtension>
        </extensions>
      </trkpt>
      <trkpt lat="37.7557666786015033721923828125" lon="-122.39794830791652202606201171875">
        <ele>97.40000152587890625</ele>
        <time>2026-04-09T01:59:52.000Z</time>
        <extensions>
          <ns3:TrackPointExtension>
            <ns3:atemp>19.0</ns3:atemp>
            <ns3:hr>162</ns3:hr>
            <ns3:cad>80</ns3:cad>
          </ns3:TrackPointExtension>
        </extensions>
      </trkpt>
      <trkpt lat="37.75574413128197193145751953125" lon="-122.3979431949555873870849609375">
        <ele>97.40000152587890625</ele>
        <time>2026-04-09T01:59:53.000Z</time>
        <extensions>
          <ns3:TrackPointExtension>
            <ns3:atemp>19.0</ns3:atemp>
            <ns3:hr>162</ns3:hr>
            <ns3:cad>80</ns3:cad>
          </ns3:TrackPointExtension>
        </extensions>
      </trkpt>
      <trkpt lat="37.75573004968464374542236328125" lon="-122.39794160239398479461669921875">
        <ele>97.40000152587890625</ele>
        <time>2026-04-09T01:59:54.000Z</time>
        <extensions>
          <ns3:TrackPointExtension>
            <ns3:atemp>19.0</ns3:atemp>
            <ns3:hr>161</ns3:hr>
            <ns3:cad>80</ns3:cad>
          </ns3:TrackPointExtension>
        </extensions>
      </trkpt>
      <trkpt lat="37.75570741854608058929443359375" lon="-122.39793975837528705596923828125">
        <ele>97.59999847412109375</ele>
        <time>2026-04-09T01:59:55.000Z</time>
        <extensions>
          <ns3:TrackPointExtension>
            <ns3:atemp>19.0</ns3:atemp>
            <ns3:hr>160</ns3:hr>
            <ns3:cad>81</ns3:cad>
          </ns3:TrackPointExtension>
        </extensions>
      </trkpt>
      <trkpt lat="37.75568948127329349517822265625" lon="-122.39793322049081325531005859375">
        <ele>97.8000030517578125</ele>
        <time>2026-04-09T01:59:56.000Z</time>
        <extensions>
          <ns3:TrackPointExtension>
            <ns3:atemp>19.0</ns3:atemp>
            <ns3:hr>160</ns3:hr>
            <ns3:cad>81</ns3:cad>
          </ns3:TrackPointExtension>
        </extensions>
      </trkpt>
      <trkpt lat="37.75567824952304363250732421875" lon="-122.39793674089014530181884765625">
        <ele>98</ele>
        <time>2026-04-09T01:59:57.000Z</time>
        <extensions>
          <ns3:TrackPointExtension>
            <ns3:atemp>19.0</ns3:atemp>
            <ns3:hr>159</ns3:hr>
            <ns3:cad>81</ns3:cad>
          </ns3:TrackPointExtension>
        </extensions>
      </trkpt>
      <trkpt lat="37.75566081516444683074951171875" lon="-122.3979338072240352630615234375">
        <ele>98</ele>
        <time>2026-04-09T01:59:58.000Z</time>
        <extensions>
          <ns3:TrackPointExtension>
            <ns3:atemp>19.0</ns3:atemp>
            <ns3:hr>159</ns3:hr>
            <ns3:cad>81</ns3:cad>
          </ns3:TrackPointExtension>
        </extensions>
      </trkpt>
      <trkpt lat="37.75564036332070827484130859375" lon="-122.3979284428060054779052734375">
        <ele>98.1999969482421875</ele>
        <time>2026-04-09T01:59:59.000Z</time>
        <extensions>
          <ns3:TrackPointExtension>
            <ns3:atemp>19.0</ns3:atemp>
            <ns3:hr>159</ns3:hr>
            <ns3:cad>81</ns3:cad>
          </ns3:TrackPointExtension>
        </extensions>
      </trkpt>
      <trkpt lat="37.7556325681507587432861328125" lon="-122.3979317955672740936279296875">
        <ele>98</ele>
        <time>2026-04-09T02:00:00.000Z</time>
        <extensions>
          <ns3:TrackPointExtension>
            <ns3:atemp>19.0</ns3:atemp>
            <ns3:hr>158</ns3:hr>
            <ns3:cad>81</ns3:cad>
          </ns3:TrackPointExtension>
        </extensions>
      </trkpt>
      <trkpt lat="37.75561421178281307220458984375" lon="-122.39793129265308380126953125">
        <ele>98</ele>
        <time>2026-04-09T02:00:01.000Z</time>
        <extensions>
          <ns3:TrackPointExtension>
            <ns3:atemp>19.0</ns3:atemp>
            <ns3:hr>158</ns3:hr>
            <ns3:cad>81</ns3:cad>
          </ns3:TrackPointExtension>
        </extensions>
      </trkpt>
      <trkpt lat="37.755601219832897186279296875" lon="-122.39792861044406890869140625">
        <ele>98.1999969482421875</ele>
        <time>2026-04-09T02:00:02.000Z</time>
        <extensions>
          <ns3:TrackPointExtension>
            <ns3:atemp>19.0</ns3:atemp>
            <ns3:hr>157</ns3:hr>
            <ns3:cad>81</ns3:cad>
          </ns3:TrackPointExtension>
        </extensions>
      </trkpt>
      <trkpt lat="37.755587808787822723388671875" lon="-122.397932298481464385986328125">
        <ele>98.1999969482421875</ele>
        <time>2026-04-09T02:00:03.000Z</time>
        <extensions>
          <ns3:TrackPointExtension>
            <ns3:atemp>19.0</ns3:atemp>
            <ns3:hr>157</ns3:hr>
            <ns3:cad>81</ns3:cad>
          </ns3:TrackPointExtension>
        </extensions>
      </trkpt>
      <trkpt lat="37.7555641718208789825439453125" lon="-122.39793690852820873260498046875">
        <ele>98.1999969482421875</ele>
        <time>2026-04-09T02:00:04.000Z</time>
        <extensions>
          <ns3:TrackPointExtension>
            <ns3:atemp>19.0</ns3:atemp>
            <ns3:hr>157</ns3:hr>
            <ns3:cad>81</ns3:cad>
          </ns3:TrackPointExtension>
        </extensions>
      </trkpt>
      <trkpt lat="37.7555440552532672882080078125" lon="-122.39793858490884304046630859375">
        <ele>98.1999969482421875</ele>
        <time>2026-04-09T02:00:05.000Z</time>
        <extensions>
          <ns3:TrackPointExtension>
            <ns3:atemp>19.0</ns3:atemp>
            <ns3:hr>156</ns3:hr>
            <ns3:cad>81</ns3:cad>
          </ns3:TrackPointExtension>
        </extensions>
      </trkpt>
      <trkpt lat="37.7555293031036853790283203125" lon="-122.39794042892754077911376953125">
        <ele>98.1999969482421875</ele>
        <time>2026-04-09T02:00:06.000Z</time>
        <extensions>
          <ns3:TrackPointExtension>
            <ns3:atemp>19.0</ns3:atemp>
            <ns3:hr>156</ns3:hr>
            <ns3:cad>80</ns3:cad>
          </ns3:TrackPointExtension>
        </extensions>
      </trkpt>
      <trkpt lat="37.75551731698215007781982421875" lon="-122.39793372340500354766845703125">
        <ele>98</ele>
        <time>2026-04-09T02:00:07.000Z</time>
        <extensions>
          <ns3:TrackPointExtension>
            <ns3:atemp>19.0</ns3:atemp>
            <ns3:hr>155</ns3:hr>
            <ns3:cad>80</ns3:cad>
          </ns3:TrackPointExtension>
        </extensions>
      </trkpt>
      <trkpt lat="37.75551144964993000030517578125" lon="-122.397924922406673431396484375">
        <ele>98</ele>
        <time>2026-04-09T02:00:08.000Z</time>
        <extensions>
          <ns3:TrackPointExtension>
            <ns3:atemp>19.0</ns3:atemp>
            <ns3:hr>155</ns3:hr>
            <ns3:cad>80</ns3:cad>
          </ns3:TrackPointExtension>
        </extensions>
      </trkpt>
      <trkpt lat="37.75550164282321929931640625" lon="-122.39791452884674072265625">
        <ele>98</ele>
        <time>2026-04-09T02:00:09.000Z</time>
        <extensions>
          <ns3:TrackPointExtension>
            <ns3:atemp>19.0</ns3:atemp>
            <ns3:hr>154</ns3:hr>
            <ns3:cad>80</ns3:cad>
          </ns3:TrackPointExtension>
        </extensions>
      </trkpt>
      <trkpt lat="37.75548747740685939788818359375" lon="-122.397918887436389923095703125">
        <ele>97.8000030517578125</ele>
        <time>2026-04-09T02:00:10.000Z</time>
        <extensions>
          <ns3:TrackPointExtension>
            <ns3:atemp>19.0</ns3:atemp>
            <ns3:hr>154</ns3:hr>
            <ns3:cad>79</ns3:cad>
          </ns3:TrackPointExtension>
        </extensions>
      </trkpt>
      <trkpt lat="37.75545612908899784088134765625" lon="-122.3978944122791290283203125">
        <ele>97.59999847412109375</ele>
        <time>2026-04-09T02:00:11.000Z</time>
        <extensions>
          <ns3:TrackPointExtension>
            <ns3:atemp>19.0</ns3:atemp>
            <ns3:hr>153</ns3:hr>
            <ns3:cad>79</ns3:cad>
          </ns3:TrackPointExtension>
        </extensions>
      </trkpt>
      <trkpt lat="37.75543718598783016204833984375" lon="-122.3978815041482448577880859375">
        <ele>97.40000152587890625</ele>
        <time>2026-04-09T02:00:12.000Z</time>
        <extensions>
          <ns3:TrackPointExtension>
            <ns3:atemp>19.0</ns3:atemp>
            <ns3:hr>152</ns3:hr>
            <ns3:cad>78</ns3:cad>
          </ns3:TrackPointExtension>
        </extensions>
      </trkpt>
      <trkpt lat="37.75541254319250583648681640625" lon="-122.39787538535892963409423828125">
        <ele>97.1999969482421875</ele>
        <time>2026-04-09T02:00:13.000Z</time>
        <extensions>
          <ns3:TrackPointExtension>
            <ns3:atemp>19.0</ns3:atemp>
            <ns3:hr>152</ns3:hr>
            <ns3:cad>77</ns3:cad>
          </ns3:TrackPointExtension>
        </extensions>
      </trkpt>
      <trkpt lat="37.75538496673107147216796875" lon="-122.39787052385509014129638671875">
        <ele>97</ele>
        <time>2026-04-09T02:00:14.000Z</time>
        <extensions>
          <ns3:TrackPointExtension>
            <ns3:atemp>19.0</ns3:atemp>
            <ns3:hr>151</ns3:hr>
            <ns3:cad>77</ns3:cad>
          </ns3:TrackPointExtension>
        </extensions>
      </trkpt>
      <trkpt lat="37.75534565560519695281982421875" lon="-122.3978519998490810394287109375">
        <ele>96.59999847412109375</ele>
        <time>2026-04-09T02:00:15.000Z</time>
        <extensions>
          <ns3:TrackPointExtension>
            <ns3:atemp>19.0</ns3:atemp>
            <ns3:hr>150</ns3:hr>
            <ns3:cad>77</ns3:cad>
          </ns3:TrackPointExtension>
        </extensions>
      </trkpt>
      <trkpt lat="37.75532386265695095062255859375" lon="-122.39784403704106807708740234375">
        <ele>96.1999969482421875</ele>
        <time>2026-04-09T02:00:16.000Z</time>
        <extensions>
          <ns3:TrackPointExtension>
            <ns3:atemp>19.0</ns3:atemp>
            <ns3:hr>150</ns3:hr>
            <ns3:cad>77</ns3:cad>
          </ns3:TrackPointExtension>
        </extensions>
      </trkpt>
      <trkpt lat="37.755302153527736663818359375" lon="-122.397843785583972930908203125">
        <ele>95.8000030517578125</ele>
        <time>2026-04-09T02:00:17.000Z</time>
        <extensions>
          <ns3:TrackPointExtension>
            <ns3:atemp>19.0</ns3:atemp>
            <ns3:hr>150</ns3:hr>
            <ns3:cad>77</ns3:cad>
          </ns3:TrackPointExtension>
        </extensions>
      </trkpt>
      <trkpt lat="37.75527558289468288421630859375" lon="-122.3978389240801334381103515625">
        <ele>95.40000152587890625</ele>
        <time>2026-04-09T02:00:18.000Z</time>
        <extensions>
          <ns3:TrackPointExtension>
            <ns3:atemp>19.0</ns3:atemp>
            <ns3:hr>150</ns3:hr>
            <ns3:cad>77</ns3:cad>
          </ns3:TrackPointExtension>
        </extensions>
      </trkpt>
      <trkpt lat="37.75525077246129512786865234375" lon="-122.39782802760601043701171875">
        <ele>95</ele>
        <time>2026-04-09T02:00:19.000Z</time>
        <extensions>
          <ns3:TrackPointExtension>
            <ns3:atemp>19.0</ns3:atemp>
            <ns3:hr>149</ns3:hr>
            <ns3:cad>76</ns3:cad>
          </ns3:TrackPointExtension>
        </extensions>
      </trkpt>
      <trkpt lat="37.75522671639919281005859375" lon="-122.39781872369349002838134765625">
        <ele>94.59999847412109375</ele>
        <time>2026-04-09T02:00:20.000Z</time>
        <extensions>
          <ns3:TrackPointExtension>
            <ns3:atemp>19.0</ns3:atemp>
            <ns3:hr>149</ns3:hr>
            <ns3:cad>76</ns3:cad>
          </ns3:TrackPointExtension>
        </extensions>
      </trkpt>
      <trkpt lat="37.7552057616412639617919921875" lon="-122.39781889133155345916748046875">
        <ele>94</ele>
        <time>2026-04-09T02:00:21.000Z</time>
        <extensions>
          <ns3:TrackPointExtension>
            <ns3:atemp>19.0</ns3:atemp>
            <ns3:hr>149</ns3:hr>
            <ns3:cad>76</ns3:cad>
          </ns3:TrackPointExtension>
        </extensions>
      </trkpt>
      <trkpt lat="37.75517583824694156646728515625" lon="-122.3978100903332233428955078125">
        <ele>93.40000152587890625</ele>
        <time>2026-04-09T02:00:22.000Z</time>
        <extensions>
          <ns3:TrackPointExtension>
            <ns3:atemp>19.0</ns3:atemp>
            <ns3:hr>148</ns3:hr>
            <ns3:cad>76</ns3:cad>
          </ns3:TrackPointExtension>
        </extensions>
      </trkpt>
      <trkpt lat="37.75514968670904636383056640625" lon="-122.3978040553629398345947265625">
        <ele>93</ele>
        <time>2026-04-09T02:00:23.000Z</time>
        <extensions>
          <ns3:TrackPointExtension>
            <ns3:atemp>19.0</ns3:atemp>
            <ns3:hr>148</ns3:hr>
            <ns3:cad>76</ns3:cad>
          </ns3:TrackPointExtension>
        </extensions>
      </trkpt>
      <trkpt lat="37.7551294863224029541015625" lon="-122.39780413918197154998779296875">
        <ele>92.59999847412109375</ele>
        <time>2026-04-09T02:00:24.000Z</time>
        <extensions>
          <ns3:TrackPointExtension>
            <ns3:atemp>19.0</ns3:atemp>
            <ns3:hr>147</ns3:hr>
            <ns3:cad>76</ns3:cad>
          </ns3:TrackPointExtension>
        </extensions>
      </trkpt>
      <trkpt lat="37.7551051788032054901123046875" lon="-122.3978064022958278656005859375">
        <ele>91.8000030517578125</ele>
        <time>2026-04-09T02:00:25.000Z</time>
        <extensions>
          <ns3:TrackPointExtension>
            <ns3:atemp>19.0</ns3:atemp>
            <ns3:hr>147</ns3:hr>
            <ns3:cad>76</ns3:cad>
          </ns3:TrackPointExtension>
        </extensions>
      </trkpt>
      <trkpt lat="37.75507357902824878692626953125" lon="-122.39779391326010227203369140625">
        <ele>91.1999969482421875</ele>
        <time>2026-04-09T02:00:26.000Z</time>
        <extensions>
          <ns3:TrackPointExtension>
            <ns3:atemp>19.0</ns3:atemp>
            <ns3:hr>147</ns3:hr>
            <ns3:cad>76</ns3:cad>
          </ns3:TrackPointExtension>
        </extensions>
      </trkpt>
      <trkpt lat="37.75505094788968563079833984375" lon="-122.39778972230851650238037109375">
        <ele>90.59999847412109375</ele>
        <time>2026-04-09T02:00:27.000Z</time>
        <extensions>
          <ns3:TrackPointExtension>
            <ns3:atemp>19.0</ns3:atemp>
            <ns3:hr>147</ns3:hr>
            <ns3:cad>76</ns3:cad>
          </ns3:TrackPointExtension>
        </extensions>
      </trkpt>
      <trkpt lat="37.755028568208217620849609375" lon="-122.3977866210043430328369140625">
        <ele>90.1999969482421875</ele>
        <time>2026-04-09T02:00:28.000Z</time>
        <extensions>
          <ns3:TrackPointExtension>
            <ns3:atemp>19.0</ns3:atemp>
            <ns3:hr>146</ns3:hr>
            <ns3:cad>76</ns3:cad>
          </ns3:TrackPointExtension>
        </extensions>
      </trkpt>
      <trkpt lat="37.7550002373754978179931640625" lon="-122.39778720773756504058837890625">
        <ele>89.8000030517578125</ele>
        <time>2026-04-09T02:00:29.000Z</time>
        <extensions>
          <ns3:TrackPointExtension>
            <ns3:atemp>19.0</ns3:atemp>
            <ns3:hr>146</ns3:hr>
            <ns3:cad>76</ns3:cad>
          </ns3:TrackPointExtension>
        </extensions>
      </trkpt>
      <trkpt lat="37.75496562011539936065673828125" lon="-122.3977809213101863861083984375">
        <ele>89.1999969482421875</ele>
        <time>2026-04-09T02:00:30.000Z</time>
        <extensions>
          <ns3:TrackPointExtension>
            <ns3:atemp>19.0</ns3:atemp>
            <ns3:hr>146</ns3:hr>
            <ns3:cad>76</ns3:cad>
          </ns3:TrackPointExtension>
        </extensions>
      </trkpt>
      <trkpt lat="37.7549459226429462432861328125" lon="-122.39778737537562847137451171875">
        <ele>88.8000030517578125</ele>
        <time>2026-04-09T02:00:31.000Z</time>
        <extensions>
          <ns3:TrackPointExtension>
            <ns3:atemp>19.0</ns3:atemp>
            <ns3:hr>146</ns3:hr>
            <ns3:cad>76</ns3:cad>
          </ns3:TrackPointExtension>
        </extensions>
      </trkpt>
      <trkpt lat="37.7549167536199092864990234375" lon="-122.39780732430517673492431640625">
        <ele>88.40000152587890625</ele>
        <time>2026-04-09T02:00:32.000Z</time>
        <extensions>
          <ns3:TrackPointExtension>
            <ns3:atemp>19.0</ns3:atemp>
            <ns3:hr>146</ns3:hr>
            <ns3:cad>76</ns3:cad>
          </ns3:TrackPointExtension>
        </extensions>
      </trkpt>
      <trkpt lat="37.75488833896815776824951171875" lon="-122.39782710559666156768798828125">
        <ele>88</ele>
        <time>2026-04-09T02:00:33.000Z</time>
        <extensions>
          <ns3:TrackPointExtension>
            <ns3:atemp>19.0</ns3:atemp>
            <ns3:hr>146</ns3:hr>
            <ns3:cad>78</ns3:cad>
          </ns3:TrackPointExtension>
        </extensions>
      </trkpt>
      <trkpt lat="37.7548751793801784515380859375" lon="-122.3978486470878124237060546875">
        <ele>87.8000030517578125</ele>
        <time>2026-04-09T02:00:34.000Z</time>
        <extensions>
          <ns3:TrackPointExtension>
            <ns3:atemp>19.0</ns3:atemp>
            <ns3:hr>145</ns3:hr>
            <ns3:cad>78</ns3:cad>
          </ns3:TrackPointExtension>
        </extensions>
      </trkpt>
      <trkpt lat="37.75486688129603862762451171875" lon="-122.3978808335959911346435546875">
        <ele>87.59999847412109375</ele>
        <time>2026-04-09T02:00:35.000Z</time>
        <extensions>
          <ns3:TrackPointExtension>
            <ns3:atemp>19.0</ns3:atemp>
            <ns3:hr>145</ns3:hr>
            <ns3:cad>79</ns3:cad>
          </ns3:TrackPointExtension>
        </extensions>
      </trkpt>
      <trkpt lat="37.75485925376415252685546875" lon="-122.397917211055755615234375">
        <ele>87.40000152587890625</ele>
        <time>2026-04-09T02:00:36.000Z</time>
        <extensions>
          <ns3:TrackPointExtension>
            <ns3:atemp>19.0</ns3:atemp>
            <ns3:hr>145</ns3:hr>
            <ns3:cad>79</ns3:cad>
          </ns3:TrackPointExtension>
        </extensions>
      </trkpt>
      <trkpt lat="37.7548532187938690185546875" lon="-122.39794730208814144134521484375">
        <ele>87.1999969482421875</ele>
        <time>2026-04-09T02:00:37.000Z</time>
        <extensions>
          <ns3:TrackPointExtension>
            <ns3:atemp>19.0</ns3:atemp>
            <ns3:hr>145</ns3:hr>
            <ns3:cad>79</ns3:cad>
          </ns3:TrackPointExtension>
        </extensions>
      </trkpt>
      <trkpt lat="37.75485263206064701080322265625" lon="-122.3979911394417285919189453125">
        <ele>86.8000030517578125</ele>
        <time>2026-04-09T02:00:38.000Z</time>
        <extensions>
          <ns3:TrackPointExtension>
            <ns3:atemp>19.0</ns3:atemp>
            <ns3:hr>145</ns3:hr>
            <ns3:cad>79</ns3:cad>
          </ns3:TrackPointExtension>
        </extensions>
      </trkpt>
      <trkpt lat="37.7548513747751712799072265625" lon="-122.3980239965021610260009765625">
        <ele>86.8000030517578125</ele>
        <time>2026-04-09T02:00:39.000Z</time>
        <extensions>
          <ns3:TrackPointExtension>
            <ns3:atemp>19.0</ns3:atemp>
            <ns3:hr>144</ns3:hr>
            <ns3:cad>81</ns3:cad>
          </ns3:TrackPointExtension>
        </extensions>
      </trkpt>
      <trkpt lat="37.754851542413234710693359375" lon="-122.398047633469104766845703125">
        <ele>86.59999847412109375</ele>
        <time>2026-04-09T02:00:40.000Z</time>
        <extensions>
          <ns3:TrackPointExtension>
            <ns3:atemp>19.0</ns3:atemp>
            <ns3:hr>144</ns3:hr>
            <ns3:cad>81</ns3:cad>
          </ns3:TrackPointExtension>
        </extensions>
      </trkpt>
      <trkpt lat="37.7548453398048877716064453125" lon="-122.39811628125607967376708984375">
        <ele>86.59999847412109375</ele>
        <time>2026-04-09T02:00:41.000Z</time>
        <extensions>
          <ns3:TrackPointExtension>
            <ns3:atemp>19.0</ns3:atemp>
            <ns3:hr>144</ns3:hr>
            <ns3:cad>81</ns3:cad>
          </ns3:TrackPointExtension>
        </extensions>
      </trkpt>
      <trkpt lat="37.754851877689361572265625" lon="-122.39814343862235546112060546875">
        <ele>86.59999847412109375</ele>
        <time>2026-04-09T02:00:42.000Z</time>
        <extensions>
          <ns3:TrackPointExtension>
            <ns3:atemp>19.0</ns3:atemp>
            <ns3:hr>144</ns3:hr>
            <ns3:cad>81</ns3:cad>
          </ns3:TrackPointExtension>
        </extensions>
      </trkpt>
      <trkpt lat="37.75485564954578876495361328125" lon="-122.39817663095891475677490234375">
        <ele>86.59999847412109375</ele>
        <time>2026-04-09T02:00:43.000Z</time>
        <extensions>
          <ns3:TrackPointExtension>
            <ns3:atemp>19.0</ns3:atemp>
            <ns3:hr>144</ns3:hr>
            <ns3:cad>80</ns3:cad>
          </ns3:TrackPointExtension>
        </extensions>
      </trkpt>
      <trkpt lat="37.75485330261290073394775390625" lon="-122.398205883800983428955078125">
        <ele>86.59999847412109375</ele>
        <time>2026-04-09T02:00:44.000Z</time>
        <extensions>
          <ns3:TrackPointExtension>
            <ns3:atemp>19.0</ns3:atemp>
            <ns3:hr>143</ns3:hr>
            <ns3:cad>80</ns3:cad>
          </ns3:TrackPointExtension>
        </extensions>
      </trkpt>
      <trkpt lat="37.75484592653810977935791015625" lon="-122.3982368968427181243896484375">
        <ele>86.40000152587890625</ele>
        <time>2026-04-09T02:00:45.000Z</time>
        <extensions>
          <ns3:TrackPointExtension>
            <ns3:atemp>19.0</ns3:atemp>
            <ns3:hr>144</ns3:hr>
            <ns3:cad>80</ns3:cad>
          </ns3:TrackPointExtension>
        </extensions>
      </trkpt>
      <trkpt lat="37.75483955629169940948486328125" lon="-122.398258857429027557373046875">
        <ele>86.40000152587890625</ele>
        <time>2026-04-09T02:00:46.000Z</time>
        <extensions>
          <ns3:TrackPointExtension>
            <ns3:atemp>19.0</ns3:atemp>
            <ns3:hr>144</ns3:hr>
            <ns3:cad>79</ns3:cad>
          </ns3:TrackPointExtension>
        </extensions>
      </trkpt>
      <trkpt lat="37.7548289112746715545654296875" lon="-122.3982891999185085296630859375">
        <ele>86.40000152587890625</ele>
        <time>2026-04-09T02:00:47.000Z</time>
        <extensions>
          <ns3:TrackPointExtension>
            <ns3:atemp>19.0</ns3:atemp>
            <ns3:hr>143</ns3:hr>
            <ns3:cad>78</ns3:cad>
          </ns3:TrackPointExtension>
        </extensions>
      </trkpt>
      <trkpt lat="37.75482078082859516143798828125" lon="-122.39830822683870792388916015625">
        <ele>86.1999969482421875</ele>
        <time>2026-04-09T02:00:48.000Z</time>
        <extensions>
          <ns3:TrackPointExtension>
            <ns3:atemp>19.0</ns3:atemp>
            <ns3:hr>143</ns3:hr>
            <ns3:cad>78</ns3:cad>
          </ns3:TrackPointExtension>
        </extensions>
      </trkpt>
      <trkpt lat="37.75481290183961391448974609375" lon="-122.39833303727209568023681640625">
        <ele>86.1999969482421875</ele>
        <time>2026-04-09T02:00:49.000Z</time>
        <extensions>
          <ns3:TrackPointExtension>
            <ns3:atemp>19.0</ns3:atemp>
            <ns3:hr>143</ns3:hr>
            <ns3:cad>79</ns3:cad>
          </ns3:TrackPointExtension>
        </extensions>
      </trkpt>
      <trkpt lat="37.7547984011471271514892578125" lon="-122.3983636312186717987060546875">
        <ele>86.1999969482421875</ele>
        <time>2026-04-09T02:00:50.000Z</time>
        <extensions>
          <ns3:TrackPointExtension>
            <ns3:atemp>19.0</ns3:atemp>
            <ns3:hr>143</ns3:hr>
            <ns3:cad>79</ns3:cad>
          </ns3:TrackPointExtension>
        </extensions>
      </trkpt>
      <trkpt lat="37.754791192710399627685546875" lon="-122.39838668145239353179931640625">
        <ele>86</ele>
        <time>2026-04-09T02:00:51.000Z</time>
        <extensions>
          <ns3:TrackPointExtension>
            <ns3:atemp>19.0</ns3:atemp>
            <ns3:hr>143</ns3:hr>
            <ns3:cad>80</ns3:cad>
          </ns3:TrackPointExtension>
        </extensions>
      </trkpt>
      <trkpt lat="37.75478658266365528106689453125" lon="-122.39840763621032238006591796875">
        <ele>86</ele>
        <time>2026-04-09T02:00:52.000Z</time>
        <extensions>
          <ns3:TrackPointExtension>
            <ns3:atemp>19.0</ns3:atemp>
            <ns3:hr>143</ns3:hr>
            <ns3:cad>81</ns3:cad>
          </ns3:TrackPointExtension>
        </extensions>
      </trkpt>
      <trkpt lat="37.75477568618953227996826171875" lon="-122.39843152463436126708984375">
        <ele>85.8000030517578125</ele>
        <time>2026-04-09T02:00:53.000Z</time>
        <extensions>
          <ns3:TrackPointExtension>
            <ns3:atemp>19.0</ns3:atemp>
            <ns3:hr>144</ns3:hr>
            <ns3:cad>81</ns3:cad>
          </ns3:TrackPointExtension>
        </extensions>
      </trkpt>
      <trkpt lat="37.75477317161858081817626953125" lon="-122.3984491266310214996337890625">
        <ele>85.8000030517578125</ele>
        <time>2026-04-09T02:00:54.000Z</time>
        <extensions>
          <ns3:TrackPointExtension>
            <ns3:atemp>19.0</ns3:atemp>
            <ns3:hr>144</ns3:hr>
            <ns3:cad>80</ns3:cad>
          </ns3:TrackPointExtension>
        </extensions>
      </trkpt>
      <trkpt lat="37.75477132759988307952880859375" lon="-122.39847117103636264801025390625">
        <ele>85.8000030517578125</ele>
        <time>2026-04-09T02:00:55.000Z</time>
        <extensions>
          <ns3:TrackPointExtension>
            <ns3:atemp>19.0</ns3:atemp>
            <ns3:hr>144</ns3:hr>
            <ns3:cad>80</ns3:cad>
          </ns3:TrackPointExtension>
        </extensions>
      </trkpt>
      <trkpt lat="37.754762358963489532470703125" lon="-122.39849547855556011199951171875">
        <ele>85.8000030517578125</ele>
        <time>2026-04-09T02:00:56.000Z</time>
        <extensions>
          <ns3:TrackPointExtension>
            <ns3:atemp>19.0</ns3:atemp>
            <ns3:hr>144</ns3:hr>
            <ns3:cad>80</ns3:cad>
          </ns3:TrackPointExtension>
        </extensions>
      </trkpt>
      <trkpt lat="37.75476562790572643280029296875" lon="-122.3985088057816028594970703125">
        <ele>85.59999847412109375</ele>
        <time>2026-04-09T02:00:57.000Z</time>
        <extensions>
          <ns3:TrackPointExtension>
            <ns3:atemp>19.0</ns3:atemp>
            <ns3:hr>144</ns3:hr>
            <ns3:cad>81</ns3:cad>
          </ns3:TrackPointExtension>
        </extensions>
      </trkpt>
      <trkpt lat="37.75476847775280475616455078125" lon="-122.398534454405307769775390625">
        <ele>85.59999847412109375</ele>
        <time>2026-04-09T02:00:58.000Z</time>
        <extensions>
          <ns3:TrackPointExtension>
            <ns3:atemp>19.0</ns3:atemp>
            <ns3:hr>144</ns3:hr>
            <ns3:cad>82</ns3:cad>
          </ns3:TrackPointExtension>
        </extensions>
      </trkpt>
      <trkpt lat="37.75476596318185329437255859375" lon="-122.398559264838695526123046875">
        <ele>85.59999847412109375</ele>
        <time>2026-04-09T02:00:59.000Z</time>
        <extensions>
          <ns3:TrackPointExtension>
            <ns3:atemp>19.0</ns3:atemp>
            <ns3:hr>144</ns3:hr>
            <ns3:cad>82</ns3:cad>
          </ns3:TrackPointExtension>
        </extensions>
      </trkpt>
      <trkpt lat="37.7547692321240901947021484375" lon="-122.398579381406307220458984375">
        <ele>85.40000152587890625</ele>
        <time>2026-04-09T02:01:00.000Z</time>
        <extensions>
          <ns3:TrackPointExtension>
            <ns3:atemp>19.0</ns3:atemp>
            <ns3:hr>144</ns3:hr>
            <ns3:cad>82</ns3:cad>
          </ns3:TrackPointExtension>
        </extensions>
      </trkpt>
      <trkpt lat="37.754766047000885009765625" lon="-122.39861668087542057037353515625">
        <ele>85.40000152587890625</ele>
        <time>2026-04-09T02:01:01.000Z</time>
        <extensions>
          <ns3:TrackPointExtension>
            <ns3:atemp>19.0</ns3:atemp>
            <ns3:hr>144</ns3:hr>
            <ns3:cad>82</ns3:cad>
          </ns3:TrackPointExtension>
        </extensions>
      </trkpt>
      <trkpt lat="37.7547638677060604095458984375" lon="-122.39864073693752288818359375">
        <ele>85.1999969482421875</ele>
        <time>2026-04-09T02:01:02.000Z</time>
        <extensions>
          <ns3:TrackPointExtension>
            <ns3:atemp>19.0</ns3:atemp>
            <ns3:hr>144</ns3:hr>
            <ns3:cad>82</ns3:cad>
          </ns3:TrackPointExtension>
        </extensions>
      </trkpt>
      <trkpt lat="37.7547514624893665313720703125" lon="-122.398667894303798675537109375">
        <ele>85.1999969482421875</ele>
        <time>2026-04-09T02:01:03.000Z</time>
        <extensions>
          <ns3:TrackPointExtension>
            <ns3:atemp>19.0</ns3:atemp>
            <ns3:hr>145</ns3:hr>
            <ns3:cad>81</ns3:cad>
          </ns3:TrackPointExtension>
        </extensions>
      </trkpt>
      <trkpt lat="37.7547239698469638824462890625" lon="-122.398680634796619415283203125">
        <ele>85.1999969482421875</ele>
        <time>2026-04-09T02:01:04.000Z</time>
        <extensions>
          <ns3:TrackPointExtension>
            <ns3:atemp>19.0</ns3:atemp>
            <ns3:hr>144</ns3:hr>
            <ns3:cad>81</ns3:cad>
          </ns3:TrackPointExtension>
        </extensions>
      </trkpt>
      <trkpt lat="37.75470712222158908843994140625" lon="-122.39869295619428157806396484375">
        <ele>85</ele>
        <time>2026-04-09T02:01:05.000Z</time>
        <extensions>
          <ns3:TrackPointExtension>
            <ns3:atemp>19.0</ns3:atemp>
            <ns3:hr>144</ns3:hr>
            <ns3:cad>81</ns3:cad>
          </ns3:TrackPointExtension>
        </extensions>
      </trkpt>
      <trkpt lat="37.7546911127865314483642578125" lon="-122.39870049990713596343994140625">
        <ele>85</ele>
        <time>2026-04-09T02:01:06.000Z</time>
        <extensions>
          <ns3:TrackPointExtension>
            <ns3:atemp>19.0</ns3:atemp>
            <ns3:hr>144</ns3:hr>
            <ns3:cad>81</ns3:cad>
          </ns3:TrackPointExtension>
        </extensions>
      </trkpt>
      <trkpt lat="37.75466806255280971527099609375" lon="-122.39870519377291202545166015625">
        <ele>84.8000030517578125</ele>
        <time>2026-04-09T02:01:07.000Z</time>
        <extensions>
          <ns3:TrackPointExtension>
            <ns3:atemp>19.0</ns3:atemp>
            <ns3:hr>144</ns3:hr>
            <ns3:cad>80</ns3:cad>
          </ns3:TrackPointExtension>
        </extensions>
      </trkpt>
      <trkpt lat="37.75464526377618312835693359375" lon="-122.39871022291481494903564453125">
        <ele>84.59999847412109375</ele>
        <time>2026-04-09T02:01:08.000Z</time>
        <extensions>
          <ns3:TrackPointExtension>
            <ns3:atemp>19.0</ns3:atemp>
            <ns3:hr>143</ns3:hr>
            <ns3:cad>79</ns3:cad>
          </ns3:TrackPointExtension>
        </extensions>
      </trkpt>
      <trkpt lat="37.7546264044940471649169921875" lon="-122.3987071216106414794921875">
        <ele>84.40000152587890625</ele>
        <time>2026-04-09T02:01:09.000Z</time>
        <extensions>
          <ns3:TrackPointExtension>
            <ns3:atemp>19.0</ns3:atemp>
            <ns3:hr>143</ns3:hr>
            <ns3:cad>77</ns3:cad>
          </ns3:TrackPointExtension>
        </extensions>
      </trkpt>
      <trkpt lat="37.75461542420089244842529296875" lon="-122.3987178504467010498046875">
        <ele>84.1999969482421875</ele>
        <time>2026-04-09T02:01:10.000Z</time>
        <extensions>
          <ns3:TrackPointExtension>
            <ns3:atemp>19.0</ns3:atemp>
            <ns3:hr>143</ns3:hr>
            <ns3:cad>76</ns3:cad>
          </ns3:TrackPointExtension>
        </extensions>
      </trkpt>
      <trkpt lat="37.754593379795551300048828125" lon="-122.39872447215020656585693359375">
        <ele>84</ele>
        <time>2026-04-09T02:01:11.000Z</time>
        <extensions>
          <ns3:TrackPointExtension>
            <ns3:atemp>19.0</ns3:atemp>
            <ns3:hr>143</ns3:hr>
            <ns3:cad>76</ns3:cad>
          </ns3:TrackPointExtension>
        </extensions>
      </trkpt>
      <trkpt lat="37.75456664152443408966064453125" lon="-122.39874207414686679840087890625">
        <ele>83.8000030517578125</ele>
        <time>2026-04-09T02:01:12.000Z</time>
        <extensions>
          <ns3:TrackPointExtension>
            <ns3:atemp>19.0</ns3:atemp>
            <ns3:hr>142</ns3:hr>
            <ns3:cad>76</ns3:cad>
          </ns3:TrackPointExtension>
        </extensions>
      </trkpt>
      <trkpt lat="37.75454870425164699554443359375" lon="-122.3987545631825923919677734375">
        <ele>83.40000152587890625</ele>
        <time>2026-04-09T02:01:13.000Z</time>
        <extensions>
          <ns3:TrackPointExtension>
            <ns3:atemp>19.0</ns3:atemp>
            <ns3:hr>142</ns3:hr>
            <ns3:cad>76</ns3:cad>
          </ns3:TrackPointExtension>
        </extensions>
      </trkpt>
      <trkpt lat="37.75452196598052978515625" lon="-122.3987659625709056854248046875">
        <ele>83</ele>
        <time>2026-04-09T02:01:14.000Z</time>
        <extensions>
          <ns3:TrackPointExtension>
            <ns3:atemp>19.0</ns3:atemp>
            <ns3:hr>142</ns3:hr>
            <ns3:cad>77</ns3:cad>
          </ns3:TrackPointExtension>
        </extensions>
      </trkpt>
      <trkpt lat="37.75448215194046497344970703125" lon="-122.39876822568476200103759765625">
        <ele>82.59999847412109375</ele>
        <time>2026-04-09T02:01:15.000Z</time>
        <extensions>
          <ns3:TrackPointExtension>
            <ns3:atemp>19.0</ns3:atemp>
            <ns3:hr>141</ns3:hr>
            <ns3:cad>77</ns3:cad>
          </ns3:TrackPointExtension>
        </extensions>
      </trkpt>
      <trkpt lat="37.7544534020125865936279296875" lon="-122.3987713269889354705810546875">
        <ele>82</ele>
        <time>2026-04-09T02:01:16.000Z</time>
        <extensions>
          <ns3:TrackPointExtension>
            <ns3:atemp>19.0</ns3:atemp>
            <ns3:hr>141</ns3:hr>
            <ns3:cad>77</ns3:cad>
          </ns3:TrackPointExtension>
        </extensions>
      </trkpt>
      <trkpt lat="37.75442666374146938323974609375" lon="-122.39877845160663127899169921875">
        <ele>81.40000152587890625</ele>
        <time>2026-04-09T02:01:17.000Z</time>
        <extensions>
          <ns3:TrackPointExtension>
            <ns3:atemp>19.0</ns3:atemp>
            <ns3:hr>141</ns3:hr>
            <ns3:cad>77</ns3:cad>
          </ns3:TrackPointExtension>
        </extensions>
      </trkpt>
      <trkpt lat="37.75439263321459293365478515625" lon="-122.3987790383398532867431640625">
        <ele>81</ele>
        <time>2026-04-09T02:01:18.000Z</time>
        <extensions>
          <ns3:TrackPointExtension>
            <ns3:atemp>19.0</ns3:atemp>
            <ns3:hr>141</ns3:hr>
            <ns3:cad>77</ns3:cad>
          </ns3:TrackPointExtension>
        </extensions>
      </trkpt>
      <trkpt lat="37.7543578483164310455322265625" lon="-122.39876839332282543182373046875">
        <ele>80.40000152587890625</ele>
        <time>2026-04-09T02:01:19.000Z</time>
        <extensions>
          <ns3:TrackPointExtension>
            <ns3:atemp>19.0</ns3:atemp>
            <ns3:hr>140</ns3:hr>
            <ns3:cad>77</ns3:cad>
          </ns3:TrackPointExtension>
        </extensions>
      </trkpt>
      <trkpt lat="37.7543373964726924896240234375" lon="-122.3987649567425251007080078125">
        <ele>80.1999969482421875</ele>
        <time>2026-04-09T02:01:20.000Z</time>
        <extensions>
          <ns3:TrackPointExtension>
            <ns3:atemp>19.0</ns3:atemp>
            <ns3:hr>140</ns3:hr>
            <ns3:cad>77</ns3:cad>
          </ns3:TrackPointExtension>
        </extensions>
      </trkpt>
      <trkpt lat="37.75430546142160892486572265625" lon="-122.398759759962558746337890625">
        <ele>79.40000152587890625</ele>
        <time>2026-04-09T02:01:21.000Z</time>
        <extensions>
          <ns3:TrackPointExtension>
            <ns3:atemp>19.0</ns3:atemp>
            <ns3:hr>140</ns3:hr>
            <ns3:cad>77</ns3:cad>
          </ns3:TrackPointExtension>
        </extensions>
      </trkpt>
      <trkpt lat="37.75427042506635189056396484375" lon="-122.39875112660229206085205078125">
        <ele>79</ele>
        <time>2026-04-09T02:01:22.000Z</time>
        <extensions>
          <ns3:TrackPointExtension>
            <ns3:atemp>19.0</ns3:atemp>
            <ns3:hr>140</ns3:hr>
            <ns3:cad>78</ns3:cad>
          </ns3:TrackPointExtension>
        </extensions>
      </trkpt>
      <trkpt lat="37.75424829684197902679443359375" lon="-122.39874743856489658355712890625">
        <ele>78.40000152587890625</ele>
        <time>2026-04-09T02:01:23.000Z</time>
        <extensions>
          <ns3:TrackPointExtension>
            <ns3:atemp>19.0</ns3:atemp>
            <ns3:hr>140</ns3:hr>
            <ns3:cad>79</ns3:cad>
          </ns3:TrackPointExtension>
        </extensions>
      </trkpt>
      <trkpt lat="37.7542093209922313690185546875" lon="-122.39874458871781826019287109375">
        <ele>78</ele>
        <time>2026-04-09T02:01:24.000Z</time>
        <extensions>
          <ns3:TrackPointExtension>
            <ns3:atemp>19.0</ns3:atemp>
            <ns3:hr>140</ns3:hr>
            <ns3:cad>79</ns3:cad>
          </ns3:TrackPointExtension>
        </extensions>
      </trkpt>
      <trkpt lat="37.754168249666690826416015625" lon="-122.3987388052046298980712890625">
        <ele>77.59999847412109375</ele>
        <time>2026-04-09T02:01:25.000Z</time>
        <extensions>
          <ns3:TrackPointExtension>
            <ns3:atemp>19.0</ns3:atemp>
            <ns3:hr>139</ns3:hr>
            <ns3:cad>79</ns3:cad>
          </ns3:TrackPointExtension>
        </extensions>
      </trkpt>
      <trkpt lat="37.7541419304907321929931640625" lon="-122.3987377993762493133544921875">
        <ele>77.40000152587890625</ele>
        <time>2026-04-09T02:01:26.000Z</time>
        <extensions>
          <ns3:TrackPointExtension>
            <ns3:atemp>19.0</ns3:atemp>
            <ns3:hr>140</ns3:hr>
            <ns3:cad>79</ns3:cad>
          </ns3:TrackPointExtension>
        </extensions>
      </trkpt>
      <trkpt lat="37.75410245172679424285888671875" lon="-122.39873922429978847503662109375">
        <ele>77.1999969482421875</ele>
        <time>2026-04-09T02:01:27.000Z</time>
        <extensions>
          <ns3:TrackPointExtension>
            <ns3:atemp>19.0</ns3:atemp>
            <ns3:hr>140</ns3:hr>
            <ns3:cad>80</ns3:cad>
          </ns3:TrackPointExtension>
        </extensions>
      </trkpt>
      <trkpt lat="37.75406456552445888519287109375" lon="-122.39872631616890430450439453125">
        <ele>77.1999969482421875</ele>
        <time>2026-04-09T02:01:28.000Z</time>
        <extensions>
          <ns3:TrackPointExtension>
            <ns3:atemp>19.0</ns3:atemp>
            <ns3:hr>140</ns3:hr>
            <ns3:cad>80</ns3:cad>
          </ns3:TrackPointExtension>
        </extensions>
      </trkpt>
      <trkpt lat="37.75403053499758243560791015625" lon="-122.39872430451214313507080078125">
        <ele>77</ele>
        <time>2026-04-09T02:01:29.000Z</time>
        <extensions>
          <ns3:TrackPointExtension>
            <ns3:atemp>19.0</ns3:atemp>
            <ns3:hr>140</ns3:hr>
            <ns3:cad>80</ns3:cad>
          </ns3:TrackPointExtension>
        </extensions>
      </trkpt>
      <trkpt lat="37.75398007594048976898193359375" lon="-122.39871508441865444183349609375">
        <ele>76.1999969482421875</ele>
        <time>2026-04-09T02:01:30.000Z</time>
        <extensions>
          <ns3:TrackPointExtension>
            <ns3:atemp>19.0</ns3:atemp>
            <ns3:hr>140</ns3:hr>
            <ns3:cad>81</ns3:cad>
          </ns3:TrackPointExtension>
        </extensions>
      </trkpt>
      <trkpt lat="37.75394788943231105804443359375" lon="-122.3987096361815929412841796875">
        <ele>75.59999847412109375</ele>
        <time>2026-04-09T02:01:31.000Z</time>
        <extensions>
          <ns3:TrackPointExtension>
            <ns3:atemp>19.0</ns3:atemp>
            <ns3:hr>140</ns3:hr>
            <ns3:cad>81</ns3:cad>
          </ns3:TrackPointExtension>
        </extensions>
      </trkpt>
      <trkpt lat="37.75391553528606891632080078125" lon="-122.3987223766744136810302734375">
        <ele>75</ele>
        <time>2026-04-09T02:01:32.000Z</time>
        <extensions>
          <ns3:TrackPointExtension>
            <ns3:atemp>19.0</ns3:atemp>
            <ns3:hr>140</ns3:hr>
            <ns3:cad>81</ns3:cad>
          </ns3:TrackPointExtension>
        </extensions>
      </trkpt>
      <trkpt lat="37.75387932546436786651611328125" lon="-122.3987352848052978515625">
        <ele>74</ele>
        <time>2026-04-09T02:01:33.000Z</time>
        <extensions>
          <ns3:TrackPointExtension>
            <ns3:atemp>19.0</ns3:atemp>
            <ns3:hr>140</ns3:hr>
            <ns3:cad>82</ns3:cad>
          </ns3:TrackPointExtension>
        </extensions>
      </trkpt>
      <trkpt lat="37.75385476648807525634765625" lon="-122.3987502045929431915283203125">
        <ele>73.8000030517578125</ele>
        <time>2026-04-09T02:01:34.000Z</time>
        <extensions>
          <ns3:TrackPointExtension>
            <ns3:atemp>19.0</ns3:atemp>
            <ns3:hr>139</ns3:hr>
            <ns3:cad>83</ns3:cad>
          </ns3:TrackPointExtension>
        </extensions>
      </trkpt>
      <trkpt lat="37.75382685475051403045654296875" lon="-122.39878046326339244842529296875">
        <ele>73.8000030517578125</ele>
        <time>2026-04-09T02:01:35.000Z</time>
        <extensions>
          <ns3:TrackPointExtension>
            <ns3:atemp>19.0</ns3:atemp>
            <ns3:hr>140</ns3:hr>
            <ns3:cad>83</ns3:cad>
          </ns3:TrackPointExtension>
        </extensions>
      </trkpt>
      <trkpt lat="37.7537991106510162353515625" lon="-122.3987810499966144561767578125">
        <ele>73.8000030517578125</ele>
        <time>2026-04-09T02:01:36.000Z</time>
        <extensions>
          <ns3:TrackPointExtension>
            <ns3:atemp>19.0</ns3:atemp>
            <ns3:hr>140</ns3:hr>
            <ns3:cad>82</ns3:cad>
          </ns3:TrackPointExtension>
        </extensions>
      </trkpt>
      <trkpt lat="37.7537704445421695709228515625" lon="-122.39878113381564617156982421875">
        <ele>74</ele>
        <time>2026-04-09T02:01:37.000Z</time>
        <extensions>
          <ns3:TrackPointExtension>
            <ns3:atemp>19.0</ns3:atemp>
            <ns3:hr>140</ns3:hr>
            <ns3:cad>82</ns3:cad>
          </ns3:TrackPointExtension>
        </extensions>
      </trkpt>
      <trkpt lat="37.75374219752848148345947265625" lon="-122.398759759962558746337890625">
        <ele>74</ele>
        <time>2026-04-09T02:01:38.000Z</time>
        <extensions>
          <ns3:TrackPointExtension>
            <ns3:atemp>19.0</ns3:atemp>
            <ns3:hr>140</ns3:hr>
            <ns3:cad>82</ns3:cad>
          </ns3:TrackPointExtension>
        </extensions>
      </trkpt>
      <trkpt lat="37.75371386669576168060302734375" lon="-122.398726232349872589111328125">
        <ele>74.1999969482421875</ele>
        <time>2026-04-09T02:01:39.000Z</time>
        <extensions>
          <ns3:TrackPointExtension>
            <ns3:atemp>19.0</ns3:atemp>
            <ns3:hr>139</ns3:hr>
            <ns3:cad>82</ns3:cad>
          </ns3:TrackPointExtension>
        </extensions>
      </trkpt>
      <trkpt lat="37.7536933310329914093017578125" lon="-122.39872095175087451934814453125">
        <ele>74</ele>
        <time>2026-04-09T02:01:40.000Z</time>
        <extensions>
          <ns3:TrackPointExtension>
            <ns3:atemp>19.0</ns3:atemp>
            <ns3:hr>139</ns3:hr>
            <ns3:cad>82</ns3:cad>
          </ns3:TrackPointExtension>
        </extensions>
      </trkpt>
      <trkpt lat="37.75365251116454601287841796875" lon="-122.39870100282132625579833984375">
        <ele>73.8000030517578125</ele>
        <time>2026-04-09T02:01:41.000Z</time>
        <extensions>
          <ns3:TrackPointExtension>
            <ns3:atemp>19.0</ns3:atemp>
            <ns3:hr>139</ns3:hr>
            <ns3:cad>81</ns3:cad>
          </ns3:TrackPointExtension>
        </extensions>
      </trkpt>
      <trkpt lat="37.75362954474985599517822265625" lon="-122.39869161508977413177490234375">
        <ele>73.8000030517578125</ele>
        <time>2026-04-09T02:01:42.000Z</time>
        <extensions>
          <ns3:TrackPointExtension>
            <ns3:atemp>19.0</ns3:atemp>
            <ns3:hr>139</ns3:hr>
            <ns3:cad>81</ns3:cad>
          </ns3:TrackPointExtension>
        </extensions>
      </trkpt>
      <trkpt lat="37.75360087864100933074951171875" lon="-122.398687340319156646728515625">
        <ele>73.40000152587890625</ele>
        <time>2026-04-09T02:01:43.000Z</time>
        <extensions>
          <ns3:TrackPointExtension>
            <ns3:atemp>19.0</ns3:atemp>
            <ns3:hr>139</ns3:hr>
            <ns3:cad>81</ns3:cad>
          </ns3:TrackPointExtension>
        </extensions>
      </trkpt>
      <trkpt lat="37.753566764295101165771484375" lon="-122.398686669766902923583984375">
        <ele>73.1999969482421875</ele>
        <time>2026-04-09T02:01:44.000Z</time>
        <extensions>
          <ns3:TrackPointExtension>
            <ns3:atemp>19.0</ns3:atemp>
            <ns3:hr>139</ns3:hr>
            <ns3:cad>81</ns3:cad>
          </ns3:TrackPointExtension>
        </extensions>
      </trkpt>
      <trkpt lat="37.7535427920520305633544921875" lon="-122.39868373610079288482666015625">
        <ele>73</ele>
        <time>2026-04-09T02:01:45.000Z</time>
        <extensions>
          <ns3:TrackPointExtension>
            <ns3:atemp>19.0</ns3:atemp>
            <ns3:hr>139</ns3:hr>
            <ns3:cad>79</ns3:cad>
          </ns3:TrackPointExtension>
        </extensions>
      </trkpt>
      <trkpt lat="37.753516137599945068359375" lon="-122.39868289791047573089599609375">
        <ele>72.8000030517578125</ele>
        <time>2026-04-09T02:01:46.000Z</time>
        <extensions>
          <ns3:TrackPointExtension>
            <ns3:atemp>19.0</ns3:atemp>
            <ns3:hr>139</ns3:hr>
            <ns3:cad>79</ns3:cad>
          </ns3:TrackPointExtension>
        </extensions>
      </trkpt>
      <trkpt lat="37.75348730385303497314453125" lon="-122.39868105389177799224853515625">
        <ele>72.59999847412109375</ele>
        <time>2026-04-09T02:01:47.000Z</time>
        <extensions>
          <ns3:TrackPointExtension>
            <ns3:atemp>19.0</ns3:atemp>
            <ns3:hr>139</ns3:hr>
            <ns3:cad>79</ns3:cad>
          </ns3:TrackPointExtension>
        </extensions>
      </trkpt>
      <trkpt lat="37.753463499248027801513671875" lon="-122.39867786876857280731201171875">
        <ele>72.40000152587890625</ele>
        <time>2026-04-09T02:01:48.000Z</time>
        <extensions>
          <ns3:TrackPointExtension>
            <ns3:atemp>19.0</ns3:atemp>
            <ns3:hr>140</ns3:hr>
            <ns3:cad>79</ns3:cad>
          </ns3:TrackPointExtension>
        </extensions>
      </trkpt>
      <trkpt lat="37.75343994610011577606201171875" lon="-122.3986787907779216766357421875">
        <ele>72.1999969482421875</ele>
        <time>2026-04-09T02:01:49.000Z</time>
        <extensions>
          <ns3:TrackPointExtension>
            <ns3:atemp>19.0</ns3:atemp>
            <ns3:hr>139</ns3:hr>
            <ns3:cad>79</ns3:cad>
          </ns3:TrackPointExtension>
        </extensions>
      </trkpt>
      <trkpt lat="37.75341211818158626556396484375" lon="-122.39867518655955791473388671875">
        <ele>72</ele>
        <time>2026-04-09T02:01:50.000Z</time>
        <extensions>
          <ns3:TrackPointExtension>
            <ns3:atemp>19.0</ns3:atemp>
            <ns3:hr>139</ns3:hr>
            <ns3:cad>79</ns3:cad>
          </ns3:TrackPointExtension>
        </extensions>
      </trkpt>
      <trkpt lat="37.75338730774819850921630859375" lon="-122.39866915158927440643310546875">
        <ele>71.8000030517578125</ele>
        <time>2026-04-09T02:01:51.000Z</time>
        <extensions>
          <ns3:TrackPointExtension>
            <ns3:atemp>19.0</ns3:atemp>
            <ns3:hr>139</ns3:hr>
            <ns3:cad>79</ns3:cad>
          </ns3:TrackPointExtension>
        </extensions>
      </trkpt>
      <trkpt lat="37.75336568243801593780517578125" lon="-122.3986697383224964141845703125">
        <ele>71.59999847412109375</ele>
        <time>2026-04-09T02:01:52.000Z</time>
        <extensions>
          <ns3:TrackPointExtension>
            <ns3:atemp>19.0</ns3:atemp>
            <ns3:hr>139</ns3:hr>
            <ns3:cad>79</ns3:cad>
          </ns3:TrackPointExtension>
        </extensions>
      </trkpt>
      <trkpt lat="37.7533404529094696044921875" lon="-122.39866730757057666778564453125">
        <ele>71.59999847412109375</ele>
        <time>2026-04-09T02:01:53.000Z</time>
        <extensions>
          <ns3:TrackPointExtension>
            <ns3:atemp>19.0</ns3:atemp>
            <ns3:hr>139</ns3:hr>
            <ns3:cad>79</ns3:cad>
          </ns3:TrackPointExtension>
        </extensions>
      </trkpt>
      <trkpt lat="37.7533124573528766632080078125" lon="-122.39865791983902454376220703125">
        <ele>71.40000152587890625</ele>
        <time>2026-04-09T02:01:54.000Z</time>
        <extensions>
          <ns3:TrackPointExtension>
            <ns3:atemp>19.0</ns3:atemp>
            <ns3:hr>139</ns3:hr>
            <ns3:cad>79</ns3:cad>
          </ns3:TrackPointExtension>
        </extensions>
      </trkpt>
      <trkpt lat="37.75329292751848697662353515625" lon="-122.39865817129611968994140625">
        <ele>71.1999969482421875</ele>
        <time>2026-04-09T02:01:55.000Z</time>
        <extensions>
          <ns3:TrackPointExtension>
            <ns3:atemp>19.0</ns3:atemp>
            <ns3:hr>137</ns3:hr>
            <ns3:cad>79</ns3:cad>
          </ns3:TrackPointExtension>
        </extensions>
      </trkpt>
      <trkpt lat="37.75326845236122608184814453125" lon="-122.39865959621965885162353515625">
        <ele>71</ele>
        <time>2026-04-09T02:01:56.000Z</time>
        <extensions>
          <ns3:TrackPointExtension>
            <ns3:atemp>19.0</ns3:atemp>
            <ns3:hr>136</ns3:hr>
            <ns3:cad>79</ns3:cad>
          </ns3:TrackPointExtension>
        </extensions>
      </trkpt>
      <trkpt lat="37.7532386966049671173095703125" lon="-122.3986516334116458892822265625">
        <ele>71</ele>
        <time>2026-04-09T02:01:57.000Z</time>
        <extensions>
          <ns3:TrackPointExtension>
            <ns3:atemp>19.0</ns3:atemp>
            <ns3:hr>136</ns3:hr>
            <ns3:cad>79</ns3:cad>
          </ns3:TrackPointExtension>
        </extensions>
      </trkpt>
      <trkpt lat="37.7532224357128143310546875" lon="-122.39865506999194622039794921875">
        <ele>70.8000030517578125</ele>
        <time>2026-04-09T02:01:58.000Z</time>
        <extensions>
          <ns3:TrackPointExtension>
            <ns3:atemp>19.0</ns3:atemp>
            <ns3:hr>136</ns3:hr>
            <ns3:cad>79</ns3:cad>
          </ns3:TrackPointExtension>
        </extensions>
      </trkpt>
      <trkpt lat="37.75320190005004405975341796875" lon="-122.39865523763000965118408203125">
        <ele>70.59999847412109375</ele>
        <time>2026-04-09T02:01:59.000Z</time>
        <extensions>
          <ns3:TrackPointExtension>
            <ns3:atemp>19.0</ns3:atemp>
            <ns3:hr>135</ns3:hr>
            <ns3:cad>79</ns3:cad>
          </ns3:TrackPointExtension>
        </extensions>
      </trkpt>
      <trkpt lat="37.75317348539829254150390625" lon="-122.39864819683134555816650390625">
        <ele>70.40000152587890625</ele>
        <time>2026-04-09T02:02:00.000Z</time>
        <extensions>
          <ns3:TrackPointExtension>
            <ns3:atemp>19.0</ns3:atemp>
            <ns3:hr>135</ns3:hr>
            <ns3:cad>78</ns3:cad>
          </ns3:TrackPointExtension>
        </extensions>
      </trkpt>
      <trkpt lat="37.75315931998193264007568359375" lon="-122.3986502923071384429931640625">
        <ele>70.1999969482421875</ele>
        <time>2026-04-09T02:02:01.000Z</time>
        <extensions>
          <ns3:TrackPointExtension>
            <ns3:atemp>19.0</ns3:atemp>
            <ns3:hr>135</ns3:hr>
            <ns3:cad>78</ns3:cad>
          </ns3:TrackPointExtension>
        </extensions>
      </trkpt>
      <trkpt lat="37.75313786230981349945068359375" lon="-122.3986476100981235504150390625">
        <ele>70</ele>
        <time>2026-04-09T02:02:02.000Z</time>
        <extensions>
          <ns3:TrackPointExtension>
            <ns3:atemp>19.0</ns3:atemp>
            <ns3:hr>135</ns3:hr>
            <ns3:cad>78</ns3:cad>
          </ns3:TrackPointExtension>
        </extensions>
      </trkpt>
      <trkpt lat="37.75311590172350406646728515625" lon="-122.39864769391715526580810546875">
        <ele>69.8000030517578125</ele>
        <time>2026-04-09T02:02:03.000Z</time>
        <extensions>
          <ns3:TrackPointExtension>
            <ns3:atemp>19.0</ns3:atemp>
            <ns3:hr>134</ns3:hr>
            <ns3:cad>79</ns3:cad>
          </ns3:TrackPointExtension>
        </extensions>
      </trkpt>
      <trkpt lat="37.7530905045568943023681640625" lon="-122.39864501170814037322998046875">
        <ele>69.40000152587890625</ele>
        <time>2026-04-09T02:02:04.000Z</time>
        <extensions>
          <ns3:TrackPointExtension>
            <ns3:atemp>19.0</ns3:atemp>
            <ns3:hr>135</ns3:hr>
            <ns3:cad>79</ns3:cad>
          </ns3:TrackPointExtension>
        </extensions>
      </trkpt>
      <trkpt lat="37.75307265110313892364501953125" lon="-122.39864149130880832672119140625">
        <ele>69.1999969482421875</ele>
        <time>2026-04-09T02:02:05.000Z</time>
        <extensions>
          <ns3:TrackPointExtension>
            <ns3:atemp>19.0</ns3:atemp>
            <ns3:hr>135</ns3:hr>
            <ns3:cad>79</ns3:cad>
          </ns3:TrackPointExtension>
        </extensions>
      </trkpt>
      <trkpt lat="37.7530482597649097442626953125" lon="-122.39863746799528598785400390625">
        <ele>69</ele>
        <time>2026-04-09T02:02:06.000Z</time>
        <extensions>
          <ns3:TrackPointExtension>
            <ns3:atemp>19.0</ns3:atemp>
            <ns3:hr>136</ns3:hr>
            <ns3:cad>78</ns3:cad>
          </ns3:TrackPointExtension>
        </extensions>
      </trkpt>
      <trkpt lat="37.75301984511315822601318359375" lon="-122.39862724207341670989990234375">
        <ele>68.8000030517578125</ele>
        <time>2026-04-09T02:02:07.000Z</time>
        <extensions>
          <ns3:TrackPointExtension>
            <ns3:atemp>19.0</ns3:atemp>
            <ns3:hr>136</ns3:hr>
            <ns3:cad>77</ns3:cad>
          </ns3:TrackPointExtension>
        </extensions>
      </trkpt>
      <trkpt lat="37.7529864013195037841796875" lon="-122.3986238054931163787841796875">
        <ele>68.59999847412109375</ele>
        <time>2026-04-09T02:02:08.000Z</time>
        <extensions>
          <ns3:TrackPointExtension>
            <ns3:atemp>19.0</ns3:atemp>
            <ns3:hr>136</ns3:hr>
            <ns3:cad>76</ns3:cad>
          </ns3:TrackPointExtension>
        </extensions>
      </trkpt>
      <trkpt lat="37.75296787731349468231201171875" lon="-122.39862238056957721710205078125">
        <ele>68.40000152587890625</ele>
        <time>2026-04-09T02:02:09.000Z</time>
        <extensions>
          <ns3:TrackPointExtension>
            <ns3:atemp>19.0</ns3:atemp>
            <ns3:hr>136</ns3:hr>
            <ns3:cad>76</ns3:cad>
          </ns3:TrackPointExtension>
        </extensions>
      </trkpt>
      <trkpt lat="37.75295396335422992706298828125" lon="-122.3986241407692432403564453125">
        <ele>68</ele>
        <time>2026-04-09T02:02:10.000Z</time>
        <extensions>
          <ns3:TrackPointExtension>
            <ns3:atemp>19.0</ns3:atemp>
            <ns3:hr>136</ns3:hr>
            <ns3:cad>76</ns3:cad>
          </ns3:TrackPointExtension>
        </extensions>
      </trkpt>
      <trkpt lat="37.7529168315231800079345703125" lon="-122.39862791262567043304443359375">
        <ele>67.59999847412109375</ele>
        <time>2026-04-09T02:02:11.000Z</time>
        <extensions>
          <ns3:TrackPointExtension>
            <ns3:atemp>19.0</ns3:atemp>
            <ns3:hr>136</ns3:hr>
            <ns3:cad>75</ns3:cad>
          </ns3:TrackPointExtension>
        </extensions>
      </trkpt>
      <trkpt lat="37.7528839744627475738525390625" lon="-122.39861969836056232452392578125">
        <ele>67.1999969482421875</ele>
        <time>2026-04-09T02:02:12.000Z</time>
        <extensions>
          <ns3:TrackPointExtension>
            <ns3:atemp>19.0</ns3:atemp>
            <ns3:hr>136</ns3:hr>
            <ns3:cad>74</ns3:cad>
          </ns3:TrackPointExtension>
        </extensions>
      </trkpt>
      <trkpt lat="37.7528537996113300323486328125" lon="-122.39861601032316684722900390625">
        <ele>66.8000030517578125</ele>
        <time>2026-04-09T02:02:13.000Z</time>
        <extensions>
          <ns3:TrackPointExtension>
            <ns3:atemp>19.0</ns3:atemp>
            <ns3:hr>136</ns3:hr>
            <ns3:cad>74</ns3:cad>
          </ns3:TrackPointExtension>
        </extensions>
      </trkpt>
      <trkpt lat="37.75282572023570537567138671875" lon="-122.398618273437023162841796875">
        <ele>66.40000152587890625</ele>
        <time>2026-04-09T02:02:14.000Z</time>
        <extensions>
          <ns3:TrackPointExtension>
            <ns3:atemp>19.0</ns3:atemp>
            <ns3:hr>136</ns3:hr>
            <ns3:cad>74</ns3:cad>
          </ns3:TrackPointExtension>
        </extensions>
      </trkpt>
      <trkpt lat="37.75279336608946323394775390625" lon="-122.39861601032316684722900390625">
        <ele>65.8000030517578125</ele>
        <time>2026-04-09T02:02:15.000Z</time>
        <extensions>
          <ns3:TrackPointExtension>
            <ns3:atemp>19.0</ns3:atemp>
            <ns3:hr>136</ns3:hr>
            <ns3:cad>75</ns3:cad>
          </ns3:TrackPointExtension>
        </extensions>
      </trkpt>
      <trkpt lat="37.752762101590633392333984375" lon="-122.3986105620861053466796875">
        <ele>65.1999969482421875</ele>
        <time>2026-04-09T02:02:16.000Z</time>
        <extensions>
          <ns3:TrackPointExtension>
            <ns3:atemp>19.0</ns3:atemp>
            <ns3:hr>136</ns3:hr>
            <ns3:cad>75</ns3:cad>
          </ns3:TrackPointExtension>
        </extensions>
      </trkpt>
      <trkpt lat="37.75273938663303852081298828125" lon="-122.3986070416867733001708984375">
        <ele>64.8000030517578125</ele>
        <time>2026-04-09T02:02:17.000Z</time>
        <extensions>
          <ns3:TrackPointExtension>
            <ns3:atemp>19.0</ns3:atemp>
            <ns3:hr>136</ns3:hr>
            <ns3:cad>76</ns3:cad>
          </ns3:TrackPointExtension>
        </extensions>
      </trkpt>
      <trkpt lat="37.75270921178162097930908203125" lon="-122.398606874048709869384765625">
        <ele>64.40000152587890625</ele>
        <time>2026-04-09T02:02:18.000Z</time>
        <extensions>
          <ns3:TrackPointExtension>
            <ns3:atemp>19.0</ns3:atemp>
            <ns3:hr>135</ns3:hr>
            <ns3:cad>76</ns3:cad>
          </ns3:TrackPointExtension>
        </extensions>
      </trkpt>
      <trkpt lat="37.752674929797649383544921875" lon="-122.39859203808009624481201171875">
        <ele>63.799999237060546875</ele>
        <time>2026-04-09T02:02:19.000Z</time>
        <extensions>
          <ns3:TrackPointExtension>
            <ns3:atemp>19.0</ns3:atemp>
            <ns3:hr>135</ns3:hr>
            <ns3:cad>76</ns3:cad>
          </ns3:TrackPointExtension>
        </extensions>
      </trkpt>
      <trkpt lat="37.7526457607746124267578125" lon="-122.3985815607011318206787109375">
        <ele>63.200000762939453125</ele>
        <time>2026-04-09T02:02:20.000Z</time>
        <extensions>
          <ns3:TrackPointExtension>
            <ns3:atemp>19.0</ns3:atemp>
            <ns3:hr>135</ns3:hr>
            <ns3:cad>76</ns3:cad>
          </ns3:TrackPointExtension>
        </extensions>
      </trkpt>
      <trkpt lat="37.75261835195124149322509765625" lon="-122.39858952350914478302001953125">
        <ele>62.799999237060546875</ele>
        <time>2026-04-09T02:02:21.000Z</time>
        <extensions>
          <ns3:TrackPointExtension>
            <ns3:atemp>19.0</ns3:atemp>
            <ns3:hr>135</ns3:hr>
            <ns3:cad>76</ns3:cad>
          </ns3:TrackPointExtension>
        </extensions>
      </trkpt>
      <trkpt lat="37.7525849081575870513916015625" lon="-122.39858617074787616729736328125">
        <ele>62.40000152587890625</ele>
        <time>2026-04-09T02:02:22.000Z</time>
        <extensions>
          <ns3:TrackPointExtension>
            <ns3:atemp>19.0</ns3:atemp>
            <ns3:hr>135</ns3:hr>
            <ns3:cad>77</ns3:cad>
          </ns3:TrackPointExtension>
        </extensions>
      </trkpt>
      <trkpt lat="37.75255967862904071807861328125" lon="-122.39858281798660755157470703125">
        <ele>61.799999237060546875</ele>
        <time>2026-04-09T02:02:23.000Z</time>
        <extensions>
          <ns3:TrackPointExtension>
            <ns3:atemp>19.0</ns3:atemp>
            <ns3:hr>136</ns3:hr>
            <ns3:cad>77</ns3:cad>
          </ns3:TrackPointExtension>
        </extensions>
      </trkpt>
      <trkpt lat="37.75253687985241413116455078125" lon="-122.39858575165271759033203125">
        <ele>61.40000152587890625</ele>
        <time>2026-04-09T02:02:24.000Z</time>
        <extensions>
          <ns3:TrackPointExtension>
            <ns3:atemp>19.0</ns3:atemp>
            <ns3:hr>135</ns3:hr>
            <ns3:cad>77</ns3:cad>
          </ns3:TrackPointExtension>
        </extensions>
      </trkpt>
      <trkpt lat="37.75251072831451892852783203125" lon="-122.3985832370817661285400390625">
        <ele>60.799999237060546875</ele>
        <time>2026-04-09T02:02:25.000Z</time>
        <extensions>
          <ns3:TrackPointExtension>
            <ns3:atemp>19.0</ns3:atemp>
            <ns3:hr>135</ns3:hr>
            <ns3:cad>77</ns3:cad>
          </ns3:TrackPointExtension>
        </extensions>
      </trkpt>
      <trkpt lat="37.75248088873922824859619140625" lon="-122.3985761962831020355224609375">
        <ele>60</ele>
        <time>2026-04-09T02:02:26.000Z</time>
        <extensions>
          <ns3:TrackPointExtension>
            <ns3:atemp>19.0</ns3:atemp>
            <ns3:hr>135</ns3:hr>
            <ns3:cad>77</ns3:cad>
          </ns3:TrackPointExtension>
        </extensions>
      </trkpt>
      <trkpt lat="37.75246043689548969268798828125" lon="-122.39856840111315250396728515625">
        <ele>59.59999847412109375</ele>
        <time>2026-04-09T02:02:27.000Z</time>
        <extensions>
          <ns3:TrackPointExtension>
            <ns3:atemp>18.0</ns3:atemp>
            <ns3:hr>135</ns3:hr>
            <ns3:cad>77</ns3:cad>
          </ns3:TrackPointExtension>
        </extensions>
      </trkpt>
      <trkpt lat="37.75243076495826244354248046875" lon="-122.39856538362801074981689453125">
        <ele>59</ele>
        <time>2026-04-09T02:02:28.000Z</time>
        <extensions>
          <ns3:TrackPointExtension>
            <ns3:atemp>19.0</ns3:atemp>
            <ns3:hr>135</ns3:hr>
            <ns3:cad>77</ns3:cad>
          </ns3:TrackPointExtension>
        </extensions>
      </trkpt>
      <trkpt lat="37.7523963153362274169921875" lon="-122.3985554091632366180419921875">
        <ele>58.40000152587890625</ele>
        <time>2026-04-09T02:02:29.000Z</time>
        <extensions>
          <ns3:TrackPointExtension>
            <ns3:atemp>19.0</ns3:atemp>
            <ns3:hr>135</ns3:hr>
            <ns3:cad>77</ns3:cad>
          </ns3:TrackPointExtension>
        </extensions>
      </trkpt>
      <trkpt lat="37.7523703314363956451416015625" lon="-122.39854359067976474761962890625">
        <ele>58</ele>
        <time>2026-04-09T02:02:30.000Z</time>
        <extensions>
          <ns3:TrackPointExtension>
            <ns3:atemp>19.0</ns3:atemp>
            <ns3:hr>134</ns3:hr>
            <ns3:cad>78</ns3:cad>
          </ns3:TrackPointExtension>
        </extensions>
      </trkpt>
      <trkpt lat="37.752335965633392333984375" lon="-122.3985430039465427398681640625">
        <ele>57.59999847412109375</ele>
        <time>2026-04-09T02:02:31.000Z</time>
        <extensions>
          <ns3:TrackPointExtension>
            <ns3:atemp>19.0</ns3:atemp>
            <ns3:hr>134</ns3:hr>
            <ns3:cad>78</ns3:cad>
          </ns3:TrackPointExtension>
        </extensions>
      </trkpt>
      <trkpt lat="37.75229715742170810699462890625" lon="-122.39853638224303722381591796875">
        <ele>57</ele>
        <time>2026-04-09T02:02:32.000Z</time>
        <extensions>
          <ns3:TrackPointExtension>
            <ns3:atemp>19.0</ns3:atemp>
            <ns3:hr>134</ns3:hr>
            <ns3:cad>79</ns3:cad>
          </ns3:TrackPointExtension>
        </extensions>
      </trkpt>
      <trkpt lat="37.7522675693035125732421875" lon="-122.39854292012751102447509765625">
        <ele>56.40000152587890625</ele>
        <time>2026-04-09T02:02:33.000Z</time>
        <extensions>
          <ns3:TrackPointExtension>
            <ns3:atemp>18.0</ns3:atemp>
            <ns3:hr>134</ns3:hr>
            <ns3:cad>79</ns3:cad>
          </ns3:TrackPointExtension>
        </extensions>
      </trkpt>
      <trkpt lat="37.75222842581570148468017578125" lon="-122.3985456861555576324462890625">
        <ele>55.799999237060546875</ele>
        <time>2026-04-09T02:02:34.000Z</time>
        <extensions>
          <ns3:TrackPointExtension>
            <ns3:atemp>19.0</ns3:atemp>
            <ns3:hr>134</ns3:hr>
            <ns3:cad>79</ns3:cad>
          </ns3:TrackPointExtension>
        </extensions>
      </trkpt>
      <trkpt lat="37.75220663286745548248291015625" lon="-122.39855197258293628692626953125">
        <ele>55.59999847412109375</ele>
        <time>2026-04-09T02:02:35.000Z</time>
        <extensions>
          <ns3:TrackPointExtension>
            <ns3:atemp>19.0</ns3:atemp>
            <ns3:hr>135</ns3:hr>
            <ns3:cad>79</ns3:cad>
          </ns3:TrackPointExtension>
        </extensions>
      </trkpt>
      <trkpt lat="37.75217394344508647918701171875" lon="-122.3985601030290126800537109375">
        <ele>55.40000152587890625</ele>
        <time>2026-04-09T02:02:36.000Z</time>
        <extensions>
          <ns3:TrackPointExtension>
            <ns3:atemp>19.0</ns3:atemp>
            <ns3:hr>134</ns3:hr>
            <ns3:cad>79</ns3:cad>
          </ns3:TrackPointExtension>
        </extensions>
      </trkpt>
      <trkpt lat="37.75212683714926242828369140625" lon="-122.39855515770614147186279296875">
        <ele>55.200000762939453125</ele>
        <time>2026-04-09T02:02:37.000Z</time>
        <extensions>
          <ns3:TrackPointExtension>
            <ns3:atemp>18.0</ns3:atemp>
            <ns3:hr>134</ns3:hr>
            <ns3:cad>79</ns3:cad>
          </ns3:TrackPointExtension>
        </extensions>
      </trkpt>
      <trkpt lat="37.7521021105349063873291015625" lon="-122.39854308776557445526123046875">
        <ele>55</ele>
        <time>2026-04-09T02:02:38.000Z</time>
        <extensions>
          <ns3:TrackPointExtension>
            <ns3:atemp>18.0</ns3:atemp>
            <ns3:hr>134</ns3:hr>
            <ns3:cad>79</ns3:cad>
          </ns3:TrackPointExtension>
        </extensions>
      </trkpt>
      <trkpt lat="37.75207201950252056121826171875" lon="-122.398536466062068939208984375">
        <ele>54.40000152587890625</ele>
        <time>2026-04-09T02:02:39.000Z</time>
        <extensions>
          <ns3:TrackPointExtension>
            <ns3:atemp>18.0</ns3:atemp>
            <ns3:hr>134</ns3:hr>
            <ns3:cad>79</ns3:cad>
          </ns3:TrackPointExtension>
        </extensions>
      </trkpt>
      <trkpt lat="37.7520498074591159820556640625" lon="-122.39853336475789546966552734375">
        <ele>54.200000762939453125</ele>
        <time>2026-04-09T02:02:40.000Z</time>
        <extensions>
          <ns3:TrackPointExtension>
            <ns3:atemp>18.0</ns3:atemp>
            <ns3:hr>134</ns3:hr>
            <ns3:cad>79</ns3:cad>
          </ns3:TrackPointExtension>
        </extensions>
      </trkpt>
      <trkpt lat="37.75202860124409198760986328125" lon="-122.398521713912487030029296875">
        <ele>54</ele>
        <time>2026-04-09T02:02:41.000Z</time>
        <extensions>
          <ns3:TrackPointExtension>
            <ns3:atemp>18.0</ns3:atemp>
            <ns3:hr>134</ns3:hr>
            <ns3:cad>79</ns3:cad>
          </ns3:TrackPointExtension>
        </extensions>
      </trkpt>
      <trkpt lat="37.75200177915394306182861328125" lon="-122.39851341582834720611572265625">
        <ele>53.799999237060546875</ele>
        <time>2026-04-09T02:02:42.000Z</time>
        <extensions>
          <ns3:TrackPointExtension>
            <ns3:atemp>18.0</ns3:atemp>
            <ns3:hr>134</ns3:hr>
            <ns3:cad>78</ns3:cad>
          </ns3:TrackPointExtension>
        </extensions>
      </trkpt>
      <trkpt lat="37.75198115967214107513427734375" lon="-122.39851509220898151397705078125">
        <ele>53.59999847412109375</ele>
        <time>2026-04-09T02:02:43.000Z</time>
        <extensions>
          <ns3:TrackPointExtension>
            <ns3:atemp>18.0</ns3:atemp>
            <ns3:hr>133</ns3:hr>
            <ns3:cad>78</ns3:cad>
          </ns3:TrackPointExtension>
        </extensions>
      </trkpt>
      <trkpt lat="37.7519569359719753265380859375" lon="-122.39852062426507472991943359375">
        <ele>53.40000152587890625</ele>
        <time>2026-04-09T02:02:44.000Z</time>
        <extensions>
          <ns3:TrackPointExtension>
            <ns3:atemp>18.0</ns3:atemp>
            <ns3:hr>134</ns3:hr>
            <ns3:cad>76</ns3:cad>
          </ns3:TrackPointExtension>
        </extensions>
      </trkpt>
      <trkpt lat="37.7519297786056995391845703125" lon="-122.39851341582834720611572265625">
        <ele>53</ele>
        <time>2026-04-09T02:02:45.000Z</time>
        <extensions>
          <ns3:TrackPointExtension>
            <ns3:atemp>18.0</ns3:atemp>
            <ns3:hr>134</ns3:hr>
            <ns3:cad>75</ns3:cad>
          </ns3:TrackPointExtension>
        </extensions>
      </trkpt>
      <trkpt lat="37.75190739892423152923583984375" lon="-122.39851006306707859039306640625">
        <ele>52.59999847412109375</ele>
        <time>2026-04-09T02:02:46.000Z</time>
        <extensions>
          <ns3:TrackPointExtension>
            <ns3:atemp>18.0</ns3:atemp>
            <ns3:hr>133</ns3:hr>
            <ns3:cad>74</ns3:cad>
          </ns3:TrackPointExtension>
        </extensions>
      </trkpt>
      <trkpt lat="37.751883007586002349853515625" lon="-122.3985086381435394287109375">
        <ele>52.200000762939453125</ele>
        <time>2026-04-09T02:02:47.000Z</time>
        <extensions>
          <ns3:TrackPointExtension>
            <ns3:atemp>19.0</ns3:atemp>
            <ns3:hr>133</ns3:hr>
            <ns3:cad>74</ns3:cad>
          </ns3:TrackPointExtension>
        </extensions>
      </trkpt>
      <trkpt lat="37.75185995735228061676025390625" lon="-122.39850754849612712860107421875">
        <ele>51.799999237060546875</ele>
        <time>2026-04-09T02:02:48.000Z</time>
        <extensions>
          <ns3:TrackPointExtension>
            <ns3:atemp>18.0</ns3:atemp>
            <ns3:hr>133</ns3:hr>
            <ns3:cad>75</ns3:cad>
          </ns3:TrackPointExtension>
        </extensions>
      </trkpt>
      <trkpt lat="37.75183682329952716827392578125" lon="-122.3984997533261775970458984375">
        <ele>51.200000762939453125</ele>
        <time>2026-04-09T02:02:49.000Z</time>
        <extensions>
          <ns3:TrackPointExtension>
            <ns3:atemp>19.0</ns3:atemp>
            <ns3:hr>133</ns3:hr>
            <ns3:cad>75</ns3:cad>
          </ns3:TrackPointExtension>
        </extensions>
      </trkpt>
      <trkpt lat="37.7518188022077083587646484375" lon="-122.3984910361468791961669921875">
        <ele>50.799999237060546875</ele>
        <time>2026-04-09T02:02:50.000Z</time>
        <extensions>
          <ns3:TrackPointExtension>
            <ns3:atemp>19.0</ns3:atemp>
            <ns3:hr>133</ns3:hr>
            <ns3:cad>75</ns3:cad>
          </ns3:TrackPointExtension>
        </extensions>
      </trkpt>
      <trkpt lat="37.7518022060394287109375" lon="-122.39849179051816463470458984375">
        <ele>50.200000762939453125</ele>
        <time>2026-04-09T02:02:51.000Z</time>
        <extensions>
          <ns3:TrackPointExtension>
            <ns3:atemp>19.0</ns3:atemp>
            <ns3:hr>133</ns3:hr>
            <ns3:cad>74</ns3:cad>
          </ns3:TrackPointExtension>
        </extensions>
      </trkpt>
      <trkpt lat="37.75178502313792705535888671875" lon="-122.39848910830914974212646484375">
        <ele>49.799999237060546875</ele>
        <time>2026-04-09T02:02:52.000Z</time>
        <extensions>
          <ns3:TrackPointExtension>
            <ns3:atemp>19.0</ns3:atemp>
            <ns3:hr>132</ns3:hr>
            <ns3:cad>74</ns3:cad>
          </ns3:TrackPointExtension>
        </extensions>
      </trkpt>
      <trkpt lat="37.75176255963742733001708984375" lon="-122.39848894067108631134033203125">
        <ele>49.40000152587890625</ele>
        <time>2026-04-09T02:02:53.000Z</time>
        <extensions>
          <ns3:TrackPointExtension>
            <ns3:atemp>18.0</ns3:atemp>
            <ns3:hr>132</ns3:hr>
            <ns3:cad>74</ns3:cad>
          </ns3:TrackPointExtension>
        </extensions>
      </trkpt>
      <trkpt lat="37.75174227543175220489501953125" lon="-122.39848525263369083404541015625">
        <ele>49</ele>
        <time>2026-04-09T02:02:54.000Z</time>
        <extensions>
          <ns3:TrackPointExtension>
            <ns3:atemp>18.0</ns3:atemp>
            <ns3:hr>132</ns3:hr>
            <ns3:cad>73</ns3:cad>
          </ns3:TrackPointExtension>
        </extensions>
      </trkpt>
      <trkpt lat="37.75172752328217029571533203125" lon="-122.398480474948883056640625">
        <ele>48.59999847412109375</ele>
        <time>2026-04-09T02:02:55.000Z</time>
        <extensions>
          <ns3:TrackPointExtension>
            <ns3:atemp>18.0</ns3:atemp>
            <ns3:hr>132</ns3:hr>
            <ns3:cad>73</ns3:cad>
          </ns3:TrackPointExtension>
        </extensions>
      </trkpt>
      <trkpt lat="37.75171168148517608642578125" lon="-122.3984791338443756103515625">
        <ele>48.40000152587890625</ele>
        <time>2026-04-09T02:02:56.000Z</time>
        <extensions>
          <ns3:TrackPointExtension>
            <ns3:atemp>18.0</ns3:atemp>
            <ns3:hr>131</ns3:hr>
            <ns3:cad>73</ns3:cad>
          </ns3:TrackPointExtension>
        </extensions>
      </trkpt>
      <trkpt lat="37.751695923507213592529296875" lon="-122.39847712218761444091796875">
        <ele>48</ele>
        <time>2026-04-09T02:02:57.000Z</time>
        <extensions>
          <ns3:TrackPointExtension>
            <ns3:atemp>18.0</ns3:atemp>
            <ns3:hr>131</ns3:hr>
            <ns3:cad>73</ns3:cad>
          </ns3:TrackPointExtension>
        </extensions>
      </trkpt>
      <trkpt lat="37.75167756713926792144775390625" lon="-122.398471422493457794189453125">
        <ele>47.59999847412109375</ele>
        <time>2026-04-09T02:02:58.000Z</time>
        <extensions>
          <ns3:TrackPointExtension>
            <ns3:atemp>19.0</ns3:atemp>
            <ns3:hr>131</ns3:hr>
            <ns3:cad>73</ns3:cad>
          </ns3:TrackPointExtension>
        </extensions>
      </trkpt>
      <trkpt lat="37.75166315026581287384033203125" lon="-122.398474104702472686767578125">
        <ele>47.200000762939453125</ele>
        <time>2026-04-09T02:02:59.000Z</time>
        <extensions>
          <ns3:TrackPointExtension>
            <ns3:atemp>18.0</ns3:atemp>
            <ns3:hr>131</ns3:hr>
            <ns3:cad>73</ns3:cad>
          </ns3:TrackPointExtension>
        </extensions>
      </trkpt>
      <trkpt lat="37.75164588354527950286865234375" lon="-122.398474104702472686767578125">
        <ele>46.799999237060546875</ele>
        <time>2026-04-09T02:03:00.000Z</time>
        <extensions>
          <ns3:TrackPointExtension>
            <ns3:atemp>19.0</ns3:atemp>
            <ns3:hr>131</ns3:hr>
            <ns3:cad>73</ns3:cad>
          </ns3:TrackPointExtension>
        </extensions>
      </trkpt>
      <trkpt lat="37.7516230009496212005615234375" lon="-122.3984746076166629791259765625">
        <ele>46.40000152587890625</ele>
        <time>2026-04-09T02:03:01.000Z</time>
        <extensions>
          <ns3:TrackPointExtension>
            <ns3:atemp>19.0</ns3:atemp>
            <ns3:hr>131</ns3:hr>
            <ns3:cad>73</ns3:cad>
          </ns3:TrackPointExtension>
        </extensions>
      </trkpt>
      <trkpt lat="37.7515978552401065826416015625" lon="-122.39846480078995227813720703125">
        <ele>46</ele>
        <time>2026-04-09T02:03:02.000Z</time>
        <extensions>
          <ns3:TrackPointExtension>
            <ns3:atemp>19.0</ns3:atemp>
            <ns3:hr>131</ns3:hr>
            <ns3:cad>73</ns3:cad>
          </ns3:TrackPointExtension>
        </extensions>
      </trkpt>
      <trkpt lat="37.7515782415866851806640625" lon="-122.398458682000637054443359375">
        <ele>45.59999847412109375</ele>
        <time>2026-04-09T02:03:03.000Z</time>
        <extensions>
          <ns3:TrackPointExtension>
            <ns3:atemp>19.0</ns3:atemp>
            <ns3:hr>130</ns3:hr>
            <ns3:cad>74</ns3:cad>
          </ns3:TrackPointExtension>
        </extensions>
      </trkpt>
      <trkpt lat="37.7515579573810100555419921875" lon="-122.39845423959195613861083984375">
        <ele>45.200000762939453125</ele>
        <time>2026-04-09T02:03:04.000Z</time>
        <extensions>
          <ns3:TrackPointExtension>
            <ns3:atemp>19.0</ns3:atemp>
            <ns3:hr>130</ns3:hr>
            <ns3:cad>75</ns3:cad>
          </ns3:TrackPointExtension>
        </extensions>
      </trkpt>
      <trkpt lat="37.75153172202408313751220703125" lon="-122.39844753406941890716552734375">
        <ele>44.799999237060546875</ele>
        <time>2026-04-09T02:03:05.000Z</time>
        <extensions>
          <ns3:TrackPointExtension>
            <ns3:atemp>19.0</ns3:atemp>
            <ns3:hr>130</ns3:hr>
            <ns3:cad>75</ns3:cad>
          </ns3:TrackPointExtension>
        </extensions>
      </trkpt>
      <trkpt lat="37.75150456465780735015869140625" lon="-122.398437894880771636962890625">
        <ele>44.200000762939453125</ele>
        <time>2026-04-09T02:03:06.000Z</time>
        <extensions>
          <ns3:TrackPointExtension>
            <ns3:atemp>19.0</ns3:atemp>
            <ns3:hr>130</ns3:hr>
            <ns3:cad>75</ns3:cad>
          </ns3:TrackPointExtension>
        </extensions>
      </trkpt>
      <trkpt lat="37.75148771703243255615234375" lon="-122.3984353803098201751708984375">
        <ele>43.59999847412109375</ele>
        <time>2026-04-09T02:03:07.000Z</time>
        <extensions>
          <ns3:TrackPointExtension>
            <ns3:atemp>19.0</ns3:atemp>
            <ns3:hr>130</ns3:hr>
            <ns3:cad>75</ns3:cad>
          </ns3:TrackPointExtension>
        </extensions>
      </trkpt>
      <trkpt lat="37.75147170759737491607666015625" lon="-122.39843026734888553619384765625">
        <ele>43.200000762939453125</ele>
        <time>2026-04-09T02:03:08.000Z</time>
        <extensions>
          <ns3:TrackPointExtension>
            <ns3:atemp>19.0</ns3:atemp>
            <ns3:hr>131</ns3:hr>
            <ns3:cad>75</ns3:cad>
          </ns3:TrackPointExtension>
        </extensions>
      </trkpt>
      <trkpt lat="37.75144639424979686737060546875" lon="-122.3984333686530590057373046875">
        <ele>42.799999237060546875</ele>
        <time>2026-04-09T02:03:09.000Z</time>
        <extensions>
          <ns3:TrackPointExtension>
            <ns3:atemp>18.0</ns3:atemp>
            <ns3:hr>130</ns3:hr>
            <ns3:cad>75</ns3:cad>
          </ns3:TrackPointExtension>
        </extensions>
      </trkpt>
      <trkpt lat="37.75141621939837932586669921875" lon="-122.39841903559863567352294921875">
        <ele>42.200000762939453125</ele>
        <time>2026-04-09T02:03:10.000Z</time>
        <extensions>
          <ns3:TrackPointExtension>
            <ns3:atemp>19.0</ns3:atemp>
            <ns3:hr>130</ns3:hr>
            <ns3:cad>75</ns3:cad>
          </ns3:TrackPointExtension>
        </extensions>
      </trkpt>
      <trkpt lat="37.75138956494629383087158203125" lon="-122.3984223045408725738525390625">
        <ele>41.799999237060546875</ele>
        <time>2026-04-09T02:03:11.000Z</time>
        <extensions>
          <ns3:TrackPointExtension>
            <ns3:atemp>19.0</ns3:atemp>
            <ns3:hr>130</ns3:hr>
            <ns3:cad>75</ns3:cad>
          </ns3:TrackPointExtension>
        </extensions>
      </trkpt>
      <trkpt lat="37.75136592797935009002685546875" lon="-122.39842054434120655059814453125">
        <ele>41.40000152587890625</ele>
        <time>2026-04-09T02:03:12.000Z</time>
        <extensions>
          <ns3:TrackPointExtension>
            <ns3:atemp>19.0</ns3:atemp>
            <ns3:hr>130</ns3:hr>
            <ns3:cad>75</ns3:cad>
          </ns3:TrackPointExtension>
        </extensions>
      </trkpt>
      <trkpt lat="37.75132988579571247100830078125" lon="-122.3984202928841114044189453125">
        <ele>40.799999237060546875</ele>
        <time>2026-04-09T02:03:13.000Z</time>
        <extensions>
          <ns3:TrackPointExtension>
            <ns3:atemp>19.0</ns3:atemp>
            <ns3:hr>129</ns3:hr>
            <ns3:cad>75</ns3:cad>
          </ns3:TrackPointExtension>
        </extensions>
      </trkpt>
      <trkpt lat="37.751300632953643798828125" lon="-122.3984196223318576812744140625">
        <ele>40.40000152587890625</ele>
        <time>2026-04-09T02:03:14.000Z</time>
        <extensions>
          <ns3:TrackPointExtension>
            <ns3:atemp>19.0</ns3:atemp>
            <ns3:hr>129</ns3:hr>
            <ns3:cad>75</ns3:cad>
          </ns3:TrackPointExtension>
        </extensions>
      </trkpt>
      <trkpt lat="37.7512776665389537811279296875" lon="-122.3984263278543949127197265625">
        <ele>39.799999237060546875</ele>
        <time>2026-04-09T02:03:15.000Z</time>
        <extensions>
          <ns3:TrackPointExtension>
            <ns3:atemp>19.0</ns3:atemp>
            <ns3:hr>129</ns3:hr>
            <ns3:cad>75</ns3:cad>
          </ns3:TrackPointExtension>
        </extensions>
      </trkpt>
      <trkpt lat="37.75124640204012393951416015625" lon="-122.398427836596965789794921875">
        <ele>39.59999847412109375</ele>
        <time>2026-04-09T02:03:16.000Z</time>
        <extensions>
          <ns3:TrackPointExtension>
            <ns3:atemp>19.0</ns3:atemp>
            <ns3:hr>129</ns3:hr>
            <ns3:cad>75</ns3:cad>
          </ns3:TrackPointExtension>
        </extensions>
      </trkpt>
      <trkpt lat="37.7512119524180889129638671875" lon="-122.39843512885272502899169921875">
        <ele>39.200000762939453125</ele>
        <time>2026-04-09T02:03:17.000Z</time>
        <extensions>
          <ns3:TrackPointExtension>
            <ns3:atemp>18.0</ns3:atemp>
            <ns3:hr>129</ns3:hr>
            <ns3:cad>75</ns3:cad>
          </ns3:TrackPointExtension>
        </extensions>
      </trkpt>
      <trkpt lat="37.7511737309396266937255859375" lon="-122.398447953164577484130859375">
        <ele>38.59999847412109375</ele>
        <time>2026-04-09T02:03:18.000Z</time>
        <extensions>
          <ns3:TrackPointExtension>
            <ns3:atemp>19.0</ns3:atemp>
            <ns3:hr>129</ns3:hr>
            <ns3:cad>80</ns3:cad>
          </ns3:TrackPointExtension>
        </extensions>
      </trkpt>
      <trkpt lat="37.75112218223512172698974609375" lon="-122.39844719879329204559326171875">
        <ele>38.200000762939453125</ele>
        <time>2026-04-09T02:03:19.000Z</time>
        <extensions>
          <ns3:TrackPointExtension>
            <ns3:atemp>18.0</ns3:atemp>
            <ns3:hr>129</ns3:hr>
            <ns3:cad>80</ns3:cad>
          </ns3:TrackPointExtension>
        </extensions>
      </trkpt>
      <trkpt lat="37.75108781643211841583251953125" lon="-122.39843663759529590606689453125">
        <ele>37.799999237060546875</ele>
        <time>2026-04-09T02:03:20.000Z</time>
        <extensions>
          <ns3:TrackPointExtension>
            <ns3:atemp>18.0</ns3:atemp>
            <ns3:hr>129</ns3:hr>
            <ns3:cad>80</ns3:cad>
          </ns3:TrackPointExtension>
        </extensions>
      </trkpt>
      <trkpt lat="37.75105361826717853546142578125" lon="-122.39838819019496440887451171875">
        <ele>37.59999847412109375</ele>
        <time>2026-04-09T02:03:21.000Z</time>
        <extensions>
          <ns3:TrackPointExtension>
            <ns3:atemp>18.0</ns3:atemp>
            <ns3:hr>129</ns3:hr>
            <ns3:cad>80</ns3:cad>
          </ns3:TrackPointExtension>
        </extensions>
      </trkpt>
      <trkpt lat="37.75104456581175327301025390625" lon="-122.39834896288812160491943359375">
        <ele>37.40000152587890625</ele>
        <time>2026-04-09T02:03:22.000Z</time>
        <extensions>
          <ns3:TrackPointExtension>
            <ns3:atemp>18.0</ns3:atemp>
            <ns3:hr>128</ns3:hr>
            <ns3:cad>83</ns3:cad>
          </ns3:TrackPointExtension>
        </extensions>
      </trkpt>
      <trkpt lat="37.7510739862918853759765625" lon="-122.39830948412418365478515625">
        <ele>37.40000152587890625</ele>
        <time>2026-04-09T02:03:23.000Z</time>
        <extensions>
          <ns3:TrackPointExtension>
            <ns3:atemp>18.0</ns3:atemp>
            <ns3:hr>128</ns3:hr>
            <ns3:cad>84</ns3:cad>
          </ns3:TrackPointExtension>
        </extensions>
      </trkpt>
      <trkpt lat="37.7511073462665081024169921875" lon="-122.39829397760331630706787109375">
        <ele>37.40000152587890625</ele>
        <time>2026-04-09T02:03:24.000Z</time>
        <extensions>
          <ns3:TrackPointExtension>
            <ns3:atemp>18.0</ns3:atemp>
            <ns3:hr>128</ns3:hr>
            <ns3:cad>86</ns3:cad>
          </ns3:TrackPointExtension>
        </extensions>
      </trkpt>
      <trkpt lat="37.75114196352660655975341796875" lon="-122.39830018021166324615478515625">
        <ele>37.40000152587890625</ele>
        <time>2026-04-09T02:03:25.000Z</time>
        <extensions>
          <ns3:TrackPointExtension>
            <ns3:atemp>19.0</ns3:atemp>
            <ns3:hr>128</ns3:hr>
            <ns3:cad>86</ns3:cad>
          </ns3:TrackPointExtension>
        </extensions>
      </trkpt>
      <trkpt lat="37.7511837892234325408935546875" lon="-122.39831828512251377105712890625">
        <ele>37.40000152587890625</ele>
        <time>2026-04-09T02:03:26.000Z</time>
        <extensions>
          <ns3:TrackPointExtension>
            <ns3:atemp>18.0</ns3:atemp>
            <ns3:hr>129</ns3:hr>
            <ns3:cad>86</ns3:cad>
          </ns3:TrackPointExtension>
        </extensions>
      </trkpt>
      <trkpt lat="37.7512134611606597900390625" lon="-122.39832398481667041778564453125">
        <ele>37.40000152587890625</ele>
        <time>2026-04-09T02:03:27.000Z</time>
        <extensions>
          <ns3:TrackPointExtension>
            <ns3:atemp>18.0</ns3:atemp>
            <ns3:hr>129</ns3:hr>
            <ns3:cad>86</ns3:cad>
          </ns3:TrackPointExtension>
        </extensions>
      </trkpt>
      <trkpt lat="37.7512510120868682861328125" lon="-122.3983290977776050567626953125">
        <ele>38</ele>
        <time>2026-04-09T02:03:28.000Z</time>
        <extensions>
          <ns3:TrackPointExtension>
            <ns3:atemp>18.0</ns3:atemp>
            <ns3:hr>130</ns3:hr>
            <ns3:cad>86</ns3:cad>
          </ns3:TrackPointExtension>
        </extensions>
      </trkpt>
      <trkpt lat="37.75127322413027286529541015625" lon="-122.3983314447104930877685546875">
        <ele>38.200000762939453125</ele>
        <time>2026-04-09T02:03:29.000Z</time>
        <extensions>
          <ns3:TrackPointExtension>
            <ns3:atemp>18.0</ns3:atemp>
            <ns3:hr>129</ns3:hr>
            <ns3:cad>86</ns3:cad>
          </ns3:TrackPointExtension>
        </extensions>
      </trkpt>
      <trkpt lat="37.75130708701908588409423828125" lon="-122.3983311094343662261962890625">
        <ele>38.59999847412109375</ele>
        <time>2026-04-09T02:03:30.000Z</time>
        <extensions>
          <ns3:TrackPointExtension>
            <ns3:atemp>18.0</ns3:atemp>
            <ns3:hr>129</ns3:hr>
            <ns3:cad>87</ns3:cad>
          </ns3:TrackPointExtension>
        </extensions>
      </trkpt>
      <trkpt lat="37.75132904760539531707763671875" lon="-122.39833169616758823394775390625">
        <ele>39.40000152587890625</ele>
        <time>2026-04-09T02:03:31.000Z</time>
        <extensions>
          <ns3:TrackPointExtension>
            <ns3:atemp>18.0</ns3:atemp>
            <ns3:hr>129</ns3:hr>
            <ns3:cad>87</ns3:cad>
          </ns3:TrackPointExtension>
        </extensions>
      </trkpt>
      <trkpt lat="37.751360647380352020263671875" lon="-122.3983354680240154266357421875">
        <ele>39.799999237060546875</ele>
        <time>2026-04-09T02:03:32.000Z</time>
        <extensions>
          <ns3:TrackPointExtension>
            <ns3:atemp>18.0</ns3:atemp>
            <ns3:hr>128</ns3:hr>
            <ns3:cad>87</ns3:cad>
          </ns3:TrackPointExtension>
        </extensions>
      </trkpt>
      <trkpt lat="37.75138235650956630706787109375" lon="-122.39834167063236236572265625">
        <ele>40.40000152587890625</ele>
        <time>2026-04-09T02:03:33.000Z</time>
        <extensions>
          <ns3:TrackPointExtension>
            <ns3:atemp>18.0</ns3:atemp>
            <ns3:hr>128</ns3:hr>
            <ns3:cad>87</ns3:cad>
          </ns3:TrackPointExtension>
        </extensions>
      </trkpt>
      <trkpt lat="37.75142091326415538787841796875" lon="-122.39834359847009181976318359375">
        <ele>41</ele>
        <time>2026-04-09T02:03:34.000Z</time>
        <extensions>
          <ns3:TrackPointExtension>
            <ns3:atemp>18.0</ns3:atemp>
            <ns3:hr>128</ns3:hr>
            <ns3:cad>88</ns3:cad>
          </ns3:TrackPointExtension>
        </extensions>
      </trkpt>
      <trkpt lat="37.751442454755306243896484375" lon="-122.398351393640041351318359375">
        <ele>41.200000762939453125</ele>
        <time>2026-04-09T02:03:35.000Z</time>
        <extensions>
          <ns3:TrackPointExtension>
            <ns3:atemp>18.0</ns3:atemp>
            <ns3:hr>128</ns3:hr>
            <ns3:cad>88</ns3:cad>
          </ns3:TrackPointExtension>
        </extensions>
      </trkpt>
      <trkpt lat="37.75147254578769207000732421875" lon="-122.3983525671064853668212890625">
        <ele>42.200000762939453125</ele>
        <time>2026-04-09T02:03:36.000Z</time>
        <extensions>
          <ns3:TrackPointExtension>
            <ns3:atemp>18.0</ns3:atemp>
            <ns3:hr>129</ns3:hr>
            <ns3:cad>88</ns3:cad>
          </ns3:TrackPointExtension>
        </extensions>
      </trkpt>
      <trkpt lat="37.75150783360004425048828125" lon="-122.3983639664947986602783203125">
        <ele>42.59999847412109375</ele>
        <time>2026-04-09T02:03:37.000Z</time>
        <extensions>
          <ns3:TrackPointExtension>
            <ns3:atemp>18.0</ns3:atemp>
            <ns3:hr>130</ns3:hr>
            <ns3:cad>88</ns3:cad>
          </ns3:TrackPointExtension>
        </extensions>
      </trkpt>
      <trkpt lat="37.75153708644211292266845703125" lon="-122.39836824126541614532470703125">
        <ele>43.200000762939453125</ele>
        <time>2026-04-09T02:03:38.000Z</time>
        <extensions>
          <ns3:TrackPointExtension>
            <ns3:atemp>18.0</ns3:atemp>
            <ns3:hr>131</ns3:hr>
            <ns3:cad>88</ns3:cad>
          </ns3:TrackPointExtension>
        </extensions>
      </trkpt>
      <trkpt lat="37.75157396681606769561767578125" lon="-122.3983770422637462615966796875">
        <ele>44</ele>
        <time>2026-04-09T02:03:39.000Z</time>
        <extensions>
          <ns3:TrackPointExtension>
            <ns3:atemp>18.0</ns3:atemp>
            <ns3:hr>132</ns3:hr>
            <ns3:cad>88</ns3:cad>
          </ns3:TrackPointExtension>
        </extensions>
      </trkpt>
      <trkpt lat="37.75158955715596675872802734375" lon="-122.3983825743198394775390625">
        <ele>44.59999847412109375</ele>
        <time>2026-04-09T02:03:40.000Z</time>
        <extensions>
          <ns3:TrackPointExtension>
            <ns3:atemp>18.0</ns3:atemp>
            <ns3:hr>134</ns3:hr>
            <ns3:cad>87</ns3:cad>
          </ns3:TrackPointExtension>
        </extensions>
      </trkpt>
      <trkpt lat="37.7516226656734943389892578125" lon="-122.3983906209468841552734375">
        <ele>45.200000762939453125</ele>
        <time>2026-04-09T02:03:41.000Z</time>
        <extensions>
          <ns3:TrackPointExtension>
            <ns3:atemp>18.0</ns3:atemp>
            <ns3:hr>135</ns3:hr>
            <ns3:cad>87</ns3:cad>
          </ns3:TrackPointExtension>
        </extensions>
      </trkpt>
      <trkpt lat="37.75166164152324199676513671875" lon="-122.39840310998260974884033203125">
        <ele>45.799999237060546875</ele>
        <time>2026-04-09T02:03:42.000Z</time>
        <extensions>
          <ns3:TrackPointExtension>
            <ns3:atemp>18.0</ns3:atemp>
            <ns3:hr>137</ns3:hr>
            <ns3:cad>87</ns3:cad>
          </ns3:TrackPointExtension>
        </extensions>
      </trkpt>
      <trkpt lat="37.7516742981970310211181640625" lon="-122.39840243943035602569580078125">
        <ele>46</ele>
        <time>2026-04-09T02:03:43.000Z</time>
        <extensions>
          <ns3:TrackPointExtension>
            <ns3:atemp>18.0</ns3:atemp>
            <ns3:hr>139</ns3:hr>
            <ns3:cad>87</ns3:cad>
          </ns3:TrackPointExtension>
        </extensions>
      </trkpt>
      <trkpt lat="37.7516935765743255615234375" lon="-122.39840545691549777984619140625">
        <ele>46.40000152587890625</ele>
        <time>2026-04-09T02:03:44.000Z</time>
        <extensions>
          <ns3:TrackPointExtension>
            <ns3:atemp>18.0</ns3:atemp>
            <ns3:hr>140</ns3:hr>
            <ns3:cad>87</ns3:cad>
          </ns3:TrackPointExtension>
        </extensions>
      </trkpt>
      <trkpt lat="37.75169600732624530792236328125" lon="-122.398398332297801971435546875">
        <ele>46.59999847412109375</ele>
        <time>2026-04-09T02:03:45.000Z</time>
        <extensions>
          <ns3:TrackPointExtension>
            <ns3:atemp>18.0</ns3:atemp>
            <ns3:hr>142</ns3:hr>
            <ns3:cad>87</ns3:cad>
          </ns3:TrackPointExtension>
        </extensions>
      </trkpt>
      <trkpt lat="37.7517088316380977630615234375" lon="-122.39839606918394565582275390625">
        <ele>47</ele>
        <time>2026-04-09T02:03:46.000Z</time>
        <extensions>
          <ns3:TrackPointExtension>
            <ns3:atemp>18.0</ns3:atemp>
            <ns3:hr>143</ns3:hr>
            <ns3:cad>87</ns3:cad>
          </ns3:TrackPointExtension>
        </extensions>
      </trkpt>
      <trkpt lat="37.75172702036798000335693359375" lon="-122.39840109832584857940673828125">
        <ele>47.200000762939453125</ele>
        <time>2026-04-09T02:03:47.000Z</time>
        <extensions>
          <ns3:TrackPointExtension>
            <ns3:atemp>18.0</ns3:atemp>
            <ns3:hr>144</ns3:hr>
            <ns3:cad>80</ns3:cad>
          </ns3:TrackPointExtension>
        </extensions>
      </trkpt>
      <trkpt lat="37.7517329715192317962646484375" lon="-122.39839908666908740997314453125">
        <ele>47.40000152587890625</ele>
        <time>2026-04-09T02:03:48.000Z</time>
        <extensions>
          <ns3:TrackPointExtension>
            <ns3:atemp>18.0</ns3:atemp>
            <ns3:hr>146</ns3:hr>
            <ns3:cad>80</ns3:cad>
          </ns3:TrackPointExtension>
        </extensions>
      </trkpt>
      <trkpt lat="37.7517453767359256744384765625" lon="-122.398399673402309417724609375">
        <ele>47.59999847412109375</ele>
        <time>2026-04-09T02:03:49.000Z</time>
        <extensions>
          <ns3:TrackPointExtension>
            <ns3:atemp>18.0</ns3:atemp>
            <ns3:hr>146</ns3:hr>
            <ns3:cad>79</ns3:cad>
          </ns3:TrackPointExtension>
        </extensions>
      </trkpt>
      <trkpt lat="37.75176356546580791473388671875" lon="-122.39840562455356121063232421875">
        <ele>47.799999237060546875</ele>
        <time>2026-04-09T02:03:50.000Z</time>
        <extensions>
          <ns3:TrackPointExtension>
            <ns3:atemp>18.0</ns3:atemp>
            <ns3:hr>147</ns3:hr>
            <ns3:cad>79</ns3:cad>
          </ns3:TrackPointExtension>
        </extensions>
      </trkpt>
      <trkpt lat="37.751770354807376861572265625" lon="-122.39840126596391201019287109375">
        <ele>48.200000762939453125</ele>
        <time>2026-04-09T02:03:51.000Z</time>
        <extensions>
          <ns3:TrackPointExtension>
            <ns3:atemp>18.0</ns3:atemp>
            <ns3:hr>146</ns3:hr>
            <ns3:cad>79</ns3:cad>
          </ns3:TrackPointExtension>
        </extensions>
      </trkpt>
      <trkpt lat="37.751783765852451324462890625" lon="-122.39839908666908740997314453125">
        <ele>48.40000152587890625</ele>
        <time>2026-04-09T02:03:52.000Z</time>
        <extensions>
          <ns3:TrackPointExtension>
            <ns3:atemp>18.0</ns3:atemp>
            <ns3:hr>146</ns3:hr>
            <ns3:cad>79</ns3:cad>
          </ns3:TrackPointExtension>
        </extensions>
      </trkpt>
      <trkpt lat="37.75180296041071414947509765625" lon="-122.398405373096466064453125">
        <ele>48.59999847412109375</ele>
        <time>2026-04-09T02:03:53.000Z</time>
        <extensions>
          <ns3:TrackPointExtension>
            <ns3:atemp>18.0</ns3:atemp>
            <ns3:hr>145</ns3:hr>
            <ns3:cad>79</ns3:cad>
          </ns3:TrackPointExtension>
        </extensions>
      </trkpt>
      <trkpt lat="37.75181000120937824249267578125" lon="-122.39840210415422916412353515625">
        <ele>48.799999237060546875</ele>
        <time>2026-04-09T02:03:54.000Z</time>
        <extensions>
          <ns3:TrackPointExtension>
            <ns3:atemp>18.0</ns3:atemp>
            <ns3:hr>144</ns3:hr>
            <ns3:cad>79</ns3:cad>
          </ns3:TrackPointExtension>
        </extensions>
      </trkpt>
      <trkpt lat="37.7518228255212306976318359375" lon="-122.39839933812618255615234375">
        <ele>49</ele>
        <time>2026-04-09T02:03:55.000Z</time>
        <extensions>
          <ns3:TrackPointExtension>
            <ns3:atemp>18.0</ns3:atemp>
            <ns3:hr>144</ns3:hr>
            <ns3:cad>79</ns3:cad>
          </ns3:TrackPointExtension>
        </extensions>
      </trkpt>
      <trkpt lat="37.7518426068127155303955078125" lon="-122.3984035290777683258056640625">
        <ele>49.200000762939453125</ele>
        <time>2026-04-09T02:03:56.000Z</time>
        <extensions>
          <ns3:TrackPointExtension>
            <ns3:atemp>18.0</ns3:atemp>
            <ns3:hr>144</ns3:hr>
            <ns3:cad>80</ns3:cad>
          </ns3:TrackPointExtension>
        </extensions>
      </trkpt>
      <trkpt lat="37.7518479712307453155517578125" lon="-122.39840604364871978759765625">
        <ele>49.59999847412109375</ele>
        <time>2026-04-09T02:03:57.000Z</time>
        <extensions>
          <ns3:TrackPointExtension>
            <ns3:atemp>18.0</ns3:atemp>
            <ns3:hr>144</ns3:hr>
            <ns3:cad>80</ns3:cad>
          </ns3:TrackPointExtension>
        </extensions>
      </trkpt>
      <trkpt lat="37.75185828097164630889892578125" lon="-122.398404367268085479736328125">
        <ele>49.799999237060546875</ele>
        <time>2026-04-09T02:03:58.000Z</time>
        <extensions>
          <ns3:TrackPointExtension>
            <ns3:atemp>18.0</ns3:atemp>
            <ns3:hr>144</ns3:hr>
            <ns3:cad>79</ns3:cad>
          </ns3:TrackPointExtension>
        </extensions>
      </trkpt>
      <trkpt lat="37.75187152437865734100341796875" lon="-122.3984011821448802947998046875">
        <ele>50</ele>
        <time>2026-04-09T02:03:59.000Z</time>
        <extensions>
          <ns3:TrackPointExtension>
            <ns3:atemp>18.0</ns3:atemp>
            <ns3:hr>144</ns3:hr>
            <ns3:cad>79</ns3:cad>
          </ns3:TrackPointExtension>
        </extensions>
      </trkpt>
      <trkpt lat="37.7518835105001926422119140625" lon="-122.39840730093419551849365234375">
        <ele>50.200000762939453125</ele>
        <time>2026-04-09T02:04:00.000Z</time>
        <extensions>
          <ns3:TrackPointExtension>
            <ns3:atemp>18.0</ns3:atemp>
            <ns3:hr>145</ns3:hr>
            <ns3:cad>78</ns3:cad>
          </ns3:TrackPointExtension>
        </extensions>
      </trkpt>
      <trkpt lat="37.75189365260303020477294921875" lon="-122.39840738475322723388671875">
        <ele>50.40000152587890625</ele>
        <time>2026-04-09T02:04:01.000Z</time>
        <extensions>
          <ns3:TrackPointExtension>
            <ns3:atemp>18.0</ns3:atemp>
            <ns3:hr>145</ns3:hr>
            <ns3:cad>78</ns3:cad>
          </ns3:TrackPointExtension>
        </extensions>
      </trkpt>
      <trkpt lat="37.75190857239067554473876953125" lon="-122.39840243943035602569580078125">
        <ele>50.59999847412109375</ele>
        <time>2026-04-09T02:04:02.000Z</time>
        <extensions>
          <ns3:TrackPointExtension>
            <ns3:atemp>18.0</ns3:atemp>
            <ns3:hr>145</ns3:hr>
            <ns3:cad>78</ns3:cad>
          </ns3:TrackPointExtension>
        </extensions>
      </trkpt>
      <trkpt lat="37.75192114524543285369873046875" lon="-122.3984093964099884033203125">
        <ele>51</ele>
        <time>2026-04-09T02:04:03.000Z</time>
        <extensions>
          <ns3:TrackPointExtension>
            <ns3:atemp>18.0</ns3:atemp>
            <ns3:hr>145</ns3:hr>
            <ns3:cad>78</ns3:cad>
          </ns3:TrackPointExtension>
        </extensions>
      </trkpt>
      <trkpt lat="37.75193053297698497772216796875" lon="-122.3984093964099884033203125">
        <ele>51.200000762939453125</ele>
        <time>2026-04-09T02:04:04.000Z</time>
        <extensions>
          <ns3:TrackPointExtension>
            <ns3:atemp>18.0</ns3:atemp>
            <ns3:hr>145</ns3:hr>
            <ns3:cad>78</ns3:cad>
          </ns3:TrackPointExtension>
        </extensions>
      </trkpt>
      <trkpt lat="37.75195132009685039520263671875" lon="-122.3984093964099884033203125">
        <ele>51.40000152587890625</ele>
        <time>2026-04-09T02:04:05.000Z</time>
        <extensions>
          <ns3:TrackPointExtension>
            <ns3:atemp>18.0</ns3:atemp>
            <ns3:hr>145</ns3:hr>
            <ns3:cad>78</ns3:cad>
          </ns3:TrackPointExtension>
        </extensions>
      </trkpt>
      <trkpt lat="37.75196992792189121246337890625" lon="-122.3984196223318576812744140625">
        <ele>51.59999847412109375</ele>
        <time>2026-04-09T02:04:06.000Z</time>
        <extensions>
          <ns3:TrackPointExtension>
            <ns3:atemp>18.0</ns3:atemp>
            <ns3:hr>145</ns3:hr>
            <ns3:cad>79</ns3:cad>
          </ns3:TrackPointExtension>
        </extensions>
      </trkpt>
      <trkpt lat="37.7519747056066989898681640625" lon="-122.398421466350555419921875">
        <ele>51.799999237060546875</ele>
        <time>2026-04-09T02:04:07.000Z</time>
        <extensions>
          <ns3:TrackPointExtension>
            <ns3:atemp>18.0</ns3:atemp>
            <ns3:hr>145</ns3:hr>
            <ns3:cad>79</ns3:cad>
          </ns3:TrackPointExtension>
        </extensions>
      </trkpt>
      <trkpt lat="37.7519894577562808990478515625" lon="-122.3984259925782680511474609375">
        <ele>52</ele>
        <time>2026-04-09T02:04:08.000Z</time>
        <extensions>
          <ns3:TrackPointExtension>
            <ns3:atemp>18.0</ns3:atemp>
            <ns3:hr>146</ns3:hr>
            <ns3:cad>79</ns3:cad>
          </ns3:TrackPointExtension>
        </extensions>
      </trkpt>
      <trkpt lat="37.752002365887165069580078125" lon="-122.39843152463436126708984375">
        <ele>52.200000762939453125</ele>
        <time>2026-04-09T02:04:09.000Z</time>
        <extensions>
          <ns3:TrackPointExtension>
            <ns3:atemp>18.0</ns3:atemp>
            <ns3:hr>146</ns3:hr>
            <ns3:cad>80</ns3:cad>
          </ns3:TrackPointExtension>
        </extensions>
      </trkpt>
      <trkpt lat="37.7520179562270641326904296875" lon="-122.3984387330710887908935546875">
        <ele>52.40000152587890625</ele>
        <time>2026-04-09T02:04:10.000Z</time>
        <extensions>
          <ns3:TrackPointExtension>
            <ns3:atemp>18.0</ns3:atemp>
            <ns3:hr>146</ns3:hr>
            <ns3:cad>80</ns3:cad>
          </ns3:TrackPointExtension>
        </extensions>
      </trkpt>
      <trkpt lat="37.752039246261119842529296875" lon="-122.39843697287142276763916015625">
        <ele>52.59999847412109375</ele>
        <time>2026-04-09T02:04:11.000Z</time>
        <extensions>
          <ns3:TrackPointExtension>
            <ns3:atemp>18.0</ns3:atemp>
            <ns3:hr>146</ns3:hr>
            <ns3:cad>80</ns3:cad>
          </ns3:TrackPointExtension>
        </extensions>
      </trkpt>
      <trkpt lat="37.75206699036061763763427734375" lon="-122.39844585768878459930419921875">
        <ele>53.200000762939453125</ele>
        <time>2026-04-09T02:04:12.000Z</time>
        <extensions>
          <ns3:TrackPointExtension>
            <ns3:atemp>18.0</ns3:atemp>
            <ns3:hr>146</ns3:hr>
            <ns3:cad>79</ns3:cad>
          </ns3:TrackPointExtension>
        </extensions>
      </trkpt>
      <trkpt lat="37.7520927228033542633056640625" lon="-122.39844468422234058380126953125">
        <ele>53.59999847412109375</ele>
        <time>2026-04-09T02:04:13.000Z</time>
        <extensions>
          <ns3:TrackPointExtension>
            <ns3:atemp>18.0</ns3:atemp>
            <ns3:hr>145</ns3:hr>
            <ns3:cad>79</ns3:cad>
          </ns3:TrackPointExtension>
        </extensions>
      </trkpt>
      <trkpt lat="37.752130441367626190185546875" lon="-122.3984551616013050079345703125">
        <ele>53.799999237060546875</ele>
        <time>2026-04-09T02:04:14.000Z</time>
        <extensions>
          <ns3:TrackPointExtension>
            <ns3:atemp>18.0</ns3:atemp>
            <ns3:hr>146</ns3:hr>
            <ns3:cad>79</ns3:cad>
          </ns3:TrackPointExtension>
        </extensions>
      </trkpt>
      <trkpt lat="37.75215164758265018463134765625" lon="-122.39845440723001956939697265625">
        <ele>54.200000762939453125</ele>
        <time>2026-04-09T02:04:15.000Z</time>
        <extensions>
          <ns3:TrackPointExtension>
            <ns3:atemp>18.0</ns3:atemp>
            <ns3:hr>147</ns3:hr>
            <ns3:cad>83</ns3:cad>
          </ns3:TrackPointExtension>
        </extensions>
      </trkpt>
      <trkpt lat="37.75218970142304897308349609375" lon="-122.39845423959195613861083984375">
        <ele>54.40000152587890625</ele>
        <time>2026-04-09T02:04:16.000Z</time>
        <extensions>
          <ns3:TrackPointExtension>
            <ns3:atemp>18.0</ns3:atemp>
            <ns3:hr>148</ns3:hr>
            <ns3:cad>84</ns3:cad>
          </ns3:TrackPointExtension>
        </extensions>
      </trkpt>
      <trkpt lat="37.7522144280374050140380859375" lon="-122.39845407195389270782470703125">
        <ele>54.59999847412109375</ele>
        <time>2026-04-09T02:04:17.000Z</time>
        <extensions>
          <ns3:TrackPointExtension>
            <ns3:atemp>18.0</ns3:atemp>
            <ns3:hr>148</ns3:hr>
            <ns3:cad>85</ns3:cad>
          </ns3:TrackPointExtension>
        </extensions>
      </trkpt>
      <trkpt lat="37.7522461116313934326171875" lon="-122.39845256321132183074951171875">
        <ele>54.59999847412109375</ele>
        <time>2026-04-09T02:04:18.000Z</time>
        <extensions>
          <ns3:TrackPointExtension>
            <ns3:atemp>18.0</ns3:atemp>
            <ns3:hr>149</ns3:hr>
            <ns3:cad>85</ns3:cad>
          </ns3:TrackPointExtension>
        </extensions>
      </trkpt>
      <trkpt lat="37.752277292311191558837890625" lon="-122.3984622023999691009521484375">
        <ele>54.59999847412109375</ele>
        <time>2026-04-09T02:04:19.000Z</time>
        <extensions>
          <ns3:TrackPointExtension>
            <ns3:atemp>18.0</ns3:atemp>
            <ns3:hr>150</ns3:hr>
            <ns3:cad>86</ns3:cad>
          </ns3:TrackPointExtension>
        </extensions>
      </trkpt>
      <trkpt lat="37.75230553932487964630126953125" lon="-122.39846706390380859375">
        <ele>54.59999847412109375</ele>
        <time>2026-04-09T02:04:20.000Z</time>
        <extensions>
          <ns3:TrackPointExtension>
            <ns3:atemp>18.0</ns3:atemp>
            <ns3:hr>151</ns3:hr>
            <ns3:cad>87</ns3:cad>
          </ns3:TrackPointExtension>
        </extensions>
      </trkpt>
      <trkpt lat="37.7523386478424072265625" lon="-122.398475110530853271484375">
        <ele>54.799999237060546875</ele>
        <time>2026-04-09T02:04:21.000Z</time>
        <extensions>
          <ns3:TrackPointExtension>
            <ns3:atemp>18.0</ns3:atemp>
            <ns3:hr>152</ns3:hr>
            <ns3:cad>87</ns3:cad>
          </ns3:TrackPointExtension>
        </extensions>
      </trkpt>
      <trkpt lat="37.75236153043806552886962890625" lon="-122.39847770892083644866943359375">
        <ele>55</ele>
        <time>2026-04-09T02:04:22.000Z</time>
        <extensions>
          <ns3:TrackPointExtension>
            <ns3:atemp>18.0</ns3:atemp>
            <ns3:hr>153</ns3:hr>
            <ns3:cad>87</ns3:cad>
          </ns3:TrackPointExtension>
        </extensions>
      </trkpt>
      <trkpt lat="37.75239287875592708587646484375" lon="-122.3984803073108196258544921875">
        <ele>55.40000152587890625</ele>
        <time>2026-04-09T02:04:23.000Z</time>
        <extensions>
          <ns3:TrackPointExtension>
            <ns3:atemp>18.0</ns3:atemp>
            <ns3:hr>154</ns3:hr>
            <ns3:cad>87</ns3:cad>
          </ns3:TrackPointExtension>
        </extensions>
      </trkpt>
      <trkpt lat="37.75240897201001644134521484375" lon="-122.39847318269312381744384765625">
        <ele>55.799999237060546875</ele>
        <time>2026-04-09T02:04:24.000Z</time>
        <extensions>
          <ns3:TrackPointExtension>
            <ns3:atemp>18.0</ns3:atemp>
            <ns3:hr>155</ns3:hr>
            <ns3:cad>87</ns3:cad>
          </ns3:TrackPointExtension>
        </extensions>
      </trkpt>
      <trkpt lat="37.752432525157928466796875" lon="-122.3984692431986331939697265625">
        <ele>56.200000762939453125</ele>
        <time>2026-04-09T02:04:25.000Z</time>
        <extensions>
          <ns3:TrackPointExtension>
            <ns3:atemp>18.0</ns3:atemp>
            <ns3:hr>155</ns3:hr>
            <ns3:cad>87</ns3:cad>
          </ns3:TrackPointExtension>
        </extensions>
      </trkpt>
      <trkpt lat="37.75244719348847866058349609375" lon="-122.3984809778630733489990234375">
        <ele>56.799999237060546875</ele>
        <time>2026-04-09T02:04:26.000Z</time>
        <extensions>
          <ns3:TrackPointExtension>
            <ns3:atemp>18.0</ns3:atemp>
            <ns3:hr>156</ns3:hr>
            <ns3:cad>86</ns3:cad>
          </ns3:TrackPointExtension>
        </extensions>
      </trkpt>
      <trkpt lat="37.7524578385055065155029296875" lon="-122.39848156459629535675048828125">
        <ele>57</ele>
        <time>2026-04-09T02:04:27.000Z</time>
        <extensions>
          <ns3:TrackPointExtension>
            <ns3:atemp>18.0</ns3:atemp>
            <ns3:hr>157</ns3:hr>
            <ns3:cad>86</ns3:cad>
          </ns3:TrackPointExtension>
        </extensions>
      </trkpt>
      <trkpt lat="37.75248625315725803375244140625" lon="-122.39848240278661251068115234375">
        <ele>57.59999847412109375</ele>
        <time>2026-04-09T02:04:28.000Z</time>
        <extensions>
          <ns3:TrackPointExtension>
            <ns3:atemp>18.0</ns3:atemp>
            <ns3:hr>157</ns3:hr>
            <ns3:cad>86</ns3:cad>
          </ns3:TrackPointExtension>
        </extensions>
      </trkpt>
      <trkpt lat="37.75250025093555450439453125" lon="-122.398478798568248748779296875">
        <ele>57.799999237060546875</ele>
        <time>2026-04-09T02:04:29.000Z</time>
        <extensions>
          <ns3:TrackPointExtension>
            <ns3:atemp>18.0</ns3:atemp>
            <ns3:hr>157</ns3:hr>
            <ns3:cad>85</ns3:cad>
          </ns3:TrackPointExtension>
        </extensions>
      </trkpt>
      <trkpt lat="37.75252833031117916107177734375" lon="-122.3984752781689167022705078125">
        <ele>58.40000152587890625</ele>
        <time>2026-04-09T02:04:30.000Z</time>
        <extensions>
          <ns3:TrackPointExtension>
            <ns3:atemp>18.0</ns3:atemp>
            <ns3:hr>157</ns3:hr>
            <ns3:cad>85</ns3:cad>
          </ns3:TrackPointExtension>
        </extensions>
      </trkpt>
      <trkpt lat="37.75255112908780574798583984375" lon="-122.3984826542437076568603515625">
        <ele>58.799999237060546875</ele>
        <time>2026-04-09T02:04:31.000Z</time>
        <extensions>
          <ns3:TrackPointExtension>
            <ns3:atemp>18.0</ns3:atemp>
            <ns3:hr>157</ns3:hr>
            <ns3:cad>84</ns3:cad>
          </ns3:TrackPointExtension>
        </extensions>
      </trkpt>
      <trkpt lat="37.75257275439798831939697265625" lon="-122.39848173223435878753662109375">
        <ele>59</ele>
        <time>2026-04-09T02:04:32.000Z</time>
        <extensions>
          <ns3:TrackPointExtension>
            <ns3:atemp>18.0</ns3:atemp>
            <ns3:hr>157</ns3:hr>
            <ns3:cad>83</ns3:cad>
          </ns3:TrackPointExtension>
        </extensions>
      </trkpt>
      <trkpt lat="37.7526093833148479461669921875" lon="-122.3984826542437076568603515625">
        <ele>59.59999847412109375</ele>
        <time>2026-04-09T02:04:33.000Z</time>
        <extensions>
          <ns3:TrackPointExtension>
            <ns3:atemp>18.0</ns3:atemp>
            <ns3:hr>158</ns3:hr>
            <ns3:cad>83</ns3:cad>
          </ns3:TrackPointExtension>
        </extensions>
      </trkpt>
      <trkpt lat="37.752627991139888763427734375" lon="-122.39848609082400798797607421875">
        <ele>59.799999237060546875</ele>
        <time>2026-04-09T02:04:34.000Z</time>
        <extensions>
          <ns3:TrackPointExtension>
            <ns3:atemp>18.0</ns3:atemp>
            <ns3:hr>158</ns3:hr>
            <ns3:cad>83</ns3:cad>
          </ns3:TrackPointExtension>
        </extensions>
      </trkpt>
      <trkpt lat="37.7526623569428920745849609375" lon="-122.39848843775689601898193359375">
        <ele>60.200000762939453125</ele>
        <time>2026-04-09T02:04:35.000Z</time>
        <extensions>
          <ns3:TrackPointExtension>
            <ns3:atemp>18.0</ns3:atemp>
            <ns3:hr>158</ns3:hr>
            <ns3:cad>83</ns3:cad>
          </ns3:TrackPointExtension>
        </extensions>
      </trkpt>
      <trkpt lat="37.75268088094890117645263671875" lon="-122.39849514327943325042724609375">
        <ele>60.59999847412109375</ele>
        <time>2026-04-09T02:04:36.000Z</time>
        <extensions>
          <ns3:TrackPointExtension>
            <ns3:atemp>18.0</ns3:atemp>
            <ns3:hr>158</ns3:hr>
            <ns3:cad>83</ns3:cad>
          </ns3:TrackPointExtension>
        </extensions>
      </trkpt>
      <trkpt lat="37.7526942081749439239501953125" lon="-122.39849346689879894256591796875">
        <ele>61</ele>
        <time>2026-04-09T02:04:37.000Z</time>
        <extensions>
          <ns3:TrackPointExtension>
            <ns3:atemp>18.0</ns3:atemp>
            <ns3:hr>159</ns3:hr>
            <ns3:cad>83</ns3:cad>
          </ns3:TrackPointExtension>
        </extensions>
      </trkpt>
      <trkpt lat="37.75272647850215435028076171875" lon="-122.39849464036524295806884765625">
        <ele>61.200000762939453125</ele>
        <time>2026-04-09T02:04:38.000Z</time>
        <extensions>
          <ns3:TrackPointExtension>
            <ns3:atemp>18.0</ns3:atemp>
            <ns3:hr>159</ns3:hr>
            <ns3:cad>84</ns3:cad>
          </ns3:TrackPointExtension>
        </extensions>
      </trkpt>
      <trkpt lat="37.75274709798395633697509765625" lon="-122.39848474971950054168701171875">
        <ele>61.799999237060546875</ele>
        <time>2026-04-09T02:04:39.000Z</time>
        <extensions>
          <ns3:TrackPointExtension>
            <ns3:atemp>18.0</ns3:atemp>
            <ns3:hr>160</ns3:hr>
            <ns3:cad>84</ns3:cad>
          </ns3:TrackPointExtension>
        </extensions>
      </trkpt>
      <trkpt lat="37.752766124904155731201171875" lon="-122.3984960652887821197509765625">
        <ele>62.40000152587890625</ele>
        <time>2026-04-09T02:04:40.000Z</time>
        <extensions>
          <ns3:TrackPointExtension>
            <ns3:atemp>18.0</ns3:atemp>
            <ns3:hr>160</ns3:hr>
            <ns3:cad>84</ns3:cad>
          </ns3:TrackPointExtension>
        </extensions>
      </trkpt>
      <trkpt lat="37.752781547605991363525390625" lon="-122.3985044471919536590576171875">
        <ele>62.799999237060546875</ele>
        <time>2026-04-09T02:04:41.000Z</time>
        <extensions>
          <ns3:TrackPointExtension>
            <ns3:atemp>18.0</ns3:atemp>
            <ns3:hr>160</ns3:hr>
            <ns3:cad>84</ns3:cad>
          </ns3:TrackPointExtension>
        </extensions>
      </trkpt>
      <trkpt lat="37.752795629203319549560546875" lon="-122.39850570447742938995361328125">
        <ele>63.40000152587890625</ele>
        <time>2026-04-09T02:04:42.000Z</time>
        <extensions>
          <ns3:TrackPointExtension>
            <ns3:atemp>18.0</ns3:atemp>
            <ns3:hr>160</ns3:hr>
            <ns3:cad>83</ns3:cad>
          </ns3:TrackPointExtension>
        </extensions>
      </trkpt>
      <trkpt lat="37.7528135664761066436767578125" lon="-122.3985074646770954132080078125">
        <ele>63.59999847412109375</ele>
        <time>2026-04-09T02:04:43.000Z</time>
        <extensions>
          <ns3:TrackPointExtension>
            <ns3:atemp>18.0</ns3:atemp>
            <ns3:hr>161</ns3:hr>
            <ns3:cad>83</ns3:cad>
          </ns3:TrackPointExtension>
        </extensions>
      </trkpt>
      <trkpt lat="37.75282789953052997589111328125" lon="-122.39851274527609348297119140625">
        <ele>64</ele>
        <time>2026-04-09T02:04:44.000Z</time>
        <extensions>
          <ns3:TrackPointExtension>
            <ns3:atemp>18.0</ns3:atemp>
            <ns3:hr>161</ns3:hr>
            <ns3:cad>83</ns3:cad>
          </ns3:TrackPointExtension>
        </extensions>
      </trkpt>
      <trkpt lat="37.75283929891884326934814453125" lon="-122.39850838668644428253173828125">
        <ele>64.1999969482421875</ele>
        <time>2026-04-09T02:04:45.000Z</time>
        <extensions>
          <ns3:TrackPointExtension>
            <ns3:atemp>18.0</ns3:atemp>
            <ns3:hr>161</ns3:hr>
            <ns3:cad>81</ns3:cad>
          </ns3:TrackPointExtension>
        </extensions>
      </trkpt>
      <trkpt lat="37.752852626144886016845703125" lon="-122.39850687794387340545654296875">
        <ele>64.59999847412109375</ele>
        <time>2026-04-09T02:04:46.000Z</time>
        <extensions>
          <ns3:TrackPointExtension>
            <ns3:atemp>18.0</ns3:atemp>
            <ns3:hr>161</ns3:hr>
            <ns3:cad>80</ns3:cad>
          </ns3:TrackPointExtension>
        </extensions>
      </trkpt>
      <trkpt lat="37.75286813266575336456298828125" lon="-122.39851458929479122161865234375">
        <ele>64.8000030517578125</ele>
        <time>2026-04-09T02:04:47.000Z</time>
        <extensions>
          <ns3:TrackPointExtension>
            <ns3:atemp>18.0</ns3:atemp>
            <ns3:hr>161</ns3:hr>
            <ns3:cad>80</ns3:cad>
          </ns3:TrackPointExtension>
        </extensions>
      </trkpt>
      <trkpt lat="37.7528739161789417266845703125" lon="-122.39851609803736209869384765625">
        <ele>65</ele>
        <time>2026-04-09T02:04:48.000Z</time>
        <extensions>
          <ns3:TrackPointExtension>
            <ns3:atemp>18.0</ns3:atemp>
            <ns3:hr>161</ns3:hr>
            <ns3:cad>79</ns3:cad>
          </ns3:TrackPointExtension>
        </extensions>
      </trkpt>
      <trkpt lat="37.75288506411015987396240234375" lon="-122.39851643331348896026611328125">
        <ele>65.1999969482421875</ele>
        <time>2026-04-09T02:04:49.000Z</time>
        <extensions>
          <ns3:TrackPointExtension>
            <ns3:atemp>18.0</ns3:atemp>
            <ns3:hr>160</ns3:hr>
            <ns3:cad>80</ns3:cad>
          </ns3:TrackPointExtension>
        </extensions>
      </trkpt>
      <trkpt lat="37.752901576459407806396484375" lon="-122.39852062426507472991943359375">
        <ele>65.40000152587890625</ele>
        <time>2026-04-09T02:04:50.000Z</time>
        <extensions>
          <ns3:TrackPointExtension>
            <ns3:atemp>18.0</ns3:atemp>
            <ns3:hr>160</ns3:hr>
            <ns3:cad>79</ns3:cad>
          </ns3:TrackPointExtension>
        </extensions>
      </trkpt>
      <trkpt lat="37.75290987454354763031005859375" lon="-122.39851777441799640655517578125">
        <ele>65.59999847412109375</ele>
        <time>2026-04-09T02:04:51.000Z</time>
        <extensions>
          <ns3:TrackPointExtension>
            <ns3:atemp>18.0</ns3:atemp>
            <ns3:hr>159</ns3:hr>
            <ns3:cad>79</ns3:cad>
          </ns3:TrackPointExtension>
        </extensions>
      </trkpt>
      <trkpt lat="37.752923034131526947021484375" lon="-122.3985138349235057830810546875">
        <ele>65.8000030517578125</ele>
        <time>2026-04-09T02:04:52.000Z</time>
        <extensions>
          <ns3:TrackPointExtension>
            <ns3:atemp>18.0</ns3:atemp>
            <ns3:hr>159</ns3:hr>
            <ns3:cad>78</ns3:cad>
          </ns3:TrackPointExtension>
        </extensions>
      </trkpt>
      <trkpt lat="37.7529399655759334564208984375" lon="-122.3985208757221698760986328125">
        <ele>66</ele>
        <time>2026-04-09T02:04:53.000Z</time>
        <extensions>
          <ns3:TrackPointExtension>
            <ns3:atemp>18.0</ns3:atemp>
            <ns3:hr>158</ns3:hr>
            <ns3:cad>78</ns3:cad>
          </ns3:TrackPointExtension>
        </extensions>
      </trkpt>
      <trkpt lat="37.75294591672718524932861328125" lon="-122.3985193669795989990234375">
        <ele>66.1999969482421875</ele>
        <time>2026-04-09T02:04:54.000Z</time>
        <extensions>
          <ns3:TrackPointExtension>
            <ns3:atemp>18.0</ns3:atemp>
            <ns3:hr>158</ns3:hr>
            <ns3:cad>79</ns3:cad>
          </ns3:TrackPointExtension>
        </extensions>
      </trkpt>
      <trkpt lat="37.752957232296466827392578125" lon="-122.39851492457091808319091796875">
        <ele>66.40000152587890625</ele>
        <time>2026-04-09T02:04:55.000Z</time>
        <extensions>
          <ns3:TrackPointExtension>
            <ns3:atemp>18.0</ns3:atemp>
            <ns3:hr>157</ns3:hr>
            <ns3:cad>79</ns3:cad>
          </ns3:TrackPointExtension>
        </extensions>
      </trkpt>
      <trkpt lat="37.75297391228377819061279296875" lon="-122.39851878024637699127197265625">
        <ele>66.59999847412109375</ele>
        <time>2026-04-09T02:04:56.000Z</time>
        <extensions>
          <ns3:TrackPointExtension>
            <ns3:atemp>18.0</ns3:atemp>
            <ns3:hr>157</ns3:hr>
            <ns3:cad>80</ns3:cad>
          </ns3:TrackPointExtension>
        </extensions>
      </trkpt>
      <trkpt lat="37.7529788576066493988037109375" lon="-122.39851878024637699127197265625">
        <ele>66.8000030517578125</ele>
        <time>2026-04-09T02:04:57.000Z</time>
        <extensions>
          <ns3:TrackPointExtension>
            <ns3:atemp>18.0</ns3:atemp>
            <ns3:hr>157</ns3:hr>
            <ns3:cad>80</ns3:cad>
          </ns3:TrackPointExtension>
        </extensions>
      </trkpt>
      <trkpt lat="37.75298916734755039215087890625" lon="-122.3985193669795989990234375">
        <ele>67</ele>
        <time>2026-04-09T02:04:58.000Z</time>
        <extensions>
          <ns3:TrackPointExtension>
            <ns3:atemp>18.0</ns3:atemp>
            <ns3:hr>157</ns3:hr>
            <ns3:cad>79</ns3:cad>
          </ns3:TrackPointExtension>
        </extensions>
      </trkpt>
      <trkpt lat="37.7530060149729251861572265625" lon="-122.39852271974086761474609375">
        <ele>67.1999969482421875</ele>
        <time>2026-04-09T02:04:59.000Z</time>
        <extensions>
          <ns3:TrackPointExtension>
            <ns3:atemp>18.0</ns3:atemp>
            <ns3:hr>157</ns3:hr>
            <ns3:cad>79</ns3:cad>
          </ns3:TrackPointExtension>
        </extensions>
      </trkpt>
      <trkpt lat="37.75301297195255756378173828125" lon="-122.3985279165208339691162109375">
        <ele>67.40000152587890625</ele>
        <time>2026-04-09T02:05:00.000Z</time>
        <extensions>
          <ns3:TrackPointExtension>
            <ns3:atemp>18.0</ns3:atemp>
            <ns3:hr>156</ns3:hr>
            <ns3:cad>79</ns3:cad>
          </ns3:TrackPointExtension>
        </extensions>
      </trkpt>
      <trkpt lat="37.7530274726450443267822265625" lon="-122.39852783270180225372314453125">
        <ele>67.59999847412109375</ele>
        <time>2026-04-09T02:05:01.000Z</time>
        <extensions>
          <ns3:TrackPointExtension>
            <ns3:atemp>18.0</ns3:atemp>
            <ns3:hr>156</ns3:hr>
            <ns3:cad>79</ns3:cad>
          </ns3:TrackPointExtension>
        </extensions>
      </trkpt>
      <trkpt lat="37.75304230861365795135498046875" lon="-122.3985279165208339691162109375">
        <ele>67.8000030517578125</ele>
        <time>2026-04-09T02:05:02.000Z</time>
        <extensions>
          <ns3:TrackPointExtension>
            <ns3:atemp>18.0</ns3:atemp>
            <ns3:hr>156</ns3:hr>
            <ns3:cad>78</ns3:cad>
          </ns3:TrackPointExtension>
        </extensions>
      </trkpt>
      <trkpt lat="37.7530546300113201141357421875" lon="-122.398531772196292877197265625">
        <ele>67.8000030517578125</ele>
        <time>2026-04-09T02:05:03.000Z</time>
        <extensions>
          <ns3:TrackPointExtension>
            <ns3:atemp>18.0</ns3:atemp>
            <ns3:hr>156</ns3:hr>
            <ns3:cad>78</ns3:cad>
          </ns3:TrackPointExtension>
        </extensions>
      </trkpt>
      <trkpt lat="37.75306661613285541534423828125" lon="-122.3985322751104831695556640625">
        <ele>68</ele>
        <time>2026-04-09T02:05:04.000Z</time>
        <extensions>
          <ns3:TrackPointExtension>
            <ns3:atemp>18.0</ns3:atemp>
            <ns3:hr>156</ns3:hr>
            <ns3:cad>78</ns3:cad>
          </ns3:TrackPointExtension>
        </extensions>
      </trkpt>
      <trkpt lat="37.75308723561465740203857421875" lon="-122.39853537641465663909912109375">
        <ele>68.1999969482421875</ele>
        <time>2026-04-09T02:05:05.000Z</time>
        <extensions>
          <ns3:TrackPointExtension>
            <ns3:atemp>18.0</ns3:atemp>
            <ns3:hr>156</ns3:hr>
            <ns3:cad>78</ns3:cad>
          </ns3:TrackPointExtension>
        </extensions>
      </trkpt>
      <trkpt lat="37.75309746153652667999267578125" lon="-122.39853487350046634674072265625">
        <ele>68.40000152587890625</ele>
        <time>2026-04-09T02:05:06.000Z</time>
        <extensions>
          <ns3:TrackPointExtension>
            <ns3:atemp>18.0</ns3:atemp>
            <ns3:hr>156</ns3:hr>
            <ns3:cad>80</ns3:cad>
          </ns3:TrackPointExtension>
        </extensions>
      </trkpt>
      <trkpt lat="37.75311405770480632781982421875" lon="-122.3985326103866100311279296875">
        <ele>68.59999847412109375</ele>
        <time>2026-04-09T02:05:07.000Z</time>
        <extensions>
          <ns3:TrackPointExtension>
            <ns3:atemp>18.0</ns3:atemp>
            <ns3:hr>155</ns3:hr>
            <ns3:cad>80</ns3:cad>
          </ns3:TrackPointExtension>
        </extensions>
      </trkpt>
      <trkpt lat="37.75313082151114940643310546875" lon="-122.39853344857692718505859375">
        <ele>68.8000030517578125</ele>
        <time>2026-04-09T02:05:08.000Z</time>
        <extensions>
          <ns3:TrackPointExtension>
            <ns3:atemp>18.0</ns3:atemp>
            <ns3:hr>155</ns3:hr>
            <ns3:cad>81</ns3:cad>
          </ns3:TrackPointExtension>
        </extensions>
      </trkpt>
      <trkpt lat="37.75314263999462127685546875" lon="-122.398534119129180908203125">
        <ele>69</ele>
        <time>2026-04-09T02:05:09.000Z</time>
        <extensions>
          <ns3:TrackPointExtension>
            <ns3:atemp>18.0</ns3:atemp>
            <ns3:hr>155</ns3:hr>
            <ns3:cad>81</ns3:cad>
          </ns3:TrackPointExtension>
        </extensions>
      </trkpt>
      <trkpt lat="37.75316418148577213287353515625" lon="-122.39853353239595890045166015625">
        <ele>69</ele>
        <time>2026-04-09T02:05:10.000Z</time>
        <extensions>
          <ns3:TrackPointExtension>
            <ns3:atemp>18.0</ns3:atemp>
            <ns3:hr>155</ns3:hr>
            <ns3:cad>81</ns3:cad>
          </ns3:TrackPointExtension>
        </extensions>
      </trkpt>
      <trkpt lat="37.75319301523268222808837890625" lon="-122.39854224957525730133056640625">
        <ele>69</ele>
        <time>2026-04-09T02:05:11.000Z</time>
        <extensions>
          <ns3:TrackPointExtension>
            <ns3:atemp>18.0</ns3:atemp>
            <ns3:hr>155</ns3:hr>
            <ns3:cad>81</ns3:cad>
          </ns3:TrackPointExtension>
        </extensions>
      </trkpt>
      <trkpt lat="37.7532090246677398681640625" lon="-122.39853403531014919281005859375">
        <ele>69.1999969482421875</ele>
        <time>2026-04-09T02:05:12.000Z</time>
        <extensions>
          <ns3:TrackPointExtension>
            <ns3:atemp>18.0</ns3:atemp>
            <ns3:hr>155</ns3:hr>
            <ns3:cad>81</ns3:cad>
          </ns3:TrackPointExtension>
        </extensions>
      </trkpt>
      <trkpt lat="37.753245569765567779541015625" lon="-122.39853755570948123931884765625">
        <ele>69.40000152587890625</ele>
        <time>2026-04-09T02:05:13.000Z</time>
        <extensions>
          <ns3:TrackPointExtension>
            <ns3:atemp>18.0</ns3:atemp>
            <ns3:hr>155</ns3:hr>
            <ns3:cad>81</ns3:cad>
          </ns3:TrackPointExtension>
        </extensions>
      </trkpt>
      <trkpt lat="37.75327163748443126678466796875" lon="-122.39854593761265277862548828125">
        <ele>69.40000152587890625</ele>
        <time>2026-04-09T02:05:14.000Z</time>
        <extensions>
          <ns3:TrackPointExtension>
            <ns3:atemp>18.0</ns3:atemp>
            <ns3:hr>155</ns3:hr>
            <ns3:cad>81</ns3:cad>
          </ns3:TrackPointExtension>
        </extensions>
      </trkpt>
      <trkpt lat="37.7533023990690708160400390625" lon="-122.39854912273585796356201171875">
        <ele>69.59999847412109375</ele>
        <time>2026-04-09T02:05:15.000Z</time>
        <extensions>
          <ns3:TrackPointExtension>
            <ns3:atemp>18.0</ns3:atemp>
            <ns3:hr>155</ns3:hr>
            <ns3:cad>81</ns3:cad>
          </ns3:TrackPointExtension>
        </extensions>
      </trkpt>
      <trkpt lat="37.7533325739204883575439453125" lon="-122.398554570972919464111328125">
        <ele>69.8000030517578125</ele>
        <time>2026-04-09T02:05:16.000Z</time>
        <extensions>
          <ns3:TrackPointExtension>
            <ns3:atemp>18.0</ns3:atemp>
            <ns3:hr>156</ns3:hr>
            <ns3:cad>81</ns3:cad>
          </ns3:TrackPointExtension>
        </extensions>
      </trkpt>
      <trkpt lat="37.75335528887808322906494140625" lon="-122.3985574208199977874755859375">
        <ele>70</ele>
        <time>2026-04-09T02:05:17.000Z</time>
        <extensions>
          <ns3:TrackPointExtension>
            <ns3:atemp>18.0</ns3:atemp>
            <ns3:hr>156</ns3:hr>
            <ns3:cad>81</ns3:cad>
          </ns3:TrackPointExtension>
        </extensions>
      </trkpt>
      <trkpt lat="37.753385715186595916748046875" lon="-122.39856831729412078857421875">
        <ele>70.1999969482421875</ele>
        <time>2026-04-09T02:05:18.000Z</time>
        <extensions>
          <ns3:TrackPointExtension>
            <ns3:atemp>18.0</ns3:atemp>
            <ns3:hr>157</ns3:hr>
            <ns3:cad>85</ns3:cad>
          </ns3:TrackPointExtension>
        </extensions>
      </trkpt>
      <trkpt lat="37.75340641848742961883544921875" lon="-122.39856555126607418060302734375">
        <ele>70.1999969482421875</ele>
        <time>2026-04-09T02:05:19.000Z</time>
        <extensions>
          <ns3:TrackPointExtension>
            <ns3:atemp>18.0</ns3:atemp>
            <ns3:hr>157</ns3:hr>
            <ns3:cad>86</ns3:cad>
          </ns3:TrackPointExtension>
        </extensions>
      </trkpt>
      <trkpt lat="37.75344262830913066864013671875" lon="-122.39856706000864505767822265625">
        <ele>70.40000152587890625</ele>
        <time>2026-04-09T02:05:20.000Z</time>
        <extensions>
          <ns3:TrackPointExtension>
            <ns3:atemp>18.0</ns3:atemp>
            <ns3:hr>157</ns3:hr>
            <ns3:cad>86</ns3:cad>
          </ns3:TrackPointExtension>
        </extensions>
      </trkpt>
      <trkpt lat="37.7534583024680614471435546875" lon="-122.39856823347508907318115234375">
        <ele>70.59999847412109375</ele>
        <time>2026-04-09T02:05:21.000Z</time>
        <extensions>
          <ns3:TrackPointExtension>
            <ns3:atemp>18.0</ns3:atemp>
            <ns3:hr>158</ns3:hr>
            <ns3:cad>86</ns3:cad>
          </ns3:TrackPointExtension>
        </extensions>
      </trkpt>
      <trkpt lat="37.75348621420562267303466796875" lon="-122.39857326261699199676513671875">
        <ele>70.8000030517578125</ele>
        <time>2026-04-09T02:05:22.000Z</time>
        <extensions>
          <ns3:TrackPointExtension>
            <ns3:atemp>18.0</ns3:atemp>
            <ns3:hr>157</ns3:hr>
            <ns3:cad>87</ns3:cad>
          </ns3:TrackPointExtension>
        </extensions>
      </trkpt>
      <trkpt lat="37.753508426249027252197265625" lon="-122.3985718376934528350830078125">
        <ele>70.8000030517578125</ele>
        <time>2026-04-09T02:05:23.000Z</time>
        <extensions>
          <ns3:TrackPointExtension>
            <ns3:atemp>18.0</ns3:atemp>
            <ns3:hr>157</ns3:hr>
            <ns3:cad>87</ns3:cad>
          </ns3:TrackPointExtension>
        </extensions>
      </trkpt>
      <trkpt lat="37.75354086421430110931396484375" lon="-122.39856940694153308868408203125">
        <ele>71</ele>
        <time>2026-04-09T02:05:24.000Z</time>
        <extensions>
          <ns3:TrackPointExtension>
            <ns3:atemp>18.0</ns3:atemp>
            <ns3:hr>157</ns3:hr>
            <ns3:cad>87</ns3:cad>
          </ns3:TrackPointExtension>
        </extensions>
      </trkpt>
      <trkpt lat="37.75356567464768886566162109375" lon="-122.39857175387442111968994140625">
        <ele>71</ele>
        <time>2026-04-09T02:05:25.000Z</time>
        <extensions>
          <ns3:TrackPointExtension>
            <ns3:atemp>18.0</ns3:atemp>
            <ns3:hr>157</ns3:hr>
            <ns3:cad>87</ns3:cad>
          </ns3:TrackPointExtension>
        </extensions>
      </trkpt>
      <trkpt lat="37.75360121391713619232177734375" lon="-122.39856940694153308868408203125">
        <ele>71.40000152587890625</ele>
        <time>2026-04-09T02:05:26.000Z</time>
        <extensions>
          <ns3:TrackPointExtension>
            <ns3:atemp>18.0</ns3:atemp>
            <ns3:hr>157</ns3:hr>
            <ns3:cad>88</ns3:cad>
          </ns3:TrackPointExtension>
        </extensions>
      </trkpt>
      <trkpt lat="37.75362786836922168731689453125" lon="-122.3985735140740871429443359375">
        <ele>71.40000152587890625</ele>
        <time>2026-04-09T02:05:27.000Z</time>
        <extensions>
          <ns3:TrackPointExtension>
            <ns3:atemp>18.0</ns3:atemp>
            <ns3:hr>157</ns3:hr>
            <ns3:cad>88</ns3:cad>
          </ns3:TrackPointExtension>
        </extensions>
      </trkpt>
      <trkpt lat="37.7536587975919246673583984375" lon="-122.398567982017993927001953125">
        <ele>71.8000030517578125</ele>
        <time>2026-04-09T02:05:28.000Z</time>
        <extensions>
          <ns3:TrackPointExtension>
            <ns3:atemp>18.0</ns3:atemp>
            <ns3:hr>158</ns3:hr>
            <ns3:cad>88</ns3:cad>
          </ns3:TrackPointExtension>
        </extensions>
      </trkpt>
      <trkpt lat="37.75369140319526195526123046875" lon="-122.39856689237058162689208984375">
        <ele>71.8000030517578125</ele>
        <time>2026-04-09T02:05:29.000Z</time>
        <extensions>
          <ns3:TrackPointExtension>
            <ns3:atemp>18.0</ns3:atemp>
            <ns3:hr>158</ns3:hr>
            <ns3:cad>88</ns3:cad>
          </ns3:TrackPointExtension>
        </extensions>
      </trkpt>
      <trkpt lat="37.753722332417964935302734375" lon="-122.39856421016156673431396484375">
        <ele>72</ele>
        <time>2026-04-09T02:05:30.000Z</time>
        <extensions>
          <ns3:TrackPointExtension>
            <ns3:atemp>18.0</ns3:atemp>
            <ns3:hr>158</ns3:hr>
            <ns3:cad>88</ns3:cad>
          </ns3:TrackPointExtension>
        </extensions>
      </trkpt>
      <trkpt lat="37.7537548542022705078125" lon="-122.3985728435218334197998046875">
        <ele>72.40000152587890625</ele>
        <time>2026-04-09T02:05:31.000Z</time>
        <extensions>
          <ns3:TrackPointExtension>
            <ns3:atemp>18.0</ns3:atemp>
            <ns3:hr>159</ns3:hr>
            <ns3:cad>88</ns3:cad>
          </ns3:TrackPointExtension>
        </extensions>
      </trkpt>
      <trkpt lat="37.753786705434322357177734375" lon="-122.398572005331516265869140625">
        <ele>72.59999847412109375</ele>
        <time>2026-04-09T02:05:32.000Z</time>
        <extensions>
          <ns3:TrackPointExtension>
            <ns3:atemp>18.0</ns3:atemp>
            <ns3:hr>159</ns3:hr>
            <ns3:cad>88</ns3:cad>
          </ns3:TrackPointExtension>
        </extensions>
      </trkpt>
      <trkpt lat="37.7538197301328182220458984375" lon="-122.39858298562467098236083984375">
        <ele>73</ele>
        <time>2026-04-09T02:05:33.000Z</time>
        <extensions>
          <ns3:TrackPointExtension>
            <ns3:atemp>18.0</ns3:atemp>
            <ns3:hr>159</ns3:hr>
            <ns3:cad>88</ns3:cad>
          </ns3:TrackPointExtension>
        </extensions>
      </trkpt>
      <trkpt lat="37.75384780950844287872314453125" lon="-122.3985845781862735748291015625">
        <ele>73.1999969482421875</ele>
        <time>2026-04-09T02:05:34.000Z</time>
        <extensions>
          <ns3:TrackPointExtension>
            <ns3:atemp>18.0</ns3:atemp>
            <ns3:hr>160</ns3:hr>
            <ns3:cad>88</ns3:cad>
          </ns3:TrackPointExtension>
        </extensions>
      </trkpt>
      <trkpt lat="37.7538810856640338897705078125" lon="-122.398595474660396575927734375">
        <ele>73.40000152587890625</ele>
        <time>2026-04-09T02:05:35.000Z</time>
        <extensions>
          <ns3:TrackPointExtension>
            <ns3:atemp>18.0</ns3:atemp>
            <ns3:hr>160</ns3:hr>
            <ns3:cad>88</ns3:cad>
          </ns3:TrackPointExtension>
        </extensions>
      </trkpt>
      <trkpt lat="37.75390983559191226959228515625" lon="-122.398600839078426361083984375">
        <ele>73.59999847412109375</ele>
        <time>2026-04-09T02:05:36.000Z</time>
        <extensions>
          <ns3:TrackPointExtension>
            <ns3:atemp>18.0</ns3:atemp>
            <ns3:hr>160</ns3:hr>
            <ns3:cad>89</ns3:cad>
          </ns3:TrackPointExtension>
        </extensions>
      </trkpt>
      <trkpt lat="37.7539387531578540802001953125" lon="-122.398620285093784332275390625">
        <ele>74</ele>
        <time>2026-04-09T02:05:37.000Z</time>
        <extensions>
          <ns3:TrackPointExtension>
            <ns3:atemp>18.0</ns3:atemp>
            <ns3:hr>161</ns3:hr>
            <ns3:cad>89</ns3:cad>
          </ns3:TrackPointExtension>
        </extensions>
      </trkpt>
      <trkpt lat="37.75396071374416351318359375" lon="-122.3986204527318477630615234375">
        <ele>74.1999969482421875</ele>
        <time>2026-04-09T02:05:38.000Z</time>
        <extensions>
          <ns3:TrackPointExtension>
            <ns3:atemp>18.0</ns3:atemp>
            <ns3:hr>161</ns3:hr>
            <ns3:cad>89</ns3:cad>
          </ns3:TrackPointExtension>
        </extensions>
      </trkpt>
      <trkpt lat="37.753992564976215362548828125" lon="-122.39863109774887561798095703125">
        <ele>74.40000152587890625</ele>
        <time>2026-04-09T02:05:39.000Z</time>
        <extensions>
          <ns3:TrackPointExtension>
            <ns3:atemp>18.0</ns3:atemp>
            <ns3:hr>162</ns3:hr>
            <ns3:cad>89</ns3:cad>
          </ns3:TrackPointExtension>
        </extensions>
      </trkpt>
      <trkpt lat="37.75400765240192413330078125" lon="-122.39863310940563678741455078125">
        <ele>74.59999847412109375</ele>
        <time>2026-04-09T02:05:40.000Z</time>
        <extensions>
          <ns3:TrackPointExtension>
            <ns3:atemp>18.0</ns3:atemp>
            <ns3:hr>162</ns3:hr>
            <ns3:cad>89</ns3:cad>
          </ns3:TrackPointExtension>
        </extensions>
      </trkpt>
      <trkpt lat="37.7540359832346439361572265625" lon="-122.3986372165381908416748046875">
        <ele>74.8000030517578125</ele>
        <time>2026-04-09T02:05:41.000Z</time>
        <extensions>
          <ns3:TrackPointExtension>
            <ns3:atemp>18.0</ns3:atemp>
            <ns3:hr>162</ns3:hr>
            <ns3:cad>89</ns3:cad>
          </ns3:TrackPointExtension>
        </extensions>
      </trkpt>
      <trkpt lat="37.75406775064766407012939453125" lon="-122.39864207804203033447265625">
        <ele>74.8000030517578125</ele>
        <time>2026-04-09T02:05:42.000Z</time>
        <extensions>
          <ns3:TrackPointExtension>
            <ns3:atemp>18.0</ns3:atemp>
            <ns3:hr>162</ns3:hr>
            <ns3:cad>89</ns3:cad>
          </ns3:TrackPointExtension>
        </extensions>
      </trkpt>
      <trkpt lat="37.75408267043530941009521484375" lon="-122.39864232949912548065185546875">
        <ele>75</ele>
        <time>2026-04-09T02:05:43.000Z</time>
        <extensions>
          <ns3:TrackPointExtension>
            <ns3:atemp>18.0</ns3:atemp>
            <ns3:hr>162</ns3:hr>
            <ns3:cad>87</ns3:cad>
          </ns3:TrackPointExtension>
        </extensions>
      </trkpt>
      <trkpt lat="37.75410446338355541229248046875" lon="-122.39864031784236431121826171875">
        <ele>75</ele>
        <time>2026-04-09T02:05:44.000Z</time>
        <extensions>
          <ns3:TrackPointExtension>
            <ns3:atemp>18.0</ns3:atemp>
            <ns3:hr>162</ns3:hr>
            <ns3:cad>87</ns3:cad>
          </ns3:TrackPointExtension>
        </extensions>
      </trkpt>
      <trkpt lat="37.754115276038646697998046875" lon="-122.39863897673785686492919921875">
        <ele>75</ele>
        <time>2026-04-09T02:05:45.000Z</time>
        <extensions>
          <ns3:TrackPointExtension>
            <ns3:atemp>18.0</ns3:atemp>
            <ns3:hr>162</ns3:hr>
            <ns3:cad>81</ns3:cad>
          </ns3:TrackPointExtension>
        </extensions>
      </trkpt>
      <trkpt lat="37.75412969291210174560546875" lon="-122.39863998256623744964599609375">
        <ele>75</ele>
        <time>2026-04-09T02:05:46.000Z</time>
        <extensions>
          <ns3:TrackPointExtension>
            <ns3:atemp>18.0</ns3:atemp>
            <ns3:hr>162</ns3:hr>
            <ns3:cad>81</ns3:cad>
          </ns3:TrackPointExtension>
        </extensions>
      </trkpt>
      <trkpt lat="37.75414989329874515533447265625" lon="-122.39864719100296497344970703125">
        <ele>75</ele>
        <time>2026-04-09T02:05:47.000Z</time>
        <extensions>
          <ns3:TrackPointExtension>
            <ns3:atemp>18.0</ns3:atemp>
            <ns3:hr>162</ns3:hr>
            <ns3:cad>80</ns3:cad>
          </ns3:TrackPointExtension>
        </extensions>
      </trkpt>
      <trkpt lat="37.7541597001254558563232421875" lon="-122.39864283241331577301025390625">
        <ele>75.1999969482421875</ele>
        <time>2026-04-09T02:05:48.000Z</time>
        <extensions>
          <ns3:TrackPointExtension>
            <ns3:atemp>18.0</ns3:atemp>
            <ns3:hr>161</ns3:hr>
            <ns3:cad>80</ns3:cad>
          </ns3:TrackPointExtension>
        </extensions>
      </trkpt>
      <trkpt lat="37.75417260825634002685546875" lon="-122.3986425809562206268310546875">
        <ele>75.1999969482421875</ele>
        <time>2026-04-09T02:05:49.000Z</time>
        <extensions>
          <ns3:TrackPointExtension>
            <ns3:atemp>18.0</ns3:atemp>
            <ns3:hr>161</ns3:hr>
            <ns3:cad>80</ns3:cad>
          </ns3:TrackPointExtension>
        </extensions>
      </trkpt>
      <trkpt lat="37.75419213809072971343994140625" lon="-122.398651801049709320068359375">
        <ele>75.40000152587890625</ele>
        <time>2026-04-09T02:05:50.000Z</time>
        <extensions>
          <ns3:TrackPointExtension>
            <ns3:atemp>18.0</ns3:atemp>
            <ns3:hr>161</ns3:hr>
            <ns3:cad>80</ns3:cad>
          </ns3:TrackPointExtension>
        </extensions>
      </trkpt>
      <trkpt lat="37.754199095070362091064453125" lon="-122.3986539803445339202880859375">
        <ele>75.59999847412109375</ele>
        <time>2026-04-09T02:05:51.000Z</time>
        <extensions>
          <ns3:TrackPointExtension>
            <ns3:atemp>18.0</ns3:atemp>
            <ns3:hr>160</ns3:hr>
            <ns3:cad>81</ns3:cad>
          </ns3:TrackPointExtension>
        </extensions>
      </trkpt>
      <trkpt lat="37.75421242229640483856201171875" lon="-122.3986563272774219512939453125">
        <ele>75.59999847412109375</ele>
        <time>2026-04-09T02:05:52.000Z</time>
        <extensions>
          <ns3:TrackPointExtension>
            <ns3:atemp>18.0</ns3:atemp>
            <ns3:hr>160</ns3:hr>
            <ns3:cad>81</ns3:cad>
          </ns3:TrackPointExtension>
        </extensions>
      </trkpt>
      <trkpt lat="37.754229940474033355712890625" lon="-122.39866546355187892913818359375">
        <ele>75.8000030517578125</ele>
        <time>2026-04-09T02:05:53.000Z</time>
        <extensions>
          <ns3:TrackPointExtension>
            <ns3:atemp>18.0</ns3:atemp>
            <ns3:hr>159</ns3:hr>
            <ns3:cad>81</ns3:cad>
          </ns3:TrackPointExtension>
        </extensions>
      </trkpt>
      <trkpt lat="37.75423622690141201019287109375" lon="-122.3986677266657352447509765625">
        <ele>75.8000030517578125</ele>
        <time>2026-04-09T02:05:54.000Z</time>
        <extensions>
          <ns3:TrackPointExtension>
            <ns3:atemp>18.0</ns3:atemp>
            <ns3:hr>159</ns3:hr>
            <ns3:cad>81</ns3:cad>
          </ns3:TrackPointExtension>
        </extensions>
      </trkpt>
      <trkpt lat="37.75424896739423274993896484375" lon="-122.398667223751544952392578125">
        <ele>76</ele>
        <time>2026-04-09T02:05:55.000Z</time>
        <extensions>
          <ns3:TrackPointExtension>
            <ns3:atemp>18.0</ns3:atemp>
            <ns3:hr>158</ns3:hr>
            <ns3:cad>81</ns3:cad>
          </ns3:TrackPointExtension>
        </extensions>
      </trkpt>
      <trkpt lat="37.75427042506635189056396484375" lon="-122.39866621792316436767578125">
        <ele>76.1999969482421875</ele>
        <time>2026-04-09T02:05:56.000Z</time>
        <extensions>
          <ns3:TrackPointExtension>
            <ns3:atemp>18.0</ns3:atemp>
            <ns3:hr>158</ns3:hr>
            <ns3:cad>81</ns3:cad>
          </ns3:TrackPointExtension>
        </extensions>
      </trkpt>
      <trkpt lat="37.7542765438556671142578125" lon="-122.39866613410413265228271484375">
        <ele>76.1999969482421875</ele>
        <time>2026-04-09T02:05:57.000Z</time>
        <extensions>
          <ns3:TrackPointExtension>
            <ns3:atemp>18.0</ns3:atemp>
            <ns3:hr>158</ns3:hr>
            <ns3:cad>79</ns3:cad>
          </ns3:TrackPointExtension>
        </extensions>
      </trkpt>
      <trkpt lat="37.7542877756059169769287109375" lon="-122.39866311661899089813232421875">
        <ele>76.40000152587890625</ele>
        <time>2026-04-09T02:05:58.000Z</time>
        <extensions>
          <ns3:TrackPointExtension>
            <ns3:atemp>18.0</ns3:atemp>
            <ns3:hr>157</ns3:hr>
            <ns3:cad>79</ns3:cad>
          </ns3:TrackPointExtension>
        </extensions>
      </trkpt>
      <trkpt lat="37.75429925881326198577880859375" lon="-122.3986606858670711517333984375">
        <ele>76.59999847412109375</ele>
        <time>2026-04-09T02:05:59.000Z</time>
        <extensions>
          <ns3:TrackPointExtension>
            <ns3:atemp>18.0</ns3:atemp>
            <ns3:hr>157</ns3:hr>
            <ns3:cad>79</ns3:cad>
          </ns3:TrackPointExtension>
        </extensions>
      </trkpt>
      <trkpt lat="37.75430847890675067901611328125" lon="-122.3986610211431980133056640625">
        <ele>76.8000030517578125</ele>
        <time>2026-04-09T02:06:00.000Z</time>
        <extensions>
          <ns3:TrackPointExtension>
            <ns3:atemp>18.0</ns3:atemp>
            <ns3:hr>157</ns3:hr>
            <ns3:cad>79</ns3:cad>
          </ns3:TrackPointExtension>
        </extensions>
      </trkpt>
      <trkpt lat="37.75431786663830280303955078125" lon="-122.39865775220096111297607421875">
        <ele>77</ele>
        <time>2026-04-09T02:06:01.000Z</time>
        <extensions>
          <ns3:TrackPointExtension>
            <ns3:atemp>18.0</ns3:atemp>
            <ns3:hr>156</ns3:hr>
            <ns3:cad>78</ns3:cad>
          </ns3:TrackPointExtension>
        </extensions>
      </trkpt>
      <trkpt lat="37.7543330378830432891845703125" lon="-122.3986539803445339202880859375">
        <ele>77.1999969482421875</ele>
        <time>2026-04-09T02:06:02.000Z</time>
        <extensions>
          <ns3:TrackPointExtension>
            <ns3:atemp>18.0</ns3:atemp>
            <ns3:hr>156</ns3:hr>
            <ns3:cad>78</ns3:cad>
          </ns3:TrackPointExtension>
        </extensions>
      </trkpt>
      <trkpt lat="37.75434418581426143646240234375" lon="-122.398657836019992828369140625">
        <ele>77.40000152587890625</ele>
        <time>2026-04-09T02:06:03.000Z</time>
        <extensions>
          <ns3:TrackPointExtension>
            <ns3:atemp>18.0</ns3:atemp>
            <ns3:hr>156</ns3:hr>
            <ns3:cad>78</ns3:cad>
          </ns3:TrackPointExtension>
        </extensions>
      </trkpt>
      <trkpt lat="37.75435491465032100677490234375" lon="-122.3986526392400264739990234375">
        <ele>77.59999847412109375</ele>
        <time>2026-04-09T02:06:04.000Z</time>
        <extensions>
          <ns3:TrackPointExtension>
            <ns3:atemp>18.0</ns3:atemp>
            <ns3:hr>156</ns3:hr>
            <ns3:cad>78</ns3:cad>
          </ns3:TrackPointExtension>
        </extensions>
      </trkpt>
      <trkpt lat="37.75437151081860065460205078125" lon="-122.3986486159265041351318359375">
        <ele>77.8000030517578125</ele>
        <time>2026-04-09T02:06:05.000Z</time>
        <extensions>
          <ns3:TrackPointExtension>
            <ns3:atemp>18.0</ns3:atemp>
            <ns3:hr>155</ns3:hr>
            <ns3:cad>78</ns3:cad>
          </ns3:TrackPointExtension>
        </extensions>
      </trkpt>
      <trkpt lat="37.75438860990107059478759765625" lon="-122.3986472748219966888427734375">
        <ele>77.8000030517578125</ele>
        <time>2026-04-09T02:06:06.000Z</time>
        <extensions>
          <ns3:TrackPointExtension>
            <ns3:atemp>18.0</ns3:atemp>
            <ns3:hr>155</ns3:hr>
            <ns3:cad>78</ns3:cad>
          </ns3:TrackPointExtension>
        </extensions>
      </trkpt>
      <trkpt lat="37.75438693352043628692626953125" lon="-122.398643754422664642333984375">
        <ele>78</ele>
        <time>2026-04-09T02:06:07.000Z</time>
        <extensions>
          <ns3:TrackPointExtension>
            <ns3:atemp>18.0</ns3:atemp>
            <ns3:hr>155</ns3:hr>
            <ns3:cad>78</ns3:cad>
          </ns3:TrackPointExtension>
        </extensions>
      </trkpt>
      <trkpt lat="37.7544010989367961883544921875" lon="-122.3986422456800937652587890625">
        <ele>78.1999969482421875</ele>
        <time>2026-04-09T02:06:08.000Z</time>
        <extensions>
          <ns3:TrackPointExtension>
            <ns3:atemp>18.0</ns3:atemp>
            <ns3:hr>154</ns3:hr>
            <ns3:cad>78</ns3:cad>
          </ns3:TrackPointExtension>
        </extensions>
      </trkpt>
      <trkpt lat="37.7544151805341243743896484375" lon="-122.39865222014486789703369140625">
        <ele>78.40000152587890625</ele>
        <time>2026-04-09T02:06:09.000Z</time>
        <extensions>
          <ns3:TrackPointExtension>
            <ns3:atemp>18.0</ns3:atemp>
            <ns3:hr>154</ns3:hr>
            <ns3:cad>78</ns3:cad>
          </ns3:TrackPointExtension>
        </extensions>
      </trkpt>
      <trkpt lat="37.754419036209583282470703125" lon="-122.39865020848810672760009765625">
        <ele>78.59999847412109375</ele>
        <time>2026-04-09T02:06:10.000Z</time>
        <extensions>
          <ns3:TrackPointExtension>
            <ns3:atemp>18.0</ns3:atemp>
            <ns3:hr>153</ns3:hr>
            <ns3:cad>79</ns3:cad>
          </ns3:TrackPointExtension>
        </extensions>
      </trkpt>
      <trkpt lat="37.754427753388881683349609375" lon="-122.3986512981355190277099609375">
        <ele>78.8000030517578125</ele>
        <time>2026-04-09T02:06:11.000Z</time>
        <extensions>
          <ns3:TrackPointExtension>
            <ns3:atemp>18.0</ns3:atemp>
            <ns3:hr>153</ns3:hr>
            <ns3:cad>79</ns3:cad>
          </ns3:TrackPointExtension>
        </extensions>
      </trkpt>
      <trkpt lat="37.75444351136684417724609375" lon="-122.39864476025104522705078125">
        <ele>79</ele>
        <time>2026-04-09T02:06:12.000Z</time>
        <extensions>
          <ns3:TrackPointExtension>
            <ns3:atemp>18.0</ns3:atemp>
            <ns3:hr>153</ns3:hr>
            <ns3:cad>77</ns3:cad>
          </ns3:TrackPointExtension>
        </extensions>
      </trkpt>
      <trkpt lat="37.75445784442126750946044921875" lon="-122.39864635281264781951904296875">
        <ele>79.1999969482421875</ele>
        <time>2026-04-09T02:06:13.000Z</time>
        <extensions>
          <ns3:TrackPointExtension>
            <ns3:atemp>18.0</ns3:atemp>
            <ns3:hr>153</ns3:hr>
            <ns3:cad>77</ns3:cad>
          </ns3:TrackPointExtension>
        </extensions>
      </trkpt>
      <trkpt lat="37.75447863154113292694091796875" lon="-122.39864467643201351165771484375">
        <ele>79.59999847412109375</ele>
        <time>2026-04-09T02:06:14.000Z</time>
        <extensions>
          <ns3:TrackPointExtension>
            <ns3:atemp>18.0</ns3:atemp>
            <ns3:hr>154</ns3:hr>
            <ns3:cad>77</ns3:cad>
          </ns3:TrackPointExtension>
        </extensions>
      </trkpt>
      <trkpt lat="37.75450696237385272979736328125" lon="-122.39864408969879150390625">
        <ele>79.8000030517578125</ele>
        <time>2026-04-09T02:06:15.000Z</time>
        <extensions>
          <ns3:TrackPointExtension>
            <ns3:atemp>18.0</ns3:atemp>
            <ns3:hr>154</ns3:hr>
            <ns3:cad>77</ns3:cad>
          </ns3:TrackPointExtension>
        </extensions>
      </trkpt>
      <trkpt lat="37.75452355854213237762451171875" lon="-122.39864769391715526580810546875">
        <ele>80.1999969482421875</ele>
        <time>2026-04-09T02:06:16.000Z</time>
        <extensions>
          <ns3:TrackPointExtension>
            <ns3:atemp>18.0</ns3:atemp>
            <ns3:hr>156</ns3:hr>
            <ns3:cad>80</ns3:cad>
          </ns3:TrackPointExtension>
        </extensions>
      </trkpt>
      <trkpt lat="37.75455406866967678070068359375" lon="-122.39864476025104522705078125">
        <ele>80.8000030517578125</ele>
        <time>2026-04-09T02:06:17.000Z</time>
        <extensions>
          <ns3:TrackPointExtension>
            <ns3:atemp>18.0</ns3:atemp>
            <ns3:hr>159</ns3:hr>
            <ns3:cad>80</ns3:cad>
          </ns3:TrackPointExtension>
        </extensions>
      </trkpt>
      <trkpt lat="37.7545673958957195281982421875" lon="-122.39864970557391643524169921875">
        <ele>81</ele>
        <time>2026-04-09T02:06:18.000Z</time>
        <extensions>
          <ns3:TrackPointExtension>
            <ns3:atemp>18.0</ns3:atemp>
            <ns3:hr>160</ns3:hr>
            <ns3:cad>81</ns3:cad>
          </ns3:TrackPointExtension>
        </extensions>
      </trkpt>
      <trkpt lat="37.7545915357768535614013671875" lon="-122.39865339361131191253662109375">
        <ele>81.40000152587890625</ele>
        <time>2026-04-09T02:06:19.000Z</time>
        <extensions>
          <ns3:TrackPointExtension>
            <ns3:atemp>18.0</ns3:atemp>
            <ns3:hr>160</ns3:hr>
            <ns3:cad>82</ns3:cad>
          </ns3:TrackPointExtension>
        </extensions>
      </trkpt>
      <trkpt lat="37.754626572132110595703125" lon="-122.39866076968610286712646484375">
        <ele>81.8000030517578125</ele>
        <time>2026-04-09T02:06:20.000Z</time>
        <extensions>
          <ns3:TrackPointExtension>
            <ns3:atemp>18.0</ns3:atemp>
            <ns3:hr>161</ns3:hr>
            <ns3:cad>82</ns3:cad>
          </ns3:TrackPointExtension>
        </extensions>
      </trkpt>
      <trkpt lat="37.75464543141424655914306640625" lon="-122.398659177124500274658203125">
        <ele>82</ele>
        <time>2026-04-09T02:06:21.000Z</time>
        <extensions>
          <ns3:TrackPointExtension>
            <ns3:atemp>18.0</ns3:atemp>
            <ns3:hr>161</ns3:hr>
            <ns3:cad>84</ns3:cad>
          </ns3:TrackPointExtension>
        </extensions>
      </trkpt>
      <trkpt lat="37.75467493571341037750244140625" lon="-122.3986573331058025360107421875">
        <ele>82.59999847412109375</ele>
        <time>2026-04-09T02:06:22.000Z</time>
        <extensions>
          <ns3:TrackPointExtension>
            <ns3:atemp>18.0</ns3:atemp>
            <ns3:hr>162</ns3:hr>
            <ns3:cad>84</ns3:cad>
          </ns3:TrackPointExtension>
        </extensions>
      </trkpt>
      <trkpt lat="37.75469438172876834869384765625" lon="-122.39866395480930805206298828125">
        <ele>83</ele>
        <time>2026-04-09T02:06:23.000Z</time>
        <extensions>
          <ns3:TrackPointExtension>
            <ns3:atemp>18.0</ns3:atemp>
            <ns3:hr>162</ns3:hr>
            <ns3:cad>84</ns3:cad>
          </ns3:TrackPointExtension>
        </extensions>
      </trkpt>
      <trkpt lat="37.75471969507634639739990234375" lon="-122.39866529591381549835205078125">
        <ele>83.40000152587890625</ele>
        <time>2026-04-09T02:06:24.000Z</time>
        <extensions>
          <ns3:TrackPointExtension>
            <ns3:atemp>18.0</ns3:atemp>
            <ns3:hr>163</ns3:hr>
            <ns3:cad>84</ns3:cad>
          </ns3:TrackPointExtension>
        </extensions>
      </trkpt>
      <trkpt lat="37.75475003756582736968994140625" lon="-122.39866915158927440643310546875">
        <ele>83.59999847412109375</ele>
        <time>2026-04-09T02:06:25.000Z</time>
        <extensions>
          <ns3:TrackPointExtension>
            <ns3:atemp>18.0</ns3:atemp>
            <ns3:hr>164</ns3:hr>
            <ns3:cad>84</ns3:cad>
          </ns3:TrackPointExtension>
        </extensions>
      </trkpt>
      <trkpt lat="37.75477342307567596435546875" lon="-122.3986663855612277984619140625">
        <ele>84</ele>
        <time>2026-04-09T02:06:26.000Z</time>
        <extensions>
          <ns3:TrackPointExtension>
            <ns3:atemp>18.0</ns3:atemp>
            <ns3:hr>164</ns3:hr>
            <ns3:cad>85</ns3:cad>
          </ns3:TrackPointExtension>
        </extensions>
      </trkpt>
      <trkpt lat="37.75481038726866245269775390625" lon="-122.39866898395121097564697265625">
        <ele>84.1999969482421875</ele>
        <time>2026-04-09T02:06:27.000Z</time>
        <extensions>
          <ns3:TrackPointExtension>
            <ns3:atemp>18.0</ns3:atemp>
            <ns3:hr>165</ns3:hr>
            <ns3:cad>85</ns3:cad>
          </ns3:TrackPointExtension>
        </extensions>
      </trkpt>
      <trkpt lat="37.75483972392976284027099609375" lon="-122.398667894303798675537109375">
        <ele>84.40000152587890625</ele>
        <time>2026-04-09T02:06:28.000Z</time>
        <extensions>
          <ns3:TrackPointExtension>
            <ns3:atemp>18.0</ns3:atemp>
            <ns3:hr>165</ns3:hr>
            <ns3:cad>85</ns3:cad>
          </ns3:TrackPointExtension>
        </extensions>
      </trkpt>
      <trkpt lat="37.75486922822892665863037109375" lon="-122.39867024123668670654296875">
        <ele>84.59999847412109375</ele>
        <time>2026-04-09T02:06:29.000Z</time>
        <extensions>
          <ns3:TrackPointExtension>
            <ns3:atemp>18.0</ns3:atemp>
            <ns3:hr>166</ns3:hr>
            <ns3:cad>85</ns3:cad>
          </ns3:TrackPointExtension>
        </extensions>
      </trkpt>
      <trkpt lat="37.7548993192613124847412109375" lon="-122.39868155680596828460693359375">
        <ele>84.59999847412109375</ele>
        <time>2026-04-09T02:06:30.000Z</time>
        <extensions>
          <ns3:TrackPointExtension>
            <ns3:atemp>18.0</ns3:atemp>
            <ns3:hr>166</ns3:hr>
            <ns3:cad>85</ns3:cad>
          </ns3:TrackPointExtension>
        </extensions>
      </trkpt>
      <trkpt lat="37.75491767562925815582275390625" lon="-122.398678623139858245849609375">
        <ele>84.8000030517578125</ele>
        <time>2026-04-09T02:06:31.000Z</time>
        <extensions>
          <ns3:TrackPointExtension>
            <ns3:atemp>18.0</ns3:atemp>
            <ns3:hr>167</ns3:hr>
            <ns3:cad>85</ns3:cad>
          </ns3:TrackPointExtension>
        </extensions>
      </trkpt>
      <trkpt lat="37.75494349189102649688720703125" lon="-122.3986831493675708770751953125">
        <ele>85</ele>
        <time>2026-04-09T02:06:32.000Z</time>
        <extensions>
          <ns3:TrackPointExtension>
            <ns3:atemp>18.0</ns3:atemp>
            <ns3:hr>167</ns3:hr>
            <ns3:cad>86</ns3:cad>
          </ns3:TrackPointExtension>
        </extensions>
      </trkpt>
      <trkpt lat="37.75495723821222782135009765625" lon="-122.39868692122399806976318359375">
        <ele>85</ele>
        <time>2026-04-09T02:06:33.000Z</time>
        <extensions>
          <ns3:TrackPointExtension>
            <ns3:atemp>18.0</ns3:atemp>
            <ns3:hr>167</ns3:hr>
            <ns3:cad>85</ns3:cad>
          </ns3:TrackPointExtension>
        </extensions>
      </trkpt>
      <trkpt lat="37.754983641207218170166015625" lon="-122.39868809469044208526611328125">
        <ele>85.1999969482421875</ele>
        <time>2026-04-09T02:06:34.000Z</time>
        <extensions>
          <ns3:TrackPointExtension>
            <ns3:atemp>18.0</ns3:atemp>
            <ns3:hr>168</ns3:hr>
            <ns3:cad>85</ns3:cad>
          </ns3:TrackPointExtension>
        </extensions>
      </trkpt>
      <trkpt lat="37.75500333867967128753662109375" lon="-122.39868910051882266998291015625">
        <ele>85.40000152587890625</ele>
        <time>2026-04-09T02:06:35.000Z</time>
        <extensions>
          <ns3:TrackPointExtension>
            <ns3:atemp>18.0</ns3:atemp>
            <ns3:hr>168</ns3:hr>
            <ns3:cad>85</ns3:cad>
          </ns3:TrackPointExtension>
        </extensions>
      </trkpt>
      <trkpt lat="37.7550257183611392974853515625" lon="-122.39869027398526668548583984375">
        <ele>85.59999847412109375</ele>
        <time>2026-04-09T02:06:36.000Z</time>
        <extensions>
          <ns3:TrackPointExtension>
            <ns3:atemp>18.0</ns3:atemp>
            <ns3:hr>168</ns3:hr>
            <ns3:cad>85</ns3:cad>
          </ns3:TrackPointExtension>
        </extensions>
      </trkpt>
      <trkpt lat="37.755060084164142608642578125" lon="-122.39869563840329647064208984375">
        <ele>86</ele>
        <time>2026-04-09T02:06:37.000Z</time>
        <extensions>
          <ns3:TrackPointExtension>
            <ns3:atemp>18.0</ns3:atemp>
            <ns3:hr>168</ns3:hr>
            <ns3:cad>85</ns3:cad>
          </ns3:TrackPointExtension>
        </extensions>
      </trkpt>
      <trkpt lat="37.75508112274110317230224609375" lon="-122.398697398602962493896484375">
        <ele>86.1999969482421875</ele>
        <time>2026-04-09T02:06:38.000Z</time>
        <extensions>
          <ns3:TrackPointExtension>
            <ns3:atemp>18.0</ns3:atemp>
            <ns3:hr>168</ns3:hr>
            <ns3:cad>85</ns3:cad>
          </ns3:TrackPointExtension>
        </extensions>
      </trkpt>
      <trkpt lat="37.7551138959825038909912109375" lon="-122.3987079598009586334228515625">
        <ele>86.59999847412109375</ele>
        <time>2026-04-09T02:06:39.000Z</time>
        <extensions>
          <ns3:TrackPointExtension>
            <ns3:atemp>18.0</ns3:atemp>
            <ns3:hr>168</ns3:hr>
            <ns3:cad>85</ns3:cad>
          </ns3:TrackPointExtension>
        </extensions>
      </trkpt>
      <trkpt lat="37.75512881577014923095703125" lon="-122.39870351739227771759033203125">
        <ele>86.8000030517578125</ele>
        <time>2026-04-09T02:06:40.000Z</time>
        <extensions>
          <ns3:TrackPointExtension>
            <ns3:atemp>18.0</ns3:atemp>
            <ns3:hr>169</ns3:hr>
            <ns3:cad>85</ns3:cad>
          </ns3:TrackPointExtension>
        </extensions>
      </trkpt>
      <trkpt lat="37.7551511116325855255126953125" lon="-122.39870402030646800994873046875">
        <ele>87.1999969482421875</ele>
        <time>2026-04-09T02:06:41.000Z</time>
        <extensions>
          <ns3:TrackPointExtension>
            <ns3:atemp>18.0</ns3:atemp>
            <ns3:hr>169</ns3:hr>
            <ns3:cad>85</ns3:cad>
          </ns3:TrackPointExtension>
        </extensions>
      </trkpt>
      <trkpt lat="37.75517432950437068939208984375" lon="-122.39871357567608356475830078125">
        <ele>87.8000030517578125</ele>
        <time>2026-04-09T02:06:42.000Z</time>
        <extensions>
          <ns3:TrackPointExtension>
            <ns3:atemp>18.0</ns3:atemp>
            <ns3:hr>169</ns3:hr>
            <ns3:cad>85</ns3:cad>
          </ns3:TrackPointExtension>
        </extensions>
      </trkpt>
      <trkpt lat="37.7551873214542865753173828125" lon="-122.398712150752544403076171875">
        <ele>88</ele>
        <time>2026-04-09T02:06:43.000Z</time>
        <extensions>
          <ns3:TrackPointExtension>
            <ns3:atemp>18.0</ns3:atemp>
            <ns3:hr>169</ns3:hr>
            <ns3:cad>85</ns3:cad>
          </ns3:TrackPointExtension>
        </extensions>
      </trkpt>
      <trkpt lat="37.7552020736038684844970703125" lon="-122.39871642552316188812255859375">
        <ele>88.1999969482421875</ele>
        <time>2026-04-09T02:06:44.000Z</time>
        <extensions>
          <ns3:TrackPointExtension>
            <ns3:atemp>18.0</ns3:atemp>
            <ns3:hr>169</ns3:hr>
            <ns3:cad>85</ns3:cad>
          </ns3:TrackPointExtension>
        </extensions>
      </trkpt>
      <trkpt lat="37.755216993391513824462890625" lon="-122.398727238178253173828125">
        <ele>88.59999847412109375</ele>
        <time>2026-04-09T02:06:45.000Z</time>
        <extensions>
          <ns3:TrackPointExtension>
            <ns3:atemp>18.0</ns3:atemp>
            <ns3:hr>169</ns3:hr>
            <ns3:cad>83</ns3:cad>
          </ns3:TrackPointExtension>
        </extensions>
      </trkpt>
      <trkpt lat="37.7552285604178905487060546875" lon="-122.39872924983501434326171875">
        <ele>88.8000030517578125</ele>
        <time>2026-04-09T02:06:46.000Z</time>
        <extensions>
          <ns3:TrackPointExtension>
            <ns3:atemp>18.0</ns3:atemp>
            <ns3:hr>170</ns3:hr>
            <ns3:cad>81</ns3:cad>
          </ns3:TrackPointExtension>
        </extensions>
      </trkpt>
      <trkpt lat="37.755245156586170196533203125" lon="-122.398728914558887481689453125">
        <ele>89.1999969482421875</ele>
        <time>2026-04-09T02:06:47.000Z</time>
        <extensions>
          <ns3:TrackPointExtension>
            <ns3:atemp>18.0</ns3:atemp>
            <ns3:hr>170</ns3:hr>
            <ns3:cad>79</ns3:cad>
          </ns3:TrackPointExtension>
        </extensions>
      </trkpt>
      <trkpt lat="37.7552567236125469207763671875" lon="-122.39873469807207584381103515625">
        <ele>89.59999847412109375</ele>
        <time>2026-04-09T02:06:48.000Z</time>
        <extensions>
          <ns3:TrackPointExtension>
            <ns3:atemp>18.0</ns3:atemp>
            <ns3:hr>170</ns3:hr>
            <ns3:cad>78</ns3:cad>
          </ns3:TrackPointExtension>
        </extensions>
      </trkpt>
      <trkpt lat="37.75526837445795536041259765625" lon="-122.39873419515788555145263671875">
        <ele>89.8000030517578125</ele>
        <time>2026-04-09T02:06:49.000Z</time>
        <extensions>
          <ns3:TrackPointExtension>
            <ns3:atemp>18.0</ns3:atemp>
            <ns3:hr>169</ns3:hr>
            <ns3:cad>78</ns3:cad>
          </ns3:TrackPointExtension>
        </extensions>
      </trkpt>
      <trkpt lat="37.75528480298817157745361328125" lon="-122.3987320996820926666259765625">
        <ele>90</ele>
        <time>2026-04-09T02:06:50.000Z</time>
        <extensions>
          <ns3:TrackPointExtension>
            <ns3:atemp>18.0</ns3:atemp>
            <ns3:hr>169</ns3:hr>
            <ns3:cad>78</ns3:cad>
          </ns3:TrackPointExtension>
        </extensions>
      </trkpt>
      <trkpt lat="37.75529645383358001708984375" lon="-122.39873184822499752044677734375">
        <ele>90</ele>
        <time>2026-04-09T02:06:51.000Z</time>
        <extensions>
          <ns3:TrackPointExtension>
            <ns3:atemp>18.0</ns3:atemp>
            <ns3:hr>169</ns3:hr>
            <ns3:cad>78</ns3:cad>
          </ns3:TrackPointExtension>
        </extensions>
      </trkpt>
      <trkpt lat="37.75531112216413021087646484375" lon="-122.39872614853084087371826171875">
        <ele>89.8000030517578125</ele>
        <time>2026-04-09T02:06:52.000Z</time>
        <extensions>
          <ns3:TrackPointExtension>
            <ns3:atemp>18.0</ns3:atemp>
            <ns3:hr>168</ns3:hr>
            <ns3:cad>81</ns3:cad>
          </ns3:TrackPointExtension>
        </extensions>
      </trkpt>
      <trkpt lat="37.7553324960172176361083984375" lon="-122.3987270705401897430419921875">
        <ele>89.8000030517578125</ele>
        <time>2026-04-09T02:06:53.000Z</time>
        <extensions>
          <ns3:TrackPointExtension>
            <ns3:atemp>18.0</ns3:atemp>
            <ns3:hr>168</ns3:hr>
            <ns3:cad>81</ns3:cad>
          </ns3:TrackPointExtension>
        </extensions>
      </trkpt>
      <trkpt lat="37.755341716110706329345703125" lon="-122.398726902902126312255859375">
        <ele>89.59999847412109375</ele>
        <time>2026-04-09T02:06:54.000Z</time>
        <extensions>
          <ns3:TrackPointExtension>
            <ns3:atemp>18.0</ns3:atemp>
            <ns3:hr>168</ns3:hr>
            <ns3:cad>81</ns3:cad>
          </ns3:TrackPointExtension>
        </extensions>
      </trkpt>
      <trkpt lat="37.75535537861287593841552734375" lon="-122.3987258970737457275390625">
        <ele>89.8000030517578125</ele>
        <time>2026-04-09T02:06:55.000Z</time>
        <extensions>
          <ns3:TrackPointExtension>
            <ns3:atemp>18.0</ns3:atemp>
            <ns3:hr>168</ns3:hr>
            <ns3:cad>81</ns3:cad>
          </ns3:TrackPointExtension>
        </extensions>
      </trkpt>
      <trkpt lat="37.75537197478115558624267578125" lon="-122.3987367935478687286376953125">
        <ele>90</ele>
        <time>2026-04-09T02:06:56.000Z</time>
        <extensions>
          <ns3:TrackPointExtension>
            <ns3:atemp>18.0</ns3:atemp>
            <ns3:hr>167</ns3:hr>
            <ns3:cad>79</ns3:cad>
          </ns3:TrackPointExtension>
        </extensions>
      </trkpt>
      <trkpt lat="37.755377590656280517578125" lon="-122.39874140359461307525634765625">
        <ele>90.1999969482421875</ele>
        <time>2026-04-09T02:06:57.000Z</time>
        <extensions>
          <ns3:TrackPointExtension>
            <ns3:atemp>18.0</ns3:atemp>
            <ns3:hr>167</ns3:hr>
            <ns3:cad>79</ns3:cad>
          </ns3:TrackPointExtension>
        </extensions>
      </trkpt>
      <trkpt lat="37.75538907386362552642822265625" lon="-122.39874073304235935211181640625">
        <ele>90.40000152587890625</ele>
        <time>2026-04-09T02:06:58.000Z</time>
        <extensions>
          <ns3:TrackPointExtension>
            <ns3:atemp>18.0</ns3:atemp>
            <ns3:hr>167</ns3:hr>
            <ns3:cad>80</ns3:cad>
          </ns3:TrackPointExtension>
        </extensions>
      </trkpt>
      <trkpt lat="37.75541656650602817535400390625" lon="-122.39874442107975482940673828125">
        <ele>90.59999847412109375</ele>
        <time>2026-04-09T02:06:59.000Z</time>
        <extensions>
          <ns3:TrackPointExtension>
            <ns3:atemp>18.0</ns3:atemp>
            <ns3:hr>167</ns3:hr>
            <ns3:cad>81</ns3:cad>
          </ns3:TrackPointExtension>
        </extensions>
      </trkpt>
      <trkpt lat="37.755426876246929168701171875" lon="-122.398746013641357421875">
        <ele>90.8000030517578125</ele>
        <time>2026-04-09T02:07:00.000Z</time>
        <extensions>
          <ns3:TrackPointExtension>
            <ns3:atemp>18.0</ns3:atemp>
            <ns3:hr>166</ns3:hr>
            <ns3:cad>81</ns3:cad>
          </ns3:TrackPointExtension>
        </extensions>
      </trkpt>
      <trkpt lat="37.75544087402522563934326171875" lon="-122.398745007812976837158203125">
        <ele>91</ele>
        <time>2026-04-09T02:07:01.000Z</time>
        <extensions>
          <ns3:TrackPointExtension>
            <ns3:atemp>18.0</ns3:atemp>
            <ns3:hr>166</ns3:hr>
            <ns3:cad>81</ns3:cad>
          </ns3:TrackPointExtension>
        </extensions>
      </trkpt>
      <trkpt lat="37.75545881129801273345947265625" lon="-122.39874894730746746063232421875">
        <ele>91.1999969482421875</ele>
        <time>2026-04-09T02:07:02.000Z</time>
        <extensions>
          <ns3:TrackPointExtension>
            <ns3:atemp>18.0</ns3:atemp>
            <ns3:hr>166</ns3:hr>
            <ns3:cad>80</ns3:cad>
          </ns3:TrackPointExtension>
        </extensions>
      </trkpt>
      <trkpt lat="37.75546685792505741119384765625" lon="-122.3987478576600551605224609375">
        <ele>91.1999969482421875</ele>
        <time>2026-04-09T02:07:03.000Z</time>
        <extensions>
          <ns3:TrackPointExtension>
            <ns3:atemp>18.0</ns3:atemp>
            <ns3:hr>166</ns3:hr>
            <ns3:cad>80</ns3:cad>
          </ns3:TrackPointExtension>
        </extensions>
      </trkpt>
      <trkpt lat="37.75547892786562442779541015625" lon="-122.39874592982232570648193359375">
        <ele>91.40000152587890625</ele>
        <time>2026-04-09T02:07:04.000Z</time>
        <extensions>
          <ns3:TrackPointExtension>
            <ns3:atemp>18.0</ns3:atemp>
            <ns3:hr>165</ns3:hr>
            <ns3:cad>80</ns3:cad>
          </ns3:TrackPointExtension>
        </extensions>
      </trkpt>
      <trkpt lat="37.7555048279464244842529296875" lon="-122.39875137805938720703125">
        <ele>91.59999847412109375</ele>
        <time>2026-04-09T02:07:05.000Z</time>
        <extensions>
          <ns3:TrackPointExtension>
            <ns3:atemp>18.0</ns3:atemp>
            <ns3:hr>165</ns3:hr>
            <ns3:cad>80</ns3:cad>
          </ns3:TrackPointExtension>
        </extensions>
      </trkpt>
      <trkpt lat="37.75551597587764263153076171875" lon="-122.3987518809735774993896484375">
        <ele>91.59999847412109375</ele>
        <time>2026-04-09T02:07:06.000Z</time>
        <extensions>
          <ns3:TrackPointExtension>
            <ns3:atemp>18.0</ns3:atemp>
            <ns3:hr>165</ns3:hr>
            <ns3:cad>80</ns3:cad>
          </ns3:TrackPointExtension>
        </extensions>
      </trkpt>
      <trkpt lat="37.7555303089320659637451171875" lon="-122.39874442107975482940673828125">
        <ele>91.8000030517578125</ele>
        <time>2026-04-09T02:07:07.000Z</time>
        <extensions>
          <ns3:TrackPointExtension>
            <ns3:atemp>18.0</ns3:atemp>
            <ns3:hr>164</ns3:hr>
            <ns3:cad>79</ns3:cad>
          </ns3:TrackPointExtension>
        </extensions>
      </trkpt>
      <trkpt lat="37.75554279796779155731201171875" lon="-122.3987367935478687286376953125">
        <ele>92</ele>
        <time>2026-04-09T02:07:08.000Z</time>
        <extensions>
          <ns3:TrackPointExtension>
            <ns3:atemp>18.0</ns3:atemp>
            <ns3:hr>164</ns3:hr>
            <ns3:cad>79</ns3:cad>
          </ns3:TrackPointExtension>
        </extensions>
      </trkpt>
      <trkpt lat="37.755549252033233642578125" lon="-122.39873335696756839752197265625">
        <ele>92.1999969482421875</ele>
        <time>2026-04-09T02:07:09.000Z</time>
        <extensions>
          <ns3:TrackPointExtension>
            <ns3:atemp>18.0</ns3:atemp>
            <ns3:hr>164</ns3:hr>
            <ns3:cad>79</ns3:cad>
          </ns3:TrackPointExtension>
        </extensions>
      </trkpt>
      <trkpt lat="37.75556207634508609771728515625" lon="-122.39873302169144153594970703125">
        <ele>92.1999969482421875</ele>
        <time>2026-04-09T02:07:10.000Z</time>
        <extensions>
          <ns3:TrackPointExtension>
            <ns3:atemp>18.0</ns3:atemp>
            <ns3:hr>163</ns3:hr>
            <ns3:cad>79</ns3:cad>
          </ns3:TrackPointExtension>
        </extensions>
      </trkpt>
      <trkpt lat="37.7555846236646175384521484375" lon="-122.3987471871078014373779296875">
        <ele>92.40000152587890625</ele>
        <time>2026-04-09T02:07:11.000Z</time>
        <extensions>
          <ns3:TrackPointExtension>
            <ns3:atemp>18.0</ns3:atemp>
            <ns3:hr>163</ns3:hr>
            <ns3:cad>79</ns3:cad>
          </ns3:TrackPointExtension>
        </extensions>
      </trkpt>
      <trkpt lat="37.75561538524925708770751953125" lon="-122.398752383887767791748046875">
        <ele>92.8000030517578125</ele>
        <time>2026-04-09T02:07:12.000Z</time>
        <extensions>
          <ns3:TrackPointExtension>
            <ns3:atemp>18.0</ns3:atemp>
            <ns3:hr>163</ns3:hr>
            <ns3:cad>80</ns3:cad>
          </ns3:TrackPointExtension>
        </extensions>
      </trkpt>
      <trkpt lat="37.75564220733940601348876953125" lon="-122.398757077753543853759765625">
        <ele>93.1999969482421875</ele>
        <time>2026-04-09T02:07:13.000Z</time>
        <extensions>
          <ns3:TrackPointExtension>
            <ns3:atemp>18.0</ns3:atemp>
            <ns3:hr>162</ns3:hr>
            <ns3:cad>80</ns3:cad>
          </ns3:TrackPointExtension>
        </extensions>
      </trkpt>
      <trkpt lat="37.75565695948898792266845703125" lon="-122.39875464700162410736083984375">
        <ele>93.40000152587890625</ele>
        <time>2026-04-09T02:07:14.000Z</time>
        <extensions>
          <ns3:TrackPointExtension>
            <ns3:atemp>18.0</ns3:atemp>
            <ns3:hr>162</ns3:hr>
            <ns3:cad>80</ns3:cad>
          </ns3:TrackPointExtension>
        </extensions>
      </trkpt>
      <trkpt lat="37.7556820213794708251953125" lon="-122.398759759962558746337890625">
        <ele>93.8000030517578125</ele>
        <time>2026-04-09T02:07:15.000Z</time>
        <extensions>
          <ns3:TrackPointExtension>
            <ns3:atemp>18.0</ns3:atemp>
            <ns3:hr>162</ns3:hr>
            <ns3:cad>82</ns3:cad>
          </ns3:TrackPointExtension>
        </extensions>
      </trkpt>
      <trkpt lat="37.75570004247128963470458984375" lon="-122.398765124380588531494140625">
        <ele>94.1999969482421875</ele>
        <time>2026-04-09T02:07:16.000Z</time>
        <extensions>
          <ns3:TrackPointExtension>
            <ns3:atemp>18.0</ns3:atemp>
            <ns3:hr>162</ns3:hr>
            <ns3:cad>84</ns3:cad>
          </ns3:TrackPointExtension>
        </extensions>
      </trkpt>
      <trkpt lat="37.7557207457721233367919921875" lon="-122.3987674713134765625">
        <ele>94.40000152587890625</ele>
        <time>2026-04-09T02:07:17.000Z</time>
        <extensions>
          <ns3:TrackPointExtension>
            <ns3:atemp>18.0</ns3:atemp>
            <ns3:hr>161</ns3:hr>
            <ns3:cad>85</ns3:cad>
          </ns3:TrackPointExtension>
        </extensions>
      </trkpt>
      <trkpt lat="37.75574840605258941650390625" lon="-122.398773171007633209228515625">
        <ele>94.59999847412109375</ele>
        <time>2026-04-09T02:07:18.000Z</time>
        <extensions>
          <ns3:TrackPointExtension>
            <ns3:atemp>18.0</ns3:atemp>
            <ns3:hr>162</ns3:hr>
            <ns3:cad>86</ns3:cad>
          </ns3:TrackPointExtension>
        </extensions>
      </trkpt>
      <trkpt lat="37.7557705342769622802734375" lon="-122.39877141080796718597412109375">
        <ele>94.8000030517578125</ele>
        <time>2026-04-09T02:07:19.000Z</time>
        <extensions>
          <ns3:TrackPointExtension>
            <ns3:atemp>18.0</ns3:atemp>
            <ns3:hr>162</ns3:hr>
            <ns3:cad>87</ns3:cad>
          </ns3:TrackPointExtension>
        </extensions>
      </trkpt>
      <trkpt lat="37.7557998709380626678466796875" lon="-122.3987753503024578094482421875">
        <ele>95.1999969482421875</ele>
        <time>2026-04-09T02:07:20.000Z</time>
        <extensions>
          <ns3:TrackPointExtension>
            <ns3:atemp>18.0</ns3:atemp>
            <ns3:hr>163</ns3:hr>
            <ns3:cad>87</ns3:cad>
          </ns3:TrackPointExtension>
        </extensions>
      </trkpt>
      <trkpt lat="37.75582292117178440093994140625" lon="-122.39877543412148952484130859375">
        <ele>95.40000152587890625</ele>
        <time>2026-04-09T02:07:21.000Z</time>
        <extensions>
          <ns3:TrackPointExtension>
            <ns3:atemp>18.0</ns3:atemp>
            <ns3:hr>163</ns3:hr>
            <ns3:cad>87</ns3:cad>
          </ns3:TrackPointExtension>
        </extensions>
      </trkpt>
      <trkpt lat="37.75586013682186603546142578125" lon="-122.3987726680934429168701171875">
        <ele>95.59999847412109375</ele>
        <time>2026-04-09T02:07:22.000Z</time>
        <extensions>
          <ns3:TrackPointExtension>
            <ns3:atemp>18.0</ns3:atemp>
            <ns3:hr>163</ns3:hr>
            <ns3:cad>87</ns3:cad>
          </ns3:TrackPointExtension>
        </extensions>
      </trkpt>
      <trkpt lat="37.75589483790099620819091796875" lon="-122.398770488798618316650390625">
        <ele>95.8000030517578125</ele>
        <time>2026-04-09T02:07:23.000Z</time>
        <extensions>
          <ns3:TrackPointExtension>
            <ns3:atemp>18.0</ns3:atemp>
            <ns3:hr>163</ns3:hr>
            <ns3:cad>87</ns3:cad>
          </ns3:TrackPointExtension>
        </extensions>
      </trkpt>
      <trkpt lat="37.7559292875230312347412109375" lon="-122.398771829903125762939453125">
        <ele>96</ele>
        <time>2026-04-09T02:07:24.000Z</time>
        <extensions>
          <ns3:TrackPointExtension>
            <ns3:atemp>18.0</ns3:atemp>
            <ns3:hr>164</ns3:hr>
            <ns3:cad>87</ns3:cad>
          </ns3:TrackPointExtension>
        </extensions>
      </trkpt>
      <trkpt lat="37.75596432387828826904296875" lon="-122.3987934552133083343505859375">
        <ele>96</ele>
        <time>2026-04-09T02:07:25.000Z</time>
        <extensions>
          <ns3:TrackPointExtension>
            <ns3:atemp>18.0</ns3:atemp>
            <ns3:hr>165</ns3:hr>
            <ns3:cad>87</ns3:cad>
          </ns3:TrackPointExtension>
        </extensions>
      </trkpt>
      <trkpt lat="37.75599307380616664886474609375" lon="-122.3987968079745769500732421875">
        <ele>96</ele>
        <time>2026-04-09T02:07:26.000Z</time>
        <extensions>
          <ns3:TrackPointExtension>
            <ns3:atemp>18.0</ns3:atemp>
            <ns3:hr>165</ns3:hr>
            <ns3:cad>87</ns3:cad>
          </ns3:TrackPointExtension>
        </extensions>
      </trkpt>
      <trkpt lat="37.75602995418012142181396484375" lon="-122.39879739470779895782470703125">
        <ele>95.59999847412109375</ele>
        <time>2026-04-09T02:07:27.000Z</time>
        <extensions>
          <ns3:TrackPointExtension>
            <ns3:atemp>18.0</ns3:atemp>
            <ns3:hr>166</ns3:hr>
            <ns3:cad>83</ns3:cad>
          </ns3:TrackPointExtension>
        </extensions>
      </trkpt>
      <trkpt lat="37.7560660801827907562255859375" lon="-122.39879890345036983489990234375">
        <ele>95.40000152587890625</ele>
        <time>2026-04-09T02:07:28.000Z</time>
        <extensions>
          <ns3:TrackPointExtension>
            <ns3:atemp>18.0</ns3:atemp>
            <ns3:hr>167</ns3:hr>
            <ns3:cad>83</ns3:cad>
          </ns3:TrackPointExtension>
        </extensions>
      </trkpt>
      <trkpt lat="37.75610019452869892120361328125" lon="-122.3987956345081329345703125">
        <ele>95.1999969482421875</ele>
        <time>2026-04-09T02:07:29.000Z</time>
        <extensions>
          <ns3:TrackPointExtension>
            <ns3:atemp>18.0</ns3:atemp>
            <ns3:hr>167</ns3:hr>
            <ns3:cad>83</ns3:cad>
          </ns3:TrackPointExtension>
        </extensions>
      </trkpt>
      <trkpt lat="37.75613774545490741729736328125" lon="-122.39880301058292388916015625">
        <ele>95</ele>
        <time>2026-04-09T02:07:30.000Z</time>
        <extensions>
          <ns3:TrackPointExtension>
            <ns3:atemp>18.0</ns3:atemp>
            <ns3:hr>167</ns3:hr>
            <ns3:cad>85</ns3:cad>
          </ns3:TrackPointExtension>
        </extensions>
      </trkpt>
      <trkpt lat="37.75616641156375408172607421875" lon="-122.39880443550646305084228515625">
        <ele>94.8000030517578125</ele>
        <time>2026-04-09T02:07:31.000Z</time>
        <extensions>
          <ns3:TrackPointExtension>
            <ns3:atemp>18.0</ns3:atemp>
            <ns3:hr>167</ns3:hr>
            <ns3:cad>85</ns3:cad>
          </ns3:TrackPointExtension>
        </extensions>
      </trkpt>
      <trkpt lat="37.75621779263019561767578125" lon="-122.39882287569344043731689453125">
        <ele>94.59999847412109375</ele>
        <time>2026-04-09T02:07:32.000Z</time>
        <extensions>
          <ns3:TrackPointExtension>
            <ns3:atemp>18.0</ns3:atemp>
            <ns3:hr>167</ns3:hr>
            <ns3:cad>85</ns3:cad>
          </ns3:TrackPointExtension>
        </extensions>
      </trkpt>
      <trkpt lat="37.75625056587159633636474609375" lon="-122.3988289944827556610107421875">
        <ele>94.1999969482421875</ele>
        <time>2026-04-09T02:07:33.000Z</time>
        <extensions>
          <ns3:TrackPointExtension>
            <ns3:atemp>18.0</ns3:atemp>
            <ns3:hr>167</ns3:hr>
            <ns3:cad>85</ns3:cad>
          </ns3:TrackPointExtension>
        </extensions>
      </trkpt>
      <trkpt lat="37.756294906139373779296875" lon="-122.3988300003111362457275390625">
        <ele>94.1999969482421875</ele>
        <time>2026-04-09T02:07:34.000Z</time>
        <extensions>
          <ns3:TrackPointExtension>
            <ns3:atemp>18.0</ns3:atemp>
            <ns3:hr>166</ns3:hr>
            <ns3:cad>85</ns3:cad>
          </ns3:TrackPointExtension>
        </extensions>
      </trkpt>
      <trkpt lat="37.75632700882852077484130859375" lon="-122.39882505498826503753662109375">
        <ele>94</ele>
        <time>2026-04-09T02:07:35.000Z</time>
        <extensions>
          <ns3:TrackPointExtension>
            <ns3:atemp>18.0</ns3:atemp>
            <ns3:hr>166</ns3:hr>
            <ns3:cad>85</ns3:cad>
          </ns3:TrackPointExtension>
        </extensions>
      </trkpt>
      <trkpt lat="37.7563705109059810638427734375" lon="-122.39882756955921649932861328125">
        <ele>93.8000030517578125</ele>
        <time>2026-04-09T02:07:36.000Z</time>
        <extensions>
          <ns3:TrackPointExtension>
            <ns3:atemp>18.0</ns3:atemp>
            <ns3:hr>166</ns3:hr>
            <ns3:cad>85</ns3:cad>
          </ns3:TrackPointExtension>
        </extensions>
      </trkpt>
      <trkpt lat="37.75640018284320831298828125" lon="-122.39882312715053558349609375">
        <ele>93.8000030517578125</ele>
        <time>2026-04-09T02:07:37.000Z</time>
        <extensions>
          <ns3:TrackPointExtension>
            <ns3:atemp>18.0</ns3:atemp>
            <ns3:hr>166</ns3:hr>
            <ns3:cad>85</ns3:cad>
          </ns3:TrackPointExtension>
        </extensions>
      </trkpt>
      <trkpt lat="37.75645139627158641815185546875" lon="-122.3988219536840915679931640625">
        <ele>93.1999969482421875</ele>
        <time>2026-04-09T02:07:38.000Z</time>
        <extensions>
          <ns3:TrackPointExtension>
            <ns3:atemp>18.0</ns3:atemp>
            <ns3:hr>166</ns3:hr>
            <ns3:cad>85</ns3:cad>
          </ns3:TrackPointExtension>
        </extensions>
      </trkpt>
      <trkpt lat="37.7564798109233379364013671875" lon="-122.39881851710379123687744140625">
        <ele>93</ele>
        <time>2026-04-09T02:07:39.000Z</time>
        <extensions>
          <ns3:TrackPointExtension>
            <ns3:atemp>18.0</ns3:atemp>
            <ns3:hr>165</ns3:hr>
            <ns3:cad>85</ns3:cad>
          </ns3:TrackPointExtension>
        </extensions>
      </trkpt>
      <trkpt lat="37.75652599520981311798095703125" lon="-122.39882304333150386810302734375">
        <ele>92.8000030517578125</ele>
        <time>2026-04-09T02:07:40.000Z</time>
        <extensions>
          <ns3:TrackPointExtension>
            <ns3:atemp>18.0</ns3:atemp>
            <ns3:hr>165</ns3:hr>
            <ns3:cad>85</ns3:cad>
          </ns3:TrackPointExtension>
        </extensions>
      </trkpt>
      <trkpt lat="37.7565666474401950836181640625" lon="-122.398831509053707122802734375">
        <ele>92.59999847412109375</ele>
        <time>2026-04-09T02:07:41.000Z</time>
        <extensions>
          <ns3:TrackPointExtension>
            <ns3:atemp>18.0</ns3:atemp>
            <ns3:hr>165</ns3:hr>
            <ns3:cad>85</ns3:cad>
          </ns3:TrackPointExtension>
        </extensions>
      </trkpt>
      <trkpt lat="37.75660109706223011016845703125" lon="-122.39883410744369029998779296875">
        <ele>92.1999969482421875</ele>
        <time>2026-04-09T02:07:42.000Z</time>
        <extensions>
          <ns3:TrackPointExtension>
            <ns3:atemp>18.0</ns3:atemp>
            <ns3:hr>165</ns3:hr>
            <ns3:cad>89</ns3:cad>
          </ns3:TrackPointExtension>
        </extensions>
      </trkpt>
      <trkpt lat="37.75664015673100948333740234375" lon="-122.39884860813617706298828125">
        <ele>92</ele>
        <time>2026-04-09T02:07:43.000Z</time>
        <extensions>
          <ns3:TrackPointExtension>
            <ns3:atemp>18.0</ns3:atemp>
            <ns3:hr>165</ns3:hr>
            <ns3:cad>89</ns3:cad>
          </ns3:TrackPointExtension>
        </extensions>
      </trkpt>
      <trkpt lat="37.756661362946033477783203125" lon="-122.398852296173572540283203125">
        <ele>92.1999969482421875</ele>
        <time>2026-04-09T02:07:44.000Z</time>
        <extensions>
          <ns3:TrackPointExtension>
            <ns3:atemp>18.0</ns3:atemp>
            <ns3:hr>164</ns3:hr>
            <ns3:cad>89</ns3:cad>
          </ns3:TrackPointExtension>
        </extensions>
      </trkpt>
      <trkpt lat="37.75668206624686717987060546875" lon="-122.3988546431064605712890625">
        <ele>92.1999969482421875</ele>
        <time>2026-04-09T02:07:45.000Z</time>
        <extensions>
          <ns3:TrackPointExtension>
            <ns3:atemp>18.0</ns3:atemp>
            <ns3:hr>164</ns3:hr>
            <ns3:cad>86</ns3:cad>
          </ns3:TrackPointExtension>
        </extensions>
      </trkpt>
      <trkpt lat="37.75670654140412807464599609375" lon="-122.39886260591447353363037109375">
        <ele>92.1999969482421875</ele>
        <time>2026-04-09T02:07:46.000Z</time>
        <extensions>
          <ns3:TrackPointExtension>
            <ns3:atemp>18.0</ns3:atemp>
            <ns3:hr>164</ns3:hr>
            <ns3:cad>86</ns3:cad>
          </ns3:TrackPointExtension>
        </extensions>
      </trkpt>
      <trkpt lat="37.75671592913568019866943359375" lon="-122.3988608457148075103759765625">
        <ele>92.1999969482421875</ele>
        <time>2026-04-09T02:07:47.000Z</time>
        <extensions>
          <ns3:TrackPointExtension>
            <ns3:atemp>18.0</ns3:atemp>
            <ns3:hr>163</ns3:hr>
            <ns3:cad>81</ns3:cad>
          </ns3:TrackPointExtension>
        </extensions>
      </trkpt>
      <trkpt lat="37.75673545897006988525390625" lon="-122.398855648934841156005859375">
        <ele>92</ele>
        <time>2026-04-09T02:07:48.000Z</time>
        <extensions>
          <ns3:TrackPointExtension>
            <ns3:atemp>18.0</ns3:atemp>
            <ns3:hr>163</ns3:hr>
            <ns3:cad>79</ns3:cad>
          </ns3:TrackPointExtension>
        </extensions>
      </trkpt>
      <trkpt lat="37.75675482116639614105224609375" lon="-122.3988655395805835723876953125">
        <ele>92</ele>
        <time>2026-04-09T02:07:49.000Z</time>
        <extensions>
          <ns3:TrackPointExtension>
            <ns3:atemp>18.0</ns3:atemp>
            <ns3:hr>162</ns3:hr>
            <ns3:cad>79</ns3:cad>
          </ns3:TrackPointExtension>
        </extensions>
      </trkpt>
      <trkpt lat="37.75676990859210491180419921875" lon="-122.3988640308380126953125">
        <ele>92</ele>
        <time>2026-04-09T02:07:50.000Z</time>
        <extensions>
          <ns3:TrackPointExtension>
            <ns3:atemp>18.0</ns3:atemp>
            <ns3:hr>162</ns3:hr>
            <ns3:cad>80</ns3:cad>
          </ns3:TrackPointExtension>
        </extensions>
      </trkpt>
      <trkpt lat="37.75679086335003376007080078125" lon="-122.39886470139026641845703125">
        <ele>91.8000030517578125</ele>
        <time>2026-04-09T02:07:51.000Z</time>
        <extensions>
          <ns3:TrackPointExtension>
            <ns3:atemp>18.0</ns3:atemp>
            <ns3:hr>161</ns3:hr>
            <ns3:cad>81</ns3:cad>
          </ns3:TrackPointExtension>
        </extensions>
      </trkpt>
      <trkpt lat="37.75680787861347198486328125" lon="-122.39887702278792858123779296875">
        <ele>91.8000030517578125</ele>
        <time>2026-04-09T02:07:52.000Z</time>
        <extensions>
          <ns3:TrackPointExtension>
            <ns3:atemp>18.0</ns3:atemp>
            <ns3:hr>161</ns3:hr>
            <ns3:cad>81</ns3:cad>
          </ns3:TrackPointExtension>
        </extensions>
      </trkpt>
      <trkpt lat="37.7568204514682292938232421875" lon="-122.39887584932148456573486328125">
        <ele>91.8000030517578125</ele>
        <time>2026-04-09T02:07:53.000Z</time>
        <extensions>
          <ns3:TrackPointExtension>
            <ns3:atemp>18.0</ns3:atemp>
            <ns3:hr>160</ns3:hr>
            <ns3:cad>81</ns3:cad>
          </ns3:TrackPointExtension>
        </extensions>
      </trkpt>
      <trkpt lat="37.75684098713099956512451171875" lon="-122.398875765502452850341796875">
        <ele>91.8000030517578125</ele>
        <time>2026-04-09T02:07:54.000Z</time>
        <extensions>
          <ns3:TrackPointExtension>
            <ns3:atemp>18.0</ns3:atemp>
            <ns3:hr>159</ns3:hr>
            <ns3:cad>81</ns3:cad>
          </ns3:TrackPointExtension>
        </extensions>
      </trkpt>
      <trkpt lat="37.75685439817607402801513671875" lon="-122.39888439886271953582763671875">
        <ele>91.8000030517578125</ele>
        <time>2026-04-09T02:07:55.000Z</time>
        <extensions>
          <ns3:TrackPointExtension>
            <ns3:atemp>18.0</ns3:atemp>
            <ns3:hr>159</ns3:hr>
            <ns3:cad>80</ns3:cad>
          </ns3:TrackPointExtension>
        </extensions>
      </trkpt>
      <trkpt lat="37.7568648755550384521484375" lon="-122.39888012409210205078125">
        <ele>91.59999847412109375</ele>
        <time>2026-04-09T02:07:56.000Z</time>
        <extensions>
          <ns3:TrackPointExtension>
            <ns3:atemp>18.0</ns3:atemp>
            <ns3:hr>158</ns3:hr>
            <ns3:cad>80</ns3:cad>
          </ns3:TrackPointExtension>
        </extensions>
      </trkpt>
      <trkpt lat="37.75688138790428638458251953125" lon="-122.3988772742450237274169921875">
        <ele>91.59999847412109375</ele>
        <time>2026-04-09T02:07:57.000Z</time>
        <extensions>
          <ns3:TrackPointExtension>
            <ns3:atemp>18.0</ns3:atemp>
            <ns3:hr>157</ns3:hr>
            <ns3:cad>80</ns3:cad>
          </ns3:TrackPointExtension>
        </extensions>
      </trkpt>
      <trkpt lat="37.75689773261547088623046875" lon="-122.39888054318726062774658203125">
        <ele>91.59999847412109375</ele>
        <time>2026-04-09T02:07:58.000Z</time>
        <extensions>
          <ns3:TrackPointExtension>
            <ns3:atemp>18.0</ns3:atemp>
            <ns3:hr>157</ns3:hr>
            <ns3:cad>79</ns3:cad>
          </ns3:TrackPointExtension>
        </extensions>
      </trkpt>
      <trkpt lat="37.75691273622214794158935546875" lon="-122.39887819625437259674072265625">
        <ele>91.59999847412109375</ele>
        <time>2026-04-09T02:07:59.000Z</time>
        <extensions>
          <ns3:TrackPointExtension>
            <ns3:atemp>18.0</ns3:atemp>
            <ns3:hr>156</ns3:hr>
            <ns3:cad>79</ns3:cad>
          </ns3:TrackPointExtension>
        </extensions>
      </trkpt>
      <trkpt lat="37.7569354511797428131103515625" lon="-122.39887668751180171966552734375">
        <ele>91.59999847412109375</ele>
        <time>2026-04-09T02:08:00.000Z</time>
        <extensions>
          <ns3:TrackPointExtension>
            <ns3:atemp>18.0</ns3:atemp>
            <ns3:hr>155</ns3:hr>
            <ns3:cad>79</ns3:cad>
          </ns3:TrackPointExtension>
        </extensions>
      </trkpt>
      <trkpt lat="37.75694525800645351409912109375" lon="-122.3988802917301654815673828125">
        <ele>91.59999847412109375</ele>
        <time>2026-04-09T02:08:01.000Z</time>
        <extensions>
          <ns3:TrackPointExtension>
            <ns3:atemp>18.0</ns3:atemp>
            <ns3:hr>155</ns3:hr>
            <ns3:cad>80</ns3:cad>
          </ns3:TrackPointExtension>
        </extensions>
      </trkpt>
      <trkpt lat="37.7569595910608768463134765625" lon="-122.398882471024990081787109375">
        <ele>91.59999847412109375</ele>
        <time>2026-04-09T02:08:02.000Z</time>
        <extensions>
          <ns3:TrackPointExtension>
            <ns3:atemp>18.0</ns3:atemp>
            <ns3:hr>154</ns3:hr>
            <ns3:cad>81</ns3:cad>
          </ns3:TrackPointExtension>
        </extensions>
      </trkpt>
      <trkpt lat="37.756983228027820587158203125" lon="-122.39888590760529041290283203125">
        <ele>91.59999847412109375</ele>
        <time>2026-04-09T02:08:03.000Z</time>
        <extensions>
          <ns3:TrackPointExtension>
            <ns3:atemp>18.0</ns3:atemp>
            <ns3:hr>153</ns3:hr>
            <ns3:cad>82</ns3:cad>
          </ns3:TrackPointExtension>
        </extensions>
      </trkpt>
      <trkpt lat="37.75699487887322902679443359375" lon="-122.3988816328346729278564453125">
        <ele>91.40000152587890625</ele>
        <time>2026-04-09T02:08:04.000Z</time>
        <extensions>
          <ns3:TrackPointExtension>
            <ns3:atemp>18.0</ns3:atemp>
            <ns3:hr>152</ns3:hr>
            <ns3:cad>82</ns3:cad>
          </ns3:TrackPointExtension>
        </extensions>
      </trkpt>
      <trkpt lat="37.757016755640506744384765625" lon="-122.39888138137757778167724609375">
        <ele>91.40000152587890625</ele>
        <time>2026-04-09T02:08:05.000Z</time>
        <extensions>
          <ns3:TrackPointExtension>
            <ns3:atemp>18.0</ns3:atemp>
            <ns3:hr>151</ns3:hr>
            <ns3:cad>82</ns3:cad>
          </ns3:TrackPointExtension>
        </extensions>
      </trkpt>
      <trkpt lat="37.75703662075102329254150390625" lon="-122.3988906852900981903076171875">
        <ele>91.40000152587890625</ele>
        <time>2026-04-09T02:08:06.000Z</time>
        <extensions>
          <ns3:TrackPointExtension>
            <ns3:atemp>18.0</ns3:atemp>
            <ns3:hr>151</ns3:hr>
            <ns3:cad>82</ns3:cad>
          </ns3:TrackPointExtension>
        </extensions>
      </trkpt>
      <trkpt lat="37.75704718194901943206787109375" lon="-122.39889076910912990570068359375">
        <ele>91.40000152587890625</ele>
        <time>2026-04-09T02:08:07.000Z</time>
        <extensions>
          <ns3:TrackPointExtension>
            <ns3:atemp>18.0</ns3:atemp>
            <ns3:hr>150</ns3:hr>
            <ns3:cad>82</ns3:cad>
          </ns3:TrackPointExtension>
        </extensions>
      </trkpt>
      <trkpt lat="37.7570662088692188262939453125" lon="-122.39888506941497325897216796875">
        <ele>91.40000152587890625</ele>
        <time>2026-04-09T02:08:08.000Z</time>
        <extensions>
          <ns3:TrackPointExtension>
            <ns3:atemp>18.0</ns3:atemp>
            <ns3:hr>150</ns3:hr>
            <ns3:cad>82</ns3:cad>
          </ns3:TrackPointExtension>
        </extensions>
      </trkpt>
      <trkpt lat="37.7570903487503528594970703125" lon="-122.39889663644134998321533203125">
        <ele>91.1999969482421875</ele>
        <time>2026-04-09T02:08:09.000Z</time>
        <extensions>
          <ns3:TrackPointExtension>
            <ns3:atemp>18.0</ns3:atemp>
            <ns3:hr>149</ns3:hr>
            <ns3:cad>82</ns3:cad>
          </ns3:TrackPointExtension>
        </extensions>
      </trkpt>
      <trkpt lat="37.757104933261871337890625" lon="-122.39888959564268589019775390625">
        <ele>91.1999969482421875</ele>
        <time>2026-04-09T02:08:10.000Z</time>
        <extensions>
          <ns3:TrackPointExtension>
            <ns3:atemp>18.0</ns3:atemp>
            <ns3:hr>148</ns3:hr>
            <ns3:cad>81</ns3:cad>
          </ns3:TrackPointExtension>
        </extensions>
      </trkpt>
      <trkpt lat="37.757140137255191802978515625" lon="-122.39889529533684253692626953125">
        <ele>91.1999969482421875</ele>
        <time>2026-04-09T02:08:11.000Z</time>
        <extensions>
          <ns3:TrackPointExtension>
            <ns3:atemp>18.0</ns3:atemp>
            <ns3:hr>148</ns3:hr>
            <ns3:cad>81</ns3:cad>
          </ns3:TrackPointExtension>
        </extensions>
      </trkpt>
      <trkpt lat="37.75716905482113361358642578125" lon="-122.398897893726825714111328125">
        <ele>91.1999969482421875</ele>
        <time>2026-04-09T02:08:12.000Z</time>
        <extensions>
          <ns3:TrackPointExtension>
            <ns3:atemp>18.0</ns3:atemp>
            <ns3:hr>147</ns3:hr>
            <ns3:cad>81</ns3:cad>
          </ns3:TrackPointExtension>
        </extensions>
      </trkpt>
      <trkpt lat="37.757201828062534332275390625" lon="-122.3989004082977771759033203125">
        <ele>91.1999969482421875</ele>
        <time>2026-04-09T02:08:13.000Z</time>
        <extensions>
          <ns3:TrackPointExtension>
            <ns3:atemp>18.0</ns3:atemp>
            <ns3:hr>147</ns3:hr>
            <ns3:cad>80</ns3:cad>
          </ns3:TrackPointExtension>
        </extensions>
      </trkpt>
      <trkpt lat="37.757235355675220489501953125" lon="-122.39890485070645809173583984375">
        <ele>91.1999969482421875</ele>
        <time>2026-04-09T02:08:14.000Z</time>
        <extensions>
          <ns3:TrackPointExtension>
            <ns3:atemp>18.0</ns3:atemp>
            <ns3:hr>146</ns3:hr>
            <ns3:cad>80</ns3:cad>
          </ns3:TrackPointExtension>
        </extensions>
      </trkpt>
      <trkpt lat="37.75726921856403350830078125" lon="-122.39890669472515583038330078125">
        <ele>91.1999969482421875</ele>
        <time>2026-04-09T02:08:15.000Z</time>
        <extensions>
          <ns3:TrackPointExtension>
            <ns3:atemp>18.0</ns3:atemp>
            <ns3:hr>146</ns3:hr>
            <ns3:cad>80</ns3:cad>
          </ns3:TrackPointExtension>
        </extensions>
      </trkpt>
      <trkpt lat="37.75730542838573455810546875" lon="-122.398918010294437408447265625">
        <ele>91</ele>
        <time>2026-04-09T02:08:16.000Z</time>
        <extensions>
          <ns3:TrackPointExtension>
            <ns3:atemp>18.0</ns3:atemp>
            <ns3:hr>146</ns3:hr>
            <ns3:cad>84</ns3:cad>
          </ns3:TrackPointExtension>
        </extensions>
      </trkpt>
      <trkpt lat="37.75733551941812038421630859375" lon="-122.39891968667507171630859375">
        <ele>91.1999969482421875</ele>
        <time>2026-04-09T02:08:17.000Z</time>
        <extensions>
          <ns3:TrackPointExtension>
            <ns3:atemp>18.0</ns3:atemp>
            <ns3:hr>146</ns3:hr>
            <ns3:cad>85</ns3:cad>
          </ns3:TrackPointExtension>
        </extensions>
      </trkpt>
      <trkpt lat="37.7573753334581851959228515625" lon="-122.39892446435987949371337890625">
        <ele>91.1999969482421875</ele>
        <time>2026-04-09T02:08:18.000Z</time>
        <extensions>
          <ns3:TrackPointExtension>
            <ns3:atemp>18.0</ns3:atemp>
            <ns3:hr>146</ns3:hr>
            <ns3:cad>85</ns3:cad>
          </ns3:TrackPointExtension>
        </extensions>
      </trkpt>
      <trkpt lat="37.757400982081890106201171875" lon="-122.3989279009401798248291015625">
        <ele>91.1999969482421875</ele>
        <time>2026-04-09T02:08:19.000Z</time>
        <extensions>
          <ns3:TrackPointExtension>
            <ns3:atemp>18.0</ns3:atemp>
            <ns3:hr>146</ns3:hr>
            <ns3:cad>85</ns3:cad>
          </ns3:TrackPointExtension>
        </extensions>
      </trkpt>
      <trkpt lat="37.7574313245713710784912109375" lon="-122.3989302478730678558349609375">
        <ele>91.1999969482421875</ele>
        <time>2026-04-09T02:08:20.000Z</time>
        <extensions>
          <ns3:TrackPointExtension>
            <ns3:atemp>18.0</ns3:atemp>
            <ns3:hr>147</ns3:hr>
            <ns3:cad>86</ns3:cad>
          </ns3:TrackPointExtension>
        </extensions>
      </trkpt>
      <trkpt lat="37.757471390068531036376953125" lon="-122.39894256927073001861572265625">
        <ele>91.1999969482421875</ele>
        <time>2026-04-09T02:08:21.000Z</time>
        <extensions>
          <ns3:TrackPointExtension>
            <ns3:atemp>18.0</ns3:atemp>
            <ns3:hr>147</ns3:hr>
            <ns3:cad>86</ns3:cad>
          </ns3:TrackPointExtension>
        </extensions>
      </trkpt>
      <trkpt lat="37.7575047500431537628173828125" lon="-122.39894407801330089569091796875">
        <ele>91.1999969482421875</ele>
        <time>2026-04-09T02:08:22.000Z</time>
        <extensions>
          <ns3:TrackPointExtension>
            <ns3:atemp>18.0</ns3:atemp>
            <ns3:hr>147</ns3:hr>
            <ns3:cad>86</ns3:cad>
          </ns3:TrackPointExtension>
        </extensions>
      </trkpt>
      <trkpt lat="37.7575446479022502899169921875" lon="-122.3989431560039520263671875">
        <ele>90.59999847412109375</ele>
        <time>2026-04-09T02:08:23.000Z</time>
        <extensions>
          <ns3:TrackPointExtension>
            <ns3:atemp>18.0</ns3:atemp>
            <ns3:hr>147</ns3:hr>
            <ns3:cad>84</ns3:cad>
          </ns3:TrackPointExtension>
        </extensions>
      </trkpt>
      <trkpt lat="37.757578678429126739501953125" lon="-122.398951537907123565673828125">
        <ele>90</ele>
        <time>2026-04-09T02:08:24.000Z</time>
        <extensions>
          <ns3:TrackPointExtension>
            <ns3:atemp>18.0</ns3:atemp>
            <ns3:hr>147</ns3:hr>
            <ns3:cad>82</ns3:cad>
          </ns3:TrackPointExtension>
        </extensions>
      </trkpt>
      <trkpt lat="37.75760474614799022674560546875" lon="-122.3989557288587093353271484375">
        <ele>89.59999847412109375</ele>
        <time>2026-04-09T02:08:25.000Z</time>
        <extensions>
          <ns3:TrackPointExtension>
            <ns3:atemp>18.0</ns3:atemp>
            <ns3:hr>148</ns3:hr>
            <ns3:cad>81</ns3:cad>
          </ns3:TrackPointExtension>
        </extensions>
      </trkpt>
      <trkpt lat="37.7576395310461521148681640625" lon="-122.3989563994109630584716796875">
        <ele>89.1999969482421875</ele>
        <time>2026-04-09T02:08:26.000Z</time>
        <extensions>
          <ns3:TrackPointExtension>
            <ns3:atemp>18.0</ns3:atemp>
            <ns3:hr>149</ns3:hr>
            <ns3:cad>81</ns3:cad>
          </ns3:TrackPointExtension>
        </extensions>
      </trkpt>
      <trkpt lat="37.7576737292110919952392578125" lon="-122.39896335639059543609619140625">
        <ele>89</ele>
        <time>2026-04-09T02:08:27.000Z</time>
        <extensions>
          <ns3:TrackPointExtension>
            <ns3:atemp>18.0</ns3:atemp>
            <ns3:hr>149</ns3:hr>
            <ns3:cad>81</ns3:cad>
          </ns3:TrackPointExtension>
        </extensions>
      </trkpt>
      <trkpt lat="37.75770331732928752899169921875" lon="-122.398963607847690582275390625">
        <ele>88.8000030517578125</ele>
        <time>2026-04-09T02:08:28.000Z</time>
        <extensions>
          <ns3:TrackPointExtension>
            <ns3:atemp>18.0</ns3:atemp>
            <ns3:hr>149</ns3:hr>
            <ns3:cad>81</ns3:cad>
          </ns3:TrackPointExtension>
        </extensions>
      </trkpt>
      <trkpt lat="37.75774153880774974822998046875" lon="-122.3989664576947689056396484375">
        <ele>88.40000152587890625</ele>
        <time>2026-04-09T02:08:29.000Z</time>
        <extensions>
          <ns3:TrackPointExtension>
            <ns3:atemp>18.0</ns3:atemp>
            <ns3:hr>149</ns3:hr>
            <ns3:cad>81</ns3:cad>
          </ns3:TrackPointExtension>
        </extensions>
      </trkpt>
      <trkpt lat="37.75777406059205532073974609375" lon="-122.39897442050278186798095703125">
        <ele>88.1999969482421875</ele>
        <time>2026-04-09T02:08:30.000Z</time>
        <extensions>
          <ns3:TrackPointExtension>
            <ns3:atemp>18.0</ns3:atemp>
            <ns3:hr>149</ns3:hr>
            <ns3:cad>81</ns3:cad>
          </ns3:TrackPointExtension>
        </extensions>
      </trkpt>
      <trkpt lat="37.7578038163483142852783203125" lon="-122.39897198975086212158203125">
        <ele>87.59999847412109375</ele>
        <time>2026-04-09T02:08:31.000Z</time>
        <extensions>
          <ns3:TrackPointExtension>
            <ns3:atemp>18.0</ns3:atemp>
            <ns3:hr>148</ns3:hr>
            <ns3:cad>81</ns3:cad>
          </ns3:TrackPointExtension>
        </extensions>
      </trkpt>
      <trkpt lat="37.75784363038837909698486328125" lon="-122.39897391758859157562255859375">
        <ele>87</ele>
        <time>2026-04-09T02:08:32.000Z</time>
        <extensions>
          <ns3:TrackPointExtension>
            <ns3:atemp>18.0</ns3:atemp>
            <ns3:hr>148</ns3:hr>
            <ns3:cad>81</ns3:cad>
          </ns3:TrackPointExtension>
        </extensions>
      </trkpt>
      <trkpt lat="37.7578691951930522918701171875" lon="-122.39897240884602069854736328125">
        <ele>86.8000030517578125</ele>
        <time>2026-04-09T02:08:33.000Z</time>
        <extensions>
          <ns3:TrackPointExtension>
            <ns3:atemp>18.0</ns3:atemp>
            <ns3:hr>148</ns3:hr>
            <ns3:cad>81</ns3:cad>
          </ns3:TrackPointExtension>
        </extensions>
      </trkpt>
      <trkpt lat="37.75789828039705753326416015625" lon="-122.39897090010344982147216796875">
        <ele>86.40000152587890625</ele>
        <time>2026-04-09T02:08:34.000Z</time>
        <extensions>
          <ns3:TrackPointExtension>
            <ns3:atemp>18.0</ns3:atemp>
            <ns3:hr>148</ns3:hr>
            <ns3:cad>81</ns3:cad>
          </ns3:TrackPointExtension>
        </extensions>
      </trkpt>
      <trkpt lat="37.75793373584747314453125" lon="-122.39896788261830806732177734375">
        <ele>86.1999969482421875</ele>
        <time>2026-04-09T02:08:35.000Z</time>
        <extensions>
          <ns3:TrackPointExtension>
            <ns3:atemp>18.0</ns3:atemp>
            <ns3:hr>148</ns3:hr>
            <ns3:cad>81</ns3:cad>
          </ns3:TrackPointExtension>
        </extensions>
      </trkpt>
      <trkpt lat="37.75797002948820590972900390625" lon="-122.39897928200662136077880859375">
        <ele>85.59999847412109375</ele>
        <time>2026-04-09T02:08:36.000Z</time>
        <extensions>
          <ns3:TrackPointExtension>
            <ns3:atemp>18.0</ns3:atemp>
            <ns3:hr>148</ns3:hr>
            <ns3:cad>79</ns3:cad>
          </ns3:TrackPointExtension>
        </extensions>
      </trkpt>
      <trkpt lat="37.75799199007451534271240234375" lon="-122.39897944964468479156494140625">
        <ele>85</ele>
        <time>2026-04-09T02:08:37.000Z</time>
        <extensions>
          <ns3:TrackPointExtension>
            <ns3:atemp>18.0</ns3:atemp>
            <ns3:hr>148</ns3:hr>
            <ns3:cad>79</ns3:cad>
          </ns3:TrackPointExtension>
        </extensions>
      </trkpt>
      <trkpt lat="37.758019901812076568603515625" lon="-122.39897877909243106842041015625">
        <ele>84.59999847412109375</ele>
        <time>2026-04-09T02:08:38.000Z</time>
        <extensions>
          <ns3:TrackPointExtension>
            <ns3:atemp>18.0</ns3:atemp>
            <ns3:hr>148</ns3:hr>
            <ns3:cad>79</ns3:cad>
          </ns3:TrackPointExtension>
        </extensions>
      </trkpt>
      <trkpt lat="37.75806172750890254974365234375" lon="-122.3989859037101268768310546875">
        <ele>84.1999969482421875</ele>
        <time>2026-04-09T02:08:39.000Z</time>
        <extensions>
          <ns3:TrackPointExtension>
            <ns3:atemp>18.0</ns3:atemp>
            <ns3:hr>147</ns3:hr>
            <ns3:cad>79</ns3:cad>
          </ns3:TrackPointExtension>
        </extensions>
      </trkpt>
      <trkpt lat="37.75808637030422687530517578125" lon="-122.39899076521396636962890625">
        <ele>83.8000030517578125</ele>
        <time>2026-04-09T02:08:40.000Z</time>
        <extensions>
          <ns3:TrackPointExtension>
            <ns3:atemp>18.0</ns3:atemp>
            <ns3:hr>147</ns3:hr>
            <ns3:cad>79</ns3:cad>
          </ns3:TrackPointExtension>
        </extensions>
      </trkpt>
      <trkpt lat="37.7581146173179149627685546875" lon="-122.399005852639675140380859375">
        <ele>83.40000152587890625</ele>
        <time>2026-04-09T02:08:41.000Z</time>
        <extensions>
          <ns3:TrackPointExtension>
            <ns3:atemp>18.0</ns3:atemp>
            <ns3:hr>147</ns3:hr>
            <ns3:cad>79</ns3:cad>
          </ns3:TrackPointExtension>
        </extensions>
      </trkpt>
      <trkpt lat="37.7581360749900341033935546875" lon="-122.3990378715097904205322265625">
        <ele>82.8000030517578125</ele>
        <time>2026-04-09T02:08:42.000Z</time>
        <extensions>
          <ns3:TrackPointExtension>
            <ns3:atemp>18.0</ns3:atemp>
            <ns3:hr>147</ns3:hr>
            <ns3:cad>79</ns3:cad>
          </ns3:TrackPointExtension>
        </extensions>
      </trkpt>
      <trkpt lat="37.758154682815074920654296875" lon="-122.39907098002731800079345703125">
        <ele>82.59999847412109375</ele>
        <time>2026-04-09T02:08:43.000Z</time>
        <extensions>
          <ns3:TrackPointExtension>
            <ns3:atemp>18.0</ns3:atemp>
            <ns3:hr>146</ns3:hr>
            <ns3:cad>79</ns3:cad>
          </ns3:TrackPointExtension>
        </extensions>
      </trkpt>
      <trkpt lat="37.7581575326621532440185546875" lon="-122.3991136439144611358642578125">
        <ele>82.40000152587890625</ele>
        <time>2026-04-09T02:08:44.000Z</time>
        <extensions>
          <ns3:TrackPointExtension>
            <ns3:atemp>18.0</ns3:atemp>
            <ns3:hr>146</ns3:hr>
            <ns3:cad>80</ns3:cad>
          </ns3:TrackPointExtension>
        </extensions>
      </trkpt>
      <trkpt lat="37.75815996341407299041748046875" lon="-122.3991428129374980926513671875">
        <ele>82</ele>
        <time>2026-04-09T02:08:45.000Z</time>
        <extensions>
          <ns3:TrackPointExtension>
            <ns3:atemp>18.0</ns3:atemp>
            <ns3:hr>146</ns3:hr>
            <ns3:cad>81</ns3:cad>
          </ns3:TrackPointExtension>
        </extensions>
      </trkpt>
      <trkpt lat="37.75817220099270343780517578125" lon="-122.39914976991713047027587890625">
        <ele>81.8000030517578125</ele>
        <time>2026-04-09T02:08:46.000Z</time>
        <extensions>
          <ns3:TrackPointExtension>
            <ns3:atemp>18.0</ns3:atemp>
            <ns3:hr>146</ns3:hr>
            <ns3:cad>81</ns3:cad>
          </ns3:TrackPointExtension>
        </extensions>
      </trkpt>
      <trkpt lat="37.758185528218746185302734375" lon="-122.3991465009748935699462890625">
        <ele>81.59999847412109375</ele>
        <time>2026-04-09T02:08:47.000Z</time>
        <extensions>
          <ns3:TrackPointExtension>
            <ns3:atemp>18.0</ns3:atemp>
            <ns3:hr>146</ns3:hr>
            <ns3:cad>40</ns3:cad>
          </ns3:TrackPointExtension>
        </extensions>
      </trkpt>
      <trkpt lat="37.7582017891108989715576171875" lon="-122.399129234254360198974609375">
        <ele>81.40000152587890625</ele>
        <time>2026-04-09T02:08:48.000Z</time>
        <extensions>
          <ns3:TrackPointExtension>
            <ns3:atemp>18.0</ns3:atemp>
            <ns3:hr>146</ns3:hr>
            <ns3:cad>40</ns3:cad>
          </ns3:TrackPointExtension>
        </extensions>
      </trkpt>
      <trkpt lat="37.75820799171924591064453125" lon="-122.39911506883800029754638671875">
        <ele>81.40000152587890625</ele>
        <time>2026-04-09T02:08:49.000Z</time>
        <extensions>
          <ns3:TrackPointExtension>
            <ns3:atemp>18.0</ns3:atemp>
            <ns3:hr>146</ns3:hr>
            <ns3:cad>40</ns3:cad>
          </ns3:TrackPointExtension>
        </extensions>
      </trkpt>
      <trkpt lat="37.7582192234694957733154296875" lon="-122.3990826308727264404296875">
        <ele>81.1999969482421875</ele>
        <time>2026-04-09T02:08:50.000Z</time>
        <extensions>
          <ns3:TrackPointExtension>
            <ns3:atemp>18.0</ns3:atemp>
            <ns3:hr>145</ns3:hr>
            <ns3:cad>78</ns3:cad>
          </ns3:TrackPointExtension>
        </extensions>
      </trkpt>
      <trkpt lat="37.7582239173352718353271484375" lon="-122.3990586586296558380126953125">
        <ele>81.1999969482421875</ele>
        <time>2026-04-09T02:08:51.000Z</time>
        <extensions>
          <ns3:TrackPointExtension>
            <ns3:atemp>18.0</ns3:atemp>
            <ns3:hr>145</ns3:hr>
            <ns3:cad>78</ns3:cad>
          </ns3:TrackPointExtension>
        </extensions>
      </trkpt>
      <trkpt lat="37.75823590345680713653564453125" lon="-122.399036027491092681884765625">
        <ele>81</ele>
        <time>2026-04-09T02:08:52.000Z</time>
        <extensions>
          <ns3:TrackPointExtension>
            <ns3:atemp>18.0</ns3:atemp>
            <ns3:hr>145</ns3:hr>
            <ns3:cad>78</ns3:cad>
          </ns3:TrackPointExtension>
        </extensions>
      </trkpt>
      <trkpt lat="37.7582550980150699615478515625" lon="-122.3990090377628803253173828125">
        <ele>80.8000030517578125</ele>
        <time>2026-04-09T02:08:53.000Z</time>
        <extensions>
          <ns3:TrackPointExtension>
            <ns3:atemp>18.0</ns3:atemp>
            <ns3:hr>145</ns3:hr>
            <ns3:cad>78</ns3:cad>
          </ns3:TrackPointExtension>
        </extensions>
      </trkpt>
      <trkpt lat="37.75828133337199687957763671875" lon="-122.399005182087421417236328125">
        <ele>80.59999847412109375</ele>
        <time>2026-04-09T02:08:54.000Z</time>
        <extensions>
          <ns3:TrackPointExtension>
            <ns3:atemp>18.0</ns3:atemp>
            <ns3:hr>145</ns3:hr>
            <ns3:cad>78</ns3:cad>
          </ns3:TrackPointExtension>
        </extensions>
      </trkpt>
      <trkpt lat="37.7582990191876888275146484375" lon="-122.39899755455553531646728515625">
        <ele>80.40000152587890625</ele>
        <time>2026-04-09T02:08:55.000Z</time>
        <extensions>
          <ns3:TrackPointExtension>
            <ns3:atemp>18.0</ns3:atemp>
            <ns3:hr>144</ns3:hr>
            <ns3:cad>78</ns3:cad>
          </ns3:TrackPointExtension>
        </extensions>
      </trkpt>
      <trkpt lat="37.75832190178334712982177734375" lon="-122.39900141023099422454833984375">
        <ele>80.1999969482421875</ele>
        <time>2026-04-09T02:08:56.000Z</time>
        <extensions>
          <ns3:TrackPointExtension>
            <ns3:atemp>18.0</ns3:atemp>
            <ns3:hr>144</ns3:hr>
            <ns3:cad>79</ns3:cad>
          </ns3:TrackPointExtension>
        </extensions>
      </trkpt>
      <trkpt lat="37.75834553875029087066650390625" lon="-122.399012558162212371826171875">
        <ele>79.8000030517578125</ele>
        <time>2026-04-09T02:08:57.000Z</time>
        <extensions>
          <ns3:TrackPointExtension>
            <ns3:atemp>18.0</ns3:atemp>
            <ns3:hr>145</ns3:hr>
            <ns3:cad>79</ns3:cad>
          </ns3:TrackPointExtension>
        </extensions>
      </trkpt>
      <trkpt lat="37.75836431421339511871337890625" lon="-122.399025298655033111572265625">
        <ele>79.40000152587890625</ele>
        <time>2026-04-09T02:08:58.000Z</time>
        <extensions>
          <ns3:TrackPointExtension>
            <ns3:atemp>18.0</ns3:atemp>
            <ns3:hr>145</ns3:hr>
            <ns3:cad>77</ns3:cad>
          </ns3:TrackPointExtension>
        </extensions>
      </trkpt>
      <trkpt lat="37.7583771385252475738525390625" lon="-122.39903208799660205841064453125">
        <ele>79.1999969482421875</ele>
        <time>2026-04-09T02:08:59.000Z</time>
        <extensions>
          <ns3:TrackPointExtension>
            <ns3:atemp>18.0</ns3:atemp>
            <ns3:hr>144</ns3:hr>
            <ns3:cad>76</ns3:cad>
          </ns3:TrackPointExtension>
        </extensions>
      </trkpt>
      <trkpt lat="37.75839381851255893707275390625" lon="-122.399034015834331512451171875">
        <ele>78.8000030517578125</ele>
        <time>2026-04-09T02:09:00.000Z</time>
        <extensions>
          <ns3:TrackPointExtension>
            <ns3:atemp>18.0</ns3:atemp>
            <ns3:hr>144</ns3:hr>
            <ns3:cad>76</ns3:cad>
          </ns3:TrackPointExtension>
        </extensions>
      </trkpt>
      <trkpt lat="37.75841745547950267791748046875" lon="-122.3990355245769023895263671875">
        <ele>78.59999847412109375</ele>
        <time>2026-04-09T02:09:01.000Z</time>
        <extensions>
          <ns3:TrackPointExtension>
            <ns3:atemp>18.0</ns3:atemp>
            <ns3:hr>144</ns3:hr>
            <ns3:cad>75</ns3:cad>
          </ns3:TrackPointExtension>
        </extensions>
      </trkpt>
      <trkpt lat="37.75844159536063671112060546875" lon="-122.39905002526938915252685546875">
        <ele>78.40000152587890625</ele>
        <time>2026-04-09T02:09:02.000Z</time>
        <extensions>
          <ns3:TrackPointExtension>
            <ns3:atemp>18.0</ns3:atemp>
            <ns3:hr>144</ns3:hr>
            <ns3:cad>75</ns3:cad>
          </ns3:TrackPointExtension>
        </extensions>
      </trkpt>
      <trkpt lat="37.7584519051015377044677734375" lon="-122.3990539647638797760009765625">
        <ele>78.1999969482421875</ele>
        <time>2026-04-09T02:09:03.000Z</time>
        <extensions>
          <ns3:TrackPointExtension>
            <ns3:atemp>18.0</ns3:atemp>
            <ns3:hr>143</ns3:hr>
            <ns3:cad>75</ns3:cad>
          </ns3:TrackPointExtension>
        </extensions>
      </trkpt>
      <trkpt lat="37.758467830717563629150390625" lon="-122.3990556411445140838623046875">
        <ele>77.8000030517578125</ele>
        <time>2026-04-09T02:09:04.000Z</time>
        <extensions>
          <ns3:TrackPointExtension>
            <ns3:atemp>18.0</ns3:atemp>
            <ns3:hr>143</ns3:hr>
            <ns3:cad>75</ns3:cad>
          </ns3:TrackPointExtension>
        </extensions>
      </trkpt>
      <trkpt lat="37.75848635472357273101806640625" lon="-122.39905086345970630645751953125">
        <ele>77.59999847412109375</ele>
        <time>2026-04-09T02:09:05.000Z</time>
        <extensions>
          <ns3:TrackPointExtension>
            <ns3:atemp>18.0</ns3:atemp>
            <ns3:hr>143</ns3:hr>
            <ns3:cad>75</ns3:cad>
          </ns3:TrackPointExtension>
        </extensions>
      </trkpt>
      <trkpt lat="37.7585139311850070953369140625" lon="-122.39906008355319499969482421875">
        <ele>77.40000152587890625</ele>
        <time>2026-04-09T02:09:06.000Z</time>
        <extensions>
          <ns3:TrackPointExtension>
            <ns3:atemp>18.0</ns3:atemp>
            <ns3:hr>142</ns3:hr>
            <ns3:cad>74</ns3:cad>
          </ns3:TrackPointExtension>
        </extensions>
      </trkpt>
      <trkpt lat="37.75853656232357025146484375" lon="-122.399070225656032562255859375">
        <ele>77.1999969482421875</ele>
        <time>2026-04-09T02:09:07.000Z</time>
        <extensions>
          <ns3:TrackPointExtension>
            <ns3:atemp>18.0</ns3:atemp>
            <ns3:hr>142</ns3:hr>
            <ns3:cad>73</ns3:cad>
          </ns3:TrackPointExtension>
        </extensions>
      </trkpt>
      <trkpt lat="37.75854569859802722930908203125" lon="-122.39906159229576587677001953125">
        <ele>76.8000030517578125</ele>
        <time>2026-04-09T02:09:08.000Z</time>
        <extensions>
          <ns3:TrackPointExtension>
            <ns3:atemp>18.0</ns3:atemp>
            <ns3:hr>141</ns3:hr>
            <ns3:cad>73</ns3:cad>
          </ns3:TrackPointExtension>
        </extensions>
      </trkpt>
      <trkpt lat="37.75856950320303440093994140625" lon="-122.39905538968741893768310546875">
        <ele>76.59999847412109375</ele>
        <time>2026-04-09T02:09:09.000Z</time>
        <extensions>
          <ns3:TrackPointExtension>
            <ns3:atemp>18.0</ns3:atemp>
            <ns3:hr>141</ns3:hr>
            <ns3:cad>73</ns3:cad>
          </ns3:TrackPointExtension>
        </extensions>
      </trkpt>
      <trkpt lat="37.75859716348350048065185546875" lon="-122.39906050264835357666015625">
        <ele>76.1999969482421875</ele>
        <time>2026-04-09T02:09:10.000Z</time>
        <extensions>
          <ns3:TrackPointExtension>
            <ns3:atemp>18.0</ns3:atemp>
            <ns3:hr>141</ns3:hr>
            <ns3:cad>74</ns3:cad>
          </ns3:TrackPointExtension>
        </extensions>
      </trkpt>
      <trkpt lat="37.758626751601696014404296875" lon="-122.39906678907573223114013671875">
        <ele>76</ele>
        <time>2026-04-09T02:09:11.000Z</time>
        <extensions>
          <ns3:TrackPointExtension>
            <ns3:atemp>18.0</ns3:atemp>
            <ns3:hr>140</ns3:hr>
            <ns3:cad>74</ns3:cad>
          </ns3:TrackPointExtension>
        </extensions>
      </trkpt>
      <trkpt lat="37.75865131057798862457275390625" lon="-122.39906947128474712371826171875">
        <ele>75.59999847412109375</ele>
        <time>2026-04-09T02:09:12.000Z</time>
        <extensions>
          <ns3:TrackPointExtension>
            <ns3:atemp>18.0</ns3:atemp>
            <ns3:hr>140</ns3:hr>
            <ns3:cad>74</ns3:cad>
          </ns3:TrackPointExtension>
        </extensions>
      </trkpt>
      <trkpt lat="37.75868047960102558135986328125" lon="-122.3990693874657154083251953125">
        <ele>75.1999969482421875</ele>
        <time>2026-04-09T02:09:13.000Z</time>
        <extensions>
          <ns3:TrackPointExtension>
            <ns3:atemp>18.0</ns3:atemp>
            <ns3:hr>139</ns3:hr>
            <ns3:cad>74</ns3:cad>
          </ns3:TrackPointExtension>
        </extensions>
      </trkpt>
      <trkpt lat="37.758711241185665130615234375" lon="-122.3990692198276519775390625">
        <ele>74.8000030517578125</ele>
        <time>2026-04-09T02:09:14.000Z</time>
        <extensions>
          <ns3:TrackPointExtension>
            <ns3:atemp>18.0</ns3:atemp>
            <ns3:hr>139</ns3:hr>
            <ns3:cad>74</ns3:cad>
          </ns3:TrackPointExtension>
        </extensions>
      </trkpt>
      <trkpt lat="37.75873479433357715606689453125" lon="-122.39906528033316135406494140625">
        <ele>74.1999969482421875</ele>
        <time>2026-04-09T02:09:15.000Z</time>
        <extensions>
          <ns3:TrackPointExtension>
            <ns3:atemp>18.0</ns3:atemp>
            <ns3:hr>139</ns3:hr>
            <ns3:cad>76</ns3:cad>
          </ns3:TrackPointExtension>
        </extensions>
      </trkpt>
      <trkpt lat="37.758764885365962982177734375" lon="-122.39906008355319499969482421875">
        <ele>73.59999847412109375</ele>
        <time>2026-04-09T02:09:16.000Z</time>
        <extensions>
          <ns3:TrackPointExtension>
            <ns3:atemp>18.0</ns3:atemp>
            <ns3:hr>138</ns3:hr>
            <ns3:cad>76</ns3:cad>
          </ns3:TrackPointExtension>
        </extensions>
      </trkpt>
      <trkpt lat="37.75880151428282260894775390625" lon="-122.39906444214284420013427734375">
        <ele>73</ele>
        <time>2026-04-09T02:09:17.000Z</time>
        <extensions>
          <ns3:TrackPointExtension>
            <ns3:atemp>18.0</ns3:atemp>
            <ns3:hr>138</ns3:hr>
            <ns3:cad>76</ns3:cad>
          </ns3:TrackPointExtension>
        </extensions>
      </trkpt>
      <trkpt lat="37.7588282525539398193359375" lon="-122.39906125701963901519775390625">
        <ele>72.40000152587890625</ele>
        <time>2026-04-09T02:09:18.000Z</time>
        <extensions>
          <ns3:TrackPointExtension>
            <ns3:atemp>18.0</ns3:atemp>
            <ns3:hr>138</ns3:hr>
            <ns3:cad>78</ns3:cad>
          </ns3:TrackPointExtension>
        </extensions>
      </trkpt>
      <trkpt lat="37.75886437855660915374755859375" lon="-122.39905891008675098419189453125">
        <ele>71.8000030517578125</ele>
        <time>2026-04-09T02:09:19.000Z</time>
        <extensions>
          <ns3:TrackPointExtension>
            <ns3:atemp>18.0</ns3:atemp>
            <ns3:hr>137</ns3:hr>
            <ns3:cad>79</ns3:cad>
          </ns3:TrackPointExtension>
        </extensions>
      </trkpt>
      <trkpt lat="37.7589055337011814117431640625" lon="-122.39906444214284420013427734375">
        <ele>71</ele>
        <time>2026-04-09T02:09:20.000Z</time>
        <extensions>
          <ns3:TrackPointExtension>
            <ns3:atemp>18.0</ns3:atemp>
            <ns3:hr>136</ns3:hr>
            <ns3:cad>79</ns3:cad>
          </ns3:TrackPointExtension>
        </extensions>
      </trkpt>
      <trkpt lat="37.75893461890518665313720703125" lon="-122.39906578324735164642333984375">
        <ele>70.40000152587890625</ele>
        <time>2026-04-09T02:09:21.000Z</time>
        <extensions>
          <ns3:TrackPointExtension>
            <ns3:atemp>18.0</ns3:atemp>
            <ns3:hr>136</ns3:hr>
            <ns3:cad>79</ns3:cad>
          </ns3:TrackPointExtension>
        </extensions>
      </trkpt>
      <trkpt lat="37.75896881707012653350830078125" lon="-122.39906863309442996978759765625">
        <ele>70.1999969482421875</ele>
        <time>2026-04-09T02:09:22.000Z</time>
        <extensions>
          <ns3:TrackPointExtension>
            <ns3:atemp>18.0</ns3:atemp>
            <ns3:hr>135</ns3:hr>
            <ns3:cad>80</ns3:cad>
          </ns3:TrackPointExtension>
        </extensions>
      </trkpt>
      <trkpt lat="37.7590067870914936065673828125" lon="-122.399081625044345855712890625">
        <ele>69.59999847412109375</ele>
        <time>2026-04-09T02:09:23.000Z</time>
        <extensions>
          <ns3:TrackPointExtension>
            <ns3:atemp>18.0</ns3:atemp>
            <ns3:hr>135</ns3:hr>
            <ns3:cad>80</ns3:cad>
          </ns3:TrackPointExtension>
        </extensions>
      </trkpt>
      <trkpt lat="37.75903754867613315582275390625" lon="-122.39908070303499698638916015625">
        <ele>69.1999969482421875</ele>
        <time>2026-04-09T02:09:24.000Z</time>
        <extensions>
          <ns3:TrackPointExtension>
            <ns3:atemp>18.0</ns3:atemp>
            <ns3:hr>134</ns3:hr>
            <ns3:cad>80</ns3:cad>
          </ns3:TrackPointExtension>
        </extensions>
      </trkpt>
      <trkpt lat="37.7590775303542613983154296875" lon="-122.3990774340927600860595703125">
        <ele>68.8000030517578125</ele>
        <time>2026-04-09T02:09:25.000Z</time>
        <extensions>
          <ns3:TrackPointExtension>
            <ns3:atemp>18.0</ns3:atemp>
            <ns3:hr>132</ns3:hr>
            <ns3:cad>80</ns3:cad>
          </ns3:TrackPointExtension>
        </extensions>
      </trkpt>
      <trkpt lat="37.75911650620400905609130859375" lon="-122.39909495227038860321044921875">
        <ele>68.40000152587890625</ele>
        <time>2026-04-09T02:09:26.000Z</time>
        <extensions>
          <ns3:TrackPointExtension>
            <ns3:atemp>18.0</ns3:atemp>
            <ns3:hr>132</ns3:hr>
            <ns3:cad>80</ns3:cad>
          </ns3:TrackPointExtension>
        </extensions>
      </trkpt>
      <trkpt lat="37.75914031080901622772216796875" lon="-122.3990960419178009033203125">
        <ele>68.1999969482421875</ele>
        <time>2026-04-09T02:09:27.000Z</time>
        <extensions>
          <ns3:TrackPointExtension>
            <ns3:atemp>18.0</ns3:atemp>
            <ns3:hr>131</ns3:hr>
            <ns3:cad>80</ns3:cad>
          </ns3:TrackPointExtension>
        </extensions>
      </trkpt>
      <trkpt lat="37.75917249731719493865966796875" lon="-122.39910350181162357330322265625">
        <ele>67.8000030517578125</ele>
        <time>2026-04-09T02:09:28.000Z</time>
        <extensions>
          <ns3:TrackPointExtension>
            <ns3:atemp>18.0</ns3:atemp>
            <ns3:hr>131</ns3:hr>
            <ns3:cad>80</ns3:cad>
          </ns3:TrackPointExtension>
        </extensions>
      </trkpt>
      <trkpt lat="37.7592123113572597503662109375" lon="-122.399110458791255950927734375">
        <ele>67.40000152587890625</ele>
        <time>2026-04-09T02:09:29.000Z</time>
        <extensions>
          <ns3:TrackPointExtension>
            <ns3:atemp>18.0</ns3:atemp>
            <ns3:hr>131</ns3:hr>
            <ns3:cad>80</ns3:cad>
          </ns3:TrackPointExtension>
        </extensions>
      </trkpt>
      <trkpt lat="37.759239971637725830078125" lon="-122.39911205135285854339599609375">
        <ele>66.8000030517578125</ele>
        <time>2026-04-09T02:09:30.000Z</time>
        <extensions>
          <ns3:TrackPointExtension>
            <ns3:atemp>18.0</ns3:atemp>
            <ns3:hr>131</ns3:hr>
            <ns3:cad>80</ns3:cad>
          </ns3:TrackPointExtension>
        </extensions>
      </trkpt>
      <trkpt lat="37.75927660055458545684814453125" lon="-122.39911054261028766632080078125">
        <ele>66.1999969482421875</ele>
        <time>2026-04-09T02:09:31.000Z</time>
        <extensions>
          <ns3:TrackPointExtension>
            <ns3:atemp>18.0</ns3:atemp>
            <ns3:hr>131</ns3:hr>
            <ns3:cad>80</ns3:cad>
          </ns3:TrackPointExtension>
        </extensions>
      </trkpt>
      <trkpt lat="37.75931716896593570709228515625" lon="-122.3991200141608715057373046875">
        <ele>65.59999847412109375</ele>
        <time>2026-04-09T02:09:32.000Z</time>
        <extensions>
          <ns3:TrackPointExtension>
            <ns3:atemp>18.0</ns3:atemp>
            <ns3:hr>133</ns3:hr>
            <ns3:cad>80</ns3:cad>
          </ns3:TrackPointExtension>
        </extensions>
      </trkpt>
      <trkpt lat="37.759347259998321533203125" lon="-122.39912529475986957550048828125">
        <ele>65.40000152587890625</ele>
        <time>2026-04-09T02:09:33.000Z</time>
        <extensions>
          <ns3:TrackPointExtension>
            <ns3:atemp>18.0</ns3:atemp>
            <ns3:hr>134</ns3:hr>
            <ns3:cad>80</ns3:cad>
          </ns3:TrackPointExtension>
        </extensions>
      </trkpt>
      <trkpt lat="37.75938472710549831390380859375" lon="-122.399123869836330413818359375">
        <ele>65.1999969482421875</ele>
        <time>2026-04-09T02:09:34.000Z</time>
        <extensions>
          <ns3:TrackPointExtension>
            <ns3:atemp>18.0</ns3:atemp>
            <ns3:hr>134</ns3:hr>
            <ns3:cad>80</ns3:cad>
          </ns3:TrackPointExtension>
        </extensions>
      </trkpt>
      <trkpt lat="37.75942705571651458740234375" lon="-122.3991357721388339996337890625">
        <ele>65</ele>
        <time>2026-04-09T02:09:35.000Z</time>
        <extensions>
          <ns3:TrackPointExtension>
            <ns3:atemp>18.0</ns3:atemp>
            <ns3:hr>135</ns3:hr>
            <ns3:cad>80</ns3:cad>
          </ns3:TrackPointExtension>
        </extensions>
      </trkpt>
      <trkpt lat="37.75945790112018585205078125" lon="-122.3991351015865802764892578125">
        <ele>64.40000152587890625</ele>
        <time>2026-04-09T02:09:36.000Z</time>
        <extensions>
          <ns3:TrackPointExtension>
            <ns3:atemp>18.0</ns3:atemp>
            <ns3:hr>135</ns3:hr>
            <ns3:cad>80</ns3:cad>
          </ns3:TrackPointExtension>
        </extensions>
      </trkpt>
      <trkpt lat="37.75949017144739627838134765625" lon="-122.39914096891880035400390625">
        <ele>64</ele>
        <time>2026-04-09T02:09:37.000Z</time>
        <extensions>
          <ns3:TrackPointExtension>
            <ns3:atemp>18.0</ns3:atemp>
            <ns3:hr>135</ns3:hr>
            <ns3:cad>81</ns3:cad>
          </ns3:TrackPointExtension>
        </extensions>
      </trkpt>
      <trkpt lat="37.75952990166842937469482421875" lon="-122.39915261976420879364013671875">
        <ele>63.40000152587890625</ele>
        <time>2026-04-09T02:09:38.000Z</time>
        <extensions>
          <ns3:TrackPointExtension>
            <ns3:atemp>18.0</ns3:atemp>
            <ns3:hr>135</ns3:hr>
            <ns3:cad>81</ns3:cad>
          </ns3:TrackPointExtension>
        </extensions>
      </trkpt>
      <trkpt lat="37.75955840013921260833740234375" lon="-122.3991548828780651092529296875">
        <ele>62.799999237060546875</ele>
        <time>2026-04-09T02:09:39.000Z</time>
        <extensions>
          <ns3:TrackPointExtension>
            <ns3:atemp>18.0</ns3:atemp>
            <ns3:hr>135</ns3:hr>
            <ns3:cad>81</ns3:cad>
          </ns3:TrackPointExtension>
        </extensions>
      </trkpt>
      <trkpt lat="37.75959410704672336578369140625" lon="-122.39915027283132076263427734375">
        <ele>62.40000152587890625</ele>
        <time>2026-04-09T02:09:40.000Z</time>
        <extensions>
          <ns3:TrackPointExtension>
            <ns3:atemp>18.0</ns3:atemp>
            <ns3:hr>135</ns3:hr>
            <ns3:cad>81</ns3:cad>
          </ns3:TrackPointExtension>
        </extensions>
      </trkpt>
      <trkpt lat="37.7596283890306949615478515625" lon="-122.39916183985769748687744140625">
        <ele>61.799999237060546875</ele>
        <time>2026-04-09T02:09:41.000Z</time>
        <extensions>
          <ns3:TrackPointExtension>
            <ns3:atemp>18.0</ns3:atemp>
            <ns3:hr>136</ns3:hr>
            <ns3:cad>81</ns3:cad>
          </ns3:TrackPointExtension>
        </extensions>
      </trkpt>
      <trkpt lat="37.7596552111208438873291015625" lon="-122.3991575650870800018310546875">
        <ele>61.40000152587890625</ele>
        <time>2026-04-09T02:09:42.000Z</time>
        <extensions>
          <ns3:TrackPointExtension>
            <ns3:atemp>18.0</ns3:atemp>
            <ns3:hr>136</ns3:hr>
            <ns3:cad>81</ns3:cad>
          </ns3:TrackPointExtension>
        </extensions>
      </trkpt>
      <trkpt lat="37.759688235819339752197265625" lon="-122.39916016347706317901611328125">
        <ele>60.799999237060546875</ele>
        <time>2026-04-09T02:09:43.000Z</time>
        <extensions>
          <ns3:TrackPointExtension>
            <ns3:atemp>18.0</ns3:atemp>
            <ns3:hr>136</ns3:hr>
            <ns3:cad>81</ns3:cad>
          </ns3:TrackPointExtension>
        </extensions>
      </trkpt>
      <trkpt lat="37.759717404842376708984375" lon="-122.39917022176086902618408203125">
        <ele>60.200000762939453125</ele>
        <time>2026-04-09T02:09:44.000Z</time>
        <extensions>
          <ns3:TrackPointExtension>
            <ns3:atemp>18.0</ns3:atemp>
            <ns3:hr>136</ns3:hr>
            <ns3:cad>80</ns3:cad>
          </ns3:TrackPointExtension>
        </extensions>
      </trkpt>
      <trkpt lat="37.75974766351282596588134765625" lon="-122.3991711437702178955078125">
        <ele>59.799999237060546875</ele>
        <time>2026-04-09T02:09:45.000Z</time>
        <extensions>
          <ns3:TrackPointExtension>
            <ns3:atemp>18.0</ns3:atemp>
            <ns3:hr>136</ns3:hr>
            <ns3:cad>80</ns3:cad>
          </ns3:TrackPointExtension>
        </extensions>
      </trkpt>
      <trkpt lat="37.75978722609579563140869140625" lon="-122.39917726255953311920166015625">
        <ele>59.40000152587890625</ele>
        <time>2026-04-09T02:09:46.000Z</time>
        <extensions>
          <ns3:TrackPointExtension>
            <ns3:atemp>18.0</ns3:atemp>
            <ns3:hr>137</ns3:hr>
            <ns3:cad>81</ns3:cad>
          </ns3:TrackPointExtension>
        </extensions>
      </trkpt>
      <trkpt lat="37.75981136597692966461181640625" lon="-122.39917340688407421112060546875">
        <ele>59.200000762939453125</ele>
        <time>2026-04-09T02:09:47.000Z</time>
        <extensions>
          <ns3:TrackPointExtension>
            <ns3:atemp>18.0</ns3:atemp>
            <ns3:hr>136</ns3:hr>
            <ns3:cad>81</ns3:cad>
          </ns3:TrackPointExtension>
        </extensions>
      </trkpt>
      <trkpt lat="37.75983751751482486724853515625" lon="-122.39917223341763019561767578125">
        <ele>58.799999237060546875</ele>
        <time>2026-04-09T02:09:48.000Z</time>
        <extensions>
          <ns3:TrackPointExtension>
            <ns3:atemp>18.0</ns3:atemp>
            <ns3:hr>136</ns3:hr>
            <ns3:cad>81</ns3:cad>
          </ns3:TrackPointExtension>
        </extensions>
      </trkpt>
      <trkpt lat="37.75986635126173496246337890625" lon="-122.39917810074985027313232421875">
        <ele>58.59999847412109375</ele>
        <time>2026-04-09T02:09:49.000Z</time>
        <extensions>
          <ns3:TrackPointExtension>
            <ns3:atemp>18.0</ns3:atemp>
            <ns3:hr>136</ns3:hr>
            <ns3:cad>81</ns3:cad>
          </ns3:TrackPointExtension>
        </extensions>
      </trkpt>
      <trkpt lat="37.75988110341131687164306640625" lon="-122.399174161255359649658203125">
        <ele>58.59999847412109375</ele>
        <time>2026-04-09T02:09:50.000Z</time>
        <extensions>
          <ns3:TrackPointExtension>
            <ns3:atemp>18.0</ns3:atemp>
            <ns3:hr>136</ns3:hr>
            <ns3:cad>81</ns3:cad>
          </ns3:TrackPointExtension>
        </extensions>
      </trkpt>
      <trkpt lat="37.75990675203502178192138671875" lon="-122.39916737191379070281982421875">
        <ele>58.59999847412109375</ele>
        <time>2026-04-09T02:09:51.000Z</time>
        <extensions>
          <ns3:TrackPointExtension>
            <ns3:atemp>18.0</ns3:atemp>
            <ns3:hr>135</ns3:hr>
            <ns3:cad>81</ns3:cad>
          </ns3:TrackPointExtension>
        </extensions>
      </trkpt>
      <trkpt lat="37.7599304728209972381591796875" lon="-122.39917491562664508819580078125">
        <ele>58.59999847412109375</ele>
        <time>2026-04-09T02:09:52.000Z</time>
        <extensions>
          <ns3:TrackPointExtension>
            <ns3:atemp>18.0</ns3:atemp>
            <ns3:hr>135</ns3:hr>
            <ns3:cad>80</ns3:cad>
          </ns3:TrackPointExtension>
        </extensions>
      </trkpt>
      <trkpt lat="37.75994128547608852386474609375" lon="-122.3991709761321544647216796875">
        <ele>58.59999847412109375</ele>
        <time>2026-04-09T02:09:53.000Z</time>
        <extensions>
          <ns3:TrackPointExtension>
            <ns3:atemp>18.0</ns3:atemp>
            <ns3:hr>135</ns3:hr>
            <ns3:cad>80</ns3:cad>
          </ns3:TrackPointExtension>
        </extensions>
      </trkpt>
      <trkpt lat="37.7599616535007953643798828125" lon="-122.3991753347218036651611328125">
        <ele>58.59999847412109375</ele>
        <time>2026-04-09T02:09:54.000Z</time>
        <extensions>
          <ns3:TrackPointExtension>
            <ns3:atemp>18.0</ns3:atemp>
            <ns3:hr>136</ns3:hr>
            <ns3:cad>81</ns3:cad>
          </ns3:TrackPointExtension>
        </extensions>
      </trkpt>
      <trkpt lat="37.759974561631679534912109375" lon="-122.3991833813488483428955078125">
        <ele>58.40000152587890625</ele>
        <time>2026-04-09T02:09:55.000Z</time>
        <extensions>
          <ns3:TrackPointExtension>
            <ns3:atemp>18.0</ns3:atemp>
            <ns3:hr>135</ns3:hr>
            <ns3:cad>81</ns3:cad>
          </ns3:TrackPointExtension>
        </extensions>
      </trkpt>
      <trkpt lat="37.7599816024303436279296875" lon="-122.39920408464968204498291015625">
        <ele>58.200000762939453125</ele>
        <time>2026-04-09T02:09:56.000Z</time>
        <extensions>
          <ns3:TrackPointExtension>
            <ns3:atemp>18.0</ns3:atemp>
            <ns3:hr>135</ns3:hr>
            <ns3:cad>81</ns3:cad>
          </ns3:TrackPointExtension>
        </extensions>
      </trkpt>
      <trkpt lat="37.75998638011515140533447265625" lon="-122.3992195911705493927001953125">
        <ele>58</ele>
        <time>2026-04-09T02:09:57.000Z</time>
        <extensions>
          <ns3:TrackPointExtension>
            <ns3:atemp>18.0</ns3:atemp>
            <ns3:hr>135</ns3:hr>
            <ns3:cad>80</ns3:cad>
          </ns3:TrackPointExtension>
        </extensions>
      </trkpt>
      <trkpt lat="37.75999275036156177520751953125" lon="-122.39923744462430477142333984375">
        <ele>57.799999237060546875</ele>
        <time>2026-04-09T02:09:58.000Z</time>
        <extensions>
          <ns3:TrackPointExtension>
            <ns3:atemp>18.0</ns3:atemp>
            <ns3:hr>134</ns3:hr>
            <ns3:cad>77</ns3:cad>
          </ns3:TrackPointExtension>
        </extensions>
      </trkpt>
      <trkpt lat="37.75999560020864009857177734375" lon="-122.39925906993448734283447265625">
        <ele>57.40000152587890625</ele>
        <time>2026-04-09T02:09:59.000Z</time>
        <extensions>
          <ns3:TrackPointExtension>
            <ns3:atemp>18.0</ns3:atemp>
            <ns3:hr>134</ns3:hr>
            <ns3:cad>76</ns3:cad>
          </ns3:TrackPointExtension>
        </extensions>
      </trkpt>
      <trkpt lat="37.76000373065471649169921875" lon="-122.39927633665502071380615234375">
        <ele>57</ele>
        <time>2026-04-09T02:10:00.000Z</time>
        <extensions>
          <ns3:TrackPointExtension>
            <ns3:atemp>18.0</ns3:atemp>
            <ns3:hr>134</ns3:hr>
            <ns3:cad>76</ns3:cad>
          </ns3:TrackPointExtension>
        </extensions>
      </trkpt>
      <trkpt lat="37.76001236401498317718505859375" lon="-122.39928622730076313018798828125">
        <ele>56.799999237060546875</ele>
        <time>2026-04-09T02:10:01.000Z</time>
        <extensions>
          <ns3:TrackPointExtension>
            <ns3:atemp>18.0</ns3:atemp>
            <ns3:hr>134</ns3:hr>
            <ns3:cad>75</ns3:cad>
          </ns3:TrackPointExtension>
        </extensions>
      </trkpt>
      <trkpt lat="37.76002678088843822479248046875" lon="-122.39928304217755794525146484375">
        <ele>56.40000152587890625</ele>
        <time>2026-04-09T02:10:02.000Z</time>
        <extensions>
          <ns3:TrackPointExtension>
            <ns3:atemp>18.0</ns3:atemp>
            <ns3:hr>134</ns3:hr>
            <ns3:cad>75</ns3:cad>
          </ns3:TrackPointExtension>
        </extensions>
      </trkpt>
      <trkpt lat="37.76004790328443050384521484375" lon="-122.39927466027438640594482421875">
        <ele>56</ele>
        <time>2026-04-09T02:10:03.000Z</time>
        <extensions>
          <ns3:TrackPointExtension>
            <ns3:atemp>18.0</ns3:atemp>
            <ns3:hr>134</ns3:hr>
            <ns3:cad>75</ns3:cad>
          </ns3:TrackPointExtension>
        </extensions>
      </trkpt>
      <trkpt lat="37.760059051215648651123046875" lon="-122.3992574773728847503662109375">
        <ele>55.799999237060546875</ele>
        <time>2026-04-09T02:10:04.000Z</time>
        <extensions>
          <ns3:TrackPointExtension>
            <ns3:atemp>18.0</ns3:atemp>
            <ns3:hr>133</ns3:hr>
            <ns3:cad>75</ns3:cad>
          </ns3:TrackPointExtension>
        </extensions>
      </trkpt>
      <trkpt lat="37.7600763179361820220947265625" lon="-122.3992400430142879486083984375">
        <ele>55.40000152587890625</ele>
        <time>2026-04-09T02:10:05.000Z</time>
        <extensions>
          <ns3:TrackPointExtension>
            <ns3:atemp>18.0</ns3:atemp>
            <ns3:hr>133</ns3:hr>
            <ns3:cad>75</ns3:cad>
          </ns3:TrackPointExtension>
        </extensions>
      </trkpt>
      <trkpt lat="37.76009358465671539306640625" lon="-122.399221099913120269775390625">
        <ele>55</ele>
        <time>2026-04-09T02:10:06.000Z</time>
        <extensions>
          <ns3:TrackPointExtension>
            <ns3:atemp>18.0</ns3:atemp>
            <ns3:hr>133</ns3:hr>
            <ns3:cad>77</ns3:cad>
          </ns3:TrackPointExtension>
        </extensions>
      </trkpt>
      <trkpt lat="37.760116718709468841552734375" lon="-122.39921338856220245361328125">
        <ele>54.799999237060546875</ele>
        <time>2026-04-09T02:10:07.000Z</time>
        <extensions>
          <ns3:TrackPointExtension>
            <ns3:atemp>18.0</ns3:atemp>
            <ns3:hr>133</ns3:hr>
            <ns3:cad>77</ns3:cad>
          </ns3:TrackPointExtension>
        </extensions>
      </trkpt>
      <trkpt lat="37.76011730544269084930419921875" lon="-122.39921179600059986114501953125">
        <ele>54.40000152587890625</ele>
        <time>2026-04-09T02:10:08.000Z</time>
        <extensions>
          <ns3:TrackPointExtension>
            <ns3:atemp>18.0</ns3:atemp>
            <ns3:hr>133</ns3:hr>
            <ns3:cad>77</ns3:cad>
          </ns3:TrackPointExtension>
        </extensions>
      </trkpt>
      <trkpt lat="37.76012484915554523468017578125" lon="-122.39921741187572479248046875">
        <ele>54</ele>
        <time>2026-04-09T02:10:09.000Z</time>
        <extensions>
          <ns3:TrackPointExtension>
            <ns3:atemp>18.0</ns3:atemp>
            <ns3:hr>132</ns3:hr>
            <ns3:cad>77</ns3:cad>
          </ns3:TrackPointExtension>
        </extensions>
      </trkpt>
      <trkpt lat="37.760130129754543304443359375" lon="-122.3992497660219669342041015625">
        <ele>53.59999847412109375</ele>
        <time>2026-04-09T02:10:10.000Z</time>
        <extensions>
          <ns3:TrackPointExtension>
            <ns3:atemp>18.0</ns3:atemp>
            <ns3:hr>132</ns3:hr>
            <ns3:cad>76</ns3:cad>
          </ns3:TrackPointExtension>
        </extensions>
      </trkpt>
      <trkpt lat="37.76012786664068698883056640625" lon="-122.39926761947572231292724609375">
        <ele>53.40000152587890625</ele>
        <time>2026-04-09T02:10:11.000Z</time>
        <extensions>
          <ns3:TrackPointExtension>
            <ns3:atemp>18.0</ns3:atemp>
            <ns3:hr>132</ns3:hr>
            <ns3:cad>76</ns3:cad>
          </ns3:TrackPointExtension>
        </extensions>
      </trkpt>
      <trkpt lat="37.76011713780462741851806640625" lon="-122.3992779292166233062744140625">
        <ele>53.200000762939453125</ele>
        <time>2026-04-09T02:10:12.000Z</time>
        <extensions>
          <ns3:TrackPointExtension>
            <ns3:atemp>18.0</ns3:atemp>
            <ns3:hr>132</ns3:hr>
            <ns3:cad>76</ns3:cad>
          </ns3:TrackPointExtension>
        </extensions>
      </trkpt>
      <trkpt lat="37.7600944228470325469970703125" lon="-122.39928983151912689208984375">
        <ele>53</ele>
        <time>2026-04-09T02:10:13.000Z</time>
        <extensions>
          <ns3:TrackPointExtension>
            <ns3:atemp>18.0</ns3:atemp>
            <ns3:hr>132</ns3:hr>
            <ns3:cad>79</ns3:cad>
          </ns3:TrackPointExtension>
        </extensions>
      </trkpt>
      <trkpt lat="37.7600830234587192535400390625" lon="-122.39929695613682270050048828125">
        <ele>53.40000152587890625</ele>
        <time>2026-04-09T02:10:14.000Z</time>
        <extensions>
          <ns3:TrackPointExtension>
            <ns3:atemp>18.0</ns3:atemp>
            <ns3:hr>132</ns3:hr>
            <ns3:cad>79</ns3:cad>
          </ns3:TrackPointExtension>
        </extensions>
      </trkpt>
      <trkpt lat="37.76006483472883701324462890625" lon="-122.39929963834583759307861328125">
        <ele>54</ele>
        <time>2026-04-09T02:10:15.000Z</time>
        <extensions>
          <ns3:TrackPointExtension>
            <ns3:atemp>18.0</ns3:atemp>
            <ns3:hr>131</ns3:hr>
            <ns3:cad>79</ns3:cad>
          </ns3:TrackPointExtension>
        </extensions>
      </trkpt>
      <trkpt lat="37.76004404760897159576416015625" lon="-122.39930667914450168609619140625">
        <ele>54.59999847412109375</ele>
        <time>2026-04-09T02:10:16.000Z</time>
        <extensions>
          <ns3:TrackPointExtension>
            <ns3:atemp>18.0</ns3:atemp>
            <ns3:hr>131</ns3:hr>
            <ns3:cad>79</ns3:cad>
          </ns3:TrackPointExtension>
        </extensions>
      </trkpt>
      <trkpt lat="37.7600223384797573089599609375" lon="-122.39930751733481884002685546875">
        <ele>55.200000762939453125</ele>
        <time>2026-04-09T02:10:17.000Z</time>
        <extensions>
          <ns3:TrackPointExtension>
            <ns3:atemp>18.0</ns3:atemp>
            <ns3:hr>131</ns3:hr>
            <ns3:cad>79</ns3:cad>
          </ns3:TrackPointExtension>
        </extensions>
      </trkpt>
      <trkpt lat="37.75999576784670352935791015625" lon="-122.39931321702897548675537109375">
        <ele>55.799999237060546875</ele>
        <time>2026-04-09T02:10:18.000Z</time>
        <extensions>
          <ns3:TrackPointExtension>
            <ns3:atemp>18.0</ns3:atemp>
            <ns3:hr>130</ns3:hr>
            <ns3:cad>79</ns3:cad>
          </ns3:TrackPointExtension>
        </extensions>
      </trkpt>
      <trkpt lat="37.75998252443969249725341796875" lon="-122.399317659437656402587890625">
        <ele>56.200000762939453125</ele>
        <time>2026-04-09T02:10:19.000Z</time>
        <extensions>
          <ns3:TrackPointExtension>
            <ns3:atemp>18.0</ns3:atemp>
            <ns3:hr>130</ns3:hr>
            <ns3:cad>81</ns3:cad>
          </ns3:TrackPointExtension>
        </extensions>
      </trkpt>
      <trkpt lat="37.759949751198291778564453125" lon="-122.399312295019626617431640625">
        <ele>56.799999237060546875</ele>
        <time>2026-04-09T02:10:20.000Z</time>
        <extensions>
          <ns3:TrackPointExtension>
            <ns3:atemp>18.0</ns3:atemp>
            <ns3:hr>130</ns3:hr>
            <ns3:cad>81</ns3:cad>
          </ns3:TrackPointExtension>
        </extensions>
      </trkpt>
      <trkpt lat="37.75991789996623992919921875" lon="-122.3993057571351528167724609375">
        <ele>57</ele>
        <time>2026-04-09T02:10:21.000Z</time>
        <extensions>
          <ns3:TrackPointExtension>
            <ns3:atemp>18.0</ns3:atemp>
            <ns3:hr>130</ns3:hr>
            <ns3:cad>81</ns3:cad>
          </ns3:TrackPointExtension>
        </extensions>
      </trkpt>
      <trkpt lat="37.75988780893385410308837890625" lon="-122.39929980598390102386474609375">
        <ele>57.200000762939453125</ele>
        <time>2026-04-09T02:10:22.000Z</time>
        <extensions>
          <ns3:TrackPointExtension>
            <ns3:atemp>18.0</ns3:atemp>
            <ns3:hr>130</ns3:hr>
            <ns3:cad>81</ns3:cad>
          </ns3:TrackPointExtension>
        </extensions>
      </trkpt>
      <trkpt lat="37.75985084474086761474609375" lon="-122.39928941242396831512451171875">
        <ele>57.40000152587890625</ele>
        <time>2026-04-09T02:10:23.000Z</time>
        <extensions>
          <ns3:TrackPointExtension>
            <ns3:atemp>18.0</ns3:atemp>
            <ns3:hr>130</ns3:hr>
            <ns3:cad>81</ns3:cad>
          </ns3:TrackPointExtension>
        </extensions>
      </trkpt>
      <trkpt lat="37.75982670485973358154296875" lon="-122.39928220398724079132080078125">
        <ele>57.59999847412109375</ele>
        <time>2026-04-09T02:10:24.000Z</time>
        <extensions>
          <ns3:TrackPointExtension>
            <ns3:atemp>18.0</ns3:atemp>
            <ns3:hr>131</ns3:hr>
            <ns3:cad>81</ns3:cad>
          </ns3:TrackPointExtension>
        </extensions>
      </trkpt>
      <trkpt lat="37.75978974066674709320068359375" lon="-122.39927181042730808258056640625">
        <ele>57.59999847412109375</ele>
        <time>2026-04-09T02:10:25.000Z</time>
        <extensions>
          <ns3:TrackPointExtension>
            <ns3:atemp>18.0</ns3:atemp>
            <ns3:hr>131</ns3:hr>
            <ns3:cad>81</ns3:cad>
          </ns3:TrackPointExtension>
        </extensions>
      </trkpt>
      <trkpt lat="37.75977146811783313751220703125" lon="-122.399264015257358551025390625">
        <ele>57.799999237060546875</ele>
        <time>2026-04-09T02:10:26.000Z</time>
        <extensions>
          <ns3:TrackPointExtension>
            <ns3:atemp>18.0</ns3:atemp>
            <ns3:hr>132</ns3:hr>
            <ns3:cad>85</ns3:cad>
          </ns3:TrackPointExtension>
        </extensions>
      </trkpt>
      <trkpt lat="37.75974011979997158050537109375" lon="-122.3992596566677093505859375">
        <ele>58.200000762939453125</ele>
        <time>2026-04-09T02:10:27.000Z</time>
        <extensions>
          <ns3:TrackPointExtension>
            <ns3:atemp>18.0</ns3:atemp>
            <ns3:hr>133</ns3:hr>
            <ns3:cad>86</ns3:cad>
          </ns3:TrackPointExtension>
        </extensions>
      </trkpt>
      <trkpt lat="37.75970776565372943878173828125" lon="-122.39925839938223361968994140625">
        <ele>58.799999237060546875</ele>
        <time>2026-04-09T02:10:28.000Z</time>
        <extensions>
          <ns3:TrackPointExtension>
            <ns3:atemp>18.0</ns3:atemp>
            <ns3:hr>134</ns3:hr>
            <ns3:cad>86</ns3:cad>
          </ns3:TrackPointExtension>
        </extensions>
      </trkpt>
      <trkpt lat="37.75968027301132678985595703125" lon="-122.39925789646804332733154296875">
        <ele>59.200000762939453125</ele>
        <time>2026-04-09T02:10:29.000Z</time>
        <extensions>
          <ns3:TrackPointExtension>
            <ns3:atemp>18.0</ns3:atemp>
            <ns3:hr>135</ns3:hr>
            <ns3:cad>86</ns3:cad>
          </ns3:TrackPointExtension>
        </extensions>
      </trkpt>
      <trkpt lat="37.7596451528370380401611328125" lon="-122.39925605244934558868408203125">
        <ele>59.59999847412109375</ele>
        <time>2026-04-09T02:10:30.000Z</time>
        <extensions>
          <ns3:TrackPointExtension>
            <ns3:atemp>18.0</ns3:atemp>
            <ns3:hr>136</ns3:hr>
            <ns3:cad>85</ns3:cad>
          </ns3:TrackPointExtension>
        </extensions>
      </trkpt>
      <trkpt lat="37.759617157280445098876953125" lon="-122.39924901165068149566650390625">
        <ele>59.799999237060546875</ele>
        <time>2026-04-09T02:10:31.000Z</time>
        <extensions>
          <ns3:TrackPointExtension>
            <ns3:atemp>18.0</ns3:atemp>
            <ns3:hr>137</ns3:hr>
            <ns3:cad>85</ns3:cad>
          </ns3:TrackPointExtension>
        </extensions>
      </trkpt>
      <trkpt lat="37.7595913410186767578125" lon="-122.39924699999392032623291015625">
        <ele>60.200000762939453125</ele>
        <time>2026-04-09T02:10:32.000Z</time>
        <extensions>
          <ns3:TrackPointExtension>
            <ns3:atemp>18.0</ns3:atemp>
            <ns3:hr>139</ns3:hr>
            <ns3:cad>85</ns3:cad>
          </ns3:TrackPointExtension>
        </extensions>
      </trkpt>
      <trkpt lat="37.7595599927008152008056640625" lon="-122.39923593588173389434814453125">
        <ele>60.59999847412109375</ele>
        <time>2026-04-09T02:10:33.000Z</time>
        <extensions>
          <ns3:TrackPointExtension>
            <ns3:atemp>18.0</ns3:atemp>
            <ns3:hr>140</ns3:hr>
            <ns3:cad>85</ns3:cad>
          </ns3:TrackPointExtension>
        </extensions>
      </trkpt>
      <trkpt lat="37.75953677482903003692626953125" lon="-122.39923476241528987884521484375">
        <ele>61</ele>
        <time>2026-04-09T02:10:34.000Z</time>
        <extensions>
          <ns3:TrackPointExtension>
            <ns3:atemp>18.0</ns3:atemp>
            <ns3:hr>141</ns3:hr>
            <ns3:cad>85</ns3:cad>
          </ns3:TrackPointExtension>
        </extensions>
      </trkpt>
      <trkpt lat="37.75950140319764614105224609375" lon="-122.39923761226236820220947265625">
        <ele>61.40000152587890625</ele>
        <time>2026-04-09T02:10:35.000Z</time>
        <extensions>
          <ns3:TrackPointExtension>
            <ns3:atemp>18.0</ns3:atemp>
            <ns3:hr>142</ns3:hr>
            <ns3:cad>85</ns3:cad>
          </ns3:TrackPointExtension>
        </extensions>
      </trkpt>
      <trkpt lat="37.7594704739749431610107421875" lon="-122.3992299847304821014404296875">
        <ele>61.59999847412109375</ele>
        <time>2026-04-09T02:10:36.000Z</time>
        <extensions>
          <ns3:TrackPointExtension>
            <ns3:atemp>18.0</ns3:atemp>
            <ns3:hr>144</ns3:hr>
            <ns3:cad>85</ns3:cad>
          </ns3:TrackPointExtension>
        </extensions>
      </trkpt>
      <trkpt lat="37.7594426460564136505126953125" lon="-122.3992293141782283782958984375">
        <ele>62</ele>
        <time>2026-04-09T02:10:37.000Z</time>
        <extensions>
          <ns3:TrackPointExtension>
            <ns3:atemp>18.0</ns3:atemp>
            <ns3:hr>145</ns3:hr>
            <ns3:cad>84</ns3:cad>
          </ns3:TrackPointExtension>
        </extensions>
      </trkpt>
      <trkpt lat="37.75941188447177410125732421875" lon="-122.3992256261408329010009765625">
        <ele>62.40000152587890625</ele>
        <time>2026-04-09T02:10:38.000Z</time>
        <extensions>
          <ns3:TrackPointExtension>
            <ns3:atemp>18.0</ns3:atemp>
            <ns3:hr>147</ns3:hr>
            <ns3:cad>84</ns3:cad>
          </ns3:TrackPointExtension>
        </extensions>
      </trkpt>
      <trkpt lat="37.75938489474356174468994140625" lon="-122.39922344684600830078125">
        <ele>62.799999237060546875</ele>
        <time>2026-04-09T02:10:39.000Z</time>
        <extensions>
          <ns3:TrackPointExtension>
            <ns3:atemp>18.0</ns3:atemp>
            <ns3:hr>148</ns3:hr>
            <ns3:cad>84</ns3:cad>
          </ns3:TrackPointExtension>
        </extensions>
      </trkpt>
      <trkpt lat="37.7593484334647655487060546875" lon="-122.39921079017221927642822265625">
        <ele>63.200000762939453125</ele>
        <time>2026-04-09T02:10:40.000Z</time>
        <extensions>
          <ns3:TrackPointExtension>
            <ns3:atemp>18.0</ns3:atemp>
            <ns3:hr>150</ns3:hr>
            <ns3:cad>84</ns3:cad>
          </ns3:TrackPointExtension>
        </extensions>
      </trkpt>
      <trkpt lat="37.75932488031685352325439453125" lon="-122.399205677211284637451171875">
        <ele>63.59999847412109375</ele>
        <time>2026-04-09T02:10:41.000Z</time>
        <extensions>
          <ns3:TrackPointExtension>
            <ns3:atemp>18.0</ns3:atemp>
            <ns3:hr>151</ns3:hr>
            <ns3:cad>85</ns3:cad>
          </ns3:TrackPointExtension>
        </extensions>
      </trkpt>
      <trkpt lat="37.75930141098797321319580078125" lon="-122.39919654093682765960693359375">
        <ele>64.1999969482421875</ele>
        <time>2026-04-09T02:10:42.000Z</time>
        <extensions>
          <ns3:TrackPointExtension>
            <ns3:atemp>18.0</ns3:atemp>
            <ns3:hr>152</ns3:hr>
            <ns3:cad>85</ns3:cad>
          </ns3:TrackPointExtension>
        </extensions>
      </trkpt>
      <trkpt lat="37.7593135647475719451904296875" lon="-122.39918028004467487335205078125">
        <ele>64.8000030517578125</ele>
        <time>2026-04-09T02:10:43.000Z</time>
        <extensions>
          <ns3:TrackPointExtension>
            <ns3:atemp>18.0</ns3:atemp>
            <ns3:hr>153</ns3:hr>
            <ns3:cad>85</ns3:cad>
          </ns3:TrackPointExtension>
        </extensions>
      </trkpt>
      <trkpt lat="37.75932773016393184661865234375" lon="-122.39917315542697906494140625">
        <ele>65</ele>
        <time>2026-04-09T02:10:44.000Z</time>
        <extensions>
          <ns3:TrackPointExtension>
            <ns3:atemp>18.0</ns3:atemp>
            <ns3:hr>154</ns3:hr>
            <ns3:cad>83</ns3:cad>
          </ns3:TrackPointExtension>
        </extensions>
      </trkpt>
      <trkpt lat="37.75934868492186069488525390625" lon="-122.3991612531244754791259765625">
        <ele>65.1999969482421875</ele>
        <time>2026-04-09T02:10:45.000Z</time>
        <extensions>
          <ns3:TrackPointExtension>
            <ns3:atemp>17.0</ns3:atemp>
            <ns3:hr>155</ns3:hr>
            <ns3:cad>83</ns3:cad>
          </ns3:TrackPointExtension>
        </extensions>
      </trkpt>
      <trkpt lat="37.759371064603328704833984375" lon="-122.39914692007005214691162109375">
        <ele>65.1999969482421875</ele>
        <time>2026-04-09T02:10:46.000Z</time>
        <extensions>
          <ns3:TrackPointExtension>
            <ns3:atemp>18.0</ns3:atemp>
            <ns3:hr>156</ns3:hr>
            <ns3:cad>79</ns3:cad>
          </ns3:TrackPointExtension>
        </extensions>
      </trkpt>
      <trkpt lat="37.75939579121768474578857421875" lon="-122.39914054982364177703857421875">
        <ele>65</ele>
        <time>2026-04-09T02:10:47.000Z</time>
        <extensions>
          <ns3:TrackPointExtension>
            <ns3:atemp>18.0</ns3:atemp>
            <ns3:hr>157</ns3:hr>
            <ns3:cad>78</ns3:cad>
          </ns3:TrackPointExtension>
        </extensions>
      </trkpt>
      <trkpt lat="37.75941322557628154754638671875" lon="-122.39913149736821651458740234375">
        <ele>64.59999847412109375</ele>
        <time>2026-04-09T02:10:48.000Z</time>
        <extensions>
          <ns3:TrackPointExtension>
            <ns3:atemp>18.0</ns3:atemp>
            <ns3:hr>158</ns3:hr>
            <ns3:cad>78</ns3:cad>
          </ns3:TrackPointExtension>
        </extensions>
      </trkpt>
      <trkpt lat="37.75943418033421039581298828125" lon="-122.399123869836330413818359375">
        <ele>64.1999969482421875</ele>
        <time>2026-04-09T02:10:49.000Z</time>
        <extensions>
          <ns3:TrackPointExtension>
            <ns3:atemp>18.0</ns3:atemp>
            <ns3:hr>158</ns3:hr>
            <ns3:cad>78</ns3:cad>
          </ns3:TrackPointExtension>
        </extensions>
      </trkpt>
      <trkpt lat="37.75946049951016902923583984375" lon="-122.39913350902497768402099609375">
        <ele>64</ele>
        <time>2026-04-09T02:10:50.000Z</time>
        <extensions>
          <ns3:TrackPointExtension>
            <ns3:atemp>18.0</ns3:atemp>
            <ns3:hr>159</ns3:hr>
            <ns3:cad>78</ns3:cad>
          </ns3:TrackPointExtension>
        </extensions>
      </trkpt>
      <trkpt lat="37.75947759859263896942138671875" lon="-122.39913820289075374603271484375">
        <ele>63.59999847412109375</ele>
        <time>2026-04-09T02:10:51.000Z</time>
        <extensions>
          <ns3:TrackPointExtension>
            <ns3:atemp>18.0</ns3:atemp>
            <ns3:hr>158</ns3:hr>
            <ns3:cad>77</ns3:cad>
          </ns3:TrackPointExtension>
        </extensions>
      </trkpt>
      <trkpt lat="37.7594902552664279937744140625" lon="-122.39913367666304111480712890625">
        <ele>63.200000762939453125</ele>
        <time>2026-04-09T02:10:52.000Z</time>
        <extensions>
          <ns3:TrackPointExtension>
            <ns3:atemp>18.0</ns3:atemp>
            <ns3:hr>158</ns3:hr>
            <ns3:cad>76</ns3:cad>
          </ns3:TrackPointExtension>
        </extensions>
      </trkpt>
      <trkpt lat="37.75951012037694454193115234375" lon="-122.3991282284259796142578125">
        <ele>63</ele>
        <time>2026-04-09T02:10:53.000Z</time>
        <extensions>
          <ns3:TrackPointExtension>
            <ns3:atemp>18.0</ns3:atemp>
            <ns3:hr>159</ns3:hr>
            <ns3:cad>76</ns3:cad>
          </ns3:TrackPointExtension>
        </extensions>
      </trkpt>
      <trkpt lat="37.7595318295061588287353515625" lon="-122.39913736470043659210205078125">
        <ele>62.799999237060546875</ele>
        <time>2026-04-09T02:10:54.000Z</time>
        <extensions>
          <ns3:TrackPointExtension>
            <ns3:atemp>17.0</ns3:atemp>
            <ns3:hr>158</ns3:hr>
            <ns3:cad>76</ns3:cad>
          </ns3:TrackPointExtension>
        </extensions>
      </trkpt>
      <trkpt lat="37.759550102055072784423828125" lon="-122.399136610329151153564453125">
        <ele>62.40000152587890625</ele>
        <time>2026-04-09T02:10:55.000Z</time>
        <extensions>
          <ns3:TrackPointExtension>
            <ns3:atemp>18.0</ns3:atemp>
            <ns3:hr>158</ns3:hr>
            <ns3:cad>76</ns3:cad>
          </ns3:TrackPointExtension>
        </extensions>
      </trkpt>
      <trkpt lat="37.7595690451562404632568359375" lon="-122.39913367666304111480712890625">
        <ele>62.200000762939453125</ele>
        <time>2026-04-09T02:10:56.000Z</time>
        <extensions>
          <ns3:TrackPointExtension>
            <ns3:atemp>18.0</ns3:atemp>
            <ns3:hr>158</ns3:hr>
            <ns3:cad>76</ns3:cad>
          </ns3:TrackPointExtension>
        </extensions>
      </trkpt>
      <trkpt lat="37.75958823971450328826904296875" lon="-122.39913485012948513031005859375">
        <ele>62</ele>
        <time>2026-04-09T02:10:57.000Z</time>
        <extensions>
          <ns3:TrackPointExtension>
            <ns3:atemp>17.0</ns3:atemp>
            <ns3:hr>157</ns3:hr>
            <ns3:cad>76</ns3:cad>
          </ns3:TrackPointExtension>
        </extensions>
      </trkpt>
      <trkpt lat="37.759610116481781005859375" lon="-122.3991478420794010162353515625">
        <ele>61.59999847412109375</ele>
        <time>2026-04-09T02:10:58.000Z</time>
        <extensions>
          <ns3:TrackPointExtension>
            <ns3:atemp>18.0</ns3:atemp>
            <ns3:hr>157</ns3:hr>
            <ns3:cad>76</ns3:cad>
          </ns3:TrackPointExtension>
        </extensions>
      </trkpt>
      <trkpt lat="37.759623862802982330322265625" lon="-122.39915479905903339385986328125">
        <ele>61.40000152587890625</ele>
        <time>2026-04-09T02:10:59.000Z</time>
        <extensions>
          <ns3:TrackPointExtension>
            <ns3:atemp>18.0</ns3:atemp>
            <ns3:hr>156</ns3:hr>
            <ns3:cad>77</ns3:cad>
          </ns3:TrackPointExtension>
        </extensions>
      </trkpt>
      <trkpt lat="37.75964356027543544769287109375" lon="-122.3991589061915874481201171875">
        <ele>61.200000762939453125</ele>
        <time>2026-04-09T02:11:00.000Z</time>
        <extensions>
          <ns3:TrackPointExtension>
            <ns3:atemp>18.0</ns3:atemp>
            <ns3:hr>156</ns3:hr>
            <ns3:cad>77</ns3:cad>
          </ns3:TrackPointExtension>
        </extensions>
      </trkpt>
      <trkpt lat="37.75967055000364780426025390625" lon="-122.3991636000573635101318359375">
        <ele>60.799999237060546875</ele>
        <time>2026-04-09T02:11:01.000Z</time>
        <extensions>
          <ns3:TrackPointExtension>
            <ns3:atemp>18.0</ns3:atemp>
            <ns3:hr>155</ns3:hr>
            <ns3:cad>77</ns3:cad>
          </ns3:TrackPointExtension>
        </extensions>
      </trkpt>
      <trkpt lat="37.7596884034574031829833984375" lon="-122.3991686291992664337158203125">
        <ele>60.40000152587890625</ele>
        <time>2026-04-09T02:11:02.000Z</time>
        <extensions>
          <ns3:TrackPointExtension>
            <ns3:atemp>18.0</ns3:atemp>
            <ns3:hr>155</ns3:hr>
            <ns3:cad>77</ns3:cad>
          </ns3:TrackPointExtension>
        </extensions>
      </trkpt>
      <trkpt lat="37.75970625691115856170654296875" lon="-122.3991684615612030029296875">
        <ele>60</ele>
        <time>2026-04-09T02:11:03.000Z</time>
        <extensions>
          <ns3:TrackPointExtension>
            <ns3:atemp>18.0</ns3:atemp>
            <ns3:hr>154</ns3:hr>
            <ns3:cad>76</ns3:cad>
          </ns3:TrackPointExtension>
        </extensions>
      </trkpt>
      <trkpt lat="37.75972654111683368682861328125" lon="-122.39917206577956676483154296875">
        <ele>59.59999847412109375</ele>
        <time>2026-04-09T02:11:04.000Z</time>
        <extensions>
          <ns3:TrackPointExtension>
            <ns3:atemp>18.0</ns3:atemp>
            <ns3:hr>154</ns3:hr>
            <ns3:cad>76</ns3:cad>
          </ns3:TrackPointExtension>
        </extensions>
      </trkpt>
      <trkpt lat="37.759750597178936004638671875" lon="-122.3991847224533557891845703125">
        <ele>59.40000152587890625</ele>
        <time>2026-04-09T02:11:05.000Z</time>
        <extensions>
          <ns3:TrackPointExtension>
            <ns3:atemp>18.0</ns3:atemp>
            <ns3:hr>154</ns3:hr>
            <ns3:cad>77</ns3:cad>
          </ns3:TrackPointExtension>
        </extensions>
      </trkpt>
      <trkpt lat="37.75977029465138912200927734375" lon="-122.399186901748180389404296875">
        <ele>59.200000762939453125</ele>
        <time>2026-04-09T02:11:06.000Z</time>
        <extensions>
          <ns3:TrackPointExtension>
            <ns3:atemp>18.0</ns3:atemp>
            <ns3:hr>153</ns3:hr>
            <ns3:cad>77</ns3:cad>
          </ns3:TrackPointExtension>
        </extensions>
      </trkpt>
      <trkpt lat="37.75979049503803253173828125" lon="-122.3991884104907512664794921875">
        <ele>59</ele>
        <time>2026-04-09T02:11:07.000Z</time>
        <extensions>
          <ns3:TrackPointExtension>
            <ns3:atemp>18.0</ns3:atemp>
            <ns3:hr>153</ns3:hr>
            <ns3:cad>77</ns3:cad>
          </ns3:TrackPointExtension>
        </extensions>
      </trkpt>
      <trkpt lat="37.75981505401432514190673828125" lon="-122.3991894163191318511962890625">
        <ele>58.799999237060546875</ele>
        <time>2026-04-09T02:11:08.000Z</time>
        <extensions>
          <ns3:TrackPointExtension>
            <ns3:atemp>18.0</ns3:atemp>
            <ns3:hr>152</ns3:hr>
            <ns3:cad>77</ns3:cad>
          </ns3:TrackPointExtension>
        </extensions>
      </trkpt>
      <trkpt lat="37.75982444174587726593017578125" lon="-122.3991979658603668212890625">
        <ele>58.59999847412109375</ele>
        <time>2026-04-09T02:11:09.000Z</time>
        <extensions>
          <ns3:TrackPointExtension>
            <ns3:atemp>18.0</ns3:atemp>
            <ns3:hr>152</ns3:hr>
            <ns3:cad>80</ns3:cad>
          </ns3:TrackPointExtension>
        </extensions>
      </trkpt>
      <trkpt lat="37.759828381240367889404296875" lon="-122.39922101609408855438232421875">
        <ele>58.59999847412109375</ele>
        <time>2026-04-09T02:11:10.000Z</time>
        <extensions>
          <ns3:TrackPointExtension>
            <ns3:atemp>18.0</ns3:atemp>
            <ns3:hr>151</ns3:hr>
            <ns3:cad>80</ns3:cad>
          </ns3:TrackPointExtension>
        </extensions>
      </trkpt>
      <trkpt lat="37.75982410646975040435791015625" lon="-122.39924113266170024871826171875">
        <ele>58.40000152587890625</ele>
        <time>2026-04-09T02:11:11.000Z</time>
        <extensions>
          <ns3:TrackPointExtension>
            <ns3:atemp>18.0</ns3:atemp>
            <ns3:hr>151</ns3:hr>
            <ns3:cad>80</ns3:cad>
          </ns3:TrackPointExtension>
        </extensions>
      </trkpt>
      <trkpt lat="37.75980130769312381744384765625" lon="-122.3992474190890789031982421875">
        <ele>58</ele>
        <time>2026-04-09T02:11:12.000Z</time>
        <extensions>
          <ns3:TrackPointExtension>
            <ns3:atemp>18.0</ns3:atemp>
            <ns3:hr>151</ns3:hr>
            <ns3:cad>80</ns3:cad>
          </ns3:TrackPointExtension>
        </extensions>
      </trkpt>
      <trkpt lat="37.7597822807729244232177734375" lon="-122.399247922003269195556640625">
        <ele>57.799999237060546875</ele>
        <time>2026-04-09T02:11:13.000Z</time>
        <extensions>
          <ns3:TrackPointExtension>
            <ns3:atemp>18.0</ns3:atemp>
            <ns3:hr>150</ns3:hr>
            <ns3:cad>80</ns3:cad>
          </ns3:TrackPointExtension>
        </extensions>
      </trkpt>
      <trkpt lat="37.75975696742534637451171875" lon="-122.39924817346036434173583984375">
        <ele>57.799999237060546875</ele>
        <time>2026-04-09T02:11:14.000Z</time>
        <extensions>
          <ns3:TrackPointExtension>
            <ns3:atemp>18.0</ns3:atemp>
            <ns3:hr>150</ns3:hr>
            <ns3:cad>80</ns3:cad>
          </ns3:TrackPointExtension>
        </extensions>
      </trkpt>
      <trkpt lat="37.75972612202167510986328125" lon="-122.399247586727142333984375">
        <ele>58</ele>
        <time>2026-04-09T02:11:15.000Z</time>
        <extensions>
          <ns3:TrackPointExtension>
            <ns3:atemp>18.0</ns3:atemp>
            <ns3:hr>149</ns3:hr>
            <ns3:cad>85</ns3:cad>
          </ns3:TrackPointExtension>
        </extensions>
      </trkpt>
      <trkpt lat="37.75970508344471454620361328125" lon="-122.39925152622163295745849609375">
        <ele>58.200000762939453125</ele>
        <time>2026-04-09T02:11:16.000Z</time>
        <extensions>
          <ns3:TrackPointExtension>
            <ns3:atemp>18.0</ns3:atemp>
            <ns3:hr>149</ns3:hr>
            <ns3:cad>85</ns3:cad>
          </ns3:TrackPointExtension>
        </extensions>
      </trkpt>
      <trkpt lat="37.7596672810614109039306640625" lon="-122.39925236441195011138916015625">
        <ele>58.59999847412109375</ele>
        <time>2026-04-09T02:11:17.000Z</time>
        <extensions>
          <ns3:TrackPointExtension>
            <ns3:atemp>18.0</ns3:atemp>
            <ns3:hr>148</ns3:hr>
            <ns3:cad>85</ns3:cad>
          </ns3:TrackPointExtension>
        </extensions>
      </trkpt>
      <trkpt lat="37.7596464939415454864501953125" lon="-122.39925135858356952667236328125">
        <ele>59.200000762939453125</ele>
        <time>2026-04-09T02:11:18.000Z</time>
        <extensions>
          <ns3:TrackPointExtension>
            <ns3:atemp>18.0</ns3:atemp>
            <ns3:hr>148</ns3:hr>
            <ns3:cad>85</ns3:cad>
          </ns3:TrackPointExtension>
        </extensions>
      </trkpt>
      <trkpt lat="37.75961774401366710662841796875" lon="-122.39924800582230091094970703125">
        <ele>59.59999847412109375</ele>
        <time>2026-04-09T02:11:19.000Z</time>
        <extensions>
          <ns3:TrackPointExtension>
            <ns3:atemp>18.0</ns3:atemp>
            <ns3:hr>147</ns3:hr>
            <ns3:cad>85</ns3:cad>
          </ns3:TrackPointExtension>
        </extensions>
      </trkpt>
      <trkpt lat="37.75959360413253307342529296875" lon="-122.39924557507038116455078125">
        <ele>60</ele>
        <time>2026-04-09T02:11:20.000Z</time>
        <extensions>
          <ns3:TrackPointExtension>
            <ns3:atemp>18.0</ns3:atemp>
            <ns3:hr>147</ns3:hr>
            <ns3:cad>85</ns3:cad>
          </ns3:TrackPointExtension>
        </extensions>
      </trkpt>
      <trkpt lat="37.75957365520298480987548828125" lon="-122.399243898689746856689453125">
        <ele>60.40000152587890625</ele>
        <time>2026-04-09T02:11:21.000Z</time>
        <extensions>
          <ns3:TrackPointExtension>
            <ns3:atemp>18.0</ns3:atemp>
            <ns3:hr>146</ns3:hr>
            <ns3:cad>85</ns3:cad>
          </ns3:TrackPointExtension>
        </extensions>
      </trkpt>
      <trkpt lat="37.7595459111034870147705078125" lon="-122.39924146793782711029052734375">
        <ele>60.799999237060546875</ele>
        <time>2026-04-09T02:11:22.000Z</time>
        <extensions>
          <ns3:TrackPointExtension>
            <ns3:atemp>18.0</ns3:atemp>
            <ns3:hr>145</ns3:hr>
            <ns3:cad>85</ns3:cad>
          </ns3:TrackPointExtension>
        </extensions>
      </trkpt>
      <trkpt lat="37.7595261298120021820068359375" lon="-122.39924163557589054107666015625">
        <ele>61.200000762939453125</ele>
        <time>2026-04-09T02:11:23.000Z</time>
        <extensions>
          <ns3:TrackPointExtension>
            <ns3:atemp>18.0</ns3:atemp>
            <ns3:hr>145</ns3:hr>
            <ns3:cad>86</ns3:cad>
          </ns3:TrackPointExtension>
        </extensions>
      </trkpt>
      <trkpt lat="37.75949218310415744781494140625" lon="-122.39924247376620769500732421875">
        <ele>61.59999847412109375</ele>
        <time>2026-04-09T02:11:24.000Z</time>
        <extensions>
          <ns3:TrackPointExtension>
            <ns3:atemp>18.0</ns3:atemp>
            <ns3:hr>144</ns3:hr>
            <ns3:cad>86</ns3:cad>
          </ns3:TrackPointExtension>
        </extensions>
      </trkpt>
      <trkpt lat="37.75946921668946743011474609375" lon="-122.39923409186303615570068359375">
        <ele>62.200000762939453125</ele>
        <time>2026-04-09T02:11:25.000Z</time>
        <extensions>
          <ns3:TrackPointExtension>
            <ns3:atemp>18.0</ns3:atemp>
            <ns3:hr>144</ns3:hr>
            <ns3:cad>85</ns3:cad>
          </ns3:TrackPointExtension>
        </extensions>
      </trkpt>
      <trkpt lat="37.759435437619686126708984375" lon="-122.39923325367271900177001953125">
        <ele>62.59999847412109375</ele>
        <time>2026-04-09T02:11:26.000Z</time>
        <extensions>
          <ns3:TrackPointExtension>
            <ns3:atemp>18.0</ns3:atemp>
            <ns3:hr>144</ns3:hr>
            <ns3:cad>85</ns3:cad>
          </ns3:TrackPointExtension>
        </extensions>
      </trkpt>
      <trkpt lat="37.75940752588212490081787109375" lon="-122.3992309905588626861572265625">
        <ele>62.799999237060546875</ele>
        <time>2026-04-09T02:11:27.000Z</time>
        <extensions>
          <ns3:TrackPointExtension>
            <ns3:atemp>18.0</ns3:atemp>
            <ns3:hr>144</ns3:hr>
            <ns3:cad>85</ns3:cad>
          </ns3:TrackPointExtension>
        </extensions>
      </trkpt>
      <trkpt lat="37.75937768630683422088623046875" lon="-122.3992286436259746551513671875">
        <ele>63.40000152587890625</ele>
        <time>2026-04-09T02:11:28.000Z</time>
        <extensions>
          <ns3:TrackPointExtension>
            <ns3:atemp>18.0</ns3:atemp>
            <ns3:hr>144</ns3:hr>
            <ns3:cad>86</ns3:cad>
          </ns3:TrackPointExtension>
        </extensions>
      </trkpt>
      <trkpt lat="37.7593480981886386871337890625" lon="-122.39922034554183483123779296875">
        <ele>63.799999237060546875</ele>
        <time>2026-04-09T02:11:29.000Z</time>
        <extensions>
          <ns3:TrackPointExtension>
            <ns3:atemp>18.0</ns3:atemp>
            <ns3:hr>144</ns3:hr>
            <ns3:cad>86</ns3:cad>
          </ns3:TrackPointExtension>
        </extensions>
      </trkpt>
      <trkpt lat="37.75931867770850658416748046875" lon="-122.39921347238123416900634765625">
        <ele>64</ele>
        <time>2026-04-09T02:11:30.000Z</time>
        <extensions>
          <ns3:TrackPointExtension>
            <ns3:atemp>18.0</ns3:atemp>
            <ns3:hr>145</ns3:hr>
            <ns3:cad>86</ns3:cad>
          </ns3:TrackPointExtension>
        </extensions>
      </trkpt>
      <trkpt lat="37.75928162969648838043212890625" lon="-122.39920877851545810699462890625">
        <ele>64.59999847412109375</ele>
        <time>2026-04-09T02:11:31.000Z</time>
        <extensions>
          <ns3:TrackPointExtension>
            <ns3:atemp>18.0</ns3:atemp>
            <ns3:hr>146</ns3:hr>
            <ns3:cad>86</ns3:cad>
          </ns3:TrackPointExtension>
        </extensions>
      </trkpt>
      <trkpt lat="37.75925531052052974700927734375" lon="-122.3992108739912509918212890625">
        <ele>65</ele>
        <time>2026-04-09T02:11:32.000Z</time>
        <extensions>
          <ns3:TrackPointExtension>
            <ns3:atemp>18.0</ns3:atemp>
            <ns3:hr>147</ns3:hr>
            <ns3:cad>87</ns3:cad>
          </ns3:TrackPointExtension>
        </extensions>
      </trkpt>
      <trkpt lat="37.7592233754694461822509765625" lon="-122.39920827560126781463623046875">
        <ele>65.40000152587890625</ele>
        <time>2026-04-09T02:11:33.000Z</time>
        <extensions>
          <ns3:TrackPointExtension>
            <ns3:atemp>18.0</ns3:atemp>
            <ns3:hr>148</ns3:hr>
            <ns3:cad>87</ns3:cad>
          </ns3:TrackPointExtension>
        </extensions>
      </trkpt>
      <trkpt lat="37.7592059411108493804931640625" lon="-122.3992038331925868988037109375">
        <ele>65.8000030517578125</ele>
        <time>2026-04-09T02:11:34.000Z</time>
        <extensions>
          <ns3:TrackPointExtension>
            <ns3:atemp>18.0</ns3:atemp>
            <ns3:hr>149</ns3:hr>
            <ns3:cad>87</ns3:cad>
          </ns3:TrackPointExtension>
        </extensions>
      </trkpt>
      <trkpt lat="37.75917283259332180023193359375" lon="-122.39920265972614288330078125">
        <ele>66.1999969482421875</ele>
        <time>2026-04-09T02:11:35.000Z</time>
        <extensions>
          <ns3:TrackPointExtension>
            <ns3:atemp>18.0</ns3:atemp>
            <ns3:hr>150</ns3:hr>
            <ns3:cad>87</ns3:cad>
          </ns3:TrackPointExtension>
        </extensions>
      </trkpt>
      <trkpt lat="37.759147100150585174560546875" lon="-122.39919469691812992095947265625">
        <ele>66.40000152587890625</ele>
        <time>2026-04-09T02:11:36.000Z</time>
        <extensions>
          <ns3:TrackPointExtension>
            <ns3:atemp>18.0</ns3:atemp>
            <ns3:hr>151</ns3:hr>
            <ns3:cad>87</ns3:cad>
          </ns3:TrackPointExtension>
        </extensions>
      </trkpt>
      <trkpt lat="37.759123630821704864501953125" lon="-122.39919402636587619781494140625">
        <ele>66.8000030517578125</ele>
        <time>2026-04-09T02:11:37.000Z</time>
        <extensions>
          <ns3:TrackPointExtension>
            <ns3:atemp>17.0</ns3:atemp>
            <ns3:hr>152</ns3:hr>
            <ns3:cad>87</ns3:cad>
          </ns3:TrackPointExtension>
        </extensions>
      </trkpt>
      <trkpt lat="37.75909605436027050018310546875" lon="-122.3991914279758930206298828125">
        <ele>67.1999969482421875</ele>
        <time>2026-04-09T02:11:38.000Z</time>
        <extensions>
          <ns3:TrackPointExtension>
            <ns3:atemp>17.0</ns3:atemp>
            <ns3:hr>153</ns3:hr>
            <ns3:cad>87</ns3:cad>
          </ns3:TrackPointExtension>
        </extensions>
      </trkpt>
      <trkpt lat="37.75907409377396106719970703125" lon="-122.39919654093682765960693359375">
        <ele>67.59999847412109375</ele>
        <time>2026-04-09T02:11:39.000Z</time>
        <extensions>
          <ns3:TrackPointExtension>
            <ns3:atemp>18.0</ns3:atemp>
            <ns3:hr>154</ns3:hr>
            <ns3:cad>87</ns3:cad>
          </ns3:TrackPointExtension>
        </extensions>
      </trkpt>
      <trkpt lat="37.7590401470661163330078125" lon="-122.39919603802263736724853515625">
        <ele>68.1999969482421875</ele>
        <time>2026-04-09T02:11:40.000Z</time>
        <extensions>
          <ns3:TrackPointExtension>
            <ns3:atemp>18.0</ns3:atemp>
            <ns3:hr>155</ns3:hr>
            <ns3:cad>87</ns3:cad>
          </ns3:TrackPointExtension>
        </extensions>
      </trkpt>
      <trkpt lat="37.75901533663272857666015625" lon="-122.39918882958590984344482421875">
        <ele>68.59999847412109375</ele>
        <time>2026-04-09T02:11:41.000Z</time>
        <extensions>
          <ns3:TrackPointExtension>
            <ns3:atemp>18.0</ns3:atemp>
            <ns3:hr>155</ns3:hr>
            <ns3:cad>87</ns3:cad>
          </ns3:TrackPointExtension>
        </extensions>
      </trkpt>
      <trkpt lat="37.7589826472103595733642578125" lon="-122.399188242852687835693359375">
        <ele>69</ele>
        <time>2026-04-09T02:11:42.000Z</time>
        <extensions>
          <ns3:TrackPointExtension>
            <ns3:atemp>17.0</ns3:atemp>
            <ns3:hr>156</ns3:hr>
            <ns3:cad>87</ns3:cad>
          </ns3:TrackPointExtension>
        </extensions>
      </trkpt>
      <trkpt lat="37.75899144820868968963623046875" lon="-122.399172484874725341796875">
        <ele>69.40000152587890625</ele>
        <time>2026-04-09T02:11:43.000Z</time>
        <extensions>
          <ns3:TrackPointExtension>
            <ns3:atemp>18.0</ns3:atemp>
            <ns3:hr>157</ns3:hr>
            <ns3:cad>87</ns3:cad>
          </ns3:TrackPointExtension>
        </extensions>
      </trkpt>
      <trkpt lat="37.75900234468281269073486328125" lon="-122.3991589061915874481201171875">
        <ele>69.59999847412109375</ele>
        <time>2026-04-09T02:11:44.000Z</time>
        <extensions>
          <ns3:TrackPointExtension>
            <ns3:atemp>18.0</ns3:atemp>
            <ns3:hr>157</ns3:hr>
            <ns3:cad>87</ns3:cad>
          </ns3:TrackPointExtension>
        </extensions>
      </trkpt>
      <trkpt lat="37.75902246125042438507080078125" lon="-122.3991542123258113861083984375">
        <ele>69.8000030517578125</ele>
        <time>2026-04-09T02:11:45.000Z</time>
        <extensions>
          <ns3:TrackPointExtension>
            <ns3:atemp>18.0</ns3:atemp>
            <ns3:hr>158</ns3:hr>
            <ns3:cad>87</ns3:cad>
          </ns3:TrackPointExtension>
        </extensions>
      </trkpt>
      <trkpt lat="37.75905263610184192657470703125" lon="-122.39914842881262302398681640625">
        <ele>69.59999847412109375</ele>
        <time>2026-04-09T02:11:46.000Z</time>
        <extensions>
          <ns3:TrackPointExtension>
            <ns3:atemp>18.0</ns3:atemp>
            <ns3:hr>158</ns3:hr>
            <ns3:cad>81</ns3:cad>
          </ns3:TrackPointExtension>
        </extensions>
      </trkpt>
      <trkpt lat="37.75907174684107303619384765625" lon="-122.39914038218557834625244140625">
        <ele>69.40000152587890625</ele>
        <time>2026-04-09T02:11:47.000Z</time>
        <extensions>
          <ns3:TrackPointExtension>
            <ns3:atemp>18.0</ns3:atemp>
            <ns3:hr>159</ns3:hr>
            <ns3:cad>80</ns3:cad>
          </ns3:TrackPointExtension>
        </extensions>
      </trkpt>
      <trkpt lat="37.759091444313526153564453125" lon="-122.39913149736821651458740234375">
        <ele>69</ele>
        <time>2026-04-09T02:11:48.000Z</time>
        <extensions>
          <ns3:TrackPointExtension>
            <ns3:atemp>18.0</ns3:atemp>
            <ns3:hr>159</ns3:hr>
            <ns3:cad>79</ns3:cad>
          </ns3:TrackPointExtension>
        </extensions>
      </trkpt>
      <trkpt lat="37.7591127343475818634033203125" lon="-122.399118505418300628662109375">
        <ele>68.59999847412109375</ele>
        <time>2026-04-09T02:11:49.000Z</time>
        <extensions>
          <ns3:TrackPointExtension>
            <ns3:atemp>17.0</ns3:atemp>
            <ns3:hr>160</ns3:hr>
            <ns3:cad>78</ns3:cad>
          </ns3:TrackPointExtension>
        </extensions>
      </trkpt>
      <trkpt lat="37.7591393887996673583984375" lon="-122.3991300724446773529052734375">
        <ele>68.1999969482421875</ele>
        <time>2026-04-09T02:11:50.000Z</time>
        <extensions>
          <ns3:TrackPointExtension>
            <ns3:atemp>18.0</ns3:atemp>
            <ns3:hr>160</ns3:hr>
            <ns3:cad>77</ns3:cad>
          </ns3:TrackPointExtension>
        </extensions>
      </trkpt>
      <trkpt lat="37.7591501176357269287109375" lon="-122.399121858179569244384765625">
        <ele>68</ele>
        <time>2026-04-09T02:11:51.000Z</time>
        <extensions>
          <ns3:TrackPointExtension>
            <ns3:atemp>18.0</ns3:atemp>
            <ns3:hr>161</ns3:hr>
            <ns3:cad>77</ns3:cad>
          </ns3:TrackPointExtension>
        </extensions>
      </trkpt>
      <trkpt lat="37.7591740898787975311279296875" lon="-122.39911758340895175933837890625">
        <ele>67.59999847412109375</ele>
        <time>2026-04-09T02:11:52.000Z</time>
        <extensions>
          <ns3:TrackPointExtension>
            <ns3:atemp>18.0</ns3:atemp>
            <ns3:hr>161</ns3:hr>
            <ns3:cad>77</ns3:cad>
          </ns3:TrackPointExtension>
        </extensions>
      </trkpt>
      <trkpt lat="37.75919906795024871826171875" lon="-122.3991206847131252288818359375">
        <ele>67.40000152587890625</ele>
        <time>2026-04-09T02:11:53.000Z</time>
        <extensions>
          <ns3:TrackPointExtension>
            <ns3:atemp>18.0</ns3:atemp>
            <ns3:hr>161</ns3:hr>
            <ns3:cad>77</ns3:cad>
          </ns3:TrackPointExtension>
        </extensions>
      </trkpt>
      <trkpt lat="37.75922010652720928192138671875" lon="-122.39912353456020355224609375">
        <ele>67.1999969482421875</ele>
        <time>2026-04-09T02:11:54.000Z</time>
        <extensions>
          <ns3:TrackPointExtension>
            <ns3:atemp>18.0</ns3:atemp>
            <ns3:hr>161</ns3:hr>
            <ns3:cad>77</ns3:cad>
          </ns3:TrackPointExtension>
        </extensions>
      </trkpt>
      <trkpt lat="37.75923435576260089874267578125" lon="-122.3991223610937595367431640625">
        <ele>67</ele>
        <time>2026-04-09T02:11:55.000Z</time>
        <extensions>
          <ns3:TrackPointExtension>
            <ns3:atemp>18.0</ns3:atemp>
            <ns3:hr>160</ns3:hr>
            <ns3:cad>77</ns3:cad>
          </ns3:TrackPointExtension>
        </extensions>
      </trkpt>
      <trkpt lat="37.75925380177795886993408203125" lon="-122.39911925978958606719970703125">
        <ele>66.59999847412109375</ele>
        <time>2026-04-09T02:11:56.000Z</time>
        <extensions>
          <ns3:TrackPointExtension>
            <ns3:atemp>18.0</ns3:atemp>
            <ns3:hr>160</ns3:hr>
            <ns3:cad>76</ns3:cad>
          </ns3:TrackPointExtension>
        </extensions>
      </trkpt>
      <trkpt lat="37.7592766843736171722412109375" lon="-122.3991200141608715057373046875">
        <ele>66.40000152587890625</ele>
        <time>2026-04-09T02:11:57.000Z</time>
        <extensions>
          <ns3:TrackPointExtension>
            <ns3:atemp>18.0</ns3:atemp>
            <ns3:hr>160</ns3:hr>
            <ns3:cad>76</ns3:cad>
          </ns3:TrackPointExtension>
        </extensions>
      </trkpt>
      <trkpt lat="37.75929789058864116668701171875" lon="-122.39912579767405986785888671875">
        <ele>66</ele>
        <time>2026-04-09T02:11:58.000Z</time>
        <extensions>
          <ns3:TrackPointExtension>
            <ns3:atemp>18.0</ns3:atemp>
            <ns3:hr>159</ns3:hr>
            <ns3:cad>76</ns3:cad>
          </ns3:TrackPointExtension>
        </extensions>
      </trkpt>
      <trkpt lat="37.759311385452747344970703125" lon="-122.39912630058825016021728515625">
        <ele>65.8000030517578125</ele>
        <time>2026-04-09T02:11:59.000Z</time>
        <extensions>
          <ns3:TrackPointExtension>
            <ns3:atemp>18.0</ns3:atemp>
            <ns3:hr>159</ns3:hr>
            <ns3:cad>76</ns3:cad>
          </ns3:TrackPointExtension>
        </extensions>
      </trkpt>
      <trkpt lat="37.75932856835424900054931640625" lon="-122.39912680350244045257568359375">
        <ele>65.40000152587890625</ele>
        <time>2026-04-09T02:12:00.000Z</time>
        <extensions>
          <ns3:TrackPointExtension>
            <ns3:atemp>18.0</ns3:atemp>
            <ns3:hr>158</ns3:hr>
            <ns3:cad>76</ns3:cad>
          </ns3:TrackPointExtension>
        </extensions>
      </trkpt>
      <trkpt lat="37.7593537978827953338623046875" lon="-122.39913501776754856109619140625">
        <ele>65.1999969482421875</ele>
        <time>2026-04-09T02:12:01.000Z</time>
        <extensions>
          <ns3:TrackPointExtension>
            <ns3:atemp>18.0</ns3:atemp>
            <ns3:hr>158</ns3:hr>
            <ns3:cad>76</ns3:cad>
          </ns3:TrackPointExtension>
        </extensions>
      </trkpt>
      <trkpt lat="37.75937366299331188201904296875" lon="-122.3991381190717220306396484375">
        <ele>64.8000030517578125</ele>
        <time>2026-04-09T02:12:02.000Z</time>
        <extensions>
          <ns3:TrackPointExtension>
            <ns3:atemp>18.0</ns3:atemp>
            <ns3:hr>157</ns3:hr>
            <ns3:cad>76</ns3:cad>
          </ns3:TrackPointExtension>
        </extensions>
      </trkpt>
      <trkpt lat="37.7593903429806232452392578125" lon="-122.3991416394710540771484375">
        <ele>64.40000152587890625</ele>
        <time>2026-04-09T02:12:03.000Z</time>
        <extensions>
          <ns3:TrackPointExtension>
            <ns3:atemp>18.0</ns3:atemp>
            <ns3:hr>157</ns3:hr>
            <ns3:cad>76</ns3:cad>
          </ns3:TrackPointExtension>
        </extensions>
      </trkpt>
      <trkpt lat="37.759411633014678955078125" lon="-122.39913736470043659210205078125">
        <ele>64.1999969482421875</ele>
        <time>2026-04-09T02:12:04.000Z</time>
        <extensions>
          <ns3:TrackPointExtension>
            <ns3:atemp>18.0</ns3:atemp>
            <ns3:hr>156</ns3:hr>
            <ns3:cad>76</ns3:cad>
          </ns3:TrackPointExtension>
        </extensions>
      </trkpt>
      <trkpt lat="37.75943300686776638031005859375" lon="-122.3991454951465129852294921875">
        <ele>63.799999237060546875</ele>
        <time>2026-04-09T02:12:05.000Z</time>
        <extensions>
          <ns3:TrackPointExtension>
            <ns3:atemp>18.0</ns3:atemp>
            <ns3:hr>155</ns3:hr>
            <ns3:cad>76</ns3:cad>
          </ns3:TrackPointExtension>
        </extensions>
      </trkpt>
      <trkpt lat="37.7594480104744434356689453125" lon="-122.3991416394710540771484375">
        <ele>63.59999847412109375</ele>
        <time>2026-04-09T02:12:06.000Z</time>
        <extensions>
          <ns3:TrackPointExtension>
            <ns3:atemp>18.0</ns3:atemp>
            <ns3:hr>155</ns3:hr>
            <ns3:cad>76</ns3:cad>
          </ns3:TrackPointExtension>
        </extensions>
      </trkpt>
      <trkpt lat="37.75945781730115413665771484375" lon="-122.39913652651011943817138671875">
        <ele>63.200000762939453125</ele>
        <time>2026-04-09T02:12:07.000Z</time>
        <extensions>
          <ns3:TrackPointExtension>
            <ns3:atemp>18.0</ns3:atemp>
            <ns3:hr>154</ns3:hr>
            <ns3:cad>76</ns3:cad>
          </ns3:TrackPointExtension>
        </extensions>
      </trkpt>
      <trkpt lat="37.75947667658329010009765625" lon="-122.39912428893148899078369140625">
        <ele>63</ele>
        <time>2026-04-09T02:12:08.000Z</time>
        <extensions>
          <ns3:TrackPointExtension>
            <ns3:atemp>18.0</ns3:atemp>
            <ns3:hr>153</ns3:hr>
            <ns3:cad>76</ns3:cad>
          </ns3:TrackPointExtension>
        </extensions>
      </trkpt>
      <trkpt lat="37.7594942785799503326416015625" lon="-122.39913694560527801513671875">
        <ele>62.59999847412109375</ele>
        <time>2026-04-09T02:12:09.000Z</time>
        <extensions>
          <ns3:TrackPointExtension>
            <ns3:atemp>18.0</ns3:atemp>
            <ns3:hr>152</ns3:hr>
            <ns3:cad>76</ns3:cad>
          </ns3:TrackPointExtension>
        </extensions>
      </trkpt>
      <trkpt lat="37.759505845606327056884765625" lon="-122.399137951433658599853515625">
        <ele>62.40000152587890625</ele>
        <time>2026-04-09T02:12:10.000Z</time>
        <extensions>
          <ns3:TrackPointExtension>
            <ns3:atemp>18.0</ns3:atemp>
            <ns3:hr>152</ns3:hr>
            <ns3:cad>76</ns3:cad>
          </ns3:TrackPointExtension>
        </extensions>
      </trkpt>
      <trkpt lat="37.7595254592597484588623046875" lon="-122.39913837052881717681884765625">
        <ele>62.200000762939453125</ele>
        <time>2026-04-09T02:12:11.000Z</time>
        <extensions>
          <ns3:TrackPointExtension>
            <ns3:atemp>18.0</ns3:atemp>
            <ns3:hr>151</ns3:hr>
            <ns3:cad>76</ns3:cad>
          </ns3:TrackPointExtension>
        </extensions>
      </trkpt>
      <trkpt lat="37.75954507291316986083984375" lon="-122.3991362750530242919921875">
        <ele>61.799999237060546875</ele>
        <time>2026-04-09T02:12:12.000Z</time>
        <extensions>
          <ns3:TrackPointExtension>
            <ns3:atemp>18.0</ns3:atemp>
            <ns3:hr>150</ns3:hr>
            <ns3:cad>76</ns3:cad>
          </ns3:TrackPointExtension>
        </extensions>
      </trkpt>
      <trkpt lat="37.75956477038562297821044921875" lon="-122.39914742298424243927001953125">
        <ele>61.59999847412109375</ele>
        <time>2026-04-09T02:12:13.000Z</time>
        <extensions>
          <ns3:TrackPointExtension>
            <ns3:atemp>18.0</ns3:atemp>
            <ns3:hr>149</ns3:hr>
            <ns3:cad>76</ns3:cad>
          </ns3:TrackPointExtension>
        </extensions>
      </trkpt>
      <trkpt lat="37.75957985781133174896240234375" lon="-122.399148680269718170166015625">
        <ele>61.200000762939453125</ele>
        <time>2026-04-09T02:12:14.000Z</time>
        <extensions>
          <ns3:TrackPointExtension>
            <ns3:atemp>18.0</ns3:atemp>
            <ns3:hr>149</ns3:hr>
            <ns3:cad>76</ns3:cad>
          </ns3:TrackPointExtension>
        </extensions>
      </trkpt>
      <trkpt lat="37.7595985494554042816162109375" lon="-122.3991515301167964935302734375">
        <ele>61</ele>
        <time>2026-04-09T02:12:15.000Z</time>
        <extensions>
          <ns3:TrackPointExtension>
            <ns3:atemp>18.0</ns3:atemp>
            <ns3:hr>148</ns3:hr>
            <ns3:cad>76</ns3:cad>
          </ns3:TrackPointExtension>
        </extensions>
      </trkpt>
      <trkpt lat="37.75961858220398426055908203125" lon="-122.39916603080928325653076171875">
        <ele>60.59999847412109375</ele>
        <time>2026-04-09T02:12:16.000Z</time>
        <extensions>
          <ns3:TrackPointExtension>
            <ns3:atemp>18.0</ns3:atemp>
            <ns3:hr>148</ns3:hr>
            <ns3:cad>76</ns3:cad>
          </ns3:TrackPointExtension>
        </extensions>
      </trkpt>
      <trkpt lat="37.75963760912418365478515625" lon="-122.3991709761321544647216796875">
        <ele>60.200000762939453125</ele>
        <time>2026-04-09T02:12:17.000Z</time>
        <extensions>
          <ns3:TrackPointExtension>
            <ns3:atemp>18.0</ns3:atemp>
            <ns3:hr>147</ns3:hr>
            <ns3:cad>76</ns3:cad>
          </ns3:TrackPointExtension>
        </extensions>
      </trkpt>
      <trkpt lat="37.75965831242501735687255859375" lon="-122.39917474798858165740966796875">
        <ele>60</ele>
        <time>2026-04-09T02:12:18.000Z</time>
        <extensions>
          <ns3:TrackPointExtension>
            <ns3:atemp>18.0</ns3:atemp>
            <ns3:hr>147</ns3:hr>
            <ns3:cad>76</ns3:cad>
          </ns3:TrackPointExtension>
        </extensions>
      </trkpt>
      <trkpt lat="37.75968027301132678985595703125" lon="-122.3991877399384975433349609375">
        <ele>59.59999847412109375</ele>
        <time>2026-04-09T02:12:19.000Z</time>
        <extensions>
          <ns3:TrackPointExtension>
            <ns3:atemp>18.0</ns3:atemp>
            <ns3:hr>147</ns3:hr>
            <ns3:cad>76</ns3:cad>
          </ns3:TrackPointExtension>
        </extensions>
      </trkpt>
      <trkpt lat="37.75970323942601680755615234375" lon="-122.39920978434383869171142578125">
        <ele>59.40000152587890625</ele>
        <time>2026-04-09T02:12:20.000Z</time>
        <extensions>
          <ns3:TrackPointExtension>
            <ns3:atemp>18.0</ns3:atemp>
            <ns3:hr>147</ns3:hr>
            <ns3:cad>77</ns3:cad>
          </ns3:TrackPointExtension>
        </extensions>
      </trkpt>
      <trkpt lat="37.75972436182200908660888671875" lon="-122.39921397529542446136474609375">
        <ele>59</ele>
        <time>2026-04-09T02:12:21.000Z</time>
        <extensions>
          <ns3:TrackPointExtension>
            <ns3:atemp>18.0</ns3:atemp>
            <ns3:hr>147</ns3:hr>
            <ns3:cad>77</ns3:cad>
          </ns3:TrackPointExtension>
        </extensions>
      </trkpt>
      <trkpt lat="37.7597470767796039581298828125" lon="-122.3992286436259746551513671875">
        <ele>58.799999237060546875</ele>
        <time>2026-04-09T02:12:22.000Z</time>
        <extensions>
          <ns3:TrackPointExtension>
            <ns3:atemp>18.0</ns3:atemp>
            <ns3:hr>147</ns3:hr>
            <ns3:cad>76</ns3:cad>
          </ns3:TrackPointExtension>
        </extensions>
      </trkpt>
      <trkpt lat="37.7597670257091522216796875" lon="-122.39925454370677471160888671875">
        <ele>58.59999847412109375</ele>
        <time>2026-04-09T02:12:23.000Z</time>
        <extensions>
          <ns3:TrackPointExtension>
            <ns3:atemp>18.0</ns3:atemp>
            <ns3:hr>146</ns3:hr>
            <ns3:cad>76</ns3:cad>
          </ns3:TrackPointExtension>
        </extensions>
      </trkpt>
      <trkpt lat="37.75978789664804935455322265625" lon="-122.39926711656153202056884765625">
        <ele>58.40000152587890625</ele>
        <time>2026-04-09T02:12:24.000Z</time>
        <extensions>
          <ns3:TrackPointExtension>
            <ns3:atemp>18.0</ns3:atemp>
            <ns3:hr>146</ns3:hr>
            <ns3:cad>76</ns3:cad>
          </ns3:TrackPointExtension>
        </extensions>
      </trkpt>
      <trkpt lat="37.75980985723435878753662109375" lon="-122.3992836289107799530029296875">
        <ele>58.40000152587890625</ele>
        <time>2026-04-09T02:12:25.000Z</time>
        <extensions>
          <ns3:TrackPointExtension>
            <ns3:atemp>18.0</ns3:atemp>
            <ns3:hr>146</ns3:hr>
            <ns3:cad>76</ns3:cad>
          </ns3:TrackPointExtension>
        </extensions>
      </trkpt>
      <trkpt lat="37.759829051792621612548828125" lon="-122.39931455813348293304443359375">
        <ele>58.40000152587890625</ele>
        <time>2026-04-09T02:12:26.000Z</time>
        <extensions>
          <ns3:TrackPointExtension>
            <ns3:atemp>18.0</ns3:atemp>
            <ns3:hr>146</ns3:hr>
            <ns3:cad>77</ns3:cad>
          </ns3:TrackPointExtension>
        </extensions>
      </trkpt>
      <trkpt lat="37.75984271429479122161865234375" lon="-122.39932511933147907257080078125">
        <ele>58.200000762939453125</ele>
        <time>2026-04-09T02:12:27.000Z</time>
        <extensions>
          <ns3:TrackPointExtension>
            <ns3:atemp>18.0</ns3:atemp>
            <ns3:hr>146</ns3:hr>
            <ns3:cad>77</ns3:cad>
          </ns3:TrackPointExtension>
        </extensions>
      </trkpt>
      <trkpt lat="37.75986014865338802337646484375" lon="-122.39934255369007587432861328125">
        <ele>58.200000762939453125</ele>
        <time>2026-04-09T02:12:28.000Z</time>
        <extensions>
          <ns3:TrackPointExtension>
            <ns3:atemp>18.0</ns3:atemp>
            <ns3:hr>146</ns3:hr>
            <ns3:cad>77</ns3:cad>
          </ns3:TrackPointExtension>
        </extensions>
      </trkpt>
      <trkpt lat="37.759873978793621063232421875" lon="-122.39936971105635166168212890625">
        <ele>58</ele>
        <time>2026-04-09T02:12:29.000Z</time>
        <extensions>
          <ns3:TrackPointExtension>
            <ns3:atemp>18.0</ns3:atemp>
            <ns3:hr>145</ns3:hr>
            <ns3:cad>80</ns3:cad>
          </ns3:TrackPointExtension>
        </extensions>
      </trkpt>
      <trkpt lat="37.759885378181934356689453125" lon="-122.3993708007037639617919921875">
        <ele>58</ele>
        <time>2026-04-09T02:12:30.000Z</time>
        <extensions>
          <ns3:TrackPointExtension>
            <ns3:atemp>18.0</ns3:atemp>
            <ns3:hr>145</ns3:hr>
            <ns3:cad>81</ns3:cad>
          </ns3:TrackPointExtension>
        </extensions>
      </trkpt>
      <trkpt lat="37.759905494749546051025390625" lon="-122.39936334080994129180908203125">
        <ele>57.799999237060546875</ele>
        <time>2026-04-09T02:12:31.000Z</time>
        <extensions>
          <ns3:TrackPointExtension>
            <ns3:atemp>18.0</ns3:atemp>
            <ns3:hr>145</ns3:hr>
            <ns3:cad>81</ns3:cad>
          </ns3:TrackPointExtension>
        </extensions>
      </trkpt>
      <trkpt lat="37.75991982780396938323974609375" lon="-122.39934875629842281341552734375">
        <ele>57.59999847412109375</ele>
        <time>2026-04-09T02:12:32.000Z</time>
        <extensions>
          <ns3:TrackPointExtension>
            <ns3:atemp>18.0</ns3:atemp>
            <ns3:hr>144</ns3:hr>
            <ns3:cad>81</ns3:cad>
          </ns3:TrackPointExtension>
        </extensions>
      </trkpt>
      <trkpt lat="37.75993156246840953826904296875" lon="-122.399327717721462249755859375">
        <ele>57.59999847412109375</ele>
        <time>2026-04-09T02:12:33.000Z</time>
        <extensions>
          <ns3:TrackPointExtension>
            <ns3:atemp>18.0</ns3:atemp>
            <ns3:hr>144</ns3:hr>
            <ns3:cad>81</ns3:cad>
          </ns3:TrackPointExtension>
        </extensions>
      </trkpt>
      <trkpt lat="37.75994597934186458587646484375" lon="-122.3993104510009288787841796875">
        <ele>57.799999237060546875</ele>
        <time>2026-04-09T02:12:34.000Z</time>
        <extensions>
          <ns3:TrackPointExtension>
            <ns3:atemp>18.0</ns3:atemp>
            <ns3:hr>143</ns3:hr>
            <ns3:cad>81</ns3:cad>
          </ns3:TrackPointExtension>
        </extensions>
      </trkpt>
      <trkpt lat="37.7599566243588924407958984375" lon="-122.3993034102022647857666015625">
        <ele>57.799999237060546875</ele>
        <time>2026-04-09T02:12:35.000Z</time>
        <extensions>
          <ns3:TrackPointExtension>
            <ns3:atemp>18.0</ns3:atemp>
            <ns3:hr>143</ns3:hr>
            <ns3:cad>81</ns3:cad>
          </ns3:TrackPointExtension>
        </extensions>
      </trkpt>
      <trkpt lat="37.75996542535722255706787109375" lon="-122.39929678849875926971435546875">
        <ele>57.799999237060546875</ele>
        <time>2026-04-09T02:12:36.000Z</time>
        <extensions>
          <ns3:TrackPointExtension>
            <ns3:atemp>18.0</ns3:atemp>
            <ns3:hr>142</ns3:hr>
            <ns3:cad>81</ns3:cad>
          </ns3:TrackPointExtension>
        </extensions>
      </trkpt>
      <trkpt lat="37.75996944867074489593505859375" lon="-122.39928388036787509918212890625">
        <ele>57.799999237060546875</ele>
        <time>2026-04-09T02:12:37.000Z</time>
        <extensions>
          <ns3:TrackPointExtension>
            <ns3:atemp>18.0</ns3:atemp>
            <ns3:hr>142</ns3:hr>
            <ns3:cad>81</ns3:cad>
          </ns3:TrackPointExtension>
        </extensions>
      </trkpt>
      <trkpt lat="37.759981267154216766357421875" lon="-122.39926627837121486663818359375">
        <ele>57.799999237060546875</ele>
        <time>2026-04-09T02:12:38.000Z</time>
        <extensions>
          <ns3:TrackPointExtension>
            <ns3:atemp>18.0</ns3:atemp>
            <ns3:hr>142</ns3:hr>
            <ns3:cad>76</ns3:cad>
          </ns3:TrackPointExtension>
        </extensions>
      </trkpt>
      <trkpt lat="37.7599928341805934906005859375" lon="-122.3992514424026012420654296875">
        <ele>57.799999237060546875</ele>
        <time>2026-04-09T02:12:39.000Z</time>
        <extensions>
          <ns3:TrackPointExtension>
            <ns3:atemp>18.0</ns3:atemp>
            <ns3:hr>141</ns3:hr>
            <ns3:cad>76</ns3:cad>
          </ns3:TrackPointExtension>
        </extensions>
      </trkpt>
      <trkpt lat="37.76000096462666988372802734375" lon="-122.39923618733882904052734375">
        <ele>57.59999847412109375</ele>
        <time>2026-04-09T02:12:40.000Z</time>
        <extensions>
          <ns3:TrackPointExtension>
            <ns3:atemp>18.0</ns3:atemp>
            <ns3:hr>141</ns3:hr>
            <ns3:cad>76</ns3:cad>
          </ns3:TrackPointExtension>
        </extensions>
      </trkpt>
      <trkpt lat="37.7600112743675708770751953125" lon="-122.399217747151851654052734375">
        <ele>57.40000152587890625</ele>
        <time>2026-04-09T02:12:41.000Z</time>
        <extensions>
          <ns3:TrackPointExtension>
            <ns3:atemp>18.0</ns3:atemp>
            <ns3:hr>140</ns3:hr>
            <ns3:cad>76</ns3:cad>
          </ns3:TrackPointExtension>
        </extensions>
      </trkpt>
      <trkpt lat="37.76002946309745311737060546875" lon="-122.39920576103031635284423828125">
        <ele>57</ele>
        <time>2026-04-09T02:12:42.000Z</time>
        <extensions>
          <ns3:TrackPointExtension>
            <ns3:atemp>18.0</ns3:atemp>
            <ns3:hr>140</ns3:hr>
            <ns3:cad>76</ns3:cad>
          </ns3:TrackPointExtension>
        </extensions>
      </trkpt>
      <trkpt lat="37.76004706509411334991455078125" lon="-122.39919519983232021331787109375">
        <ele>56.200000762939453125</ele>
        <time>2026-04-09T02:12:43.000Z</time>
        <extensions>
          <ns3:TrackPointExtension>
            <ns3:atemp>18.0</ns3:atemp>
            <ns3:hr>139</ns3:hr>
            <ns3:cad>76</ns3:cad>
          </ns3:TrackPointExtension>
        </extensions>
      </trkpt>
      <trkpt lat="37.76006164960563182830810546875" lon="-122.39918849430978298187255859375">
        <ele>55.40000152587890625</ele>
        <time>2026-04-09T02:12:44.000Z</time>
        <extensions>
          <ns3:TrackPointExtension>
            <ns3:atemp>18.0</ns3:atemp>
            <ns3:hr>139</ns3:hr>
            <ns3:cad>75</ns3:cad>
          </ns3:TrackPointExtension>
        </extensions>
      </trkpt>
      <trkpt lat="37.76008025743067264556884765625" lon="-122.39919067360460758209228515625">
        <ele>54.59999847412109375</ele>
        <time>2026-04-09T02:12:45.000Z</time>
        <extensions>
          <ns3:TrackPointExtension>
            <ns3:atemp>18.0</ns3:atemp>
            <ns3:hr>138</ns3:hr>
            <ns3:cad>75</ns3:cad>
          </ns3:TrackPointExtension>
        </extensions>
      </trkpt>
      <trkpt lat="37.76009366847574710845947265625" lon="-122.3992085270583629608154296875">
        <ele>54</ele>
        <time>2026-04-09T02:12:46.000Z</time>
        <extensions>
          <ns3:TrackPointExtension>
            <ns3:atemp>18.0</ns3:atemp>
            <ns3:hr>138</ns3:hr>
            <ns3:cad>75</ns3:cad>
          </ns3:TrackPointExtension>
        </extensions>
      </trkpt>
      <trkpt lat="37.760107330977916717529296875" lon="-122.3992299847304821014404296875">
        <ele>53.40000152587890625</ele>
        <time>2026-04-09T02:12:47.000Z</time>
        <extensions>
          <ns3:TrackPointExtension>
            <ns3:atemp>18.0</ns3:atemp>
            <ns3:hr>137</ns3:hr>
            <ns3:cad>75</ns3:cad>
          </ns3:TrackPointExtension>
        </extensions>
      </trkpt>
      <trkpt lat="37.76011914946138858795166015625" lon="-122.39924599416553974151611328125">
        <ele>53</ele>
        <time>2026-04-09T02:12:48.000Z</time>
        <extensions>
          <ns3:TrackPointExtension>
            <ns3:atemp>18.0</ns3:atemp>
            <ns3:hr>137</ns3:hr>
            <ns3:cad>75</ns3:cad>
          </ns3:TrackPointExtension>
        </extensions>
      </trkpt>
      <trkpt lat="37.76013390161097049713134765625" lon="-122.39926845766603946685791015625">
        <ele>52.799999237060546875</ele>
        <time>2026-04-09T02:12:49.000Z</time>
        <extensions>
          <ns3:TrackPointExtension>
            <ns3:atemp>18.0</ns3:atemp>
            <ns3:hr>136</ns3:hr>
            <ns3:cad>75</ns3:cad>
          </ns3:TrackPointExtension>
        </extensions>
      </trkpt>
      <trkpt lat="37.76015133596956729888916015625" lon="-122.3992812819778919219970703125">
        <ele>52.59999847412109375</ele>
        <time>2026-04-09T02:12:50.000Z</time>
        <extensions>
          <ns3:TrackPointExtension>
            <ns3:atemp>18.0</ns3:atemp>
            <ns3:hr>136</ns3:hr>
            <ns3:cad>75</ns3:cad>
          </ns3:TrackPointExtension>
        </extensions>
      </trkpt>
      <trkpt lat="37.7601715363562107086181640625" lon="-122.3992759175598621368408203125">
        <ele>52.40000152587890625</ele>
        <time>2026-04-09T02:12:51.000Z</time>
        <extensions>
          <ns3:TrackPointExtension>
            <ns3:atemp>18.0</ns3:atemp>
            <ns3:hr>135</ns3:hr>
            <ns3:cad>75</ns3:cad>
          </ns3:TrackPointExtension>
        </extensions>
      </trkpt>
      <trkpt lat="37.760185115039348602294921875" lon="-122.39926259033381938934326171875">
        <ele>52.200000762939453125</ele>
        <time>2026-04-09T02:12:52.000Z</time>
        <extensions>
          <ns3:TrackPointExtension>
            <ns3:atemp>18.0</ns3:atemp>
            <ns3:hr>135</ns3:hr>
            <ns3:cad>75</ns3:cad>
          </ns3:TrackPointExtension>
        </extensions>
      </trkpt>
      <trkpt lat="37.7601990289986133575439453125" lon="-122.3992447368800640106201171875">
        <ele>52</ele>
        <time>2026-04-09T02:12:53.000Z</time>
        <extensions>
          <ns3:TrackPointExtension>
            <ns3:atemp>18.0</ns3:atemp>
            <ns3:hr>134</ns3:hr>
            <ns3:cad>75</ns3:cad>
          </ns3:TrackPointExtension>
        </extensions>
      </trkpt>
      <trkpt lat="37.7602188102900981903076171875" lon="-122.39922721870243549346923828125">
        <ele>51.59999847412109375</ele>
        <time>2026-04-09T02:12:54.000Z</time>
        <extensions>
          <ns3:TrackPointExtension>
            <ns3:atemp>18.0</ns3:atemp>
            <ns3:hr>134</ns3:hr>
            <ns3:cad>76</ns3:cad>
          </ns3:TrackPointExtension>
        </extensions>
      </trkpt>
      <trkpt lat="37.7602288685739040374755859375" lon="-122.39921162836253643035888671875">
        <ele>51.40000152587890625</ele>
        <time>2026-04-09T02:12:55.000Z</time>
        <extensions>
          <ns3:TrackPointExtension>
            <ns3:atemp>18.0</ns3:atemp>
            <ns3:hr>134</ns3:hr>
            <ns3:cad>76</ns3:cad>
          </ns3:TrackPointExtension>
        </extensions>
      </trkpt>
      <trkpt lat="37.760238088667392730712890625" lon="-122.39919804967939853668212890625">
        <ele>51</ele>
        <time>2026-04-09T02:12:56.000Z</time>
        <extensions>
          <ns3:TrackPointExtension>
            <ns3:atemp>18.0</ns3:atemp>
            <ns3:hr>133</ns3:hr>
            <ns3:cad>76</ns3:cad>
          </ns3:TrackPointExtension>
        </extensions>
      </trkpt>
      <trkpt lat="37.76025007478892803192138671875" lon="-122.39919134415686130523681640625">
        <ele>50.40000152587890625</ele>
        <time>2026-04-09T02:12:57.000Z</time>
        <extensions>
          <ns3:TrackPointExtension>
            <ns3:atemp>18.0</ns3:atemp>
            <ns3:hr>133</ns3:hr>
            <ns3:cad>75</ns3:cad>
          </ns3:TrackPointExtension>
        </extensions>
      </trkpt>
      <trkpt lat="37.7602634020149707794189453125" lon="-122.3992006480693817138671875">
        <ele>50</ele>
        <time>2026-04-09T02:12:58.000Z</time>
        <extensions>
          <ns3:TrackPointExtension>
            <ns3:atemp>18.0</ns3:atemp>
            <ns3:hr>132</ns3:hr>
            <ns3:cad>75</ns3:cad>
          </ns3:TrackPointExtension>
        </extensions>
      </trkpt>
      <trkpt lat="37.76026851497590541839599609375" lon="-122.39921079017221927642822265625">
        <ele>49.40000152587890625</ele>
        <time>2026-04-09T02:12:59.000Z</time>
        <extensions>
          <ns3:TrackPointExtension>
            <ns3:atemp>18.0</ns3:atemp>
            <ns3:hr>132</ns3:hr>
            <ns3:cad>74</ns3:cad>
          </ns3:TrackPointExtension>
        </extensions>
      </trkpt>
      <trkpt lat="37.76028226129710674285888671875" lon="-122.3992232792079448699951171875">
        <ele>48.799999237060546875</ele>
        <time>2026-04-09T02:13:00.000Z</time>
        <extensions>
          <ns3:TrackPointExtension>
            <ns3:atemp>18.0</ns3:atemp>
            <ns3:hr>131</ns3:hr>
            <ns3:cad>75</ns3:cad>
          </ns3:TrackPointExtension>
        </extensions>
      </trkpt>
      <trkpt lat="37.76029877364635467529296875" lon="-122.3992346785962581634521484375">
        <ele>48.40000152587890625</ele>
        <time>2026-04-09T02:13:01.000Z</time>
        <extensions>
          <ns3:TrackPointExtension>
            <ns3:atemp>18.0</ns3:atemp>
            <ns3:hr>131</ns3:hr>
            <ns3:cad>76</ns3:cad>
          </ns3:TrackPointExtension>
        </extensions>
      </trkpt>
      <trkpt lat="37.7603163756430149078369140625" lon="-122.39924867637455463409423828125">
        <ele>48</ele>
        <time>2026-04-09T02:13:02.000Z</time>
        <extensions>
          <ns3:TrackPointExtension>
            <ns3:atemp>18.0</ns3:atemp>
            <ns3:hr>130</ns3:hr>
            <ns3:cad>76</ns3:cad>
          </ns3:TrackPointExtension>
        </extensions>
      </trkpt>
      <trkpt lat="37.76032618246972560882568359375" lon="-122.39924616180360317230224609375">
        <ele>47.59999847412109375</ele>
        <time>2026-04-09T02:13:03.000Z</time>
        <extensions>
          <ns3:TrackPointExtension>
            <ns3:atemp>18.0</ns3:atemp>
            <ns3:hr>130</ns3:hr>
            <ns3:cad>78</ns3:cad>
          </ns3:TrackPointExtension>
        </extensions>
      </trkpt>
      <trkpt lat="37.760329954326152801513671875" lon="-122.39923090673983097076416015625">
        <ele>47.200000762939453125</ele>
        <time>2026-04-09T02:13:04.000Z</time>
        <extensions>
          <ns3:TrackPointExtension>
            <ns3:atemp>18.0</ns3:atemp>
            <ns3:hr>129</ns3:hr>
            <ns3:cad>78</ns3:cad>
          </ns3:TrackPointExtension>
        </extensions>
      </trkpt>
      <trkpt lat="37.76033632457256317138671875" lon="-122.3992115445435047149658203125">
        <ele>47</ele>
        <time>2026-04-09T02:13:05.000Z</time>
        <extensions>
          <ns3:TrackPointExtension>
            <ns3:atemp>18.0</ns3:atemp>
            <ns3:hr>128</ns3:hr>
            <ns3:cad>77</ns3:cad>
          </ns3:TrackPointExtension>
        </extensions>
      </trkpt>
      <trkpt lat="37.760351411998271942138671875" lon="-122.39920391701161861419677734375">
        <ele>46.59999847412109375</ele>
        <time>2026-04-09T02:13:06.000Z</time>
        <extensions>
          <ns3:TrackPointExtension>
            <ns3:atemp>18.0</ns3:atemp>
            <ns3:hr>128</ns3:hr>
            <ns3:cad>77</ns3:cad>
          </ns3:TrackPointExtension>
        </extensions>
      </trkpt>
      <trkpt lat="37.76036691851913928985595703125" lon="-122.39921464584767818450927734375">
        <ele>46.200000762939453125</ele>
        <time>2026-04-09T02:13:07.000Z</time>
        <extensions>
          <ns3:TrackPointExtension>
            <ns3:atemp>18.0</ns3:atemp>
            <ns3:hr>127</ns3:hr>
            <ns3:cad>77</ns3:cad>
          </ns3:TrackPointExtension>
        </extensions>
      </trkpt>
      <trkpt lat="37.76037664152681827545166015625" lon="-122.39923979155719280242919921875">
        <ele>45.799999237060546875</ele>
        <time>2026-04-09T02:13:08.000Z</time>
        <extensions>
          <ns3:TrackPointExtension>
            <ns3:atemp>18.0</ns3:atemp>
            <ns3:hr>127</ns3:hr>
            <ns3:cad>77</ns3:cad>
          </ns3:TrackPointExtension>
        </extensions>
      </trkpt>
      <trkpt lat="37.760390304028987884521484375" lon="-122.39924683235585689544677734375">
        <ele>45.40000152587890625</ele>
        <time>2026-04-09T02:13:09.000Z</time>
        <extensions>
          <ns3:TrackPointExtension>
            <ns3:atemp>18.0</ns3:atemp>
            <ns3:hr>127</ns3:hr>
            <ns3:cad>77</ns3:cad>
          </ns3:TrackPointExtension>
        </extensions>
      </trkpt>
      <trkpt lat="37.76040564291179180145263671875" lon="-122.39926275797188282012939453125">
        <ele>45</ele>
        <time>2026-04-09T02:13:10.000Z</time>
        <extensions>
          <ns3:TrackPointExtension>
            <ns3:atemp>18.0</ns3:atemp>
            <ns3:hr>126</ns3:hr>
            <ns3:cad>77</ns3:cad>
          </ns3:TrackPointExtension>
        </extensions>
      </trkpt>
      <trkpt lat="37.7604209817945957183837890625" lon="-122.399281449615955352783203125">
        <ele>44.59999847412109375</ele>
        <time>2026-04-09T02:13:11.000Z</time>
        <extensions>
          <ns3:TrackPointExtension>
            <ns3:atemp>18.0</ns3:atemp>
            <ns3:hr>126</ns3:hr>
            <ns3:cad>76</ns3:cad>
          </ns3:TrackPointExtension>
        </extensions>
      </trkpt>
      <trkpt lat="37.7604340575635433197021484375" lon="-122.39930902607738971710205078125">
        <ele>44.40000152587890625</ele>
        <time>2026-04-09T02:13:12.000Z</time>
        <extensions>
          <ns3:TrackPointExtension>
            <ns3:atemp>18.0</ns3:atemp>
            <ns3:hr>126</ns3:hr>
            <ns3:cad>76</ns3:cad>
          </ns3:TrackPointExtension>
        </extensions>
      </trkpt>
      <trkpt lat="37.76044721715152263641357421875" lon="-122.39932159893214702606201171875">
        <ele>44</ele>
        <time>2026-04-09T02:13:13.000Z</time>
        <extensions>
          <ns3:TrackPointExtension>
            <ns3:atemp>18.0</ns3:atemp>
            <ns3:hr>126</ns3:hr>
            <ns3:cad>76</ns3:cad>
          </ns3:TrackPointExtension>
        </extensions>
      </trkpt>
      <trkpt lat="37.760464064776897430419921875" lon="-122.39932604134082794189453125">
        <ele>43.799999237060546875</ele>
        <time>2026-04-09T02:13:14.000Z</time>
        <extensions>
          <ns3:TrackPointExtension>
            <ns3:atemp>18.0</ns3:atemp>
            <ns3:hr>126</ns3:hr>
            <ns3:cad>75</ns3:cad>
          </ns3:TrackPointExtension>
        </extensions>
      </trkpt>
      <trkpt lat="37.76047806255519390106201171875" lon="-122.39931707270443439483642578125">
        <ele>43.59999847412109375</ele>
        <time>2026-04-09T02:13:15.000Z</time>
        <extensions>
          <ns3:TrackPointExtension>
            <ns3:atemp>18.0</ns3:atemp>
            <ns3:hr>126</ns3:hr>
            <ns3:cad>75</ns3:cad>
          </ns3:TrackPointExtension>
        </extensions>
      </trkpt>
      <trkpt lat="37.760495245456695556640625" lon="-122.39930064417421817779541015625">
        <ele>43.40000152587890625</ele>
        <time>2026-04-09T02:13:16.000Z</time>
        <extensions>
          <ns3:TrackPointExtension>
            <ns3:atemp>18.0</ns3:atemp>
            <ns3:hr>126</ns3:hr>
            <ns3:cad>74</ns3:cad>
          </ns3:TrackPointExtension>
        </extensions>
      </trkpt>
      <trkpt lat="37.760499604046344757080078125" lon="-122.39928119815886020660400390625">
        <ele>43</ele>
        <time>2026-04-09T02:13:17.000Z</time>
        <extensions>
          <ns3:TrackPointExtension>
            <ns3:atemp>18.0</ns3:atemp>
            <ns3:hr>126</ns3:hr>
            <ns3:cad>75</ns3:cad>
          </ns3:TrackPointExtension>
        </extensions>
      </trkpt>
      <trkpt lat="37.7605099976062774658203125" lon="-122.39926594309508800506591796875">
        <ele>42.799999237060546875</ele>
        <time>2026-04-09T02:13:18.000Z</time>
        <extensions>
          <ns3:TrackPointExtension>
            <ns3:atemp>18.0</ns3:atemp>
            <ns3:hr>127</ns3:hr>
            <ns3:cad>75</ns3:cad>
          </ns3:TrackPointExtension>
        </extensions>
      </trkpt>
      <trkpt lat="37.76052298955619335174560546875" lon="-122.39925102330744266510009765625">
        <ele>42.40000152587890625</ele>
        <time>2026-04-09T02:13:19.000Z</time>
        <extensions>
          <ns3:TrackPointExtension>
            <ns3:atemp>18.0</ns3:atemp>
            <ns3:hr>127</ns3:hr>
            <ns3:cad>75</ns3:cad>
          </ns3:TrackPointExtension>
        </extensions>
      </trkpt>
      <trkpt lat="37.76053857989609241485595703125" lon="-122.3992477543652057647705078125">
        <ele>42</ele>
        <time>2026-04-09T02:13:20.000Z</time>
        <extensions>
          <ns3:TrackPointExtension>
            <ns3:atemp>18.0</ns3:atemp>
            <ns3:hr>127</ns3:hr>
            <ns3:cad>75</ns3:cad>
          </ns3:TrackPointExtension>
        </extensions>
      </trkpt>
      <trkpt lat="37.76055098511278629302978515625" lon="-122.399263344705104827880859375">
        <ele>41.59999847412109375</ele>
        <time>2026-04-09T02:13:21.000Z</time>
        <extensions>
          <ns3:TrackPointExtension>
            <ns3:atemp>18.0</ns3:atemp>
            <ns3:hr>127</ns3:hr>
            <ns3:cad>73</ns3:cad>
          </ns3:TrackPointExtension>
        </extensions>
      </trkpt>
      <trkpt lat="37.76056003756821155548095703125" lon="-122.39927767775952816009521484375">
        <ele>41.200000762939453125</ele>
        <time>2026-04-09T02:13:22.000Z</time>
        <extensions>
          <ns3:TrackPointExtension>
            <ns3:atemp>18.0</ns3:atemp>
            <ns3:hr>127</ns3:hr>
            <ns3:cad>73</ns3:cad>
          </ns3:TrackPointExtension>
        </extensions>
      </trkpt>
      <trkpt lat="37.76057411916553974151611328125" lon="-122.39929662086069583892822265625">
        <ele>40.799999237060546875</ele>
        <time>2026-04-09T02:13:23.000Z</time>
        <extensions>
          <ns3:TrackPointExtension>
            <ns3:atemp>18.0</ns3:atemp>
            <ns3:hr>127</ns3:hr>
            <ns3:cad>73</ns3:cad>
          </ns3:TrackPointExtension>
        </extensions>
      </trkpt>
      <trkpt lat="37.76058518327772617340087890625" lon="-122.39931321702897548675537109375">
        <ele>40.40000152587890625</ele>
        <time>2026-04-09T02:13:24.000Z</time>
        <extensions>
          <ns3:TrackPointExtension>
            <ns3:atemp>18.0</ns3:atemp>
            <ns3:hr>127</ns3:hr>
            <ns3:cad>73</ns3:cad>
          </ns3:TrackPointExtension>
        </extensions>
      </trkpt>
      <trkpt lat="37.76059658266603946685791015625" lon="-122.3993087746202945709228515625">
        <ele>40</ele>
        <time>2026-04-09T02:13:25.000Z</time>
        <extensions>
          <ns3:TrackPointExtension>
            <ns3:atemp>18.0</ns3:atemp>
            <ns3:hr>127</ns3:hr>
            <ns3:cad>74</ns3:cad>
          </ns3:TrackPointExtension>
        </extensions>
      </trkpt>
      <trkpt lat="37.76060429401695728302001953125" lon="-122.39929662086069583892822265625">
        <ele>39.799999237060546875</ele>
        <time>2026-04-09T02:13:26.000Z</time>
        <extensions>
          <ns3:TrackPointExtension>
            <ns3:atemp>18.0</ns3:atemp>
            <ns3:hr>126</ns3:hr>
            <ns3:cad>74</ns3:cad>
          </ns3:TrackPointExtension>
        </extensions>
      </trkpt>
      <trkpt lat="37.76061736978590488433837890625" lon="-122.3992792703211307525634765625">
        <ele>39.59999847412109375</ele>
        <time>2026-04-09T02:13:27.000Z</time>
        <extensions>
          <ns3:TrackPointExtension>
            <ns3:atemp>18.0</ns3:atemp>
            <ns3:hr>126</ns3:hr>
            <ns3:cad>75</ns3:cad>
          </ns3:TrackPointExtension>
        </extensions>
      </trkpt>
      <trkpt lat="37.76063882745802402496337890625" lon="-122.39926175214350223541259765625">
        <ele>39.200000762939453125</ele>
        <time>2026-04-09T02:13:28.000Z</time>
        <extensions>
          <ns3:TrackPointExtension>
            <ns3:atemp>18.0</ns3:atemp>
            <ns3:hr>126</ns3:hr>
            <ns3:cad>76</ns3:cad>
          </ns3:TrackPointExtension>
        </extensions>
      </trkpt>
      <trkpt lat="37.76065056212246417999267578125" lon="-122.39924666471779346466064453125">
        <ele>38.799999237060546875</ele>
        <time>2026-04-09T02:13:29.000Z</time>
        <extensions>
          <ns3:TrackPointExtension>
            <ns3:atemp>18.0</ns3:atemp>
            <ns3:hr>126</ns3:hr>
            <ns3:cad>76</ns3:cad>
          </ns3:TrackPointExtension>
        </extensions>
      </trkpt>
      <trkpt lat="37.76066397316753864288330078125" lon="-122.399239204823970794677734375">
        <ele>38.40000152587890625</ele>
        <time>2026-04-09T02:13:30.000Z</time>
        <extensions>
          <ns3:TrackPointExtension>
            <ns3:atemp>18.0</ns3:atemp>
            <ns3:hr>125</ns3:hr>
            <ns3:cad>76</ns3:cad>
          </ns3:TrackPointExtension>
        </extensions>
      </trkpt>
      <trkpt lat="37.760679312050342559814453125" lon="-122.39924817346036434173583984375">
        <ele>38</ele>
        <time>2026-04-09T02:13:31.000Z</time>
        <extensions>
          <ns3:TrackPointExtension>
            <ns3:atemp>18.0</ns3:atemp>
            <ns3:hr>125</ns3:hr>
            <ns3:cad>76</ns3:cad>
          </ns3:TrackPointExtension>
        </extensions>
      </trkpt>
      <trkpt lat="37.76068828068673610687255859375" lon="-122.39927667193114757537841796875">
        <ele>37.799999237060546875</ele>
        <time>2026-04-09T02:13:32.000Z</time>
        <extensions>
          <ns3:TrackPointExtension>
            <ns3:atemp>18.0</ns3:atemp>
            <ns3:hr>125</ns3:hr>
            <ns3:cad>75</ns3:cad>
          </ns3:TrackPointExtension>
        </extensions>
      </trkpt>
      <trkpt lat="37.76069574058055877685546875" lon="-122.399298213422298431396484375">
        <ele>37.200000762939453125</ele>
        <time>2026-04-09T02:13:33.000Z</time>
        <extensions>
          <ns3:TrackPointExtension>
            <ns3:atemp>18.0</ns3:atemp>
            <ns3:hr>125</ns3:hr>
            <ns3:cad>75</ns3:cad>
          </ns3:TrackPointExtension>
        </extensions>
      </trkpt>
      <trkpt lat="37.76070571504533290863037109375" lon="-122.399315647780895233154296875">
        <ele>36.799999237060546875</ele>
        <time>2026-04-09T02:13:34.000Z</time>
        <extensions>
          <ns3:TrackPointExtension>
            <ns3:atemp>18.0</ns3:atemp>
            <ns3:hr>125</ns3:hr>
            <ns3:cad>75</ns3:cad>
          </ns3:TrackPointExtension>
        </extensions>
      </trkpt>
      <trkpt lat="37.7607197128236293792724609375" lon="-122.39932796917855739593505859375">
        <ele>36.40000152587890625</ele>
        <time>2026-04-09T02:13:35.000Z</time>
        <extensions>
          <ns3:TrackPointExtension>
            <ns3:atemp>18.0</ns3:atemp>
            <ns3:hr>125</ns3:hr>
            <ns3:cad>75</ns3:cad>
          </ns3:TrackPointExtension>
        </extensions>
      </trkpt>
      <trkpt lat="37.76073907501995563507080078125" lon="-122.39932947792112827301025390625">
        <ele>36</ele>
        <time>2026-04-09T02:13:36.000Z</time>
        <extensions>
          <ns3:TrackPointExtension>
            <ns3:atemp>18.0</ns3:atemp>
            <ns3:hr>125</ns3:hr>
            <ns3:cad>76</ns3:cad>
          </ns3:TrackPointExtension>
        </extensions>
      </trkpt>
      <trkpt lat="37.76074896566569805145263671875" lon="-122.39931824617087841033935546875">
        <ele>35.59999847412109375</ele>
        <time>2026-04-09T02:13:37.000Z</time>
        <extensions>
          <ns3:TrackPointExtension>
            <ns3:atemp>18.0</ns3:atemp>
            <ns3:hr>125</ns3:hr>
            <ns3:cad>75</ns3:cad>
          </ns3:TrackPointExtension>
        </extensions>
      </trkpt>
      <trkpt lat="37.7607619576156139373779296875" lon="-122.39930701442062854766845703125">
        <ele>35.40000152587890625</ele>
        <time>2026-04-09T02:13:38.000Z</time>
        <extensions>
          <ns3:TrackPointExtension>
            <ns3:atemp>18.0</ns3:atemp>
            <ns3:hr>125</ns3:hr>
            <ns3:cad>76</ns3:cad>
          </ns3:TrackPointExtension>
        </extensions>
      </trkpt>
      <trkpt lat="37.7607736922800540924072265625" lon="-122.39929075352847576141357421875">
        <ele>35</ele>
        <time>2026-04-09T02:13:39.000Z</time>
        <extensions>
          <ns3:TrackPointExtension>
            <ns3:atemp>18.0</ns3:atemp>
            <ns3:hr>125</ns3:hr>
            <ns3:cad>76</ns3:cad>
          </ns3:TrackPointExtension>
        </extensions>
      </trkpt>
      <trkpt lat="37.76078551076352596282958984375" lon="-122.3992712236940860748291015625">
        <ele>34.799999237060546875</ele>
        <time>2026-04-09T02:13:40.000Z</time>
        <extensions>
          <ns3:TrackPointExtension>
            <ns3:atemp>18.0</ns3:atemp>
            <ns3:hr>124</ns3:hr>
            <ns3:cad>76</ns3:cad>
          </ns3:TrackPointExtension>
        </extensions>
      </trkpt>
      <trkpt lat="37.76078986935317516326904296875" lon="-122.3992494307458400726318359375">
        <ele>34.59999847412109375</ele>
        <time>2026-04-09T02:13:41.000Z</time>
        <extensions>
          <ns3:TrackPointExtension>
            <ns3:atemp>18.0</ns3:atemp>
            <ns3:hr>124</ns3:hr>
            <ns3:cad>76</ns3:cad>
          </ns3:TrackPointExtension>
        </extensions>
      </trkpt>
      <trkpt lat="37.760797999799251556396484375" lon="-122.3992353491485118865966796875">
        <ele>34.200000762939453125</ele>
        <time>2026-04-09T02:13:42.000Z</time>
        <extensions>
          <ns3:TrackPointExtension>
            <ns3:atemp>18.0</ns3:atemp>
            <ns3:hr>124</ns3:hr>
            <ns3:cad>76</ns3:cad>
          </ns3:TrackPointExtension>
        </extensions>
      </trkpt>
      <trkpt lat="37.76081266812980175018310546875" lon="-122.39923954010009765625">
        <ele>33.799999237060546875</ele>
        <time>2026-04-09T02:13:43.000Z</time>
        <extensions>
          <ns3:TrackPointExtension>
            <ns3:atemp>18.0</ns3:atemp>
            <ns3:hr>124</ns3:hr>
            <ns3:cad>75</ns3:cad>
          </ns3:TrackPointExtension>
        </extensions>
      </trkpt>
      <trkpt lat="37.76082180440425872802734375" lon="-122.39925496280193328857421875">
        <ele>33.59999847412109375</ele>
        <time>2026-04-09T02:13:44.000Z</time>
        <extensions>
          <ns3:TrackPointExtension>
            <ns3:atemp>18.0</ns3:atemp>
            <ns3:hr>123</ns3:hr>
            <ns3:cad>74</ns3:cad>
          </ns3:TrackPointExtension>
        </extensions>
      </trkpt>
      <trkpt lat="37.76083027012646198272705078125" lon="-122.39927466027438640594482421875">
        <ele>33.200000762939453125</ele>
        <time>2026-04-09T02:13:45.000Z</time>
        <extensions>
          <ns3:TrackPointExtension>
            <ns3:atemp>18.0</ns3:atemp>
            <ns3:hr>123</ns3:hr>
            <ns3:cad>74</ns3:cad>
          </ns3:TrackPointExtension>
        </extensions>
      </trkpt>
      <trkpt lat="37.7608399093151092529296875" lon="-122.39928773604333400726318359375">
        <ele>32.799999237060546875</ele>
        <time>2026-04-09T02:13:46.000Z</time>
        <extensions>
          <ns3:TrackPointExtension>
            <ns3:atemp>18.0</ns3:atemp>
            <ns3:hr>123</ns3:hr>
            <ns3:cad>74</ns3:cad>
          </ns3:TrackPointExtension>
        </extensions>
      </trkpt>
      <trkpt lat="37.76085130870342254638671875" lon="-122.39930718205869197845458984375">
        <ele>32.59999847412109375</ele>
        <time>2026-04-09T02:13:47.000Z</time>
        <extensions>
          <ns3:TrackPointExtension>
            <ns3:atemp>18.0</ns3:atemp>
            <ns3:hr>123</ns3:hr>
            <ns3:cad>74</ns3:cad>
          </ns3:TrackPointExtension>
        </extensions>
      </trkpt>
      <trkpt lat="37.760861702263355255126953125" lon="-122.39932696335017681121826171875">
        <ele>32.200000762939453125</ele>
        <time>2026-04-09T02:13:48.000Z</time>
        <extensions>
          <ns3:TrackPointExtension>
            <ns3:atemp>18.0</ns3:atemp>
            <ns3:hr>122</ns3:hr>
            <ns3:cad>74</ns3:cad>
          </ns3:TrackPointExtension>
        </extensions>
      </trkpt>
      <trkpt lat="37.760873101651668548583984375" lon="-122.39934372715651988983154296875">
        <ele>32</ele>
        <time>2026-04-09T02:13:49.000Z</time>
        <extensions>
          <ns3:TrackPointExtension>
            <ns3:atemp>18.0</ns3:atemp>
            <ns3:hr>122</ns3:hr>
            <ns3:cad>74</ns3:cad>
          </ns3:TrackPointExtension>
        </extensions>
      </trkpt>
      <trkpt lat="37.76088139973580837249755859375" lon="-122.399338781833648681640625">
        <ele>31.6000003814697265625</ele>
        <time>2026-04-09T02:13:50.000Z</time>
        <extensions>
          <ns3:TrackPointExtension>
            <ns3:atemp>18.0</ns3:atemp>
            <ns3:hr>122</ns3:hr>
            <ns3:cad>75</ns3:cad>
          </ns3:TrackPointExtension>
        </extensions>
      </trkpt>
      <trkpt lat="37.7608960680663585662841796875" lon="-122.39932537078857421875">
        <ele>31.3999996185302734375</ele>
        <time>2026-04-09T02:13:51.000Z</time>
        <extensions>
          <ns3:TrackPointExtension>
            <ns3:atemp>18.0</ns3:atemp>
            <ns3:hr>122</ns3:hr>
            <ns3:cad>74</ns3:cad>
          </ns3:TrackPointExtension>
        </extensions>
      </trkpt>
      <trkpt lat="37.76090486906468868255615234375" lon="-122.3993044160306453704833984375">
        <ele>31</ele>
        <time>2026-04-09T02:13:52.000Z</time>
        <extensions>
          <ns3:TrackPointExtension>
            <ns3:atemp>18.0</ns3:atemp>
            <ns3:hr>122</ns3:hr>
            <ns3:cad>75</ns3:cad>
          </ns3:TrackPointExtension>
        </extensions>
      </trkpt>
      <trkpt lat="37.76092347688972949981689453125" lon="-122.39928253926336765289306640625">
        <ele>30.6000003814697265625</ele>
        <time>2026-04-09T02:13:53.000Z</time>
        <extensions>
          <ns3:TrackPointExtension>
            <ns3:atemp>18.0</ns3:atemp>
            <ns3:hr>123</ns3:hr>
            <ns3:cad>74</ns3:cad>
          </ns3:TrackPointExtension>
        </extensions>
      </trkpt>
      <trkpt lat="37.7609275840222835540771484375" lon="-122.3992672003805637359619140625">
        <ele>30.3999996185302734375</ele>
        <time>2026-04-09T02:13:54.000Z</time>
        <extensions>
          <ns3:TrackPointExtension>
            <ns3:atemp>18.0</ns3:atemp>
            <ns3:hr>124</ns3:hr>
            <ns3:cad>75</ns3:cad>
          </ns3:TrackPointExtension>
        </extensions>
      </trkpt>
      <trkpt lat="37.76093672029674053192138671875" lon="-122.399251274764537811279296875">
        <ele>30</ele>
        <time>2026-04-09T02:13:55.000Z</time>
        <extensions>
          <ns3:TrackPointExtension>
            <ns3:atemp>18.0</ns3:atemp>
            <ns3:hr>124</ns3:hr>
            <ns3:cad>74</ns3:cad>
          </ns3:TrackPointExtension>
        </extensions>
      </trkpt>
      <trkpt lat="37.76094929315149784088134765625" lon="-122.399247586727142333984375">
        <ele>29.799999237060546875</ele>
        <time>2026-04-09T02:13:56.000Z</time>
        <extensions>
          <ns3:TrackPointExtension>
            <ns3:atemp>18.0</ns3:atemp>
            <ns3:hr>125</ns3:hr>
            <ns3:cad>75</ns3:cad>
          </ns3:TrackPointExtension>
        </extensions>
      </trkpt>
      <trkpt lat="37.76096396148204803466796875" lon="-122.39926376380026340484619140625">
        <ele>29.3999996185302734375</ele>
        <time>2026-04-09T02:13:57.000Z</time>
        <extensions>
          <ns3:TrackPointExtension>
            <ns3:atemp>18.0</ns3:atemp>
            <ns3:hr>125</ns3:hr>
            <ns3:cad>74</ns3:cad>
          </ns3:TrackPointExtension>
        </extensions>
      </trkpt>
      <trkpt lat="37.76097376830875873565673828125" lon="-122.3992789350450038909912109375">
        <ele>29.200000762939453125</ele>
        <time>2026-04-09T02:13:58.000Z</time>
        <extensions>
          <ns3:TrackPointExtension>
            <ns3:atemp>18.0</ns3:atemp>
            <ns3:hr>125</ns3:hr>
            <ns3:cad>74</ns3:cad>
          </ns3:TrackPointExtension>
        </extensions>
      </trkpt>
      <trkpt lat="37.760985754430294036865234375" lon="-122.3992950282990932464599609375">
        <ele>28.799999237060546875</ele>
        <time>2026-04-09T02:13:59.000Z</time>
        <extensions>
          <ns3:TrackPointExtension>
            <ns3:atemp>18.0</ns3:atemp>
            <ns3:hr>125</ns3:hr>
            <ns3:cad>73</ns3:cad>
          </ns3:TrackPointExtension>
        </extensions>
      </trkpt>
      <trkpt lat="37.760995812714099884033203125" lon="-122.3993131332099437713623046875">
        <ele>28.6000003814697265625</ele>
        <time>2026-04-09T02:14:00.000Z</time>
        <extensions>
          <ns3:TrackPointExtension>
            <ns3:atemp>18.0</ns3:atemp>
            <ns3:hr>125</ns3:hr>
            <ns3:cad>73</ns3:cad>
          </ns3:TrackPointExtension>
        </extensions>
      </trkpt>
      <trkpt lat="37.76100310496985912322998046875" lon="-122.39934020675718784332275390625">
        <ele>28.200000762939453125</ele>
        <time>2026-04-09T02:14:01.000Z</time>
        <extensions>
          <ns3:TrackPointExtension>
            <ns3:atemp>18.0</ns3:atemp>
            <ns3:hr>125</ns3:hr>
            <ns3:cad>73</ns3:cad>
          </ns3:TrackPointExtension>
        </extensions>
      </trkpt>
      <trkpt lat="37.76101492345333099365234375" lon="-122.399351187050342559814453125">
        <ele>27.799999237060546875</ele>
        <time>2026-04-09T02:14:02.000Z</time>
        <extensions>
          <ns3:TrackPointExtension>
            <ns3:atemp>18.0</ns3:atemp>
            <ns3:hr>124</ns3:hr>
            <ns3:cad>74</ns3:cad>
          </ns3:TrackPointExtension>
        </extensions>
      </trkpt>
      <trkpt lat="37.76103126816451549530029296875" lon="-122.39935554563999176025390625">
        <ele>27.3999996185302734375</ele>
        <time>2026-04-09T02:14:03.000Z</time>
        <extensions>
          <ns3:TrackPointExtension>
            <ns3:atemp>18.0</ns3:atemp>
            <ns3:hr>125</ns3:hr>
            <ns3:cad>74</ns3:cad>
          </ns3:TrackPointExtension>
        </extensions>
      </trkpt>
      <trkpt lat="37.761052809655666351318359375" lon="-122.39935965277254581451416015625">
        <ele>27</ele>
        <time>2026-04-09T02:14:04.000Z</time>
        <extensions>
          <ns3:TrackPointExtension>
            <ns3:atemp>18.0</ns3:atemp>
            <ns3:hr>125</ns3:hr>
            <ns3:cad>74</ns3:cad>
          </ns3:TrackPointExtension>
        </extensions>
      </trkpt>
      <trkpt lat="37.7610754407942295074462890625" lon="-122.3993884027004241943359375">
        <ele>26.6000003814697265625</ele>
        <time>2026-04-09T02:14:05.000Z</time>
        <extensions>
          <ns3:TrackPointExtension>
            <ns3:atemp>18.0</ns3:atemp>
            <ns3:hr>124</ns3:hr>
            <ns3:cad>75</ns3:cad>
          </ns3:TrackPointExtension>
        </extensions>
      </trkpt>
      <trkpt lat="37.7610952220857143402099609375" lon="-122.39939737133681774139404296875">
        <ele>26.3999996185302734375</ele>
        <time>2026-04-09T02:14:06.000Z</time>
        <extensions>
          <ns3:TrackPointExtension>
            <ns3:atemp>18.0</ns3:atemp>
            <ns3:hr>125</ns3:hr>
            <ns3:cad>75</ns3:cad>
          </ns3:TrackPointExtension>
        </extensions>
      </trkpt>
      <trkpt lat="37.76111726649105548858642578125" lon="-122.39942134357988834381103515625">
        <ele>25.799999237060546875</ele>
        <time>2026-04-09T02:14:07.000Z</time>
        <extensions>
          <ns3:TrackPointExtension>
            <ns3:atemp>18.0</ns3:atemp>
            <ns3:hr>125</ns3:hr>
            <ns3:cad>75</ns3:cad>
          </ns3:TrackPointExtension>
        </extensions>
      </trkpt>
      <trkpt lat="37.7611280791461467742919921875" lon="-122.39945922978222370147705078125">
        <ele>25.6000003814697265625</ele>
        <time>2026-04-09T02:14:08.000Z</time>
        <extensions>
          <ns3:TrackPointExtension>
            <ns3:atemp>18.0</ns3:atemp>
            <ns3:hr>124</ns3:hr>
            <ns3:cad>77</ns3:cad>
          </ns3:TrackPointExtension>
        </extensions>
      </trkpt>
      <trkpt lat="37.7611414901912212371826171875" lon="-122.3994767479598522186279296875">
        <ele>25.6000003814697265625</ele>
        <time>2026-04-09T02:14:09.000Z</time>
        <extensions>
          <ns3:TrackPointExtension>
            <ns3:atemp>18.0</ns3:atemp>
            <ns3:hr>124</ns3:hr>
            <ns3:cad>77</ns3:cad>
          </ns3:TrackPointExtension>
        </extensions>
      </trkpt>
      <trkpt lat="37.76115842163562774658203125" lon="-122.39950952120125293731689453125">
        <ele>25.799999237060546875</ele>
        <time>2026-04-09T02:14:10.000Z</time>
        <extensions>
          <ns3:TrackPointExtension>
            <ns3:atemp>18.0</ns3:atemp>
            <ns3:hr>124</ns3:hr>
            <ns3:cad>79</ns3:cad>
          </ns3:TrackPointExtension>
        </extensions>
      </trkpt>
      <trkpt lat="37.76116386987268924713134765625" lon="-122.39954120479524135589599609375">
        <ele>25.799999237060546875</ele>
        <time>2026-04-09T02:14:11.000Z</time>
        <extensions>
          <ns3:TrackPointExtension>
            <ns3:atemp>18.0</ns3:atemp>
            <ns3:hr>124</ns3:hr>
            <ns3:cad>79</ns3:cad>
          </ns3:TrackPointExtension>
        </extensions>
      </trkpt>
      <trkpt lat="37.76117560453712940216064453125" lon="-122.399565093219280242919921875">
        <ele>26</ele>
        <time>2026-04-09T02:14:12.000Z</time>
        <extensions>
          <ns3:TrackPointExtension>
            <ns3:atemp>18.0</ns3:atemp>
            <ns3:hr>124</ns3:hr>
            <ns3:cad>80</ns3:cad>
          </ns3:TrackPointExtension>
        </extensions>
      </trkpt>
      <trkpt lat="37.76118901558220386505126953125" lon="-122.39960230886936187744140625">
        <ele>26</ele>
        <time>2026-04-09T02:14:13.000Z</time>
        <extensions>
          <ns3:TrackPointExtension>
            <ns3:atemp>18.0</ns3:atemp>
            <ns3:hr>124</ns3:hr>
            <ns3:cad>80</ns3:cad>
          </ns3:TrackPointExtension>
        </extensions>
      </trkpt>
      <trkpt lat="37.7612020075321197509765625" lon="-122.39962720312178134918212890625">
        <ele>26</ele>
        <time>2026-04-09T02:14:14.000Z</time>
        <extensions>
          <ns3:TrackPointExtension>
            <ns3:atemp>18.0</ns3:atemp>
            <ns3:hr>125</ns3:hr>
            <ns3:cad>81</ns3:cad>
          </ns3:TrackPointExtension>
        </extensions>
      </trkpt>
      <trkpt lat="37.76121634058654308319091796875" lon="-122.3996614851057529449462890625">
        <ele>25.799999237060546875</ele>
        <time>2026-04-09T02:14:15.000Z</time>
        <extensions>
          <ns3:TrackPointExtension>
            <ns3:atemp>18.0</ns3:atemp>
            <ns3:hr>125</ns3:hr>
            <ns3:cad>81</ns3:cad>
          </ns3:TrackPointExtension>
        </extensions>
      </trkpt>
      <trkpt lat="37.76120896451175212860107421875" lon="-122.39970062859356403350830078125">
        <ele>25.799999237060546875</ele>
        <time>2026-04-09T02:14:16.000Z</time>
        <extensions>
          <ns3:TrackPointExtension>
            <ns3:atemp>18.0</ns3:atemp>
            <ns3:hr>125</ns3:hr>
            <ns3:cad>83</ns3:cad>
          </ns3:TrackPointExtension>
        </extensions>
      </trkpt>
      <trkpt lat="37.7612129040062427520751953125" lon="-122.39972292445600032806396484375">
        <ele>25.799999237060546875</ele>
        <time>2026-04-09T02:14:17.000Z</time>
        <extensions>
          <ns3:TrackPointExtension>
            <ns3:atemp>18.0</ns3:atemp>
            <ns3:hr>125</ns3:hr>
            <ns3:cad>83</ns3:cad>
          </ns3:TrackPointExtension>
        </extensions>
      </trkpt>
      <trkpt lat="37.76121416129171848297119140625" lon="-122.3997600562870502471923828125">
        <ele>25.799999237060546875</ele>
        <time>2026-04-09T02:14:18.000Z</time>
        <extensions>
          <ns3:TrackPointExtension>
            <ns3:atemp>18.0</ns3:atemp>
            <ns3:hr>126</ns3:hr>
            <ns3:cad>83</ns3:cad>
          </ns3:TrackPointExtension>
        </extensions>
      </trkpt>
      <trkpt lat="37.76120678521692752838134765625" lon="-122.39979450590908527374267578125">
        <ele>26</ele>
        <time>2026-04-09T02:14:19.000Z</time>
        <extensions>
          <ns3:TrackPointExtension>
            <ns3:atemp>18.0</ns3:atemp>
            <ns3:hr>126</ns3:hr>
            <ns3:cad>82</ns3:cad>
          </ns3:TrackPointExtension>
        </extensions>
      </trkpt>
      <trkpt lat="37.76120443828403949737548828125" lon="-122.399820573627948760986328125">
        <ele>26</ele>
        <time>2026-04-09T02:14:20.000Z</time>
        <extensions>
          <ns3:TrackPointExtension>
            <ns3:atemp>18.0</ns3:atemp>
            <ns3:hr>126</ns3:hr>
            <ns3:cad>82</ns3:cad>
          </ns3:TrackPointExtension>
        </extensions>
      </trkpt>
      <trkpt lat="37.76120661757886409759521484375" lon="-122.3998579569160938262939453125">
        <ele>26.200000762939453125</ele>
        <time>2026-04-09T02:14:21.000Z</time>
        <extensions>
          <ns3:TrackPointExtension>
            <ns3:atemp>18.0</ns3:atemp>
            <ns3:hr>127</ns3:hr>
            <ns3:cad>82</ns3:cad>
          </ns3:TrackPointExtension>
        </extensions>
      </trkpt>
      <trkpt lat="37.76120376773178577423095703125" lon="-122.39988653920590877532958984375">
        <ele>26.200000762939453125</ele>
        <time>2026-04-09T02:14:22.000Z</time>
        <extensions>
          <ns3:TrackPointExtension>
            <ns3:atemp>18.0</ns3:atemp>
            <ns3:hr>127</ns3:hr>
            <ns3:cad>82</ns3:cad>
          </ns3:TrackPointExtension>
        </extensions>
      </trkpt>
      <trkpt lat="37.76120510883629322052001953125" lon="-122.39991478621959686279296875">
        <ele>26.200000762939453125</ele>
        <time>2026-04-09T02:14:23.000Z</time>
        <extensions>
          <ns3:TrackPointExtension>
            <ns3:atemp>18.0</ns3:atemp>
            <ns3:hr>127</ns3:hr>
            <ns3:cad>82</ns3:cad>
          </ns3:TrackPointExtension>
        </extensions>
      </trkpt>
      <trkpt lat="37.76120527647435665130615234375" lon="-122.39995325915515422821044921875">
        <ele>26.3999996185302734375</ele>
        <time>2026-04-09T02:14:24.000Z</time>
        <extensions>
          <ns3:TrackPointExtension>
            <ns3:atemp>18.0</ns3:atemp>
            <ns3:hr>127</ns3:hr>
            <ns3:cad>81</ns3:cad>
          </ns3:TrackPointExtension>
        </extensions>
      </trkpt>
      <trkpt lat="37.7612018398940563201904296875" lon="-122.399983517825603485107421875">
        <ele>26.3999996185302734375</ele>
        <time>2026-04-09T02:14:25.000Z</time>
        <extensions>
          <ns3:TrackPointExtension>
            <ns3:atemp>18.0</ns3:atemp>
            <ns3:hr>127</ns3:hr>
            <ns3:cad>81</ns3:cad>
          </ns3:TrackPointExtension>
        </extensions>
      </trkpt>
      <trkpt lat="37.76119756512343883514404296875" lon="-122.40001746453344821929931640625">
        <ele>26.6000003814697265625</ele>
        <time>2026-04-09T02:14:26.000Z</time>
        <extensions>
          <ns3:TrackPointExtension>
            <ns3:atemp>18.0</ns3:atemp>
            <ns3:hr>128</ns3:hr>
            <ns3:cad>81</ns3:cad>
          </ns3:TrackPointExtension>
        </extensions>
      </trkpt>
      <trkpt lat="37.76119169779121875762939453125" lon="-122.40004621446132659912109375">
        <ele>26.6000003814697265625</ele>
        <time>2026-04-09T02:14:27.000Z</time>
        <extensions>
          <ns3:TrackPointExtension>
            <ns3:atemp>18.0</ns3:atemp>
            <ns3:hr>128</ns3:hr>
            <ns3:cad>81</ns3:cad>
          </ns3:TrackPointExtension>
        </extensions>
      </trkpt>
      <trkpt lat="37.76119186542928218841552734375" lon="-122.40006959997117519378662109375">
        <ele>26.799999237060546875</ele>
        <time>2026-04-09T02:14:28.000Z</time>
        <extensions>
          <ns3:TrackPointExtension>
            <ns3:atemp>18.0</ns3:atemp>
            <ns3:hr>128</ns3:hr>
            <ns3:cad>80</ns3:cad>
          </ns3:TrackPointExtension>
        </extensions>
      </trkpt>
      <trkpt lat="37.7611954696476459503173828125" lon="-122.40010656416416168212890625">
        <ele>26.799999237060546875</ele>
        <time>2026-04-09T02:14:29.000Z</time>
        <extensions>
          <ns3:TrackPointExtension>
            <ns3:atemp>18.0</ns3:atemp>
            <ns3:hr>129</ns3:hr>
            <ns3:cad>80</ns3:cad>
          </ns3:TrackPointExtension>
        </extensions>
      </trkpt>
      <trkpt lat="37.76118851266801357269287109375" lon="-122.4001483060419559478759765625">
        <ele>26.799999237060546875</ele>
        <time>2026-04-09T02:14:30.000Z</time>
        <extensions>
          <ns3:TrackPointExtension>
            <ns3:atemp>18.0</ns3:atemp>
            <ns3:hr>129</ns3:hr>
            <ns3:cad>80</ns3:cad>
          </ns3:TrackPointExtension>
        </extensions>
      </trkpt>
      <trkpt lat="37.761188261210918426513671875" lon="-122.4001771397888660430908203125">
        <ele>27</ele>
        <time>2026-04-09T02:14:31.000Z</time>
        <extensions>
          <ns3:TrackPointExtension>
            <ns3:atemp>18.0</ns3:atemp>
            <ns3:hr>129</ns3:hr>
            <ns3:cad>82</ns3:cad>
          </ns3:TrackPointExtension>
        </extensions>
      </trkpt>
      <trkpt lat="37.76118599809706211090087890625" lon="-122.400211505591869354248046875">
        <ele>27</ele>
        <time>2026-04-09T02:14:32.000Z</time>
        <extensions>
          <ns3:TrackPointExtension>
            <ns3:atemp>18.0</ns3:atemp>
            <ns3:hr>130</ns3:hr>
            <ns3:cad>82</ns3:cad>
          </ns3:TrackPointExtension>
        </extensions>
      </trkpt>
      <trkpt lat="37.7611780352890491485595703125" lon="-122.40024830214679241180419921875">
        <ele>27.200000762939453125</ele>
        <time>2026-04-09T02:14:33.000Z</time>
        <extensions>
          <ns3:TrackPointExtension>
            <ns3:atemp>18.0</ns3:atemp>
            <ns3:hr>130</ns3:hr>
            <ns3:cad>82</ns3:cad>
          </ns3:TrackPointExtension>
        </extensions>
      </trkpt>
      <trkpt lat="37.76118113659322261810302734375" lon="-122.40027763880789279937744140625">
        <ele>27.200000762939453125</ele>
        <time>2026-04-09T02:14:34.000Z</time>
        <extensions>
          <ns3:TrackPointExtension>
            <ns3:atemp>18.0</ns3:atemp>
            <ns3:hr>131</ns3:hr>
            <ns3:cad>82</ns3:cad>
          </ns3:TrackPointExtension>
        </extensions>
      </trkpt>
      <trkpt lat="37.761178202927112579345703125" lon="-122.4003209732472896575927734375">
        <ele>27.200000762939453125</ele>
        <time>2026-04-09T02:14:35.000Z</time>
        <extensions>
          <ns3:TrackPointExtension>
            <ns3:atemp>18.0</ns3:atemp>
            <ns3:hr>131</ns3:hr>
            <ns3:cad>81</ns3:cad>
          </ns3:TrackPointExtension>
        </extensions>
      </trkpt>
      <trkpt lat="37.76117459870874881744384765625" lon="-122.4003471247851848602294921875">
        <ele>27.200000762939453125</ele>
        <time>2026-04-09T02:14:36.000Z</time>
        <extensions>
          <ns3:TrackPointExtension>
            <ns3:atemp>18.0</ns3:atemp>
            <ns3:hr>131</ns3:hr>
            <ns3:cad>81</ns3:cad>
          </ns3:TrackPointExtension>
        </extensions>
      </trkpt>
      <trkpt lat="37.761176861822605133056640625" lon="-122.40038358606398105621337890625">
        <ele>27.200000762939453125</ele>
        <time>2026-04-09T02:14:37.000Z</time>
        <extensions>
          <ns3:TrackPointExtension>
            <ns3:atemp>18.0</ns3:atemp>
            <ns3:hr>132</ns3:hr>
            <ns3:cad>81</ns3:cad>
          </ns3:TrackPointExtension>
        </extensions>
      </trkpt>
      <trkpt lat="37.76116839610040187835693359375" lon="-122.40042499266564846038818359375">
        <ele>27.200000762939453125</ele>
        <time>2026-04-09T02:14:38.000Z</time>
        <extensions>
          <ns3:TrackPointExtension>
            <ns3:atemp>18.0</ns3:atemp>
            <ns3:hr>132</ns3:hr>
            <ns3:cad>81</ns3:cad>
          </ns3:TrackPointExtension>
        </extensions>
      </trkpt>
      <trkpt lat="37.761166132986545562744140625" lon="-122.40045365877449512481689453125">
        <ele>27</ele>
        <time>2026-04-09T02:14:39.000Z</time>
        <extensions>
          <ns3:TrackPointExtension>
            <ns3:atemp>18.0</ns3:atemp>
            <ns3:hr>133</ns3:hr>
            <ns3:cad>82</ns3:cad>
          </ns3:TrackPointExtension>
        </extensions>
      </trkpt>
      <trkpt lat="37.76116437278687953948974609375" lon="-122.4004886113107204437255859375">
        <ele>27</ele>
        <time>2026-04-09T02:14:40.000Z</time>
        <extensions>
          <ns3:TrackPointExtension>
            <ns3:atemp>18.0</ns3:atemp>
            <ns3:hr>133</ns3:hr>
            <ns3:cad>82</ns3:cad>
          </ns3:TrackPointExtension>
        </extensions>
      </trkpt>
      <trkpt lat="37.76116169057786464691162109375" lon="-122.40051853470504283905029296875">
        <ele>27</ele>
        <time>2026-04-09T02:14:41.000Z</time>
        <extensions>
          <ns3:TrackPointExtension>
            <ns3:atemp>18.0</ns3:atemp>
            <ns3:hr>133</ns3:hr>
            <ns3:cad>82</ns3:cad>
          </ns3:TrackPointExtension>
        </extensions>
      </trkpt>
      <trkpt lat="37.761158756911754608154296875" lon="-122.40052524022758007049560546875">
        <ele>27.200000762939453125</ele>
        <time>2026-04-09T02:14:42.000Z</time>
        <extensions>
          <ns3:TrackPointExtension>
            <ns3:atemp>18.0</ns3:atemp>
            <ns3:hr>134</ns3:hr>
            <ns3:cad>82</ns3:cad>
          </ns3:TrackPointExtension>
        </extensions>
      </trkpt>
      <trkpt lat="37.7611565776169300079345703125" lon="-122.400541417300701141357421875">
        <ele>27.3999996185302734375</ele>
        <time>2026-04-09T02:14:43.000Z</time>
        <extensions>
          <ns3:TrackPointExtension>
            <ns3:atemp>18.0</ns3:atemp>
            <ns3:hr>134</ns3:hr>
            <ns3:cad>81</ns3:cad>
          </ns3:TrackPointExtension>
        </extensions>
      </trkpt>
      <trkpt lat="37.76115230284631252288818359375" lon="-122.40056178532540798187255859375">
        <ele>27.799999237060546875</ele>
        <time>2026-04-09T02:14:44.000Z</time>
        <extensions>
          <ns3:TrackPointExtension>
            <ns3:atemp>18.0</ns3:atemp>
            <ns3:hr>135</ns3:hr>
            <ns3:cad>81</ns3:cad>
          </ns3:TrackPointExtension>
        </extensions>
      </trkpt>
      <trkpt lat="37.76114744134247303009033203125" lon="-122.40057528018951416015625">
        <ele>28.3999996185302734375</ele>
        <time>2026-04-09T02:14:45.000Z</time>
        <extensions>
          <ns3:TrackPointExtension>
            <ns3:atemp>18.0</ns3:atemp>
            <ns3:hr>135</ns3:hr>
            <ns3:cad>80</ns3:cad>
          </ns3:TrackPointExtension>
        </extensions>
      </trkpt>
      <trkpt lat="37.7611456811428070068359375" lon="-122.4005915410816669464111328125">
        <ele>28.799999237060546875</ele>
        <time>2026-04-09T02:14:46.000Z</time>
        <extensions>
          <ns3:TrackPointExtension>
            <ns3:atemp>18.0</ns3:atemp>
            <ns3:hr>135</ns3:hr>
            <ns3:cad>79</ns3:cad>
          </ns3:TrackPointExtension>
        </extensions>
      </trkpt>
      <trkpt lat="37.7611461840569972991943359375" lon="-122.400610484182834625244140625">
        <ele>29.200000762939453125</ele>
        <time>2026-04-09T02:14:47.000Z</time>
        <extensions>
          <ns3:TrackPointExtension>
            <ns3:atemp>18.0</ns3:atemp>
            <ns3:hr>136</ns3:hr>
            <ns3:cad>77</ns3:cad>
          </ns3:TrackPointExtension>
        </extensions>
      </trkpt>
      <trkpt lat="37.76114157401025295257568359375" lon="-122.400629930198192596435546875">
        <ele>29.6000003814697265625</ele>
        <time>2026-04-09T02:14:48.000Z</time>
        <extensions>
          <ns3:TrackPointExtension>
            <ns3:atemp>18.0</ns3:atemp>
            <ns3:hr>136</ns3:hr>
            <ns3:cad>77</ns3:cad>
          </ns3:TrackPointExtension>
        </extensions>
      </trkpt>
      <trkpt lat="37.7611403167247772216796875" lon="-122.4006383121013641357421875">
        <ele>29.799999237060546875</ele>
        <time>2026-04-09T02:14:49.000Z</time>
        <extensions>
          <ns3:TrackPointExtension>
            <ns3:atemp>18.0</ns3:atemp>
            <ns3:hr>136</ns3:hr>
            <ns3:cad>77</ns3:cad>
          </ns3:TrackPointExtension>
        </extensions>
      </trkpt>
      <trkpt lat="37.7611435018479824066162109375" lon="-122.400658093392848968505859375">
        <ele>30</ele>
        <time>2026-04-09T02:14:50.000Z</time>
        <extensions>
          <ns3:TrackPointExtension>
            <ns3:atemp>18.0</ns3:atemp>
            <ns3:hr>137</ns3:hr>
            <ns3:cad>77</ns3:cad>
          </ns3:TrackPointExtension>
        </extensions>
      </trkpt>
      <trkpt lat="37.7611441724002361297607421875" lon="-122.400680892169475555419921875">
        <ele>30.200000762939453125</ele>
        <time>2026-04-09T02:14:51.000Z</time>
        <extensions>
          <ns3:TrackPointExtension>
            <ns3:atemp>18.0</ns3:atemp>
            <ns3:hr>137</ns3:hr>
            <ns3:cad>78</ns3:cad>
          </ns3:TrackPointExtension>
        </extensions>
      </trkpt>
      <trkpt lat="37.76114257983863353729248046875" lon="-122.40068332292139530181884765625">
        <ele>30.3999996185302734375</ele>
        <time>2026-04-09T02:14:52.000Z</time>
        <extensions>
          <ns3:TrackPointExtension>
            <ns3:atemp>18.0</ns3:atemp>
            <ns3:hr>138</ns3:hr>
            <ns3:cad>78</ns3:cad>
          </ns3:TrackPointExtension>
        </extensions>
      </trkpt>
      <trkpt lat="37.76114291511476039886474609375" lon="-122.4006917886435985565185546875">
        <ele>30.6000003814697265625</ele>
        <time>2026-04-09T02:14:53.000Z</time>
        <extensions>
          <ns3:TrackPointExtension>
            <ns3:atemp>18.0</ns3:atemp>
            <ns3:hr>138</ns3:hr>
            <ns3:cad>78</ns3:cad>
          </ns3:TrackPointExtension>
        </extensions>
      </trkpt>
      <trkpt lat="37.76114392094314098358154296875" lon="-122.4007051996886730194091796875">
        <ele>30.799999237060546875</ele>
        <time>2026-04-09T02:14:54.000Z</time>
        <extensions>
          <ns3:TrackPointExtension>
            <ns3:atemp>18.0</ns3:atemp>
            <ns3:hr>139</ns3:hr>
            <ns3:cad>78</ns3:cad>
          </ns3:TrackPointExtension>
        </extensions>
      </trkpt>
      <trkpt lat="37.7611347846686840057373046875" lon="-122.400733530521392822265625">
        <ele>31.200000762939453125</ele>
        <time>2026-04-09T02:14:55.000Z</time>
        <extensions>
          <ns3:TrackPointExtension>
            <ns3:atemp>18.0</ns3:atemp>
            <ns3:hr>139</ns3:hr>
            <ns3:cad>71</ns3:cad>
          </ns3:TrackPointExtension>
        </extensions>
      </trkpt>
      <trkpt lat="37.7611354552209377288818359375" lon="-122.4007383920252323150634765625">
        <ele>31.3999996185302734375</ele>
        <time>2026-04-09T02:14:56.000Z</time>
        <extensions>
          <ns3:TrackPointExtension>
            <ns3:atemp>18.0</ns3:atemp>
            <ns3:hr>140</ns3:hr>
            <ns3:cad>71</ns3:cad>
          </ns3:TrackPointExtension>
        </extensions>
      </trkpt>
      <trkpt lat="37.7611367963254451751708984375" lon="-122.4007467739284038543701171875">
        <ele>31.799999237060546875</ele>
        <time>2026-04-09T02:14:57.000Z</time>
        <extensions>
          <ns3:TrackPointExtension>
            <ns3:atemp>18.0</ns3:atemp>
            <ns3:hr>140</ns3:hr>
            <ns3:cad>71</ns3:cad>
          </ns3:TrackPointExtension>
        </extensions>
      </trkpt>
      <trkpt lat="37.76113553903996944427490234375" lon="-122.4007675610482692718505859375">
        <ele>32</ele>
        <time>2026-04-09T02:14:58.000Z</time>
        <extensions>
          <ns3:TrackPointExtension>
            <ns3:atemp>18.0</ns3:atemp>
            <ns3:hr>141</ns3:hr>
            <ns3:cad>71</ns3:cad>
          </ns3:TrackPointExtension>
        </extensions>
      </trkpt>
      <trkpt lat="37.76113570667803287506103515625" lon="-122.400783486664295196533203125">
        <ele>32.200000762939453125</ele>
        <time>2026-04-09T02:14:59.000Z</time>
        <extensions>
          <ns3:TrackPointExtension>
            <ns3:atemp>18.0</ns3:atemp>
            <ns3:hr>141</ns3:hr>
            <ns3:cad>0</ns3:cad>
          </ns3:TrackPointExtension>
        </extensions>
      </trkpt>
      <trkpt lat="37.76113436557352542877197265625" lon="-122.40078876726329326629638671875">
        <ele>32.40000152587890625</ele>
        <time>2026-04-09T02:15:00.000Z</time>
        <extensions>
          <ns3:TrackPointExtension>
            <ns3:atemp>18.0</ns3:atemp>
            <ns3:hr>142</ns3:hr>
            <ns3:cad>0</ns3:cad>
          </ns3:TrackPointExtension>
        </extensions>
      </trkpt>
      <trkpt lat="37.761133275926113128662109375" lon="-122.4007974006235599517822265625">
        <ele>32.59999847412109375</ele>
        <time>2026-04-09T02:15:01.000Z</time>
        <extensions>
          <ns3:TrackPointExtension>
            <ns3:atemp>18.0</ns3:atemp>
            <ns3:hr>142</ns3:hr>
            <ns3:cad>0</ns3:cad>
          </ns3:TrackPointExtension>
        </extensions>
      </trkpt>
      <trkpt lat="37.7611357904970645904541015625" lon="-122.40081307478249073028564453125">
        <ele>32.799999237060546875</ele>
        <time>2026-04-09T02:15:02.000Z</time>
        <extensions>
          <ns3:TrackPointExtension>
            <ns3:atemp>18.0</ns3:atemp>
            <ns3:hr>142</ns3:hr>
            <ns3:cad>0</ns3:cad>
          </ns3:TrackPointExtension>
        </extensions>
      </trkpt>
      <trkpt lat="37.7611351199448108673095703125" lon="-122.40082782693207263946533203125">
        <ele>33.200000762939453125</ele>
        <time>2026-04-09T02:15:03.000Z</time>
        <extensions>
          <ns3:TrackPointExtension>
            <ns3:atemp>18.0</ns3:atemp>
            <ns3:hr>143</ns3:hr>
            <ns3:cad>0</ns3:cad>
          </ns3:TrackPointExtension>
        </extensions>
      </trkpt>
      <trkpt lat="37.76113352738320827484130859375" lon="-122.4008443392813205718994140625">
        <ele>33.40000152587890625</ele>
        <time>2026-04-09T02:15:04.000Z</time>
        <extensions>
          <ns3:TrackPointExtension>
            <ns3:atemp>18.0</ns3:atemp>
            <ns3:hr>143</ns3:hr>
            <ns3:cad>0</ns3:cad>
          </ns3:TrackPointExtension>
        </extensions>
      </trkpt>
      <trkpt lat="37.7611314319074153900146484375" lon="-122.40086001344025135040283203125">
        <ele>33.799999237060546875</ele>
        <time>2026-04-09T02:15:05.000Z</time>
        <extensions>
          <ns3:TrackPointExtension>
            <ns3:atemp>18.0</ns3:atemp>
            <ns3:hr>143</ns3:hr>
            <ns3:cad>0</ns3:cad>
          </ns3:TrackPointExtension>
        </extensions>
      </trkpt>
      <trkpt lat="37.761133275926113128662109375" lon="-122.40086806006729602813720703125">
        <ele>34</ele>
        <time>2026-04-09T02:15:06.000Z</time>
        <extensions>
          <ns3:TrackPointExtension>
            <ns3:atemp>18.0</ns3:atemp>
            <ns3:hr>143</ns3:hr>
            <ns3:cad>76</ns3:cad>
          </ns3:TrackPointExtension>
        </extensions>
      </trkpt>
      <trkpt lat="37.76113453321158885955810546875" lon="-122.4008788727223873138427734375">
        <ele>34.40000152587890625</ele>
        <time>2026-04-09T02:15:07.000Z</time>
        <extensions>
          <ns3:TrackPointExtension>
            <ns3:atemp>18.0</ns3:atemp>
            <ns3:hr>143</ns3:hr>
            <ns3:cad>76</ns3:cad>
          </ns3:TrackPointExtension>
        </extensions>
      </trkpt>
      <trkpt lat="37.7611331082880496978759765625" lon="-122.400890104472637176513671875">
        <ele>34.59999847412109375</ele>
        <time>2026-04-09T02:15:08.000Z</time>
        <extensions>
          <ns3:TrackPointExtension>
            <ns3:atemp>18.0</ns3:atemp>
            <ns3:hr>143</ns3:hr>
            <ns3:cad>76</ns3:cad>
          </ns3:TrackPointExtension>
        </extensions>
      </trkpt>
      <trkpt lat="37.7611341141164302825927734375" lon="-122.40090142004191875457763671875">
        <ele>34.799999237060546875</ele>
        <time>2026-04-09T02:15:09.000Z</time>
        <extensions>
          <ns3:TrackPointExtension>
            <ns3:atemp>18.0</ns3:atemp>
            <ns3:hr>144</ns3:hr>
            <ns3:cad>76</ns3:cad>
          </ns3:TrackPointExtension>
        </extensions>
      </trkpt>
      <trkpt lat="37.7611337788403034210205078125" lon="-122.40091516636312007904052734375">
        <ele>35.200000762939453125</ele>
        <time>2026-04-09T02:15:10.000Z</time>
        <extensions>
          <ns3:TrackPointExtension>
            <ns3:atemp>18.0</ns3:atemp>
            <ns3:hr>144</ns3:hr>
            <ns3:cad>76</ns3:cad>
          </ns3:TrackPointExtension>
        </extensions>
      </trkpt>
      <trkpt lat="37.76113201864063739776611328125" lon="-122.4009348638355731964111328125">
        <ele>35.59999847412109375</ele>
        <time>2026-04-09T02:15:11.000Z</time>
        <extensions>
          <ns3:TrackPointExtension>
            <ns3:atemp>18.0</ns3:atemp>
            <ns3:hr>142</ns3:hr>
            <ns3:cad>76</ns3:cad>
          </ns3:TrackPointExtension>
        </extensions>
      </trkpt>
    </trkseg>
  </trk>
</gpx>
