<?xml version="1.0" encoding="UTF-8"?>
<gpx creator="Garmin Connect" version="1.1"
  xsi:schemaLocation="http://www.topografix.com/GPX/1/1 http://www.topografix.com/GPX/11.xsd"
  xmlns:ns3="http://www.garmin.com/xmlschemas/TrackPointExtension/v1"
  xmlns="http://www.topografix.com/GPX/1/1"
  xmlns:xsi="http://www.w3.org/2001/XMLSchema-instance" xmlns:ns2="http://www.garmin.com/xmlschemas/GpxExtensions/v3">
  <metadata>
    <link href="connect.garmin.com">
      <text>Garmin Connect</text>
    </link>
    <time>2025-12-03T14:48:47.000Z</time>
  </metadata>
  <trk>
    <name>San Francisco - 30 min 30 sec sprints</name>
    <type>running</type>
    <trkseg>
      <trkpt lat="37.7634039334952831268310546875" lon="-122.40627455525100231170654296875">
        <ele>32.200000762939453125</ele>
        <time>2025-12-03T14:48:47.000Z</time>
        <extensions>
          <ns3:TrackPointExtension>
            <ns3:atemp>23.0</ns3:atemp>
            <ns3:hr>65</ns3:hr>
            <ns3:cad>0</ns3:cad>
          </ns3:TrackPointExtension>
        </extensions>
      </trkpt>
      <trkpt lat="37.76339043863117694854736328125" lon="-122.40624806843698024749755859375">
        <ele>32.200000762939453125</ele>
        <time>2025-12-03T14:48:48.000Z</time>
        <extensions>
          <ns3:TrackPointExtension>
            <ns3:atemp>23.0</ns3:atemp>
            <ns3:hr>64</ns3:hr>
            <ns3:cad>0</ns3:cad>
          </ns3:TrackPointExtension>
        </extensions>
      </trkpt>
      <trkpt lat="37.763372920453548431396484375" lon="-122.40623138844966888427734375">
        <ele>32.200000762939453125</ele>
        <time>2025-12-03T14:48:49.000Z</time>
        <extensions>
          <ns3:TrackPointExtension>
            <ns3:atemp>23.0</ns3:atemp>
            <ns3:hr>64</ns3:hr>
            <ns3:cad>0</ns3:cad>
          </ns3:TrackPointExtension>
        </extensions>
      </trkpt>
      <trkpt lat="37.76335288770496845245361328125" lon="-122.40622409619390964508056640625">
        <ele>32.200000762939453125</ele>
        <time>2025-12-03T14:48:50.000Z</time>
        <extensions>
          <ns3:TrackPointExtension>
            <ns3:atemp>23.0</ns3:atemp>
            <ns3:hr>64</ns3:hr>
            <ns3:cad>0</ns3:cad>
          </ns3:TrackPointExtension>
        </extensions>
      </trkpt>
      <trkpt lat="37.76332103647291660308837890625" lon="-122.40621906705200672149658203125">
        <ele>32.200000762939453125</ele>
        <time>2025-12-03T14:48:51.000Z</time>
        <extensions>
          <ns3:TrackPointExtension>
            <ns3:atemp>23.0</ns3:atemp>
            <ns3:hr>65</ns3:hr>
            <ns3:cad>0</ns3:cad>
          </ns3:TrackPointExtension>
        </extensions>
      </trkpt>
      <trkpt lat="37.76329622603952884674072265625" lon="-122.40621705539524555206298828125">
        <ele>32.200000762939453125</ele>
        <time>2025-12-03T14:48:52.000Z</time>
        <extensions>
          <ns3:TrackPointExtension>
            <ns3:atemp>23.0</ns3:atemp>
            <ns3:hr>64</ns3:hr>
            <ns3:cad>0</ns3:cad>
          </ns3:TrackPointExtension>
        </extensions>
      </trkpt>
      <trkpt lat="37.76327393017709255218505859375" lon="-122.40621437318623065948486328125">
        <ele>32.40000152587890625</ele>
        <time>2025-12-03T14:48:53.000Z</time>
        <extensions>
          <ns3:TrackPointExtension>
            <ns3:atemp>23.0</ns3:atemp>
            <ns3:hr>64</ns3:hr>
            <ns3:cad>81</ns3:cad>
          </ns3:TrackPointExtension>
        </extensions>
      </trkpt>
      <trkpt lat="37.7632450126111507415771484375" lon="-122.40620951168239116668701171875">
        <ele>32.40000152587890625</ele>
        <time>2025-12-03T14:48:54.000Z</time>
        <extensions>
          <ns3:TrackPointExtension>
            <ns3:atemp>23.0</ns3:atemp>
            <ns3:hr>65</ns3:hr>
            <ns3:cad>81</ns3:cad>
          </ns3:TrackPointExtension>
        </extensions>
      </trkpt>
      <trkpt lat="37.7632198669016361236572265625" lon="-122.406206913292407989501953125">
        <ele>32.40000152587890625</ele>
        <time>2025-12-03T14:48:55.000Z</time>
        <extensions>
          <ns3:TrackPointExtension>
            <ns3:atemp>23.0</ns3:atemp>
            <ns3:hr>66</ns3:hr>
            <ns3:cad>81</ns3:cad>
          </ns3:TrackPointExtension>
        </extensions>
      </trkpt>
      <trkpt lat="37.7631962299346923828125" lon="-122.40620532073080539703369140625">
        <ele>32.40000152587890625</ele>
        <time>2025-12-03T14:48:56.000Z</time>
        <extensions>
          <ns3:TrackPointExtension>
            <ns3:atemp>23.0</ns3:atemp>
            <ns3:hr>68</ns3:hr>
            <ns3:cad>80</ns3:cad>
          </ns3:TrackPointExtension>
        </extensions>
      </trkpt>
      <trkpt lat="37.76316940784454345703125" lon="-122.40620112977921962738037109375">
        <ele>32.40000152587890625</ele>
        <time>2025-12-03T14:48:57.000Z</time>
        <extensions>
          <ns3:TrackPointExtension>
            <ns3:atemp>23.0</ns3:atemp>
            <ns3:hr>70</ns3:hr>
            <ns3:cad>80</ns3:cad>
          </ns3:TrackPointExtension>
        </extensions>
      </trkpt>
      <trkpt lat="37.7631439268589019775390625" lon="-122.406199872493743896484375">
        <ele>32.40000152587890625</ele>
        <time>2025-12-03T14:48:58.000Z</time>
        <extensions>
          <ns3:TrackPointExtension>
            <ns3:atemp>23.0</ns3:atemp>
            <ns3:hr>72</ns3:hr>
            <ns3:cad>80</ns3:cad>
          </ns3:TrackPointExtension>
        </extensions>
      </trkpt>
      <trkpt lat="37.76311987079679965972900390625" lon="-122.40619895048439502716064453125">
        <ele>32.40000152587890625</ele>
        <time>2025-12-03T14:48:59.000Z</time>
        <extensions>
          <ns3:TrackPointExtension>
            <ns3:atemp>23.0</ns3:atemp>
            <ns3:hr>74</ns3:hr>
            <ns3:cad>80</ns3:cad>
          </ns3:TrackPointExtension>
        </extensions>
      </trkpt>
      <trkpt lat="37.763089276850223541259765625" lon="-122.40619677118957042694091796875">
        <ele>32.40000152587890625</ele>
        <time>2025-12-03T14:49:00.000Z</time>
        <extensions>
          <ns3:TrackPointExtension>
            <ns3:atemp>22.0</ns3:atemp>
            <ns3:hr>76</ns3:hr>
            <ns3:cad>80</ns3:cad>
          </ns3:TrackPointExtension>
        </extensions>
      </trkpt>
      <trkpt lat="37.763062454760074615478515625" lon="-122.406193502247333526611328125">
        <ele>32.200000762939453125</ele>
        <time>2025-12-03T14:49:01.000Z</time>
        <extensions>
          <ns3:TrackPointExtension>
            <ns3:atemp>22.0</ns3:atemp>
            <ns3:hr>77</ns3:hr>
            <ns3:cad>79</ns3:cad>
          </ns3:TrackPointExtension>
        </extensions>
      </trkpt>
      <trkpt lat="37.76303789578378200531005859375" lon="-122.4061946757137775421142578125">
        <ele>32.200000762939453125</ele>
        <time>2025-12-03T14:49:02.000Z</time>
        <extensions>
          <ns3:TrackPointExtension>
            <ns3:atemp>22.0</ns3:atemp>
            <ns3:hr>79</ns3:hr>
            <ns3:cad>79</ns3:cad>
          </ns3:TrackPointExtension>
        </extensions>
      </trkpt>
      <trkpt lat="37.76300914585590362548828125" lon="-122.40619006566703319549560546875">
        <ele>32.200000762939453125</ele>
        <time>2025-12-03T14:49:03.000Z</time>
        <extensions>
          <ns3:TrackPointExtension>
            <ns3:atemp>22.0</ns3:atemp>
            <ns3:hr>80</ns3:hr>
            <ns3:cad>79</ns3:cad>
          </ns3:TrackPointExtension>
        </extensions>
      </trkpt>
      <trkpt lat="37.76298056356608867645263671875" lon="-122.4061866290867328643798828125">
        <ele>32.200000762939453125</ele>
        <time>2025-12-03T14:49:04.000Z</time>
        <extensions>
          <ns3:TrackPointExtension>
            <ns3:atemp>22.0</ns3:atemp>
            <ns3:hr>81</ns3:hr>
            <ns3:cad>79</ns3:cad>
          </ns3:TrackPointExtension>
        </extensions>
      </trkpt>
      <trkpt lat="37.7629560045897960662841796875" lon="-122.4061810970306396484375">
        <ele>32.200000762939453125</ele>
        <time>2025-12-03T14:49:05.000Z</time>
        <extensions>
          <ns3:TrackPointExtension>
            <ns3:atemp>22.0</ns3:atemp>
            <ns3:hr>82</ns3:hr>
            <ns3:cad>80</ns3:cad>
          </ns3:TrackPointExtension>
        </extensions>
      </trkpt>
      <trkpt lat="37.7629221417009830474853515625" lon="-122.40617682226002216339111328125">
        <ele>32.200000762939453125</ele>
        <time>2025-12-03T14:49:06.000Z</time>
        <extensions>
          <ns3:TrackPointExtension>
            <ns3:atemp>22.0</ns3:atemp>
            <ns3:hr>82</ns3:hr>
            <ns3:cad>80</ns3:cad>
          </ns3:TrackPointExtension>
        </extensions>
      </trkpt>
      <trkpt lat="37.762895487248897552490234375" lon="-122.40617212839424610137939453125">
        <ele>32.200000762939453125</ele>
        <time>2025-12-03T14:49:07.000Z</time>
        <extensions>
          <ns3:TrackPointExtension>
            <ns3:atemp>22.0</ns3:atemp>
            <ns3:hr>83</ns3:hr>
            <ns3:cad>80</ns3:cad>
          </ns3:TrackPointExtension>
        </extensions>
      </trkpt>
      <trkpt lat="37.762873359024524688720703125" lon="-122.40616659633815288543701171875">
        <ele>32.40000152587890625</ele>
        <time>2025-12-03T14:49:08.000Z</time>
        <extensions>
          <ns3:TrackPointExtension>
            <ns3:atemp>22.0</ns3:atemp>
            <ns3:hr>84</ns3:hr>
            <ns3:cad>79</ns3:cad>
          </ns3:TrackPointExtension>
        </extensions>
      </trkpt>
      <trkpt lat="37.7628410048782825469970703125" lon="-122.40616207011044025421142578125">
        <ele>32.40000152587890625</ele>
        <time>2025-12-03T14:49:09.000Z</time>
        <extensions>
          <ns3:TrackPointExtension>
            <ns3:atemp>22.0</ns3:atemp>
            <ns3:hr>84</ns3:hr>
            <ns3:cad>79</ns3:cad>
          </ns3:TrackPointExtension>
        </extensions>
      </trkpt>
      <trkpt lat="37.7628140151500701904296875" lon="-122.406157292425632476806640625">
        <ele>32.40000152587890625</ele>
        <time>2025-12-03T14:49:10.000Z</time>
        <extensions>
          <ns3:TrackPointExtension>
            <ns3:atemp>22.0</ns3:atemp>
            <ns3:hr>85</ns3:hr>
            <ns3:cad>79</ns3:cad>
          </ns3:TrackPointExtension>
        </extensions>
      </trkpt>
      <trkpt lat="37.76279130019247531890869140625" lon="-122.4061487428843975067138671875">
        <ele>32.40000152587890625</ele>
        <time>2025-12-03T14:49:11.000Z</time>
        <extensions>
          <ns3:TrackPointExtension>
            <ns3:atemp>22.0</ns3:atemp>
            <ns3:hr>86</ns3:hr>
            <ns3:cad>80</ns3:cad>
          </ns3:TrackPointExtension>
        </extensions>
      </trkpt>
      <trkpt lat="37.762759029865264892578125" lon="-122.4061470665037631988525390625">
        <ele>32.40000152587890625</ele>
        <time>2025-12-03T14:49:12.000Z</time>
        <extensions>
          <ns3:TrackPointExtension>
            <ns3:atemp>22.0</ns3:atemp>
            <ns3:hr>86</ns3:hr>
            <ns3:cad>80</ns3:cad>
          </ns3:TrackPointExtension>
        </extensions>
      </trkpt>
      <trkpt lat="37.76273178867995738983154296875" lon="-122.40614580921828746795654296875">
        <ele>32.40000152587890625</ele>
        <time>2025-12-03T14:49:13.000Z</time>
        <extensions>
          <ns3:TrackPointExtension>
            <ns3:atemp>22.0</ns3:atemp>
            <ns3:hr>87</ns3:hr>
            <ns3:cad>80</ns3:cad>
          </ns3:TrackPointExtension>
        </extensions>
      </trkpt>
      <trkpt lat="37.76270748116075992584228515625" lon="-122.40614715032279491424560546875">
        <ele>32.40000152587890625</ele>
        <time>2025-12-03T14:49:14.000Z</time>
        <extensions>
          <ns3:TrackPointExtension>
            <ns3:atemp>22.0</ns3:atemp>
            <ns3:hr>87</ns3:hr>
            <ns3:cad>80</ns3:cad>
          </ns3:TrackPointExtension>
        </extensions>
      </trkpt>
      <trkpt lat="37.76267076842486858367919921875" lon="-122.4061443842947483062744140625">
        <ele>32.40000152587890625</ele>
        <time>2025-12-03T14:49:15.000Z</time>
        <extensions>
          <ns3:TrackPointExtension>
            <ns3:atemp>22.0</ns3:atemp>
            <ns3:hr>88</ns3:hr>
            <ns3:cad>80</ns3:cad>
          </ns3:TrackPointExtension>
        </extensions>
      </trkpt>
      <trkpt lat="37.76264361105859279632568359375" lon="-122.406150586903095245361328125">
        <ele>32.40000152587890625</ele>
        <time>2025-12-03T14:49:16.000Z</time>
        <extensions>
          <ns3:TrackPointExtension>
            <ns3:atemp>22.0</ns3:atemp>
            <ns3:hr>88</ns3:hr>
            <ns3:cad>80</ns3:cad>
          </ns3:TrackPointExtension>
        </extensions>
      </trkpt>
      <trkpt lat="37.76261796243488788604736328125" lon="-122.40615150891244411468505859375">
        <ele>32.40000152587890625</ele>
        <time>2025-12-03T14:49:17.000Z</time>
        <extensions>
          <ns3:TrackPointExtension>
            <ns3:atemp>22.0</ns3:atemp>
            <ns3:hr>89</ns3:hr>
            <ns3:cad>80</ns3:cad>
          </ns3:TrackPointExtension>
        </extensions>
      </trkpt>
      <trkpt lat="37.76258979924023151397705078125" lon="-122.4061400257050991058349609375">
        <ele>32.40000152587890625</ele>
        <time>2025-12-03T14:49:18.000Z</time>
        <extensions>
          <ns3:TrackPointExtension>
            <ns3:atemp>22.0</ns3:atemp>
            <ns3:hr>90</ns3:hr>
            <ns3:cad>80</ns3:cad>
          </ns3:TrackPointExtension>
        </extensions>
      </trkpt>
      <trkpt lat="37.7625687606632709503173828125" lon="-122.406135834753513336181640625">
        <ele>32.40000152587890625</ele>
        <time>2025-12-03T14:49:19.000Z</time>
        <extensions>
          <ns3:TrackPointExtension>
            <ns3:atemp>22.0</ns3:atemp>
            <ns3:hr>90</ns3:hr>
            <ns3:cad>80</ns3:cad>
          </ns3:TrackPointExtension>
        </extensions>
      </trkpt>
      <trkpt lat="37.7625432796776294708251953125" lon="-122.40613290108740329742431640625">
        <ele>32.40000152587890625</ele>
        <time>2025-12-03T14:49:20.000Z</time>
        <extensions>
          <ns3:TrackPointExtension>
            <ns3:atemp>22.0</ns3:atemp>
            <ns3:hr>90</ns3:hr>
            <ns3:cad>80</ns3:cad>
          </ns3:TrackPointExtension>
        </extensions>
      </trkpt>
      <trkpt lat="37.76251218281686305999755859375" lon="-122.40613625384867191314697265625">
        <ele>32.40000152587890625</ele>
        <time>2025-12-03T14:49:21.000Z</time>
        <extensions>
          <ns3:TrackPointExtension>
            <ns3:atemp>22.0</ns3:atemp>
            <ns3:hr>91</ns3:hr>
            <ns3:cad>80</ns3:cad>
          </ns3:TrackPointExtension>
        </extensions>
      </trkpt>
      <trkpt lat="37.76248334906995296478271484375" lon="-122.4061381816864013671875">
        <ele>32.200000762939453125</ele>
        <time>2025-12-03T14:49:22.000Z</time>
        <extensions>
          <ns3:TrackPointExtension>
            <ns3:atemp>22.0</ns3:atemp>
            <ns3:hr>91</ns3:hr>
            <ns3:cad>80</ns3:cad>
          </ns3:TrackPointExtension>
        </extensions>
      </trkpt>
      <trkpt lat="37.76245837099850177764892578125" lon="-122.40614195354282855987548828125">
        <ele>32.200000762939453125</ele>
        <time>2025-12-03T14:49:23.000Z</time>
        <extensions>
          <ns3:TrackPointExtension>
            <ns3:atemp>22.0</ns3:atemp>
            <ns3:hr>92</ns3:hr>
            <ns3:cad>80</ns3:cad>
          </ns3:TrackPointExtension>
        </extensions>
      </trkpt>
      <trkpt lat="37.76242534630000591278076171875" lon="-122.40614664740860462188720703125">
        <ele>32.200000762939453125</ele>
        <time>2025-12-03T14:49:24.000Z</time>
        <extensions>
          <ns3:TrackPointExtension>
            <ns3:atemp>22.0</ns3:atemp>
            <ns3:hr>92</ns3:hr>
            <ns3:cad>80</ns3:cad>
          </ns3:TrackPointExtension>
        </extensions>
      </trkpt>
      <trkpt lat="37.7623977698385715484619140625" lon="-122.40614958107471466064453125">
        <ele>32.200000762939453125</ele>
        <time>2025-12-03T14:49:25.000Z</time>
        <extensions>
          <ns3:TrackPointExtension>
            <ns3:atemp>21.0</ns3:atemp>
            <ns3:hr>93</ns3:hr>
            <ns3:cad>80</ns3:cad>
          </ns3:TrackPointExtension>
        </extensions>
      </trkpt>
      <trkpt lat="37.76237002573907375335693359375" lon="-122.40615083836019039154052734375">
        <ele>32.200000762939453125</ele>
        <time>2025-12-03T14:49:26.000Z</time>
        <extensions>
          <ns3:TrackPointExtension>
            <ns3:atemp>21.0</ns3:atemp>
            <ns3:hr>93</ns3:hr>
            <ns3:cad>80</ns3:cad>
          </ns3:TrackPointExtension>
        </extensions>
      </trkpt>
      <trkpt lat="37.76233700104057788848876953125" lon="-122.40615117363631725311279296875">
        <ele>32.200000762939453125</ele>
        <time>2025-12-03T14:49:27.000Z</time>
        <extensions>
          <ns3:TrackPointExtension>
            <ns3:atemp>21.0</ns3:atemp>
            <ns3:hr>94</ns3:hr>
            <ns3:cad>80</ns3:cad>
          </ns3:TrackPointExtension>
        </extensions>
      </trkpt>
      <trkpt lat="37.76231017895042896270751953125" lon="-122.4061504192650318145751953125">
        <ele>32.200000762939453125</ele>
        <time>2025-12-03T14:49:28.000Z</time>
        <extensions>
          <ns3:TrackPointExtension>
            <ns3:atemp>21.0</ns3:atemp>
            <ns3:hr>94</ns3:hr>
            <ns3:cad>81</ns3:cad>
          </ns3:TrackPointExtension>
        </extensions>
      </trkpt>
      <trkpt lat="37.76227983646094799041748046875" lon="-122.40614782087504863739013671875">
        <ele>32.200000762939453125</ele>
        <time>2025-12-03T14:49:29.000Z</time>
        <extensions>
          <ns3:TrackPointExtension>
            <ns3:atemp>21.0</ns3:atemp>
            <ns3:hr>95</ns3:hr>
            <ns3:cad>81</ns3:cad>
          </ns3:TrackPointExtension>
        </extensions>
      </trkpt>
      <trkpt lat="37.7622482366859912872314453125" lon="-122.40612586028873920440673828125">
        <ele>32</ele>
        <time>2025-12-03T14:49:30.000Z</time>
        <extensions>
          <ns3:TrackPointExtension>
            <ns3:atemp>21.0</ns3:atemp>
            <ns3:hr>95</ns3:hr>
            <ns3:cad>81</ns3:cad>
          </ns3:TrackPointExtension>
        </extensions>
      </trkpt>
      <trkpt lat="37.76222770102322101593017578125" lon="-122.4061085097491741180419921875">
        <ele>32</ele>
        <time>2025-12-03T14:49:31.000Z</time>
        <extensions>
          <ns3:TrackPointExtension>
            <ns3:atemp>21.0</ns3:atemp>
            <ns3:hr>95</ns3:hr>
            <ns3:cad>81</ns3:cad>
          </ns3:TrackPointExtension>
        </extensions>
      </trkpt>
      <trkpt lat="37.76222082786262035369873046875" lon="-122.40607447922229766845703125">
        <ele>32.200000762939453125</ele>
        <time>2025-12-03T14:49:32.000Z</time>
        <extensions>
          <ns3:TrackPointExtension>
            <ns3:atemp>21.0</ns3:atemp>
            <ns3:hr>96</ns3:hr>
            <ns3:cad>80</ns3:cad>
          </ns3:TrackPointExtension>
        </extensions>
      </trkpt>
      <trkpt lat="37.76222635991871356964111328125" lon="-122.40604707039892673492431640625">
        <ele>32.200000762939453125</ele>
        <time>2025-12-03T14:49:33.000Z</time>
        <extensions>
          <ns3:TrackPointExtension>
            <ns3:atemp>21.0</ns3:atemp>
            <ns3:hr>96</ns3:hr>
            <ns3:cad>80</ns3:cad>
          </ns3:TrackPointExtension>
        </extensions>
      </trkpt>
      <trkpt lat="37.762234993278980255126953125" lon="-122.40602695383131504058837890625">
        <ele>32.40000152587890625</ele>
        <time>2025-12-03T14:49:34.000Z</time>
        <extensions>
          <ns3:TrackPointExtension>
            <ns3:atemp>21.0</ns3:atemp>
            <ns3:hr>96</ns3:hr>
            <ns3:cad>81</ns3:cad>
          </ns3:TrackPointExtension>
        </extensions>
      </trkpt>
      <trkpt lat="37.76225301437079906463623046875" lon="-122.4059961922466754913330078125">
        <ele>32.59999847412109375</ele>
        <time>2025-12-03T14:49:35.000Z</time>
        <extensions>
          <ns3:TrackPointExtension>
            <ns3:atemp>21.0</ns3:atemp>
            <ns3:hr>97</ns3:hr>
            <ns3:cad>81</ns3:cad>
          </ns3:TrackPointExtension>
        </extensions>
      </trkpt>
      <trkpt lat="37.76228033937513828277587890625" lon="-122.4059770815074443817138671875">
        <ele>33</ele>
        <time>2025-12-03T14:49:36.000Z</time>
        <extensions>
          <ns3:TrackPointExtension>
            <ns3:atemp>21.0</ns3:atemp>
            <ns3:hr>97</ns3:hr>
            <ns3:cad>81</ns3:cad>
          </ns3:TrackPointExtension>
        </extensions>
      </trkpt>
      <trkpt lat="37.7623008750379085540771484375" lon="-122.40596375428140163421630859375">
        <ele>33.200000762939453125</ele>
        <time>2025-12-03T14:49:37.000Z</time>
        <extensions>
          <ns3:TrackPointExtension>
            <ns3:atemp>21.0</ns3:atemp>
            <ns3:hr>97</ns3:hr>
            <ns3:cad>81</ns3:cad>
          </ns3:TrackPointExtension>
        </extensions>
      </trkpt>
      <trkpt lat="37.76232878677546977996826171875" lon="-122.40595914423465728759765625">
        <ele>33.59999847412109375</ele>
        <time>2025-12-03T14:49:38.000Z</time>
        <extensions>
          <ns3:TrackPointExtension>
            <ns3:atemp>21.0</ns3:atemp>
            <ns3:hr>97</ns3:hr>
            <ns3:cad>81</ns3:cad>
          </ns3:TrackPointExtension>
        </extensions>
      </trkpt>
      <trkpt lat="37.76235594414174556732177734375" lon="-122.4059636704623699188232421875">
        <ele>33.799999237060546875</ele>
        <time>2025-12-03T14:49:39.000Z</time>
        <extensions>
          <ns3:TrackPointExtension>
            <ns3:atemp>21.0</ns3:atemp>
            <ns3:hr>98</ns3:hr>
            <ns3:cad>80</ns3:cad>
          </ns3:TrackPointExtension>
        </extensions>
      </trkpt>
      <trkpt lat="37.76237622834742069244384765625" lon="-122.40597750060260295867919921875">
        <ele>34.200000762939453125</ele>
        <time>2025-12-03T14:49:40.000Z</time>
        <extensions>
          <ns3:TrackPointExtension>
            <ns3:atemp>21.0</ns3:atemp>
            <ns3:hr>98</ns3:hr>
            <ns3:cad>80</ns3:cad>
          </ns3:TrackPointExtension>
        </extensions>
      </trkpt>
      <trkpt lat="37.76238880120217800140380859375" lon="-122.4060062505304813385009765625">
        <ele>34.59999847412109375</ele>
        <time>2025-12-03T14:49:41.000Z</time>
        <extensions>
          <ns3:TrackPointExtension>
            <ns3:atemp>21.0</ns3:atemp>
            <ns3:hr>98</ns3:hr>
            <ns3:cad>80</ns3:cad>
          </ns3:TrackPointExtension>
        </extensions>
      </trkpt>
      <trkpt lat="37.762392573058605194091796875" lon="-122.4060287140309810638427734375">
        <ele>34.799999237060546875</ele>
        <time>2025-12-03T14:49:42.000Z</time>
        <extensions>
          <ns3:TrackPointExtension>
            <ns3:atemp>21.0</ns3:atemp>
            <ns3:hr>98</ns3:hr>
            <ns3:cad>80</ns3:cad>
          </ns3:TrackPointExtension>
        </extensions>
      </trkpt>
      <trkpt lat="37.76238678954541683197021484375" lon="-122.40606098435819149017333984375">
        <ele>35.200000762939453125</ele>
        <time>2025-12-03T14:49:43.000Z</time>
        <extensions>
          <ns3:TrackPointExtension>
            <ns3:atemp>21.0</ns3:atemp>
            <ns3:hr>99</ns3:hr>
            <ns3:cad>82</ns3:cad>
          </ns3:TrackPointExtension>
        </extensions>
      </trkpt>
      <trkpt lat="37.76236700825393199920654296875" lon="-122.4060914106667041778564453125">
        <ele>35.59999847412109375</ele>
        <time>2025-12-03T14:49:44.000Z</time>
        <extensions>
          <ns3:TrackPointExtension>
            <ns3:atemp>21.0</ns3:atemp>
            <ns3:hr>99</ns3:hr>
            <ns3:cad>82</ns3:cad>
          </ns3:TrackPointExtension>
        </extensions>
      </trkpt>
      <trkpt lat="37.762347646057605743408203125" lon="-122.4061019718647003173828125">
        <ele>36</ele>
        <time>2025-12-03T14:49:45.000Z</time>
        <extensions>
          <ns3:TrackPointExtension>
            <ns3:atemp>21.0</ns3:atemp>
            <ns3:hr>99</ns3:hr>
            <ns3:cad>82</ns3:cad>
          </ns3:TrackPointExtension>
        </extensions>
      </trkpt>
      <trkpt lat="37.76232308708131313323974609375" lon="-122.4061105214059352874755859375">
        <ele>36.200000762939453125</ele>
        <time>2025-12-03T14:49:46.000Z</time>
        <extensions>
          <ns3:TrackPointExtension>
            <ns3:atemp>21.0</ns3:atemp>
            <ns3:hr>99</ns3:hr>
            <ns3:cad>82</ns3:cad>
          </ns3:TrackPointExtension>
        </extensions>
      </trkpt>
      <trkpt lat="37.76229743845760822296142578125" lon="-122.40609853528439998626708984375">
        <ele>36.59999847412109375</ele>
        <time>2025-12-03T14:49:47.000Z</time>
        <extensions>
          <ns3:TrackPointExtension>
            <ns3:atemp>21.0</ns3:atemp>
            <ns3:hr>100</ns3:hr>
            <ns3:cad>82</ns3:cad>
          </ns3:TrackPointExtension>
        </extensions>
      </trkpt>
      <trkpt lat="37.76228000409901142120361328125" lon="-122.40608797408640384674072265625">
        <ele>37</ele>
        <time>2025-12-03T14:49:48.000Z</time>
        <extensions>
          <ns3:TrackPointExtension>
            <ns3:atemp>21.0</ns3:atemp>
            <ns3:hr>100</ns3:hr>
            <ns3:cad>81</ns3:cad>
          </ns3:TrackPointExtension>
        </extensions>
      </trkpt>
      <trkpt lat="37.7622668445110321044921875" lon="-122.4060655944049358367919921875">
        <ele>37.200000762939453125</ele>
        <time>2025-12-03T14:49:49.000Z</time>
        <extensions>
          <ns3:TrackPointExtension>
            <ns3:atemp>21.0</ns3:atemp>
            <ns3:hr>101</ns3:hr>
            <ns3:cad>81</ns3:cad>
          </ns3:TrackPointExtension>
        </extensions>
      </trkpt>
      <trkpt lat="37.7622566185891628265380859375" lon="-122.40603826940059661865234375">
        <ele>37.59999847412109375</ele>
        <time>2025-12-03T14:49:50.000Z</time>
        <extensions>
          <ns3:TrackPointExtension>
            <ns3:atemp>21.0</ns3:atemp>
            <ns3:hr>101</ns3:hr>
            <ns3:cad>81</ns3:cad>
          </ns3:TrackPointExtension>
        </extensions>
      </trkpt>
      <trkpt lat="37.7622489072382450103759765625" lon="-122.4060169793665409088134765625">
        <ele>38</ele>
        <time>2025-12-03T14:49:51.000Z</time>
        <extensions>
          <ns3:TrackPointExtension>
            <ns3:atemp>21.0</ns3:atemp>
            <ns3:hr>102</ns3:hr>
            <ns3:cad>80</ns3:cad>
          </ns3:TrackPointExtension>
        </extensions>
      </trkpt>
      <trkpt lat="37.76223759166896343231201171875" lon="-122.40599225275218486785888671875">
        <ele>38.200000762939453125</ele>
        <time>2025-12-03T14:49:52.000Z</time>
        <extensions>
          <ns3:TrackPointExtension>
            <ns3:atemp>21.0</ns3:atemp>
            <ns3:hr>103</ns3:hr>
            <ns3:cad>80</ns3:cad>
          </ns3:TrackPointExtension>
        </extensions>
      </trkpt>
      <trkpt lat="37.76223122142255306243896484375" lon="-122.4059643410146236419677734375">
        <ele>38.40000152587890625</ele>
        <time>2025-12-03T14:49:53.000Z</time>
        <extensions>
          <ns3:TrackPointExtension>
            <ns3:atemp>20.0</ns3:atemp>
            <ns3:hr>103</ns3:hr>
            <ns3:cad>80</ns3:cad>
          </ns3:TrackPointExtension>
        </extensions>
      </trkpt>
      <trkpt lat="37.76222015731036663055419921875" lon="-122.40594648756086826324462890625">
        <ele>38.59999847412109375</ele>
        <time>2025-12-03T14:49:54.000Z</time>
        <extensions>
          <ns3:TrackPointExtension>
            <ns3:atemp>20.0</ns3:atemp>
            <ns3:hr>104</ns3:hr>
            <ns3:cad>81</ns3:cad>
          </ns3:TrackPointExtension>
        </extensions>
      </trkpt>
      <trkpt lat="37.76220791973173618316650390625" lon="-122.4059153907001018524169921875">
        <ele>38.59999847412109375</ele>
        <time>2025-12-03T14:49:55.000Z</time>
        <extensions>
          <ns3:TrackPointExtension>
            <ns3:atemp>20.0</ns3:atemp>
            <ns3:hr>104</ns3:hr>
            <ns3:cad>81</ns3:cad>
          </ns3:TrackPointExtension>
        </extensions>
      </trkpt>
      <trkpt lat="37.762198783457279205322265625" lon="-122.40588714368641376495361328125">
        <ele>38.799999237060546875</ele>
        <time>2025-12-03T14:49:56.000Z</time>
        <extensions>
          <ns3:TrackPointExtension>
            <ns3:atemp>20.0</ns3:atemp>
            <ns3:hr>105</ns3:hr>
            <ns3:cad>80</ns3:cad>
          </ns3:TrackPointExtension>
        </extensions>
      </trkpt>
      <trkpt lat="37.76218445040285587310791015625" lon="-122.40586350671947002410888671875">
        <ele>39</ele>
        <time>2025-12-03T14:49:57.000Z</time>
        <extensions>
          <ns3:TrackPointExtension>
            <ns3:atemp>20.0</ns3:atemp>
            <ns3:hr>105</ns3:hr>
            <ns3:cad>80</ns3:cad>
          </ns3:TrackPointExtension>
        </extensions>
      </trkpt>
      <trkpt lat="37.762171961367130279541015625" lon="-122.4058349244296550750732421875">
        <ele>39</ele>
        <time>2025-12-03T14:49:58.000Z</time>
        <extensions>
          <ns3:TrackPointExtension>
            <ns3:atemp>20.0</ns3:atemp>
            <ns3:hr>106</ns3:hr>
            <ns3:cad>79</ns3:cad>
          </ns3:TrackPointExtension>
        </extensions>
      </trkpt>
      <trkpt lat="37.76216131635010242462158203125" lon="-122.4058111198246479034423828125">
        <ele>39.200000762939453125</ele>
        <time>2025-12-03T14:49:59.000Z</time>
        <extensions>
          <ns3:TrackPointExtension>
            <ns3:atemp>20.0</ns3:atemp>
            <ns3:hr>106</ns3:hr>
            <ns3:cad>79</ns3:cad>
          </ns3:TrackPointExtension>
        </extensions>
      </trkpt>
      <trkpt lat="37.76215142570436000823974609375" lon="-122.40578521974384784698486328125">
        <ele>39.200000762939453125</ele>
        <time>2025-12-03T14:50:00.000Z</time>
        <extensions>
          <ns3:TrackPointExtension>
            <ns3:atemp>20.0</ns3:atemp>
            <ns3:hr>107</ns3:hr>
            <ns3:cad>80</ns3:cad>
          </ns3:TrackPointExtension>
        </extensions>
      </trkpt>
      <trkpt lat="37.76214170269668102264404296875" lon="-122.40574657917022705078125">
        <ele>39.40000152587890625</ele>
        <time>2025-12-03T14:50:01.000Z</time>
        <extensions>
          <ns3:TrackPointExtension>
            <ns3:atemp>20.0</ns3:atemp>
            <ns3:hr>107</ns3:hr>
            <ns3:cad>80</ns3:cad>
          </ns3:TrackPointExtension>
        </extensions>
      </trkpt>
      <trkpt lat="37.76213265024125576019287109375" lon="-122.40571849979460239410400390625">
        <ele>39.40000152587890625</ele>
        <time>2025-12-03T14:50:02.000Z</time>
        <extensions>
          <ns3:TrackPointExtension>
            <ns3:atemp>20.0</ns3:atemp>
            <ns3:hr>107</ns3:hr>
            <ns3:cad>80</ns3:cad>
          </ns3:TrackPointExtension>
        </extensions>
      </trkpt>
      <trkpt lat="37.76211999356746673583984375" lon="-122.40569201298058032989501953125">
        <ele>39.40000152587890625</ele>
        <time>2025-12-03T14:50:03.000Z</time>
        <extensions>
          <ns3:TrackPointExtension>
            <ns3:atemp>20.0</ns3:atemp>
            <ns3:hr>107</ns3:hr>
            <ns3:cad>80</ns3:cad>
          </ns3:TrackPointExtension>
        </extensions>
      </trkpt>
      <trkpt lat="37.762106917798519134521484375" lon="-122.40565295331180095672607421875">
        <ele>39.200000762939453125</ele>
        <time>2025-12-03T14:50:04.000Z</time>
        <extensions>
          <ns3:TrackPointExtension>
            <ns3:atemp>20.0</ns3:atemp>
            <ns3:hr>108</ns3:hr>
            <ns3:cad>80</ns3:cad>
          </ns3:TrackPointExtension>
        </extensions>
      </trkpt>
      <trkpt lat="37.76209979318082332611083984375" lon="-122.40562629885971546173095703125">
        <ele>39.200000762939453125</ele>
        <time>2025-12-03T14:50:05.000Z</time>
        <extensions>
          <ns3:TrackPointExtension>
            <ns3:atemp>20.0</ns3:atemp>
            <ns3:hr>108</ns3:hr>
            <ns3:cad>81</ns3:cad>
          </ns3:TrackPointExtension>
        </extensions>
      </trkpt>
      <trkpt lat="37.7620879746973514556884765625" lon="-122.405593357980251312255859375">
        <ele>39.200000762939453125</ele>
        <time>2025-12-03T14:50:06.000Z</time>
        <extensions>
          <ns3:TrackPointExtension>
            <ns3:atemp>20.0</ns3:atemp>
            <ns3:hr>109</ns3:hr>
            <ns3:cad>81</ns3:cad>
          </ns3:TrackPointExtension>
        </extensions>
      </trkpt>
      <trkpt lat="37.7620708756148815155029296875" lon="-122.4055563099682331085205078125">
        <ele>39.200000762939453125</ele>
        <time>2025-12-03T14:50:07.000Z</time>
        <extensions>
          <ns3:TrackPointExtension>
            <ns3:atemp>20.0</ns3:atemp>
            <ns3:hr>109</ns3:hr>
            <ns3:cad>81</ns3:cad>
          </ns3:TrackPointExtension>
        </extensions>
      </trkpt>
      <trkpt lat="37.76206157170236110687255859375" lon="-122.4055355228483676910400390625">
        <ele>39</ele>
        <time>2025-12-03T14:50:08.000Z</time>
        <extensions>
          <ns3:TrackPointExtension>
            <ns3:atemp>20.0</ns3:atemp>
            <ns3:hr>109</ns3:hr>
            <ns3:cad>80</ns3:cad>
          </ns3:TrackPointExtension>
        </extensions>
      </trkpt>
      <trkpt lat="37.7620490826666355133056640625" lon="-122.40550861693918704986572265625">
        <ele>39.200000762939453125</ele>
        <time>2025-12-03T14:50:09.000Z</time>
        <extensions>
          <ns3:TrackPointExtension>
            <ns3:atemp>20.0</ns3:atemp>
            <ns3:hr>110</ns3:hr>
            <ns3:cad>80</ns3:cad>
          </ns3:TrackPointExtension>
        </extensions>
      </trkpt>
      <trkpt lat="37.76204028166830539703369140625" lon="-122.40547911264002323150634765625">
        <ele>39.200000762939453125</ele>
        <time>2025-12-03T14:50:10.000Z</time>
        <extensions>
          <ns3:TrackPointExtension>
            <ns3:atemp>20.0</ns3:atemp>
            <ns3:hr>110</ns3:hr>
            <ns3:cad>80</ns3:cad>
          </ns3:TrackPointExtension>
        </extensions>
      </trkpt>
      <trkpt lat="37.7620272897183895111083984375" lon="-122.40546033717691898345947265625">
        <ele>39.200000762939453125</ele>
        <time>2025-12-03T14:50:11.000Z</time>
        <extensions>
          <ns3:TrackPointExtension>
            <ns3:atemp>20.0</ns3:atemp>
            <ns3:hr>110</ns3:hr>
            <ns3:cad>80</ns3:cad>
          </ns3:TrackPointExtension>
        </extensions>
      </trkpt>
      <trkpt lat="37.76201161555945873260498046875" lon="-122.40543032996356487274169921875">
        <ele>39.200000762939453125</ele>
        <time>2025-12-03T14:50:12.000Z</time>
        <extensions>
          <ns3:TrackPointExtension>
            <ns3:atemp>20.0</ns3:atemp>
            <ns3:hr>110</ns3:hr>
            <ns3:cad>81</ns3:cad>
          </ns3:TrackPointExtension>
        </extensions>
      </trkpt>
      <trkpt lat="37.7620039880275726318359375" lon="-122.4054007418453693389892578125">
        <ele>39.200000762939453125</ele>
        <time>2025-12-03T14:50:13.000Z</time>
        <extensions>
          <ns3:TrackPointExtension>
            <ns3:atemp>20.0</ns3:atemp>
            <ns3:hr>111</ns3:hr>
            <ns3:cad>81</ns3:cad>
          </ns3:TrackPointExtension>
        </extensions>
      </trkpt>
      <trkpt lat="37.7619959414005279541015625" lon="-122.40537584759294986724853515625">
        <ele>39.200000762939453125</ele>
        <time>2025-12-03T14:50:14.000Z</time>
        <extensions>
          <ns3:TrackPointExtension>
            <ns3:atemp>20.0</ns3:atemp>
            <ns3:hr>111</ns3:hr>
            <ns3:cad>81</ns3:cad>
          </ns3:TrackPointExtension>
        </extensions>
      </trkpt>
      <trkpt lat="37.7619904093444347381591796875" lon="-122.40534089505672454833984375">
        <ele>39.40000152587890625</ele>
        <time>2025-12-03T14:50:15.000Z</time>
        <extensions>
          <ns3:TrackPointExtension>
            <ns3:atemp>20.0</ns3:atemp>
            <ns3:hr>111</ns3:hr>
            <ns3:cad>81</ns3:cad>
          </ns3:TrackPointExtension>
        </extensions>
      </trkpt>
      <trkpt lat="37.761997282505035400390625" lon="-122.40530066192150115966796875">
        <ele>39.40000152587890625</ele>
        <time>2025-12-03T14:50:16.000Z</time>
        <extensions>
          <ns3:TrackPointExtension>
            <ns3:atemp>20.0</ns3:atemp>
            <ns3:hr>111</ns3:hr>
            <ns3:cad>81</ns3:cad>
          </ns3:TrackPointExtension>
        </extensions>
      </trkpt>
      <trkpt lat="37.76199418120086193084716796875" lon="-122.40527844987809658050537109375">
        <ele>39.40000152587890625</ele>
        <time>2025-12-03T14:50:17.000Z</time>
        <extensions>
          <ns3:TrackPointExtension>
            <ns3:atemp>20.0</ns3:atemp>
            <ns3:hr>111</ns3:hr>
            <ns3:cad>81</ns3:cad>
          </ns3:TrackPointExtension>
        </extensions>
      </trkpt>
      <trkpt lat="37.7619940973818302154541015625" lon="-122.4052461795508861541748046875">
        <ele>39.59999847412109375</ele>
        <time>2025-12-03T14:50:18.000Z</time>
        <extensions>
          <ns3:TrackPointExtension>
            <ns3:atemp>20.0</ns3:atemp>
            <ns3:hr>111</ns3:hr>
            <ns3:cad>80</ns3:cad>
          </ns3:TrackPointExtension>
        </extensions>
      </trkpt>
      <trkpt lat="37.7620024792850017547607421875" lon="-122.40521022118628025054931640625">
        <ele>39.59999847412109375</ele>
        <time>2025-12-03T14:50:19.000Z</time>
        <extensions>
          <ns3:TrackPointExtension>
            <ns3:atemp>20.0</ns3:atemp>
            <ns3:hr>110</ns3:hr>
            <ns3:cad>78</ns3:cad>
          </ns3:TrackPointExtension>
        </extensions>
      </trkpt>
      <trkpt lat="37.7620028145611286163330078125" lon="-122.40518775768578052520751953125">
        <ele>39.59999847412109375</ele>
        <time>2025-12-03T14:50:20.000Z</time>
        <extensions>
          <ns3:TrackPointExtension>
            <ns3:atemp>20.0</ns3:atemp>
            <ns3:hr>111</ns3:hr>
            <ns3:cad>78</ns3:cad>
          </ns3:TrackPointExtension>
        </extensions>
      </trkpt>
      <trkpt lat="37.7620065025985240936279296875" lon="-122.4051519669592380523681640625">
        <ele>39.59999847412109375</ele>
        <time>2025-12-03T14:50:21.000Z</time>
        <extensions>
          <ns3:TrackPointExtension>
            <ns3:atemp>20.0</ns3:atemp>
            <ns3:hr>111</ns3:hr>
            <ns3:cad>79</ns3:cad>
          </ns3:TrackPointExtension>
        </extensions>
      </trkpt>
      <trkpt lat="37.76201077736914157867431640625" lon="-122.405115924775600433349609375">
        <ele>39.59999847412109375</ele>
        <time>2025-12-03T14:50:22.000Z</time>
        <extensions>
          <ns3:TrackPointExtension>
            <ns3:atemp>20.0</ns3:atemp>
            <ns3:hr>111</ns3:hr>
            <ns3:cad>79</ns3:cad>
          </ns3:TrackPointExtension>
        </extensions>
      </trkpt>
      <trkpt lat="37.7620135433971881866455078125" lon="-122.405090443789958953857421875">
        <ele>39.59999847412109375</ele>
        <time>2025-12-03T14:50:23.000Z</time>
        <extensions>
          <ns3:TrackPointExtension>
            <ns3:atemp>20.0</ns3:atemp>
            <ns3:hr>111</ns3:hr>
            <ns3:cad>79</ns3:cad>
          </ns3:TrackPointExtension>
        </extensions>
      </trkpt>
      <trkpt lat="37.7620145492255687713623046875" lon="-122.4050597660243511199951171875">
        <ele>39.59999847412109375</ele>
        <time>2025-12-03T14:50:24.000Z</time>
        <extensions>
          <ns3:TrackPointExtension>
            <ns3:atemp>20.0</ns3:atemp>
            <ns3:hr>110</ns3:hr>
            <ns3:cad>79</ns3:cad>
          </ns3:TrackPointExtension>
        </extensions>
      </trkpt>
      <trkpt lat="37.76201748289167881011962890625" lon="-122.4050245620310306549072265625">
        <ele>39.799999237060546875</ele>
        <time>2025-12-03T14:50:25.000Z</time>
        <extensions>
          <ns3:TrackPointExtension>
            <ns3:atemp>20.0</ns3:atemp>
            <ns3:hr>111</ns3:hr>
            <ns3:cad>79</ns3:cad>
          </ns3:TrackPointExtension>
        </extensions>
      </trkpt>
      <trkpt lat="37.7620225958526134490966796875" lon="-122.405003271996974945068359375">
        <ele>40</ele>
        <time>2025-12-03T14:50:26.000Z</time>
        <extensions>
          <ns3:TrackPointExtension>
            <ns3:atemp>20.0</ns3:atemp>
            <ns3:hr>111</ns3:hr>
            <ns3:cad>79</ns3:cad>
          </ns3:TrackPointExtension>
        </extensions>
      </trkpt>
      <trkpt lat="37.76202485896646976470947265625" lon="-122.40497385151684284210205078125">
        <ele>40.200000762939453125</ele>
        <time>2025-12-03T14:50:27.000Z</time>
        <extensions>
          <ns3:TrackPointExtension>
            <ns3:atemp>20.0</ns3:atemp>
            <ns3:hr>111</ns3:hr>
            <ns3:cad>80</ns3:cad>
          </ns3:TrackPointExtension>
        </extensions>
      </trkpt>
      <trkpt lat="37.76202469132840633392333984375" lon="-122.404939234256744384765625">
        <ele>40.59999847412109375</ele>
        <time>2025-12-03T14:50:28.000Z</time>
        <extensions>
          <ns3:TrackPointExtension>
            <ns3:atemp>20.0</ns3:atemp>
            <ns3:hr>111</ns3:hr>
            <ns3:cad>80</ns3:cad>
          </ns3:TrackPointExtension>
        </extensions>
      </trkpt>
      <trkpt lat="37.76202904991805553436279296875" lon="-122.4049192853271961212158203125">
        <ele>41</ele>
        <time>2025-12-03T14:50:29.000Z</time>
        <extensions>
          <ns3:TrackPointExtension>
            <ns3:atemp>20.0</ns3:atemp>
            <ns3:hr>111</ns3:hr>
            <ns3:cad>79</ns3:cad>
          </ns3:TrackPointExtension>
        </extensions>
      </trkpt>
      <trkpt lat="37.76203793473541736602783203125" lon="-122.40489288233220577239990234375">
        <ele>41.200000762939453125</ele>
        <time>2025-12-03T14:50:30.000Z</time>
        <extensions>
          <ns3:TrackPointExtension>
            <ns3:atemp>20.0</ns3:atemp>
            <ns3:hr>111</ns3:hr>
            <ns3:cad>79</ns3:cad>
          </ns3:TrackPointExtension>
        </extensions>
      </trkpt>
      <trkpt lat="37.76203642599284648895263671875" lon="-122.4048569239675998687744140625">
        <ele>41.40000152587890625</ele>
        <time>2025-12-03T14:50:31.000Z</time>
        <extensions>
          <ns3:TrackPointExtension>
            <ns3:atemp>20.0</ns3:atemp>
            <ns3:hr>111</ns3:hr>
            <ns3:cad>79</ns3:cad>
          </ns3:TrackPointExtension>
        </extensions>
      </trkpt>
      <trkpt lat="37.7620343305170536041259765625" lon="-122.404837645590305328369140625">
        <ele>41.799999237060546875</ele>
        <time>2025-12-03T14:50:32.000Z</time>
        <extensions>
          <ns3:TrackPointExtension>
            <ns3:atemp>20.0</ns3:atemp>
            <ns3:hr>111</ns3:hr>
            <ns3:cad>79</ns3:cad>
          </ns3:TrackPointExtension>
        </extensions>
      </trkpt>
      <trkpt lat="37.76203508488833904266357421875" lon="-122.40480856038630008697509765625">
        <ele>42</ele>
        <time>2025-12-03T14:50:33.000Z</time>
        <extensions>
          <ns3:TrackPointExtension>
            <ns3:atemp>19.0</ns3:atemp>
            <ns3:hr>111</ns3:hr>
            <ns3:cad>80</ns3:cad>
          </ns3:TrackPointExtension>
        </extensions>
      </trkpt>
      <trkpt lat="37.7620403654873371124267578125" lon="-122.4047727696597576141357421875">
        <ele>42.40000152587890625</ele>
        <time>2025-12-03T14:50:34.000Z</time>
        <extensions>
          <ns3:TrackPointExtension>
            <ns3:atemp>20.0</ns3:atemp>
            <ns3:hr>111</ns3:hr>
            <ns3:cad>80</ns3:cad>
          </ns3:TrackPointExtension>
        </extensions>
      </trkpt>
      <trkpt lat="37.76204179041087627410888671875" lon="-122.40475089289247989654541015625">
        <ele>42.59999847412109375</ele>
        <time>2025-12-03T14:50:35.000Z</time>
        <extensions>
          <ns3:TrackPointExtension>
            <ns3:atemp>19.0</ns3:atemp>
            <ns3:hr>112</ns3:hr>
            <ns3:cad>80</ns3:cad>
          </ns3:TrackPointExtension>
        </extensions>
      </trkpt>
      <trkpt lat="37.76204623281955718994140625" lon="-122.404722310602664947509765625">
        <ele>42.799999237060546875</ele>
        <time>2025-12-03T14:50:36.000Z</time>
        <extensions>
          <ns3:TrackPointExtension>
            <ns3:atemp>19.0</ns3:atemp>
            <ns3:hr>112</ns3:hr>
            <ns3:cad>80</ns3:cad>
          </ns3:TrackPointExtension>
        </extensions>
      </trkpt>
      <trkpt lat="37.76204749010503292083740234375" lon="-122.40469339303672313690185546875">
        <ele>43.200000762939453125</ele>
        <time>2025-12-03T14:50:37.000Z</time>
        <extensions>
          <ns3:TrackPointExtension>
            <ns3:atemp>19.0</ns3:atemp>
            <ns3:hr>112</ns3:hr>
            <ns3:cad>80</ns3:cad>
          </ns3:TrackPointExtension>
        </extensions>
      </trkpt>
      <trkpt lat="37.7620460651814937591552734375" lon="-122.40467394702136516571044921875">
        <ele>43.40000152587890625</ele>
        <time>2025-12-03T14:50:38.000Z</time>
        <extensions>
          <ns3:TrackPointExtension>
            <ns3:atemp>19.0</ns3:atemp>
            <ns3:hr>112</ns3:hr>
            <ns3:cad>80</ns3:cad>
          </ns3:TrackPointExtension>
        </extensions>
      </trkpt>
      <trkpt lat="37.762045562267303466796875" lon="-122.40464729256927967071533203125">
        <ele>43.59999847412109375</ele>
        <time>2025-12-03T14:50:39.000Z</time>
        <extensions>
          <ns3:TrackPointExtension>
            <ns3:atemp>19.0</ns3:atemp>
            <ns3:hr>112</ns3:hr>
            <ns3:cad>80</ns3:cad>
          </ns3:TrackPointExtension>
        </extensions>
      </trkpt>
      <trkpt lat="37.7620457299053668975830078125" lon="-122.404622398316860198974609375">
        <ele>43.799999237060546875</ele>
        <time>2025-12-03T14:50:40.000Z</time>
        <extensions>
          <ns3:TrackPointExtension>
            <ns3:atemp>19.0</ns3:atemp>
            <ns3:hr>112</ns3:hr>
            <ns3:cad>80</ns3:cad>
          </ns3:TrackPointExtension>
        </extensions>
      </trkpt>
      <trkpt lat="37.76204279623925685882568359375" lon="-122.40460203029215335845947265625">
        <ele>44</ele>
        <time>2025-12-03T14:50:41.000Z</time>
        <extensions>
          <ns3:TrackPointExtension>
            <ns3:atemp>19.0</ns3:atemp>
            <ns3:hr>113</ns3:hr>
            <ns3:cad>80</ns3:cad>
          </ns3:TrackPointExtension>
        </extensions>
      </trkpt>
      <trkpt lat="37.7620447240769863128662109375" lon="-122.4045722745358943939208984375">
        <ele>44.200000762939453125</ele>
        <time>2025-12-03T14:50:42.000Z</time>
        <extensions>
          <ns3:TrackPointExtension>
            <ns3:atemp>19.0</ns3:atemp>
            <ns3:hr>113</ns3:hr>
            <ns3:cad>80</ns3:cad>
          </ns3:TrackPointExtension>
        </extensions>
      </trkpt>
      <trkpt lat="37.762053273618221282958984375" lon="-122.40454704500734806060791015625">
        <ele>44.59999847412109375</ele>
        <time>2025-12-03T14:50:43.000Z</time>
        <extensions>
          <ns3:TrackPointExtension>
            <ns3:atemp>19.0</ns3:atemp>
            <ns3:hr>113</ns3:hr>
            <ns3:cad>80</ns3:cad>
          </ns3:TrackPointExtension>
        </extensions>
      </trkpt>
      <trkpt lat="37.76205738075077533721923828125" lon="-122.4045266769826412200927734375">
        <ele>44.799999237060546875</ele>
        <time>2025-12-03T14:50:44.000Z</time>
        <extensions>
          <ns3:TrackPointExtension>
            <ns3:atemp>19.0</ns3:atemp>
            <ns3:hr>113</ns3:hr>
            <ns3:cad>81</ns3:cad>
          </ns3:TrackPointExtension>
        </extensions>
      </trkpt>
      <trkpt lat="37.76206224225461483001708984375" lon="-122.404496669769287109375">
        <ele>45</ele>
        <time>2025-12-03T14:50:45.000Z</time>
        <extensions>
          <ns3:TrackPointExtension>
            <ns3:atemp>19.0</ns3:atemp>
            <ns3:hr>114</ns3:hr>
            <ns3:cad>81</ns3:cad>
          </ns3:TrackPointExtension>
        </extensions>
      </trkpt>
      <trkpt lat="37.7620603144168853759765625" lon="-122.40447445772588253021240234375">
        <ele>45.40000152587890625</ele>
        <time>2025-12-03T14:50:46.000Z</time>
        <extensions>
          <ns3:TrackPointExtension>
            <ns3:atemp>19.0</ns3:atemp>
            <ns3:hr>114</ns3:hr>
            <ns3:cad>81</ns3:cad>
          </ns3:TrackPointExtension>
        </extensions>
      </trkpt>
      <trkpt lat="37.76206173934042453765869140625" lon="-122.404454760253429412841796875">
        <ele>45.59999847412109375</ele>
        <time>2025-12-03T14:50:47.000Z</time>
        <extensions>
          <ns3:TrackPointExtension>
            <ns3:atemp>19.0</ns3:atemp>
            <ns3:hr>114</ns3:hr>
            <ns3:cad>81</ns3:cad>
          </ns3:TrackPointExtension>
        </extensions>
      </trkpt>
      <trkpt lat="37.76205285452306270599365234375" lon="-122.40442550741136074066162109375">
        <ele>46</ele>
        <time>2025-12-03T14:50:48.000Z</time>
        <extensions>
          <ns3:TrackPointExtension>
            <ns3:atemp>19.0</ns3:atemp>
            <ns3:hr>114</ns3:hr>
            <ns3:cad>81</ns3:cad>
          </ns3:TrackPointExtension>
        </extensions>
      </trkpt>
      <trkpt lat="37.762045226991176605224609375" lon="-122.40440723486244678497314453125">
        <ele>46.200000762939453125</ele>
        <time>2025-12-03T14:50:49.000Z</time>
        <extensions>
          <ns3:TrackPointExtension>
            <ns3:atemp>19.0</ns3:atemp>
            <ns3:hr>115</ns3:hr>
            <ns3:cad>81</ns3:cad>
          </ns3:TrackPointExtension>
        </extensions>
      </trkpt>
      <trkpt lat="37.762042544782161712646484375" lon="-122.4043878726661205291748046875">
        <ele>46.40000152587890625</ele>
        <time>2025-12-03T14:50:50.000Z</time>
        <extensions>
          <ns3:TrackPointExtension>
            <ns3:atemp>19.0</ns3:atemp>
            <ns3:hr>115</ns3:hr>
            <ns3:cad>81</ns3:cad>
          </ns3:TrackPointExtension>
        </extensions>
      </trkpt>
      <trkpt lat="37.76203793473541736602783203125" lon="-122.4043630622327327728271484375">
        <ele>46.59999847412109375</ele>
        <time>2025-12-03T14:50:51.000Z</time>
        <extensions>
          <ns3:TrackPointExtension>
            <ns3:atemp>19.0</ns3:atemp>
            <ns3:hr>115</ns3:hr>
            <ns3:cad>81</ns3:cad>
          </ns3:TrackPointExtension>
        </extensions>
      </trkpt>
      <trkpt lat="37.762040533125400543212890625" lon="-122.40433682687580585479736328125">
        <ele>46.799999237060546875</ele>
        <time>2025-12-03T14:50:52.000Z</time>
        <extensions>
          <ns3:TrackPointExtension>
            <ns3:atemp>19.0</ns3:atemp>
            <ns3:hr>115</ns3:hr>
            <ns3:cad>81</ns3:cad>
          </ns3:TrackPointExtension>
        </extensions>
      </trkpt>
      <trkpt lat="37.762039862573146820068359375" lon="-122.40431888960301876068115234375">
        <ele>46.799999237060546875</ele>
        <time>2025-12-03T14:50:53.000Z</time>
        <extensions>
          <ns3:TrackPointExtension>
            <ns3:atemp>19.0</ns3:atemp>
            <ns3:hr>116</ns3:hr>
            <ns3:cad>81</ns3:cad>
          </ns3:TrackPointExtension>
        </extensions>
      </trkpt>
      <trkpt lat="37.76204413734376430511474609375" lon="-122.40428837947547435760498046875">
        <ele>47</ele>
        <time>2025-12-03T14:50:54.000Z</time>
        <extensions>
          <ns3:TrackPointExtension>
            <ns3:atemp>19.0</ns3:atemp>
            <ns3:hr>116</ns3:hr>
            <ns3:cad>81</ns3:cad>
          </ns3:TrackPointExtension>
        </extensions>
      </trkpt>
      <trkpt lat="37.76204623281955718994140625" lon="-122.404273711144924163818359375">
        <ele>47</ele>
        <time>2025-12-03T14:50:55.000Z</time>
        <extensions>
          <ns3:TrackPointExtension>
            <ns3:atemp>19.0</ns3:atemp>
            <ns3:hr>116</ns3:hr>
            <ns3:cad>81</ns3:cad>
          </ns3:TrackPointExtension>
        </extensions>
      </trkpt>
      <trkpt lat="37.76204983703792095184326171875" lon="-122.4042485654354095458984375">
        <ele>46.799999237060546875</ele>
        <time>2025-12-03T14:50:56.000Z</time>
        <extensions>
          <ns3:TrackPointExtension>
            <ns3:atemp>19.0</ns3:atemp>
            <ns3:hr>116</ns3:hr>
            <ns3:cad>80</ns3:cad>
          </ns3:TrackPointExtension>
        </extensions>
      </trkpt>
      <trkpt lat="37.7620567940175533294677734375" lon="-122.40421780385076999664306640625">
        <ele>46.799999237060546875</ele>
        <time>2025-12-03T14:50:57.000Z</time>
        <extensions>
          <ns3:TrackPointExtension>
            <ns3:atemp>19.0</ns3:atemp>
            <ns3:hr>116</ns3:hr>
            <ns3:cad>80</ns3:cad>
          </ns3:TrackPointExtension>
        </extensions>
      </trkpt>
      <trkpt lat="37.76205696165561676025390625" lon="-122.4041987769305706024169921875">
        <ele>46.799999237060546875</ele>
        <time>2025-12-03T14:50:58.000Z</time>
        <extensions>
          <ns3:TrackPointExtension>
            <ns3:atemp>19.0</ns3:atemp>
            <ns3:hr>117</ns3:hr>
            <ns3:cad>80</ns3:cad>
          </ns3:TrackPointExtension>
        </extensions>
      </trkpt>
      <trkpt lat="37.76205637492239475250244140625" lon="-122.40417924709618091583251953125">
        <ele>46.799999237060546875</ele>
        <time>2025-12-03T14:50:59.000Z</time>
        <extensions>
          <ns3:TrackPointExtension>
            <ns3:atemp>19.0</ns3:atemp>
            <ns3:hr>117</ns3:hr>
            <ns3:cad>80</ns3:cad>
          </ns3:TrackPointExtension>
        </extensions>
      </trkpt>
      <trkpt lat="37.7620611526072025299072265625" lon="-122.40415980108082294464111328125">
        <ele>46.59999847412109375</ele>
        <time>2025-12-03T14:51:00.000Z</time>
        <extensions>
          <ns3:TrackPointExtension>
            <ns3:atemp>19.0</ns3:atemp>
            <ns3:hr>117</ns3:hr>
            <ns3:cad>79</ns3:cad>
          </ns3:TrackPointExtension>
        </extensions>
      </trkpt>
      <trkpt lat="37.76206375099718570709228515625" lon="-122.4041394330561161041259765625">
        <ele>46.59999847412109375</ele>
        <time>2025-12-03T14:51:01.000Z</time>
        <extensions>
          <ns3:TrackPointExtension>
            <ns3:atemp>19.0</ns3:atemp>
            <ns3:hr>116</ns3:hr>
            <ns3:cad>78</ns3:cad>
          </ns3:TrackPointExtension>
        </extensions>
      </trkpt>
      <trkpt lat="37.76206425391137599945068359375" lon="-122.4041240103542804718017578125">
        <ele>46.59999847412109375</ele>
        <time>2025-12-03T14:51:02.000Z</time>
        <extensions>
          <ns3:TrackPointExtension>
            <ns3:atemp>19.0</ns3:atemp>
            <ns3:hr>117</ns3:hr>
            <ns3:cad>78</ns3:cad>
          </ns3:TrackPointExtension>
        </extensions>
      </trkpt>
      <trkpt lat="37.76206609793007373809814453125" lon="-122.40410733036696910858154296875">
        <ele>46.799999237060546875</ele>
        <time>2025-12-03T14:51:03.000Z</time>
        <extensions>
          <ns3:TrackPointExtension>
            <ns3:atemp>19.0</ns3:atemp>
            <ns3:hr>117</ns3:hr>
            <ns3:cad>78</ns3:cad>
          </ns3:TrackPointExtension>
        </extensions>
      </trkpt>
      <trkpt lat="37.7620603144168853759765625" lon="-122.40408168174326419830322265625">
        <ele>47</ele>
        <time>2025-12-03T14:51:04.000Z</time>
        <extensions>
          <ns3:TrackPointExtension>
            <ns3:atemp>19.0</ns3:atemp>
            <ns3:hr>116</ns3:hr>
            <ns3:cad>78</ns3:cad>
          </ns3:TrackPointExtension>
        </extensions>
      </trkpt>
      <trkpt lat="37.76206157170236110687255859375" lon="-122.40406357683241367340087890625">
        <ele>47.200000762939453125</ele>
        <time>2025-12-03T14:51:05.000Z</time>
        <extensions>
          <ns3:TrackPointExtension>
            <ns3:atemp>19.0</ns3:atemp>
            <ns3:hr>116</ns3:hr>
            <ns3:cad>78</ns3:cad>
          </ns3:TrackPointExtension>
        </extensions>
      </trkpt>
      <trkpt lat="37.7620611526072025299072265625" lon="-122.4040411971509456634521484375">
        <ele>47.40000152587890625</ele>
        <time>2025-12-03T14:51:06.000Z</time>
        <extensions>
          <ns3:TrackPointExtension>
            <ns3:atemp>19.0</ns3:atemp>
            <ns3:hr>116</ns3:hr>
            <ns3:cad>78</ns3:cad>
          </ns3:TrackPointExtension>
        </extensions>
      </trkpt>
      <trkpt lat="37.76206207461655139923095703125" lon="-122.404000125825405120849609375">
        <ele>47.59999847412109375</ele>
        <time>2025-12-03T14:51:07.000Z</time>
        <extensions>
          <ns3:TrackPointExtension>
            <ns3:atemp>19.0</ns3:atemp>
            <ns3:hr>116</ns3:hr>
            <ns3:cad>78</ns3:cad>
          </ns3:TrackPointExtension>
        </extensions>
      </trkpt>
      <trkpt lat="37.7620628289878368377685546875" lon="-122.4039778299629688262939453125">
        <ele>47.59999847412109375</ele>
        <time>2025-12-03T14:51:08.000Z</time>
        <extensions>
          <ns3:TrackPointExtension>
            <ns3:atemp>19.0</ns3:atemp>
            <ns3:hr>117</ns3:hr>
            <ns3:cad>78</ns3:cad>
          </ns3:TrackPointExtension>
        </extensions>
      </trkpt>
      <trkpt lat="37.76206341572105884552001953125" lon="-122.40394857712090015411376953125">
        <ele>47.59999847412109375</ele>
        <time>2025-12-03T14:51:09.000Z</time>
        <extensions>
          <ns3:TrackPointExtension>
            <ns3:atemp>19.0</ns3:atemp>
            <ns3:hr>116</ns3:hr>
            <ns3:cad>78</ns3:cad>
          </ns3:TrackPointExtension>
        </extensions>
      </trkpt>
      <trkpt lat="37.7620685286819934844970703125" lon="-122.40391639061272144317626953125">
        <ele>47.799999237060546875</ele>
        <time>2025-12-03T14:51:10.000Z</time>
        <extensions>
          <ns3:TrackPointExtension>
            <ns3:atemp>19.0</ns3:atemp>
            <ns3:hr>117</ns3:hr>
            <ns3:cad>79</ns3:cad>
          </ns3:TrackPointExtension>
        </extensions>
      </trkpt>
      <trkpt lat="37.7620683610439300537109375" lon="-122.40389409475028514862060546875">
        <ele>47.799999237060546875</ele>
        <time>2025-12-03T14:51:11.000Z</time>
        <extensions>
          <ns3:TrackPointExtension>
            <ns3:atemp>19.0</ns3:atemp>
            <ns3:hr>117</ns3:hr>
            <ns3:cad>80</ns3:cad>
          </ns3:TrackPointExtension>
        </extensions>
      </trkpt>
      <trkpt lat="37.76207548566162586212158203125" lon="-122.4038661830127239227294921875">
        <ele>48</ele>
        <time>2025-12-03T14:51:12.000Z</time>
        <extensions>
          <ns3:TrackPointExtension>
            <ns3:atemp>19.0</ns3:atemp>
            <ns3:hr>117</ns3:hr>
            <ns3:cad>80</ns3:cad>
          </ns3:TrackPointExtension>
        </extensions>
      </trkpt>
      <trkpt lat="37.76208470575511455535888671875" lon="-122.4038309790194034576416015625">
        <ele>48</ele>
        <time>2025-12-03T14:51:13.000Z</time>
        <extensions>
          <ns3:TrackPointExtension>
            <ns3:atemp>19.0</ns3:atemp>
            <ns3:hr>116</ns3:hr>
            <ns3:cad>80</ns3:cad>
          </ns3:TrackPointExtension>
        </extensions>
      </trkpt>
      <trkpt lat="37.76208579540252685546875" lon="-122.40380398929119110107421875">
        <ele>48.200000762939453125</ele>
        <time>2025-12-03T14:51:14.000Z</time>
        <extensions>
          <ns3:TrackPointExtension>
            <ns3:atemp>19.0</ns3:atemp>
            <ns3:hr>117</ns3:hr>
            <ns3:cad>80</ns3:cad>
          </ns3:TrackPointExtension>
        </extensions>
      </trkpt>
      <trkpt lat="37.76208990253508090972900390625" lon="-122.40377825684845447540283203125">
        <ele>48.200000762939453125</ele>
        <time>2025-12-03T14:51:15.000Z</time>
        <extensions>
          <ns3:TrackPointExtension>
            <ns3:atemp>19.0</ns3:atemp>
            <ns3:hr>117</ns3:hr>
            <ns3:cad>80</ns3:cad>
          </ns3:TrackPointExtension>
        </extensions>
      </trkpt>
      <trkpt lat="37.762093506753444671630859375" lon="-122.4037424661219120025634765625">
        <ele>48.200000762939453125</ele>
        <time>2025-12-03T14:51:16.000Z</time>
        <extensions>
          <ns3:TrackPointExtension>
            <ns3:atemp>19.0</ns3:atemp>
            <ns3:hr>116</ns3:hr>
            <ns3:cad>80</ns3:cad>
          </ns3:TrackPointExtension>
        </extensions>
      </trkpt>
      <trkpt lat="37.76209359057247638702392578125" lon="-122.40372260101139545440673828125">
        <ele>48.40000152587890625</ele>
        <time>2025-12-03T14:51:17.000Z</time>
        <extensions>
          <ns3:TrackPointExtension>
            <ns3:atemp>19.0</ns3:atemp>
            <ns3:hr>117</ns3:hr>
            <ns3:cad>80</ns3:cad>
          </ns3:TrackPointExtension>
        </extensions>
      </trkpt>
      <trkpt lat="37.76209644041955471038818359375" lon="-122.40369133651256561279296875">
        <ele>48.40000152587890625</ele>
        <time>2025-12-03T14:51:18.000Z</time>
        <extensions>
          <ns3:TrackPointExtension>
            <ns3:atemp>19.0</ns3:atemp>
            <ns3:hr>117</ns3:hr>
            <ns3:cad>80</ns3:cad>
          </ns3:TrackPointExtension>
        </extensions>
      </trkpt>
      <trkpt lat="37.76210297830402851104736328125" lon="-122.40365755744278430938720703125">
        <ele>48.40000152587890625</ele>
        <time>2025-12-03T14:51:19.000Z</time>
        <extensions>
          <ns3:TrackPointExtension>
            <ns3:atemp>19.0</ns3:atemp>
            <ns3:hr>116</ns3:hr>
            <ns3:cad>80</ns3:cad>
          </ns3:TrackPointExtension>
        </extensions>
      </trkpt>
      <trkpt lat="37.76209996081888675689697265625" lon="-122.40363794378936290740966796875">
        <ele>48.40000152587890625</ele>
        <time>2025-12-03T14:51:20.000Z</time>
        <extensions>
          <ns3:TrackPointExtension>
            <ns3:atemp>19.0</ns3:atemp>
            <ns3:hr>116</ns3:hr>
            <ns3:cad>80</ns3:cad>
          </ns3:TrackPointExtension>
        </extensions>
      </trkpt>
      <trkpt lat="37.762104235589504241943359375" lon="-122.40360818803310394287109375">
        <ele>48.59999847412109375</ele>
        <time>2025-12-03T14:51:21.000Z</time>
        <extensions>
          <ns3:TrackPointExtension>
            <ns3:atemp>19.0</ns3:atemp>
            <ns3:hr>116</ns3:hr>
            <ns3:cad>80</ns3:cad>
          </ns3:TrackPointExtension>
        </extensions>
      </trkpt>
      <trkpt lat="37.7621166408061981201171875" lon="-122.4035778455436229705810546875">
        <ele>48.59999847412109375</ele>
        <time>2025-12-03T14:51:22.000Z</time>
        <extensions>
          <ns3:TrackPointExtension>
            <ns3:atemp>19.0</ns3:atemp>
            <ns3:hr>117</ns3:hr>
            <ns3:cad>80</ns3:cad>
          </ns3:TrackPointExtension>
        </extensions>
      </trkpt>
      <trkpt lat="37.7621211670339107513427734375" lon="-122.4035565555095672607421875">
        <ele>48.799999237060546875</ele>
        <time>2025-12-03T14:51:23.000Z</time>
        <extensions>
          <ns3:TrackPointExtension>
            <ns3:atemp>19.0</ns3:atemp>
            <ns3:hr>116</ns3:hr>
            <ns3:cad>80</ns3:cad>
          </ns3:TrackPointExtension>
        </extensions>
      </trkpt>
      <trkpt lat="37.76211865246295928955078125" lon="-122.4035208486020565032958984375">
        <ele>48.799999237060546875</ele>
        <time>2025-12-03T14:51:24.000Z</time>
        <extensions>
          <ns3:TrackPointExtension>
            <ns3:atemp>19.0</ns3:atemp>
            <ns3:hr>116</ns3:hr>
            <ns3:cad>80</ns3:cad>
          </ns3:TrackPointExtension>
        </extensions>
      </trkpt>
      <trkpt lat="37.76212544180452823638916015625" lon="-122.40349343977868556976318359375">
        <ele>48.799999237060546875</ele>
        <time>2025-12-03T14:51:25.000Z</time>
        <extensions>
          <ns3:TrackPointExtension>
            <ns3:atemp>18.0</ns3:atemp>
            <ns3:hr>116</ns3:hr>
            <ns3:cad>80</ns3:cad>
          </ns3:TrackPointExtension>
        </extensions>
      </trkpt>
      <trkpt lat="37.76211974211037158966064453125" lon="-122.40346896462142467498779296875">
        <ele>48.799999237060546875</ele>
        <time>2025-12-03T14:51:26.000Z</time>
        <extensions>
          <ns3:TrackPointExtension>
            <ns3:atemp>19.0</ns3:atemp>
            <ns3:hr>116</ns3:hr>
            <ns3:cad>80</ns3:cad>
          </ns3:TrackPointExtension>
        </extensions>
      </trkpt>
      <trkpt lat="37.7620993740856647491455078125" lon="-122.4034423939883708953857421875">
        <ele>48.799999237060546875</ele>
        <time>2025-12-03T14:51:27.000Z</time>
        <extensions>
          <ns3:TrackPointExtension>
            <ns3:atemp>18.0</ns3:atemp>
            <ns3:hr>116</ns3:hr>
            <ns3:cad>80</ns3:cad>
          </ns3:TrackPointExtension>
        </extensions>
      </trkpt>
      <trkpt lat="37.76208118535578250885009765625" lon="-122.403429485857486724853515625">
        <ele>49</ele>
        <time>2025-12-03T14:51:28.000Z</time>
        <extensions>
          <ns3:TrackPointExtension>
            <ns3:atemp>18.0</ns3:atemp>
            <ns3:hr>116</ns3:hr>
            <ns3:cad>80</ns3:cad>
          </ns3:TrackPointExtension>
        </extensions>
      </trkpt>
      <trkpt lat="37.7620651759207248687744140625" lon="-122.4034226126968860626220703125">
        <ele>49.200000762939453125</ele>
        <time>2025-12-03T14:51:29.000Z</time>
        <extensions>
          <ns3:TrackPointExtension>
            <ns3:atemp>18.0</ns3:atemp>
            <ns3:hr>117</ns3:hr>
            <ns3:cad>80</ns3:cad>
          </ns3:TrackPointExtension>
        </extensions>
      </trkpt>
      <trkpt lat="37.7620363421738147735595703125" lon="-122.40341666154563426971435546875">
        <ele>49.40000152587890625</ele>
        <time>2025-12-03T14:51:30.000Z</time>
        <extensions>
          <ns3:TrackPointExtension>
            <ns3:atemp>18.0</ns3:atemp>
            <ns3:hr>117</ns3:hr>
            <ns3:cad>80</ns3:cad>
          </ns3:TrackPointExtension>
        </extensions>
      </trkpt>
      <trkpt lat="37.762013375759124755859375" lon="-122.403413392603397369384765625">
        <ele>49.799999237060546875</ele>
        <time>2025-12-03T14:51:31.000Z</time>
        <extensions>
          <ns3:TrackPointExtension>
            <ns3:atemp>18.0</ns3:atemp>
            <ns3:hr>117</ns3:hr>
            <ns3:cad>79</ns3:cad>
          </ns3:TrackPointExtension>
        </extensions>
      </trkpt>
      <trkpt lat="37.76200021617114543914794921875" lon="-122.403411380946636199951171875">
        <ele>50.200000762939453125</ele>
        <time>2025-12-03T14:51:32.000Z</time>
        <extensions>
          <ns3:TrackPointExtension>
            <ns3:atemp>18.0</ns3:atemp>
            <ns3:hr>117</ns3:hr>
            <ns3:cad>79</ns3:cad>
          </ns3:TrackPointExtension>
        </extensions>
      </trkpt>
      <trkpt lat="37.76198160834610462188720703125" lon="-122.40341062657535076141357421875">
        <ele>50.40000152587890625</ele>
        <time>2025-12-03T14:51:33.000Z</time>
        <extensions>
          <ns3:TrackPointExtension>
            <ns3:atemp>18.0</ns3:atemp>
            <ns3:hr>118</ns3:hr>
            <ns3:cad>78</ns3:cad>
          </ns3:TrackPointExtension>
        </extensions>
      </trkpt>
      <trkpt lat="37.7619655989110469818115234375" lon="-122.4034031666815280914306640625">
        <ele>50.799999237060546875</ele>
        <time>2025-12-03T14:51:34.000Z</time>
        <extensions>
          <ns3:TrackPointExtension>
            <ns3:atemp>18.0</ns3:atemp>
            <ns3:hr>117</ns3:hr>
            <ns3:cad>78</ns3:cad>
          </ns3:TrackPointExtension>
        </extensions>
      </trkpt>
      <trkpt lat="37.76195646263659000396728515625" lon="-122.40340895019471645355224609375">
        <ele>51.200000762939453125</ele>
        <time>2025-12-03T14:51:35.000Z</time>
        <extensions>
          <ns3:TrackPointExtension>
            <ns3:atemp>18.0</ns3:atemp>
            <ns3:hr>117</ns3:hr>
            <ns3:cad>78</ns3:cad>
          </ns3:TrackPointExtension>
        </extensions>
      </trkpt>
      <trkpt lat="37.76193802244961261749267578125" lon="-122.40341263823211193084716796875">
        <ele>51.59999847412109375</ele>
        <time>2025-12-03T14:51:36.000Z</time>
        <extensions>
          <ns3:TrackPointExtension>
            <ns3:atemp>18.0</ns3:atemp>
            <ns3:hr>117</ns3:hr>
            <ns3:cad>79</ns3:cad>
          </ns3:TrackPointExtension>
        </extensions>
      </trkpt>
      <trkpt lat="37.76191639713943004608154296875" lon="-122.40340241231024265289306640625">
        <ele>51.799999237060546875</ele>
        <time>2025-12-03T14:51:37.000Z</time>
        <extensions>
          <ns3:TrackPointExtension>
            <ns3:atemp>18.0</ns3:atemp>
            <ns3:hr>117</ns3:hr>
            <ns3:cad>79</ns3:cad>
          </ns3:TrackPointExtension>
        </extensions>
      </trkpt>
      <trkpt lat="37.7618998847901821136474609375" lon="-122.40340425632894039154052734375">
        <ele>52.200000762939453125</ele>
        <time>2025-12-03T14:51:38.000Z</time>
        <extensions>
          <ns3:TrackPointExtension>
            <ns3:atemp>18.0</ns3:atemp>
            <ns3:hr>116</ns3:hr>
            <ns3:cad>78</ns3:cad>
          </ns3:TrackPointExtension>
        </extensions>
      </trkpt>
      <trkpt lat="37.76188194751739501953125" lon="-122.403404675424098968505859375">
        <ele>52.40000152587890625</ele>
        <time>2025-12-03T14:51:39.000Z</time>
        <extensions>
          <ns3:TrackPointExtension>
            <ns3:atemp>18.0</ns3:atemp>
            <ns3:hr>116</ns3:hr>
            <ns3:cad>78</ns3:cad>
          </ns3:TrackPointExtension>
        </extensions>
      </trkpt>
      <trkpt lat="37.76185755617916584014892578125" lon="-122.403405010700225830078125">
        <ele>52.799999237060546875</ele>
        <time>2025-12-03T14:51:40.000Z</time>
        <extensions>
          <ns3:TrackPointExtension>
            <ns3:atemp>18.0</ns3:atemp>
            <ns3:hr>116</ns3:hr>
            <ns3:cad>78</ns3:cad>
          </ns3:TrackPointExtension>
        </extensions>
      </trkpt>
      <trkpt lat="37.7618425525724887847900390625" lon="-122.4034028314054012298583984375">
        <ele>53.200000762939453125</ele>
        <time>2025-12-03T14:51:41.000Z</time>
        <extensions>
          <ns3:TrackPointExtension>
            <ns3:atemp>18.0</ns3:atemp>
            <ns3:hr>116</ns3:hr>
            <ns3:cad>78</ns3:cad>
          </ns3:TrackPointExtension>
        </extensions>
      </trkpt>
      <trkpt lat="37.76182419620454311370849609375" lon="-122.4034018255770206451416015625">
        <ele>53.40000152587890625</ele>
        <time>2025-12-03T14:51:42.000Z</time>
        <extensions>
          <ns3:TrackPointExtension>
            <ns3:atemp>18.0</ns3:atemp>
            <ns3:hr>116</ns3:hr>
            <ns3:cad>78</ns3:cad>
          </ns3:TrackPointExtension>
        </extensions>
      </trkpt>
      <trkpt lat="37.761798799037933349609375" lon="-122.40340174175798892974853515625">
        <ele>53.799999237060546875</ele>
        <time>2025-12-03T14:51:43.000Z</time>
        <extensions>
          <ns3:TrackPointExtension>
            <ns3:atemp>18.0</ns3:atemp>
            <ns3:hr>116</ns3:hr>
            <ns3:cad>79</ns3:cad>
          </ns3:TrackPointExtension>
        </extensions>
      </trkpt>
      <trkpt lat="37.76178262196481227874755859375" lon="-122.40340040065348148345947265625">
        <ele>54</ele>
        <time>2025-12-03T14:51:44.000Z</time>
        <extensions>
          <ns3:TrackPointExtension>
            <ns3:atemp>18.0</ns3:atemp>
            <ns3:hr>116</ns3:hr>
            <ns3:cad>79</ns3:cad>
          </ns3:TrackPointExtension>
        </extensions>
      </trkpt>
      <trkpt lat="37.761766612529754638671875" lon="-122.40340056829154491424560546875">
        <ele>54.40000152587890625</ele>
        <time>2025-12-03T14:51:45.000Z</time>
        <extensions>
          <ns3:TrackPointExtension>
            <ns3:atemp>18.0</ns3:atemp>
            <ns3:hr>116</ns3:hr>
            <ns3:cad>79</ns3:cad>
          </ns3:TrackPointExtension>
        </extensions>
      </trkpt>
      <trkpt lat="37.7617443166673183441162109375" lon="-122.40340434014797210693359375">
        <ele>54.59999847412109375</ele>
        <time>2025-12-03T14:51:46.000Z</time>
        <extensions>
          <ns3:TrackPointExtension>
            <ns3:atemp>18.0</ns3:atemp>
            <ns3:hr>116</ns3:hr>
            <ns3:cad>79</ns3:cad>
          </ns3:TrackPointExtension>
        </extensions>
      </trkpt>
      <trkpt lat="37.7617278881371021270751953125" lon="-122.4034009873867034912109375">
        <ele>55</ele>
        <time>2025-12-03T14:51:47.000Z</time>
        <extensions>
          <ns3:TrackPointExtension>
            <ns3:atemp>18.0</ns3:atemp>
            <ns3:hr>116</ns3:hr>
            <ns3:cad>79</ns3:cad>
          </ns3:TrackPointExtension>
        </extensions>
      </trkpt>
      <trkpt lat="37.7617128007113933563232421875" lon="-122.4034041725099086761474609375">
        <ele>55.200000762939453125</ele>
        <time>2025-12-03T14:51:48.000Z</time>
        <extensions>
          <ns3:TrackPointExtension>
            <ns3:atemp>18.0</ns3:atemp>
            <ns3:hr>116</ns3:hr>
            <ns3:cad>79</ns3:cad>
          </ns3:TrackPointExtension>
        </extensions>
      </trkpt>
      <trkpt lat="37.7616906724870204925537109375" lon="-122.40340693853795528411865234375">
        <ele>55.40000152587890625</ele>
        <time>2025-12-03T14:51:49.000Z</time>
        <extensions>
          <ns3:TrackPointExtension>
            <ns3:atemp>18.0</ns3:atemp>
            <ns3:hr>116</ns3:hr>
            <ns3:cad>79</ns3:cad>
          </ns3:TrackPointExtension>
        </extensions>
      </trkpt>
      <trkpt lat="37.7616718970239162445068359375" lon="-122.40340224467217922210693359375">
        <ele>55.59999847412109375</ele>
        <time>2025-12-03T14:51:50.000Z</time>
        <extensions>
          <ns3:TrackPointExtension>
            <ns3:atemp>18.0</ns3:atemp>
            <ns3:hr>116</ns3:hr>
            <ns3:cad>79</ns3:cad>
          </ns3:TrackPointExtension>
        </extensions>
      </trkpt>
      <trkpt lat="37.761659659445285797119140625" lon="-122.40340392105281352996826171875">
        <ele>56</ele>
        <time>2025-12-03T14:51:51.000Z</time>
        <extensions>
          <ns3:TrackPointExtension>
            <ns3:atemp>18.0</ns3:atemp>
            <ns3:hr>117</ns3:hr>
            <ns3:cad>79</ns3:cad>
          </ns3:TrackPointExtension>
        </extensions>
      </trkpt>
      <trkpt lat="37.761636860668659210205078125" lon="-122.4034036695957183837890625">
        <ele>56.200000762939453125</ele>
        <time>2025-12-03T14:51:52.000Z</time>
        <extensions>
          <ns3:TrackPointExtension>
            <ns3:atemp>18.0</ns3:atemp>
            <ns3:hr>116</ns3:hr>
            <ns3:cad>79</ns3:cad>
          </ns3:TrackPointExtension>
        </extensions>
      </trkpt>
      <trkpt lat="37.76161330752074718475341796875" lon="-122.4034008197486400604248046875">
        <ele>56.59999847412109375</ele>
        <time>2025-12-03T14:51:53.000Z</time>
        <extensions>
          <ns3:TrackPointExtension>
            <ns3:atemp>18.0</ns3:atemp>
            <ns3:hr>116</ns3:hr>
            <ns3:cad>79</ns3:cad>
          </ns3:TrackPointExtension>
        </extensions>
      </trkpt>
      <trkpt lat="37.76160257868468761444091796875" lon="-122.4033981375396251678466796875">
        <ele>57</ele>
        <time>2025-12-03T14:51:54.000Z</time>
        <extensions>
          <ns3:TrackPointExtension>
            <ns3:atemp>18.0</ns3:atemp>
            <ns3:hr>116</ns3:hr>
            <ns3:cad>79</ns3:cad>
          </ns3:TrackPointExtension>
        </extensions>
      </trkpt>
      <trkpt lat="37.76158363558351993560791015625" lon="-122.4033964611589908599853515625">
        <ele>57.40000152587890625</ele>
        <time>2025-12-03T14:51:55.000Z</time>
        <extensions>
          <ns3:TrackPointExtension>
            <ns3:atemp>18.0</ns3:atemp>
            <ns3:hr>117</ns3:hr>
            <ns3:cad>79</ns3:cad>
          </ns3:TrackPointExtension>
        </extensions>
      </trkpt>
      <trkpt lat="37.76156402193009853363037109375" lon="-122.4033931083977222442626953125">
        <ele>57.799999237060546875</ele>
        <time>2025-12-03T14:51:56.000Z</time>
        <extensions>
          <ns3:TrackPointExtension>
            <ns3:atemp>18.0</ns3:atemp>
            <ns3:hr>116</ns3:hr>
            <ns3:cad>79</ns3:cad>
          </ns3:TrackPointExtension>
        </extensions>
      </trkpt>
      <trkpt lat="37.7615515328943729400634765625" lon="-122.40339453332126140594482421875">
        <ele>58.200000762939453125</ele>
        <time>2025-12-03T14:51:57.000Z</time>
        <extensions>
          <ns3:TrackPointExtension>
            <ns3:atemp>18.0</ns3:atemp>
            <ns3:hr>116</ns3:hr>
            <ns3:cad>78</ns3:cad>
          </ns3:TrackPointExtension>
        </extensions>
      </trkpt>
      <trkpt lat="37.761536277830600738525390625" lon="-122.40339218638837337493896484375">
        <ele>58.40000152587890625</ele>
        <time>2025-12-03T14:51:58.000Z</time>
        <extensions>
          <ns3:TrackPointExtension>
            <ns3:atemp>18.0</ns3:atemp>
            <ns3:hr>117</ns3:hr>
            <ns3:cad>78</ns3:cad>
          </ns3:TrackPointExtension>
        </extensions>
      </trkpt>
      <trkpt lat="37.76151758618652820587158203125" lon="-122.40338631905615329742431640625">
        <ele>58.59999847412109375</ele>
        <time>2025-12-03T14:51:59.000Z</time>
        <extensions>
          <ns3:TrackPointExtension>
            <ns3:atemp>18.0</ns3:atemp>
            <ns3:hr>116</ns3:hr>
            <ns3:cad>78</ns3:cad>
          </ns3:TrackPointExtension>
        </extensions>
      </trkpt>
      <trkpt lat="37.76150417514145374298095703125" lon="-122.40338422358036041259765625">
        <ele>59</ele>
        <time>2025-12-03T14:52:00.000Z</time>
        <extensions>
          <ns3:TrackPointExtension>
            <ns3:atemp>18.0</ns3:atemp>
            <ns3:hr>117</ns3:hr>
            <ns3:cad>78</ns3:cad>
          </ns3:TrackPointExtension>
        </extensions>
      </trkpt>
      <trkpt lat="37.7614864893257617950439453125" lon="-122.4033843912184238433837890625">
        <ele>59.40000152587890625</ele>
        <time>2025-12-03T14:52:01.000Z</time>
        <extensions>
          <ns3:TrackPointExtension>
            <ns3:atemp>18.0</ns3:atemp>
            <ns3:hr>117</ns3:hr>
            <ns3:cad>78</ns3:cad>
          </ns3:TrackPointExtension>
        </extensions>
      </trkpt>
      <trkpt lat="37.76146595366299152374267578125" lon="-122.40337659604847431182861328125">
        <ele>59.59999847412109375</ele>
        <time>2025-12-03T14:52:02.000Z</time>
        <extensions>
          <ns3:TrackPointExtension>
            <ns3:atemp>18.0</ns3:atemp>
            <ns3:hr>117</ns3:hr>
            <ns3:cad>78</ns3:cad>
          </ns3:TrackPointExtension>
        </extensions>
      </trkpt>
      <trkpt lat="37.761452458798885345458984375" lon="-122.40337693132460117340087890625">
        <ele>60</ele>
        <time>2025-12-03T14:52:03.000Z</time>
        <extensions>
          <ns3:TrackPointExtension>
            <ns3:atemp>18.0</ns3:atemp>
            <ns3:hr>117</ns3:hr>
            <ns3:cad>79</ns3:cad>
          </ns3:TrackPointExtension>
        </extensions>
      </trkpt>
      <trkpt lat="37.761435024440288543701171875" lon="-122.403375841677188873291015625">
        <ele>60.200000762939453125</ele>
        <time>2025-12-03T14:52:04.000Z</time>
        <extensions>
          <ns3:TrackPointExtension>
            <ns3:atemp>18.0</ns3:atemp>
            <ns3:hr>117</ns3:hr>
            <ns3:cad>79</ns3:cad>
          </ns3:TrackPointExtension>
        </extensions>
      </trkpt>
      <trkpt lat="37.7614147402346134185791015625" lon="-122.403366453945636749267578125">
        <ele>60.59999847412109375</ele>
        <time>2025-12-03T14:52:05.000Z</time>
        <extensions>
          <ns3:TrackPointExtension>
            <ns3:atemp>18.0</ns3:atemp>
            <ns3:hr>116</ns3:hr>
            <ns3:cad>80</ns3:cad>
          </ns3:TrackPointExtension>
        </extensions>
      </trkpt>
      <trkpt lat="37.761407531797885894775390625" lon="-122.40337056107819080352783203125">
        <ele>60.799999237060546875</ele>
        <time>2025-12-03T14:52:06.000Z</time>
        <extensions>
          <ns3:TrackPointExtension>
            <ns3:atemp>18.0</ns3:atemp>
            <ns3:hr>117</ns3:hr>
            <ns3:cad>79</ns3:cad>
          </ns3:TrackPointExtension>
        </extensions>
      </trkpt>
      <trkpt lat="37.76139219291508197784423828125" lon="-122.403368465602397918701171875">
        <ele>61</ele>
        <time>2025-12-03T14:52:07.000Z</time>
        <extensions>
          <ns3:TrackPointExtension>
            <ns3:atemp>18.0</ns3:atemp>
            <ns3:hr>117</ns3:hr>
            <ns3:cad>79</ns3:cad>
          </ns3:TrackPointExtension>
        </extensions>
      </trkpt>
      <trkpt lat="37.76137056760489940643310546875" lon="-122.4033636040985584259033203125">
        <ele>61.40000152587890625</ele>
        <time>2025-12-03T14:52:08.000Z</time>
        <extensions>
          <ns3:TrackPointExtension>
            <ns3:atemp>18.0</ns3:atemp>
            <ns3:hr>117</ns3:hr>
            <ns3:cad>79</ns3:cad>
          </ns3:TrackPointExtension>
        </extensions>
      </trkpt>
      <trkpt lat="37.76135615073144435882568359375" lon="-122.403363101184368133544921875">
        <ele>61.59999847412109375</ele>
        <time>2025-12-03T14:52:09.000Z</time>
        <extensions>
          <ns3:TrackPointExtension>
            <ns3:atemp>18.0</ns3:atemp>
            <ns3:hr>117</ns3:hr>
            <ns3:cad>79</ns3:cad>
          </ns3:TrackPointExtension>
        </extensions>
      </trkpt>
      <trkpt lat="37.76133938692510128021240234375" lon="-122.40336117334663867950439453125">
        <ele>62</ele>
        <time>2025-12-03T14:52:10.000Z</time>
        <extensions>
          <ns3:TrackPointExtension>
            <ns3:atemp>18.0</ns3:atemp>
            <ns3:hr>117</ns3:hr>
            <ns3:cad>79</ns3:cad>
          </ns3:TrackPointExtension>
        </extensions>
      </trkpt>
      <trkpt lat="37.7613151632249355316162109375" lon="-122.40335647948086261749267578125">
        <ele>62.200000762939453125</ele>
        <time>2025-12-03T14:52:11.000Z</time>
        <extensions>
          <ns3:TrackPointExtension>
            <ns3:atemp>18.0</ns3:atemp>
            <ns3:hr>117</ns3:hr>
            <ns3:cad>78</ns3:cad>
          </ns3:TrackPointExtension>
        </extensions>
      </trkpt>
      <trkpt lat="37.761300243437290191650390625" lon="-122.4033555574715137481689453125">
        <ele>62.59999847412109375</ele>
        <time>2025-12-03T14:52:12.000Z</time>
        <extensions>
          <ns3:TrackPointExtension>
            <ns3:atemp>18.0</ns3:atemp>
            <ns3:hr>118</ns3:hr>
            <ns3:cad>79</ns3:cad>
          </ns3:TrackPointExtension>
        </extensions>
      </trkpt>
      <trkpt lat="37.7612813003361225128173828125" lon="-122.40335606038570404052734375">
        <ele>63</ele>
        <time>2025-12-03T14:52:13.000Z</time>
        <extensions>
          <ns3:TrackPointExtension>
            <ns3:atemp>18.0</ns3:atemp>
            <ns3:hr>118</ns3:hr>
            <ns3:cad>79</ns3:cad>
          </ns3:TrackPointExtension>
        </extensions>
      </trkpt>
      <trkpt lat="37.76125825010240077972412109375" lon="-122.40335027687251567840576171875">
        <ele>63.200000762939453125</ele>
        <time>2025-12-03T14:52:14.000Z</time>
        <extensions>
          <ns3:TrackPointExtension>
            <ns3:atemp>18.0</ns3:atemp>
            <ns3:hr>118</ns3:hr>
            <ns3:cad>80</ns3:cad>
          </ns3:TrackPointExtension>
        </extensions>
      </trkpt>
      <trkpt lat="37.7612454257905483245849609375" lon="-122.40334658883512020111083984375">
        <ele>63.59999847412109375</ele>
        <time>2025-12-03T14:52:15.000Z</time>
        <extensions>
          <ns3:TrackPointExtension>
            <ns3:atemp>18.0</ns3:atemp>
            <ns3:hr>118</ns3:hr>
            <ns3:cad>80</ns3:cad>
          </ns3:TrackPointExtension>
        </extensions>
      </trkpt>
      <trkpt lat="37.76122790761291980743408203125" lon="-122.40334340371191501617431640625">
        <ele>63.799999237060546875</ele>
        <time>2025-12-03T14:52:16.000Z</time>
        <extensions>
          <ns3:TrackPointExtension>
            <ns3:atemp>18.0</ns3:atemp>
            <ns3:hr>118</ns3:hr>
            <ns3:cad>79</ns3:cad>
          </ns3:TrackPointExtension>
        </extensions>
      </trkpt>
      <trkpt lat="37.76120670139789581298828125" lon="-122.40334340371191501617431640625">
        <ele>64</ele>
        <time>2025-12-03T14:52:17.000Z</time>
        <extensions>
          <ns3:TrackPointExtension>
            <ns3:atemp>18.0</ns3:atemp>
            <ns3:hr>118</ns3:hr>
            <ns3:cad>79</ns3:cad>
          </ns3:TrackPointExtension>
        </extensions>
      </trkpt>
      <trkpt lat="37.7611887641251087188720703125" lon="-122.40334390662610530853271484375">
        <ele>64.40000152587890625</ele>
        <time>2025-12-03T14:52:18.000Z</time>
        <extensions>
          <ns3:TrackPointExtension>
            <ns3:atemp>18.0</ns3:atemp>
            <ns3:hr>119</ns3:hr>
            <ns3:cad>79</ns3:cad>
          </ns3:TrackPointExtension>
        </extensions>
      </trkpt>
      <trkpt lat="37.76117057539522647857666015625" lon="-122.40334155969321727752685546875">
        <ele>64.59999847412109375</ele>
        <time>2025-12-03T14:52:19.000Z</time>
        <extensions>
          <ns3:TrackPointExtension>
            <ns3:atemp>18.0</ns3:atemp>
            <ns3:hr>119</ns3:hr>
            <ns3:cad>79</ns3:cad>
          </ns3:TrackPointExtension>
        </extensions>
      </trkpt>
      <trkpt lat="37.761148698627948760986328125" lon="-122.403340302407741546630859375">
        <ele>65</ele>
        <time>2025-12-03T14:52:20.000Z</time>
        <extensions>
          <ns3:TrackPointExtension>
            <ns3:atemp>18.0</ns3:atemp>
            <ns3:hr>119</ns3:hr>
            <ns3:cad>79</ns3:cad>
          </ns3:TrackPointExtension>
        </extensions>
      </trkpt>
      <trkpt lat="37.76113537140190601348876953125" lon="-122.40333602763712406158447265625">
        <ele>65.1999969482421875</ele>
        <time>2025-12-03T14:52:21.000Z</time>
        <extensions>
          <ns3:TrackPointExtension>
            <ns3:atemp>18.0</ns3:atemp>
            <ns3:hr>119</ns3:hr>
            <ns3:cad>79</ns3:cad>
          </ns3:TrackPointExtension>
        </extensions>
      </trkpt>
      <trkpt lat="37.76111994870007038116455078125" lon="-122.40333468653261661529541015625">
        <ele>65.59999847412109375</ele>
        <time>2025-12-03T14:52:22.000Z</time>
        <extensions>
          <ns3:TrackPointExtension>
            <ns3:atemp>18.0</ns3:atemp>
            <ns3:hr>119</ns3:hr>
            <ns3:cad>79</ns3:cad>
          </ns3:TrackPointExtension>
        </extensions>
      </trkpt>
      <trkpt lat="37.7610972337424755096435546875" lon="-122.403335273265838623046875">
        <ele>65.8000030517578125</ele>
        <time>2025-12-03T14:52:23.000Z</time>
        <extensions>
          <ns3:TrackPointExtension>
            <ns3:atemp>18.0</ns3:atemp>
            <ns3:hr>120</ns3:hr>
            <ns3:cad>79</ns3:cad>
          </ns3:TrackPointExtension>
        </extensions>
      </trkpt>
      <trkpt lat="37.7610838226974010467529296875" lon="-122.4033339321613311767578125">
        <ele>66.1999969482421875</ele>
        <time>2025-12-03T14:52:24.000Z</time>
        <extensions>
          <ns3:TrackPointExtension>
            <ns3:atemp>18.0</ns3:atemp>
            <ns3:hr>120</ns3:hr>
            <ns3:cad>80</ns3:cad>
          </ns3:TrackPointExtension>
        </extensions>
      </trkpt>
      <trkpt lat="37.76106378994882106781005859375" lon="-122.40333326160907745361328125">
        <ele>66.59999847412109375</ele>
        <time>2025-12-03T14:52:25.000Z</time>
        <extensions>
          <ns3:TrackPointExtension>
            <ns3:atemp>18.0</ns3:atemp>
            <ns3:hr>120</ns3:hr>
            <ns3:cad>80</ns3:cad>
          </ns3:TrackPointExtension>
        </extensions>
      </trkpt>
      <trkpt lat="37.76104182936251163482666015625" lon="-122.4033257178962230682373046875">
        <ele>66.8000030517578125</ele>
        <time>2025-12-03T14:52:26.000Z</time>
        <extensions>
          <ns3:TrackPointExtension>
            <ns3:atemp>18.0</ns3:atemp>
            <ns3:hr>120</ns3:hr>
            <ns3:cad>80</ns3:cad>
          </ns3:TrackPointExtension>
        </extensions>
      </trkpt>
      <trkpt lat="37.761026322841644287109375" lon="-122.403320856392383575439453125">
        <ele>67.1999969482421875</ele>
        <time>2025-12-03T14:52:27.000Z</time>
        <extensions>
          <ns3:TrackPointExtension>
            <ns3:atemp>18.0</ns3:atemp>
            <ns3:hr>120</ns3:hr>
            <ns3:cad>81</ns3:cad>
          </ns3:TrackPointExtension>
        </extensions>
      </trkpt>
      <trkpt lat="37.7610036917030811309814453125" lon="-122.4033205211162567138671875">
        <ele>67.40000152587890625</ele>
        <time>2025-12-03T14:52:28.000Z</time>
        <extensions>
          <ns3:TrackPointExtension>
            <ns3:atemp>18.0</ns3:atemp>
            <ns3:hr>120</ns3:hr>
            <ns3:cad>81</ns3:cad>
          </ns3:TrackPointExtension>
        </extensions>
      </trkpt>
      <trkpt lat="37.76098650880157947540283203125" lon="-122.40331389941275119781494140625">
        <ele>67.8000030517578125</ele>
        <time>2025-12-03T14:52:29.000Z</time>
        <extensions>
          <ns3:TrackPointExtension>
            <ns3:atemp>18.0</ns3:atemp>
            <ns3:hr>120</ns3:hr>
            <ns3:cad>81</ns3:cad>
          </ns3:TrackPointExtension>
        </extensions>
      </trkpt>
      <trkpt lat="37.7609741874039173126220703125" lon="-122.4033032543957233428955078125">
        <ele>68</ele>
        <time>2025-12-03T14:52:30.000Z</time>
        <extensions>
          <ns3:TrackPointExtension>
            <ns3:atemp>18.0</ns3:atemp>
            <ns3:hr>120</ns3:hr>
            <ns3:cad>81</ns3:cad>
          </ns3:TrackPointExtension>
        </extensions>
      </trkpt>
      <trkpt lat="37.760965637862682342529296875" lon="-122.40327768959105014801025390625">
        <ele>68.1999969482421875</ele>
        <time>2025-12-03T14:52:31.000Z</time>
        <extensions>
          <ns3:TrackPointExtension>
            <ns3:atemp>18.0</ns3:atemp>
            <ns3:hr>120</ns3:hr>
            <ns3:cad>81</ns3:cad>
          </ns3:TrackPointExtension>
        </extensions>
      </trkpt>
      <trkpt lat="37.7609661407768726348876953125" lon="-122.40325774066150188446044921875">
        <ele>68.40000152587890625</ele>
        <time>2025-12-03T14:52:32.000Z</time>
        <extensions>
          <ns3:TrackPointExtension>
            <ns3:atemp>18.0</ns3:atemp>
            <ns3:hr>120</ns3:hr>
            <ns3:cad>81</ns3:cad>
          </ns3:TrackPointExtension>
        </extensions>
      </trkpt>
      <trkpt lat="37.76096555404365062713623046875" lon="-122.40323460660874843597412109375">
        <ele>68.59999847412109375</ele>
        <time>2025-12-03T14:52:33.000Z</time>
        <extensions>
          <ns3:TrackPointExtension>
            <ns3:atemp>18.0</ns3:atemp>
            <ns3:hr>121</ns3:hr>
            <ns3:cad>81</ns3:cad>
          </ns3:TrackPointExtension>
        </extensions>
      </trkpt>
      <trkpt lat="37.76097192429006099700927734375" lon="-122.403200827538967132568359375">
        <ele>68.8000030517578125</ele>
        <time>2025-12-03T14:52:34.000Z</time>
        <extensions>
          <ns3:TrackPointExtension>
            <ns3:atemp>18.0</ns3:atemp>
            <ns3:hr>121</ns3:hr>
            <ns3:cad>80</ns3:cad>
          </ns3:TrackPointExtension>
        </extensions>
      </trkpt>
      <trkpt lat="37.76097645051777362823486328125" lon="-122.403178028762340545654296875">
        <ele>68.59999847412109375</ele>
        <time>2025-12-03T14:52:35.000Z</time>
        <extensions>
          <ns3:TrackPointExtension>
            <ns3:atemp>18.0</ns3:atemp>
            <ns3:hr>121</ns3:hr>
            <ns3:cad>79</ns3:cad>
          </ns3:TrackPointExtension>
        </extensions>
      </trkpt>
      <trkpt lat="37.7609788812696933746337890625" lon="-122.40315497852861881256103515625">
        <ele>68.59999847412109375</ele>
        <time>2025-12-03T14:52:36.000Z</time>
        <extensions>
          <ns3:TrackPointExtension>
            <ns3:atemp>18.0</ns3:atemp>
            <ns3:hr>121</ns3:hr>
            <ns3:cad>79</ns3:cad>
          </ns3:TrackPointExtension>
        </extensions>
      </trkpt>
      <trkpt lat="37.76098541915416717529296875" lon="-122.4031195230782032012939453125">
        <ele>68.8000030517578125</ele>
        <time>2025-12-03T14:52:37.000Z</time>
        <extensions>
          <ns3:TrackPointExtension>
            <ns3:atemp>17.0</ns3:atemp>
            <ns3:hr>122</ns3:hr>
            <ns3:cad>79</ns3:cad>
          </ns3:TrackPointExtension>
        </extensions>
      </trkpt>
      <trkpt lat="37.76098516769707202911376953125" lon="-122.40309496410191059112548828125">
        <ele>68.8000030517578125</ele>
        <time>2025-12-03T14:52:38.000Z</time>
        <extensions>
          <ns3:TrackPointExtension>
            <ns3:atemp>17.0</ns3:atemp>
            <ns3:hr>122</ns3:hr>
            <ns3:cad>79</ns3:cad>
          </ns3:TrackPointExtension>
        </extensions>
      </trkpt>
      <trkpt lat="37.7609847486019134521484375" lon="-122.40307308733463287353515625">
        <ele>68.8000030517578125</ele>
        <time>2025-12-03T14:52:39.000Z</time>
        <extensions>
          <ns3:TrackPointExtension>
            <ns3:atemp>17.0</ns3:atemp>
            <ns3:hr>122</ns3:hr>
            <ns3:cad>79</ns3:cad>
          </ns3:TrackPointExtension>
        </extensions>
      </trkpt>
      <trkpt lat="37.76099304668605327606201171875" lon="-122.4030410684645175933837890625">
        <ele>68.8000030517578125</ele>
        <time>2025-12-03T14:52:40.000Z</time>
        <extensions>
          <ns3:TrackPointExtension>
            <ns3:atemp>18.0</ns3:atemp>
            <ns3:hr>122</ns3:hr>
            <ns3:cad>80</ns3:cad>
          </ns3:TrackPointExtension>
        </extensions>
      </trkpt>
      <trkpt lat="37.76099422015249729156494140625" lon="-122.4030199460685253143310546875">
        <ele>68.8000030517578125</ele>
        <time>2025-12-03T14:52:41.000Z</time>
        <extensions>
          <ns3:TrackPointExtension>
            <ns3:atemp>17.0</ns3:atemp>
            <ns3:hr>122</ns3:hr>
            <ns3:cad>80</ns3:cad>
          </ns3:TrackPointExtension>
        </extensions>
      </trkpt>
      <trkpt lat="37.76099438779056072235107421875" lon="-122.4029971472918987274169921875">
        <ele>68.59999847412109375</ele>
        <time>2025-12-03T14:52:42.000Z</time>
        <extensions>
          <ns3:TrackPointExtension>
            <ns3:atemp>17.0</ns3:atemp>
            <ns3:hr>122</ns3:hr>
            <ns3:cad>80</ns3:cad>
          </ns3:TrackPointExtension>
        </extensions>
      </trkpt>
      <trkpt lat="37.760990448296070098876953125" lon="-122.40296521224081516265869140625">
        <ele>68.59999847412109375</ele>
        <time>2025-12-03T14:52:43.000Z</time>
        <extensions>
          <ns3:TrackPointExtension>
            <ns3:atemp>17.0</ns3:atemp>
            <ns3:hr>122</ns3:hr>
            <ns3:cad>80</ns3:cad>
          </ns3:TrackPointExtension>
        </extensions>
      </trkpt>
      <trkpt lat="37.7610020153224468231201171875" lon="-122.4029398150742053985595703125">
        <ele>68.59999847412109375</ele>
        <time>2025-12-03T14:52:44.000Z</time>
        <extensions>
          <ns3:TrackPointExtension>
            <ns3:atemp>17.0</ns3:atemp>
            <ns3:hr>122</ns3:hr>
            <ns3:cad>80</ns3:cad>
          </ns3:TrackPointExtension>
        </extensions>
      </trkpt>
      <trkpt lat="37.7610003389418125152587890625" lon="-122.40292397327721118927001953125">
        <ele>68.40000152587890625</ele>
        <time>2025-12-03T14:52:45.000Z</time>
        <extensions>
          <ns3:TrackPointExtension>
            <ns3:atemp>17.0</ns3:atemp>
            <ns3:hr>123</ns3:hr>
            <ns3:cad>79</ns3:cad>
          </ns3:TrackPointExtension>
        </extensions>
      </trkpt>
      <trkpt lat="37.7609966509044170379638671875" lon="-122.40290083922445774078369140625">
        <ele>68.40000152587890625</ele>
        <time>2025-12-03T14:52:46.000Z</time>
        <extensions>
          <ns3:TrackPointExtension>
            <ns3:atemp>17.0</ns3:atemp>
            <ns3:hr>122</ns3:hr>
            <ns3:cad>79</ns3:cad>
          </ns3:TrackPointExtension>
        </extensions>
      </trkpt>
      <trkpt lat="37.76099924929440021514892578125" lon="-122.40287267602980136871337890625">
        <ele>68.1999969482421875</ele>
        <time>2025-12-03T14:52:47.000Z</time>
        <extensions>
          <ns3:TrackPointExtension>
            <ns3:atemp>17.0</ns3:atemp>
            <ns3:hr>122</ns3:hr>
            <ns3:cad>79</ns3:cad>
          </ns3:TrackPointExtension>
        </extensions>
      </trkpt>
      <trkpt lat="37.7609986625611782073974609375" lon="-122.40284702740609645843505859375">
        <ele>68.1999969482421875</ele>
        <time>2025-12-03T14:52:48.000Z</time>
        <extensions>
          <ns3:TrackPointExtension>
            <ns3:atemp>17.0</ns3:atemp>
            <ns3:hr>122</ns3:hr>
            <ns3:cad>78</ns3:cad>
          </ns3:TrackPointExtension>
        </extensions>
      </trkpt>
      <trkpt lat="37.76099556125700473785400390625" lon="-122.40282774902880191802978515625">
        <ele>68</ele>
        <time>2025-12-03T14:52:49.000Z</time>
        <extensions>
          <ns3:TrackPointExtension>
            <ns3:atemp>17.0</ns3:atemp>
            <ns3:hr>121</ns3:hr>
            <ns3:cad>78</ns3:cad>
          </ns3:TrackPointExtension>
        </extensions>
      </trkpt>
      <trkpt lat="37.760995812714099884033203125" lon="-122.40280427969992160797119140625">
        <ele>67.8000030517578125</ele>
        <time>2025-12-03T14:52:50.000Z</time>
        <extensions>
          <ns3:TrackPointExtension>
            <ns3:atemp>17.0</ns3:atemp>
            <ns3:hr>121</ns3:hr>
            <ns3:cad>77</ns3:cad>
          </ns3:TrackPointExtension>
        </extensions>
      </trkpt>
      <trkpt lat="37.761004865169525146484375" lon="-122.40277678705751895904541015625">
        <ele>67.8000030517578125</ele>
        <time>2025-12-03T14:52:51.000Z</time>
        <extensions>
          <ns3:TrackPointExtension>
            <ns3:atemp>17.0</ns3:atemp>
            <ns3:hr>121</ns3:hr>
            <ns3:cad>76</ns3:cad>
          </ns3:TrackPointExtension>
        </extensions>
      </trkpt>
      <trkpt lat="37.76100796647369861602783203125" lon="-122.40275901742279529571533203125">
        <ele>67.59999847412109375</ele>
        <time>2025-12-03T14:52:52.000Z</time>
        <extensions>
          <ns3:TrackPointExtension>
            <ns3:atemp>17.0</ns3:atemp>
            <ns3:hr>121</ns3:hr>
            <ns3:cad>76</ns3:cad>
          </ns3:TrackPointExtension>
        </extensions>
      </trkpt>
      <trkpt lat="37.7610093913972377777099609375" lon="-122.4027416668832302093505859375">
        <ele>67.59999847412109375</ele>
        <time>2025-12-03T14:52:53.000Z</time>
        <extensions>
          <ns3:TrackPointExtension>
            <ns3:atemp>17.0</ns3:atemp>
            <ns3:hr>121</ns3:hr>
            <ns3:cad>76</ns3:cad>
          </ns3:TrackPointExtension>
        </extensions>
      </trkpt>
      <trkpt lat="37.76101148687303066253662109375" lon="-122.40272213704884052276611328125">
        <ele>67.40000152587890625</ele>
        <time>2025-12-03T14:52:54.000Z</time>
        <extensions>
          <ns3:TrackPointExtension>
            <ns3:atemp>17.0</ns3:atemp>
            <ns3:hr>121</ns3:hr>
            <ns3:cad>76</ns3:cad>
          </ns3:TrackPointExtension>
        </extensions>
      </trkpt>
      <trkpt lat="37.761015594005584716796875" lon="-122.4027037806808948516845703125">
        <ele>67.1999969482421875</ele>
        <time>2025-12-03T14:52:55.000Z</time>
        <extensions>
          <ns3:TrackPointExtension>
            <ns3:atemp>17.0</ns3:atemp>
            <ns3:hr>121</ns3:hr>
            <ns3:cad>75</ns3:cad>
          </ns3:TrackPointExtension>
        </extensions>
      </trkpt>
      <trkpt lat="37.7610238082706928253173828125" lon="-122.40268039517104625701904296875">
        <ele>67</ele>
        <time>2025-12-03T14:52:56.000Z</time>
        <extensions>
          <ns3:TrackPointExtension>
            <ns3:atemp>17.0</ns3:atemp>
            <ns3:hr>121</ns3:hr>
            <ns3:cad>74</ns3:cad>
          </ns3:TrackPointExtension>
        </extensions>
      </trkpt>
      <trkpt lat="37.76102070696651935577392578125" lon="-122.40266195498406887054443359375">
        <ele>66.8000030517578125</ele>
        <time>2025-12-03T14:52:57.000Z</time>
        <extensions>
          <ns3:TrackPointExtension>
            <ns3:atemp>17.0</ns3:atemp>
            <ns3:hr>121</ns3:hr>
            <ns3:cad>74</ns3:cad>
          </ns3:TrackPointExtension>
        </extensions>
      </trkpt>
      <trkpt lat="37.7610174380242824554443359375" lon="-122.40264418534934520721435546875">
        <ele>66.59999847412109375</ele>
        <time>2025-12-03T14:52:58.000Z</time>
        <extensions>
          <ns3:TrackPointExtension>
            <ns3:atemp>17.0</ns3:atemp>
            <ns3:hr>121</ns3:hr>
            <ns3:cad>73</ns3:cad>
          </ns3:TrackPointExtension>
        </extensions>
      </trkpt>
      <trkpt lat="37.76101534254848957061767578125" lon="-122.40262239240109920501708984375">
        <ele>66.1999969482421875</ele>
        <time>2025-12-03T14:52:59.000Z</time>
        <extensions>
          <ns3:TrackPointExtension>
            <ns3:atemp>17.0</ns3:atemp>
            <ns3:hr>120</ns3:hr>
            <ns3:cad>73</ns3:cad>
          </ns3:TrackPointExtension>
        </extensions>
      </trkpt>
      <trkpt lat="37.76102372445166110992431640625" lon="-122.40259640850126743316650390625">
        <ele>65.8000030517578125</ele>
        <time>2025-12-03T14:53:00.000Z</time>
        <extensions>
          <ns3:TrackPointExtension>
            <ns3:atemp>17.0</ns3:atemp>
            <ns3:hr>120</ns3:hr>
            <ns3:cad>73</ns3:cad>
          </ns3:TrackPointExtension>
        </extensions>
      </trkpt>
      <trkpt lat="37.76102942414581775665283203125" lon="-122.402577884495258331298828125">
        <ele>65.59999847412109375</ele>
        <time>2025-12-03T14:53:01.000Z</time>
        <extensions>
          <ns3:TrackPointExtension>
            <ns3:atemp>17.0</ns3:atemp>
            <ns3:hr>120</ns3:hr>
            <ns3:cad>72</ns3:cad>
          </ns3:TrackPointExtension>
        </extensions>
      </trkpt>
      <trkpt lat="37.76102657429873943328857421875" lon="-122.4025606177747249603271484375">
        <ele>65.1999969482421875</ele>
        <time>2025-12-03T14:53:02.000Z</time>
        <extensions>
          <ns3:TrackPointExtension>
            <ns3:atemp>17.0</ns3:atemp>
            <ns3:hr>120</ns3:hr>
            <ns3:cad>72</ns3:cad>
          </ns3:TrackPointExtension>
        </extensions>
      </trkpt>
      <trkpt lat="37.7610251493752002716064453125" lon="-122.40254611708223819732666015625">
        <ele>64.8000030517578125</ele>
        <time>2025-12-03T14:53:03.000Z</time>
        <extensions>
          <ns3:TrackPointExtension>
            <ns3:atemp>17.0</ns3:atemp>
            <ns3:hr>120</ns3:hr>
            <ns3:cad>72</ns3:cad>
          </ns3:TrackPointExtension>
        </extensions>
      </trkpt>
      <trkpt lat="37.76102699339389801025390625" lon="-122.40252457559108734130859375">
        <ele>64.59999847412109375</ele>
        <time>2025-12-03T14:53:04.000Z</time>
        <extensions>
          <ns3:TrackPointExtension>
            <ns3:atemp>17.0</ns3:atemp>
            <ns3:hr>120</ns3:hr>
            <ns3:cad>72</ns3:cad>
          </ns3:TrackPointExtension>
        </extensions>
      </trkpt>
      <trkpt lat="37.76103294454514980316162109375" lon="-122.40250085480511188507080078125">
        <ele>64.1999969482421875</ele>
        <time>2025-12-03T14:53:05.000Z</time>
        <extensions>
          <ns3:TrackPointExtension>
            <ns3:atemp>17.0</ns3:atemp>
            <ns3:hr>120</ns3:hr>
            <ns3:cad>72</ns3:cad>
          </ns3:TrackPointExtension>
        </extensions>
      </trkpt>
      <trkpt lat="37.76103646494448184967041015625" lon="-122.4024808220565319061279296875">
        <ele>64</ele>
        <time>2025-12-03T14:53:06.000Z</time>
        <extensions>
          <ns3:TrackPointExtension>
            <ns3:atemp>17.0</ns3:atemp>
            <ns3:hr>119</ns3:hr>
            <ns3:cad>73</ns3:cad>
          </ns3:TrackPointExtension>
        </extensions>
      </trkpt>
      <trkpt lat="37.76103830896317958831787109375" lon="-122.4024627171456813812255859375">
        <ele>63.59999847412109375</ele>
        <time>2025-12-03T14:53:07.000Z</time>
        <extensions>
          <ns3:TrackPointExtension>
            <ns3:atemp>17.0</ns3:atemp>
            <ns3:hr>119</ns3:hr>
            <ns3:cad>74</ns3:cad>
          </ns3:TrackPointExtension>
        </extensions>
      </trkpt>
      <trkpt lat="37.7610385604202747344970703125" lon="-122.402444444596767425537109375">
        <ele>63.200000762939453125</ele>
        <time>2025-12-03T14:53:08.000Z</time>
        <extensions>
          <ns3:TrackPointExtension>
            <ns3:atemp>17.0</ns3:atemp>
            <ns3:hr>119</ns3:hr>
            <ns3:cad>74</ns3:cad>
          </ns3:TrackPointExtension>
        </extensions>
      </trkpt>
      <trkpt lat="37.76104149408638477325439453125" lon="-122.40241862833499908447265625">
        <ele>63</ele>
        <time>2025-12-03T14:53:09.000Z</time>
        <extensions>
          <ns3:TrackPointExtension>
            <ns3:atemp>17.0</ns3:atemp>
            <ns3:hr>119</ns3:hr>
            <ns3:cad>73</ns3:cad>
          </ns3:TrackPointExtension>
        </extensions>
      </trkpt>
      <trkpt lat="37.7610338665544986724853515625" lon="-122.402398847043514251708984375">
        <ele>62.59999847412109375</ele>
        <time>2025-12-03T14:53:10.000Z</time>
        <extensions>
          <ns3:TrackPointExtension>
            <ns3:atemp>17.0</ns3:atemp>
            <ns3:hr>119</ns3:hr>
            <ns3:cad>73</ns3:cad>
          </ns3:TrackPointExtension>
        </extensions>
      </trkpt>
      <trkpt lat="37.76102674193680286407470703125" lon="-122.4023728631436824798583984375">
        <ele>62.200000762939453125</ele>
        <time>2025-12-03T14:53:11.000Z</time>
        <extensions>
          <ns3:TrackPointExtension>
            <ns3:atemp>17.0</ns3:atemp>
            <ns3:hr>119</ns3:hr>
            <ns3:cad>73</ns3:cad>
          </ns3:TrackPointExtension>
        </extensions>
      </trkpt>
      <trkpt lat="37.7610177733004093170166015625" lon="-122.40233573131263256072998046875">
        <ele>61.799999237060546875</ele>
        <time>2025-12-03T14:53:12.000Z</time>
        <extensions>
          <ns3:TrackPointExtension>
            <ns3:atemp>17.0</ns3:atemp>
            <ns3:hr>118</ns3:hr>
            <ns3:cad>74</ns3:cad>
          </ns3:TrackPointExtension>
        </extensions>
      </trkpt>
      <trkpt lat="37.7610150910913944244384765625" lon="-122.40231209434568881988525390625">
        <ele>61.40000152587890625</ele>
        <time>2025-12-03T14:53:13.000Z</time>
        <extensions>
          <ns3:TrackPointExtension>
            <ns3:atemp>17.0</ns3:atemp>
            <ns3:hr>118</ns3:hr>
            <ns3:cad>74</ns3:cad>
          </ns3:TrackPointExtension>
        </extensions>
      </trkpt>
      <trkpt lat="37.76100964285433292388916015625" lon="-122.40228326059877872467041015625">
        <ele>61.200000762939453125</ele>
        <time>2025-12-03T14:53:14.000Z</time>
        <extensions>
          <ns3:TrackPointExtension>
            <ns3:atemp>17.0</ns3:atemp>
            <ns3:hr>118</ns3:hr>
            <ns3:cad>76</ns3:cad>
          </ns3:TrackPointExtension>
        </extensions>
      </trkpt>
      <trkpt lat="37.76100796647369861602783203125" lon="-122.402246631681919097900390625">
        <ele>61</ele>
        <time>2025-12-03T14:53:15.000Z</time>
        <extensions>
          <ns3:TrackPointExtension>
            <ns3:atemp>17.0</ns3:atemp>
            <ns3:hr>118</ns3:hr>
            <ns3:cad>78</ns3:cad>
          </ns3:TrackPointExtension>
        </extensions>
      </trkpt>
      <trkpt lat="37.76100478135049343109130859375" lon="-122.40222039632499217987060546875">
        <ele>61.200000762939453125</ele>
        <time>2025-12-03T14:53:16.000Z</time>
        <extensions>
          <ns3:TrackPointExtension>
            <ns3:atemp>17.0</ns3:atemp>
            <ns3:hr>118</ns3:hr>
            <ns3:cad>79</ns3:cad>
          </ns3:TrackPointExtension>
        </extensions>
      </trkpt>
      <trkpt lat="37.7610020153224468231201171875" lon="-122.40219340659677982330322265625">
        <ele>61.200000762939453125</ele>
        <time>2025-12-03T14:53:17.000Z</time>
        <extensions>
          <ns3:TrackPointExtension>
            <ns3:atemp>17.0</ns3:atemp>
            <ns3:hr>117</ns3:hr>
            <ns3:cad>80</ns3:cad>
          </ns3:TrackPointExtension>
        </extensions>
      </trkpt>
      <trkpt lat="37.760999500751495361328125" lon="-122.402157448232173919677734375">
        <ele>61.200000762939453125</ele>
        <time>2025-12-03T14:53:18.000Z</time>
        <extensions>
          <ns3:TrackPointExtension>
            <ns3:atemp>17.0</ns3:atemp>
            <ns3:hr>117</ns3:hr>
            <ns3:cad>80</ns3:cad>
          </ns3:TrackPointExtension>
        </extensions>
      </trkpt>
      <trkpt lat="37.760991789400577545166015625" lon="-122.402136661112308502197265625">
        <ele>61.40000152587890625</ele>
        <time>2025-12-03T14:53:19.000Z</time>
        <extensions>
          <ns3:TrackPointExtension>
            <ns3:atemp>17.0</ns3:atemp>
            <ns3:hr>117</ns3:hr>
            <ns3:cad>80</ns3:cad>
          </ns3:TrackPointExtension>
        </extensions>
      </trkpt>
      <trkpt lat="37.76098114438354969024658203125" lon="-122.40211679600179195404052734375">
        <ele>61.40000152587890625</ele>
        <time>2025-12-03T14:53:20.000Z</time>
        <extensions>
          <ns3:TrackPointExtension>
            <ns3:atemp>17.0</ns3:atemp>
            <ns3:hr>117</ns3:hr>
            <ns3:cad>80</ns3:cad>
          </ns3:TrackPointExtension>
        </extensions>
      </trkpt>
      <trkpt lat="37.76097242720425128936767578125" lon="-122.4020976014435291290283203125">
        <ele>61.40000152587890625</ele>
        <time>2025-12-03T14:53:21.000Z</time>
        <extensions>
          <ns3:TrackPointExtension>
            <ns3:atemp>17.0</ns3:atemp>
            <ns3:hr>117</ns3:hr>
            <ns3:cad>80</ns3:cad>
          </ns3:TrackPointExtension>
        </extensions>
      </trkpt>
      <trkpt lat="37.76096907444298267364501953125" lon="-122.40207907743752002716064453125">
        <ele>61.40000152587890625</ele>
        <time>2025-12-03T14:53:22.000Z</time>
        <extensions>
          <ns3:TrackPointExtension>
            <ns3:atemp>17.0</ns3:atemp>
            <ns3:hr>117</ns3:hr>
            <ns3:cad>81</ns3:cad>
          </ns3:TrackPointExtension>
        </extensions>
      </trkpt>
      <trkpt lat="37.760970331728458404541015625" lon="-122.4020691029727458953857421875">
        <ele>61.200000762939453125</ele>
        <time>2025-12-03T14:53:23.000Z</time>
        <extensions>
          <ns3:TrackPointExtension>
            <ns3:atemp>17.0</ns3:atemp>
            <ns3:hr>116</ns3:hr>
            <ns3:cad>81</ns3:cad>
          </ns3:TrackPointExtension>
        </extensions>
      </trkpt>
      <trkpt lat="37.76097469031810760498046875" lon="-122.40205829031765460968017578125">
        <ele>61.200000762939453125</ele>
        <time>2025-12-03T14:53:24.000Z</time>
        <extensions>
          <ns3:TrackPointExtension>
            <ns3:atemp>17.0</ns3:atemp>
            <ns3:hr>116</ns3:hr>
            <ns3:cad>78</ns3:cad>
          </ns3:TrackPointExtension>
        </extensions>
      </trkpt>
      <trkpt lat="37.76097334921360015869140625" lon="-122.40205024369060993194580078125">
        <ele>61</ele>
        <time>2025-12-03T14:53:25.000Z</time>
        <extensions>
          <ns3:TrackPointExtension>
            <ns3:atemp>17.0</ns3:atemp>
            <ns3:hr>116</ns3:hr>
            <ns3:cad>78</ns3:cad>
          </ns3:TrackPointExtension>
        </extensions>
      </trkpt>
      <trkpt lat="37.76097276248037815093994140625" lon="-122.40203641355037689208984375">
        <ele>60.799999237060546875</ele>
        <time>2025-12-03T14:53:26.000Z</time>
        <extensions>
          <ns3:TrackPointExtension>
            <ns3:atemp>17.0</ns3:atemp>
            <ns3:hr>116</ns3:hr>
            <ns3:cad>71</ns3:cad>
          </ns3:TrackPointExtension>
        </extensions>
      </trkpt>
      <trkpt lat="37.7609688229858875274658203125" lon="-122.4020290374755859375">
        <ele>60.40000152587890625</ele>
        <time>2025-12-03T14:53:27.000Z</time>
        <extensions>
          <ns3:TrackPointExtension>
            <ns3:atemp>17.0</ns3:atemp>
            <ns3:hr>116</ns3:hr>
            <ns3:cad>71</ns3:cad>
          </ns3:TrackPointExtension>
        </extensions>
      </trkpt>
      <trkpt lat="37.76097142137587070465087890625" lon="-122.40201805718243122100830078125">
        <ele>60</ele>
        <time>2025-12-03T14:53:28.000Z</time>
        <extensions>
          <ns3:TrackPointExtension>
            <ns3:atemp>17.0</ns3:atemp>
            <ns3:hr>116</ns3:hr>
            <ns3:cad>71</ns3:cad>
          </ns3:TrackPointExtension>
        </extensions>
      </trkpt>
      <trkpt lat="37.76097812689840793609619140625" lon="-122.40200095809996128082275390625">
        <ele>59.59999847412109375</ele>
        <time>2025-12-03T14:53:29.000Z</time>
        <extensions>
          <ns3:TrackPointExtension>
            <ns3:atemp>17.0</ns3:atemp>
            <ns3:hr>115</ns3:hr>
            <ns3:cad>71</ns3:cad>
          </ns3:TrackPointExtension>
        </extensions>
      </trkpt>
      <trkpt lat="37.76097930036485195159912109375" lon="-122.401990480720996856689453125">
        <ele>59.200000762939453125</ele>
        <time>2025-12-03T14:53:30.000Z</time>
        <extensions>
          <ns3:TrackPointExtension>
            <ns3:atemp>17.0</ns3:atemp>
            <ns3:hr>115</ns3:hr>
            <ns3:cad>71</ns3:cad>
          </ns3:TrackPointExtension>
        </extensions>
      </trkpt>
      <trkpt lat="37.76097871363162994384765625" lon="-122.40197396837174892425537109375">
        <ele>58.799999237060546875</ele>
        <time>2025-12-03T14:53:31.000Z</time>
        <extensions>
          <ns3:TrackPointExtension>
            <ns3:atemp>17.0</ns3:atemp>
            <ns3:hr>115</ns3:hr>
            <ns3:cad>71</ns3:cad>
          </ns3:TrackPointExtension>
        </extensions>
      </trkpt>
      <trkpt lat="37.76097871363162994384765625" lon="-122.40196399390697479248046875">
        <ele>58.40000152587890625</ele>
        <time>2025-12-03T14:53:32.000Z</time>
        <extensions>
          <ns3:TrackPointExtension>
            <ns3:atemp>17.0</ns3:atemp>
            <ns3:hr>115</ns3:hr>
            <ns3:cad>71</ns3:cad>
          </ns3:TrackPointExtension>
        </extensions>
      </trkpt>
      <trkpt lat="37.76098013855516910552978515625" lon="-122.40195368416607379913330078125">
        <ele>58</ele>
        <time>2025-12-03T14:53:33.000Z</time>
        <extensions>
          <ns3:TrackPointExtension>
            <ns3:atemp>17.0</ns3:atemp>
            <ns3:hr>115</ns3:hr>
            <ns3:cad>66</ns3:cad>
          </ns3:TrackPointExtension>
        </extensions>
      </trkpt>
      <trkpt lat="37.76097871363162994384765625" lon="-122.40194530226290225982666015625">
        <ele>57.799999237060546875</ele>
        <time>2025-12-03T14:53:34.000Z</time>
        <extensions>
          <ns3:TrackPointExtension>
            <ns3:atemp>17.0</ns3:atemp>
            <ns3:hr>115</ns3:hr>
            <ns3:cad>66</ns3:cad>
          </ns3:TrackPointExtension>
        </extensions>
      </trkpt>
      <trkpt lat="37.76097930036485195159912109375" lon="-122.40193314850330352783203125">
        <ele>57.40000152587890625</ele>
        <time>2025-12-03T14:53:35.000Z</time>
        <extensions>
          <ns3:TrackPointExtension>
            <ns3:atemp>17.0</ns3:atemp>
            <ns3:hr>114</ns3:hr>
            <ns3:cad>66</ns3:cad>
          </ns3:TrackPointExtension>
        </extensions>
      </trkpt>
      <trkpt lat="37.76098868809640407562255859375" lon="-122.401916049420833587646484375">
        <ele>57.200000762939453125</ele>
        <time>2025-12-03T14:53:36.000Z</time>
        <extensions>
          <ns3:TrackPointExtension>
            <ns3:atemp>17.0</ns3:atemp>
            <ns3:hr>114</ns3:hr>
            <ns3:cad>66</ns3:cad>
          </ns3:TrackPointExtension>
        </extensions>
      </trkpt>
      <trkpt lat="37.76099220849573612213134765625" lon="-122.4019068293273448944091796875">
        <ele>56.799999237060546875</ele>
        <time>2025-12-03T14:53:37.000Z</time>
        <extensions>
          <ns3:TrackPointExtension>
            <ns3:atemp>17.0</ns3:atemp>
            <ns3:hr>114</ns3:hr>
            <ns3:cad>0</ns3:cad>
          </ns3:TrackPointExtension>
        </extensions>
      </trkpt>
      <trkpt lat="37.76099623180925846099853515625" lon="-122.40189400501549243927001953125">
        <ele>56.59999847412109375</ele>
        <time>2025-12-03T14:53:38.000Z</time>
        <extensions>
          <ns3:TrackPointExtension>
            <ns3:atemp>17.0</ns3:atemp>
            <ns3:hr>114</ns3:hr>
            <ns3:cad>0</ns3:cad>
          </ns3:TrackPointExtension>
        </extensions>
      </trkpt>
      <trkpt lat="37.76100025512278079986572265625" lon="-122.40188461728394031524658203125">
        <ele>56.200000762939453125</ele>
        <time>2025-12-03T14:53:39.000Z</time>
        <extensions>
          <ns3:TrackPointExtension>
            <ns3:atemp>17.0</ns3:atemp>
            <ns3:hr>113</ns3:hr>
            <ns3:cad>0</ns3:cad>
          </ns3:TrackPointExtension>
        </extensions>
      </trkpt>
      <trkpt lat="37.7610040269792079925537109375" lon="-122.40187489427626132965087890625">
        <ele>55.799999237060546875</ele>
        <time>2025-12-03T14:53:40.000Z</time>
        <extensions>
          <ns3:TrackPointExtension>
            <ns3:atemp>17.0</ns3:atemp>
            <ns3:hr>113</ns3:hr>
            <ns3:cad>0</ns3:cad>
          </ns3:TrackPointExtension>
        </extensions>
      </trkpt>
      <trkpt lat="37.7610075473785400390625" lon="-122.40186634473502635955810546875">
        <ele>55.59999847412109375</ele>
        <time>2025-12-03T14:53:41.000Z</time>
        <extensions>
          <ns3:TrackPointExtension>
            <ns3:atemp>17.0</ns3:atemp>
            <ns3:hr>112</ns3:hr>
            <ns3:cad>0</ns3:cad>
          </ns3:TrackPointExtension>
        </extensions>
      </trkpt>
      <trkpt lat="37.76101031340658664703369140625" lon="-122.4018572084605693817138671875">
        <ele>55.200000762939453125</ele>
        <time>2025-12-03T14:53:42.000Z</time>
        <extensions>
          <ns3:TrackPointExtension>
            <ns3:atemp>17.0</ns3:atemp>
            <ns3:hr>112</ns3:hr>
            <ns3:cad>0</ns3:cad>
          </ns3:TrackPointExtension>
        </extensions>
      </trkpt>
      <trkpt lat="37.7610167674720287322998046875" lon="-122.40184337832033634185791015625">
        <ele>55</ele>
        <time>2025-12-03T14:53:43.000Z</time>
        <extensions>
          <ns3:TrackPointExtension>
            <ns3:atemp>17.0</ns3:atemp>
            <ns3:hr>112</ns3:hr>
            <ns3:cad>0</ns3:cad>
          </ns3:TrackPointExtension>
        </extensions>
      </trkpt>
      <trkpt lat="37.76102171279489994049072265625" lon="-122.4018310569226741790771484375">
        <ele>54.59999847412109375</ele>
        <time>2025-12-03T14:53:44.000Z</time>
        <extensions>
          <ns3:TrackPointExtension>
            <ns3:atemp>17.0</ns3:atemp>
            <ns3:hr>111</ns3:hr>
            <ns3:cad>76</ns3:cad>
          </ns3:TrackPointExtension>
        </extensions>
      </trkpt>
      <trkpt lat="37.7610217966139316558837890625" lon="-122.40182192064821720123291015625">
        <ele>54.40000152587890625</ele>
        <time>2025-12-03T14:53:45.000Z</time>
        <extensions>
          <ns3:TrackPointExtension>
            <ns3:atemp>17.0</ns3:atemp>
            <ns3:hr>111</ns3:hr>
            <ns3:cad>76</ns3:cad>
          </ns3:TrackPointExtension>
        </extensions>
      </trkpt>
      <trkpt lat="37.761023305356502532958984375" lon="-122.40180716849863529205322265625">
        <ele>54</ele>
        <time>2025-12-03T14:53:46.000Z</time>
        <extensions>
          <ns3:TrackPointExtension>
            <ns3:atemp>17.0</ns3:atemp>
            <ns3:hr>111</ns3:hr>
            <ns3:cad>76</ns3:cad>
          </ns3:TrackPointExtension>
        </extensions>
      </trkpt>
      <trkpt lat="37.76102389208972454071044921875" lon="-122.401795350015163421630859375">
        <ele>53.59999847412109375</ele>
        <time>2025-12-03T14:53:47.000Z</time>
        <extensions>
          <ns3:TrackPointExtension>
            <ns3:atemp>17.0</ns3:atemp>
            <ns3:hr>111</ns3:hr>
            <ns3:cad>76</ns3:cad>
          </ns3:TrackPointExtension>
        </extensions>
      </trkpt>
      <trkpt lat="37.76102297008037567138671875" lon="-122.401787303388118743896484375">
        <ele>53.40000152587890625</ele>
        <time>2025-12-03T14:53:48.000Z</time>
        <extensions>
          <ns3:TrackPointExtension>
            <ns3:atemp>17.0</ns3:atemp>
            <ns3:hr>111</ns3:hr>
            <ns3:cad>76</ns3:cad>
          </ns3:TrackPointExtension>
        </extensions>
      </trkpt>
      <trkpt lat="37.76102439500391483306884765625" lon="-122.401774227619171142578125">
        <ele>52.799999237060546875</ele>
        <time>2025-12-03T14:53:49.000Z</time>
        <extensions>
          <ns3:TrackPointExtension>
            <ns3:atemp>17.0</ns3:atemp>
            <ns3:hr>110</ns3:hr>
            <ns3:cad>76</ns3:cad>
          </ns3:TrackPointExtension>
        </extensions>
      </trkpt>
      <trkpt lat="37.76102657429873943328857421875" lon="-122.40176123566925525665283203125">
        <ele>52.40000152587890625</ele>
        <time>2025-12-03T14:53:50.000Z</time>
        <extensions>
          <ns3:TrackPointExtension>
            <ns3:atemp>17.0</ns3:atemp>
            <ns3:hr>110</ns3:hr>
            <ns3:cad>76</ns3:cad>
          </ns3:TrackPointExtension>
        </extensions>
      </trkpt>
      <trkpt lat="37.76102540083229541778564453125" lon="-122.401750423014163970947265625">
        <ele>52.200000762939453125</ele>
        <time>2025-12-03T14:53:51.000Z</time>
        <extensions>
          <ns3:TrackPointExtension>
            <ns3:atemp>17.0</ns3:atemp>
            <ns3:hr>110</ns3:hr>
            <ns3:cad>76</ns3:cad>
          </ns3:TrackPointExtension>
        </extensions>
      </trkpt>
      <trkpt lat="37.7610291726887226104736328125" lon="-122.4017375148832798004150390625">
        <ele>51.799999237060546875</ele>
        <time>2025-12-03T14:53:52.000Z</time>
        <extensions>
          <ns3:TrackPointExtension>
            <ns3:atemp>17.0</ns3:atemp>
            <ns3:hr>110</ns3:hr>
            <ns3:cad>76</ns3:cad>
          </ns3:TrackPointExtension>
        </extensions>
      </trkpt>
      <trkpt lat="37.76103747077286243438720703125" lon="-122.40172200836241245269775390625">
        <ele>51.40000152587890625</ele>
        <time>2025-12-03T14:53:53.000Z</time>
        <extensions>
          <ns3:TrackPointExtension>
            <ns3:atemp>17.0</ns3:atemp>
            <ns3:hr>110</ns3:hr>
            <ns3:cad>80</ns3:cad>
          </ns3:TrackPointExtension>
        </extensions>
      </trkpt>
      <trkpt lat="37.761040069162845611572265625" lon="-122.40171295590698719024658203125">
        <ele>51.200000762939453125</ele>
        <time>2025-12-03T14:53:54.000Z</time>
        <extensions>
          <ns3:TrackPointExtension>
            <ns3:atemp>17.0</ns3:atemp>
            <ns3:hr>110</ns3:hr>
            <ns3:cad>80</ns3:cad>
          </ns3:TrackPointExtension>
        </extensions>
      </trkpt>
      <trkpt lat="37.761042080819606781005859375" lon="-122.40171295590698719024658203125">
        <ele>50.799999237060546875</ele>
        <time>2025-12-03T14:53:55.000Z</time>
        <extensions>
          <ns3:TrackPointExtension>
            <ns3:atemp>17.0</ns3:atemp>
            <ns3:hr>110</ns3:hr>
            <ns3:cad>76</ns3:cad>
          </ns3:TrackPointExtension>
        </extensions>
      </trkpt>
      <trkpt lat="37.761040069162845611572265625" lon="-122.40170574747025966644287109375">
        <ele>50.59999847412109375</ele>
        <time>2025-12-03T14:53:56.000Z</time>
        <extensions>
          <ns3:TrackPointExtension>
            <ns3:atemp>17.0</ns3:atemp>
            <ns3:hr>110</ns3:hr>
            <ns3:cad>76</ns3:cad>
          </ns3:TrackPointExtension>
        </extensions>
      </trkpt>
      <trkpt lat="37.761034704744815826416015625" lon="-122.40168915130198001861572265625">
        <ele>50.200000762939453125</ele>
        <time>2025-12-03T14:53:57.000Z</time>
        <extensions>
          <ns3:TrackPointExtension>
            <ns3:atemp>17.0</ns3:atemp>
            <ns3:hr>109</ns3:hr>
            <ns3:cad>76</ns3:cad>
          </ns3:TrackPointExtension>
        </extensions>
      </trkpt>
      <trkpt lat="37.76102959178388118743896484375" lon="-122.4016791768372058868408203125">
        <ele>50</ele>
        <time>2025-12-03T14:53:58.000Z</time>
        <extensions>
          <ns3:TrackPointExtension>
            <ns3:atemp>17.0</ns3:atemp>
            <ns3:hr>109</ns3:hr>
            <ns3:cad>76</ns3:cad>
          </ns3:TrackPointExtension>
        </extensions>
      </trkpt>
      <trkpt lat="37.76102506555616855621337890625" lon="-122.40166819654405117034912109375">
        <ele>49.59999847412109375</ele>
        <time>2025-12-03T14:53:59.000Z</time>
        <extensions>
          <ns3:TrackPointExtension>
            <ns3:atemp>17.0</ns3:atemp>
            <ns3:hr>109</ns3:hr>
            <ns3:cad>75</ns3:cad>
          </ns3:TrackPointExtension>
        </extensions>
      </trkpt>
      <trkpt lat="37.76102690957486629486083984375" lon="-122.401659227907657623291015625">
        <ele>49.40000152587890625</ele>
        <time>2025-12-03T14:54:00.000Z</time>
        <extensions>
          <ns3:TrackPointExtension>
            <ns3:atemp>17.0</ns3:atemp>
            <ns3:hr>109</ns3:hr>
            <ns3:cad>75</ns3:cad>
          </ns3:TrackPointExtension>
        </extensions>
      </trkpt>
      <trkpt lat="37.76102640666067600250244140625" lon="-122.4016543664038181304931640625">
        <ele>49</ele>
        <time>2025-12-03T14:54:01.000Z</time>
        <extensions>
          <ns3:TrackPointExtension>
            <ns3:atemp>17.0</ns3:atemp>
            <ns3:hr>109</ns3:hr>
            <ns3:cad>75</ns3:cad>
          </ns3:TrackPointExtension>
        </extensions>
      </trkpt>
      <trkpt lat="37.76102674193680286407470703125" lon="-122.401647157967090606689453125">
        <ele>48.799999237060546875</ele>
        <time>2025-12-03T14:54:02.000Z</time>
        <extensions>
          <ns3:TrackPointExtension>
            <ns3:atemp>17.0</ns3:atemp>
            <ns3:hr>108</ns3:hr>
            <ns3:cad>0</ns3:cad>
          </ns3:TrackPointExtension>
        </extensions>
      </trkpt>
      <trkpt lat="37.76102741248905658721923828125" lon="-122.40163500420749187469482421875">
        <ele>48.40000152587890625</ele>
        <time>2025-12-03T14:54:03.000Z</time>
        <extensions>
          <ns3:TrackPointExtension>
            <ns3:atemp>17.0</ns3:atemp>
            <ns3:hr>107</ns3:hr>
            <ns3:cad>0</ns3:cad>
          </ns3:TrackPointExtension>
        </extensions>
      </trkpt>
      <trkpt lat="37.76103026233613491058349609375" lon="-122.401620335876941680908203125">
        <ele>48.200000762939453125</ele>
        <time>2025-12-03T14:54:04.000Z</time>
        <extensions>
          <ns3:TrackPointExtension>
            <ns3:atemp>17.0</ns3:atemp>
            <ns3:hr>107</ns3:hr>
            <ns3:cad>0</ns3:cad>
          </ns3:TrackPointExtension>
        </extensions>
      </trkpt>
      <trkpt lat="37.76103445328772068023681640625" lon="-122.40160298533737659454345703125">
        <ele>47.799999237060546875</ele>
        <time>2025-12-03T14:54:05.000Z</time>
        <extensions>
          <ns3:TrackPointExtension>
            <ns3:atemp>17.0</ns3:atemp>
            <ns3:hr>106</ns3:hr>
            <ns3:cad>0</ns3:cad>
          </ns3:TrackPointExtension>
        </extensions>
      </trkpt>
      <trkpt lat="37.76103562675416469573974609375" lon="-122.40159275941550731658935546875">
        <ele>47.59999847412109375</ele>
        <time>2025-12-03T14:54:06.000Z</time>
        <extensions>
          <ns3:TrackPointExtension>
            <ns3:atemp>17.0</ns3:atemp>
            <ns3:hr>106</ns3:hr>
            <ns3:cad>73</ns3:cad>
          </ns3:TrackPointExtension>
        </extensions>
      </trkpt>
      <trkpt lat="37.76103277690708637237548828125" lon="-122.4015797674655914306640625">
        <ele>47.200000762939453125</ele>
        <time>2025-12-03T14:54:07.000Z</time>
        <extensions>
          <ns3:TrackPointExtension>
            <ns3:atemp>17.0</ns3:atemp>
            <ns3:hr>105</ns3:hr>
            <ns3:cad>73</ns3:cad>
          </ns3:TrackPointExtension>
        </extensions>
      </trkpt>
      <trkpt lat="37.761031351983547210693359375" lon="-122.40156727842986583709716796875">
        <ele>47</ele>
        <time>2025-12-03T14:54:08.000Z</time>
        <extensions>
          <ns3:TrackPointExtension>
            <ns3:atemp>17.0</ns3:atemp>
            <ns3:hr>104</ns3:hr>
            <ns3:cad>73</ns3:cad>
          </ns3:TrackPointExtension>
        </extensions>
      </trkpt>
      <trkpt lat="37.76103042997419834136962890625" lon="-122.401557974517345428466796875">
        <ele>46.799999237060546875</ele>
        <time>2025-12-03T14:54:09.000Z</time>
        <extensions>
          <ns3:TrackPointExtension>
            <ns3:atemp>17.0</ns3:atemp>
            <ns3:hr>103</ns3:hr>
            <ns3:cad>70</ns3:cad>
          </ns3:TrackPointExtension>
        </extensions>
      </trkpt>
      <trkpt lat="37.76102892123162746429443359375" lon="-122.40154883824288845062255859375">
        <ele>46.59999847412109375</ele>
        <time>2025-12-03T14:54:10.000Z</time>
        <extensions>
          <ns3:TrackPointExtension>
            <ns3:atemp>17.0</ns3:atemp>
            <ns3:hr>103</ns3:hr>
            <ns3:cad>70</ns3:cad>
          </ns3:TrackPointExtension>
        </extensions>
      </trkpt>
      <trkpt lat="37.7610271610319614410400390625" lon="-122.4015341699123382568359375">
        <ele>46.200000762939453125</ele>
        <time>2025-12-03T14:54:11.000Z</time>
        <extensions>
          <ns3:TrackPointExtension>
            <ns3:atemp>17.0</ns3:atemp>
            <ns3:hr>103</ns3:hr>
            <ns3:cad>83</ns3:cad>
          </ns3:TrackPointExtension>
        </extensions>
      </trkpt>
      <trkpt lat="37.76102506555616855621337890625" lon="-122.401521764695644378662109375">
        <ele>45.799999237060546875</ele>
        <time>2025-12-03T14:54:12.000Z</time>
        <extensions>
          <ns3:TrackPointExtension>
            <ns3:atemp>17.0</ns3:atemp>
            <ns3:hr>103</ns3:hr>
            <ns3:cad>83</ns3:cad>
          </ns3:TrackPointExtension>
        </extensions>
      </trkpt>
      <trkpt lat="37.761023305356502532958984375" lon="-122.4015122093260288238525390625">
        <ele>45.40000152587890625</ele>
        <time>2025-12-03T14:54:13.000Z</time>
        <extensions>
          <ns3:TrackPointExtension>
            <ns3:atemp>17.0</ns3:atemp>
            <ns3:hr>102</ns3:hr>
            <ns3:cad>83</ns3:cad>
          </ns3:TrackPointExtension>
        </extensions>
      </trkpt>
      <trkpt lat="37.76102288626134395599365234375" lon="-122.4014994688332080841064453125">
        <ele>45</ele>
        <time>2025-12-03T14:54:14.000Z</time>
        <extensions>
          <ns3:TrackPointExtension>
            <ns3:atemp>17.0</ns3:atemp>
            <ns3:hr>102</ns3:hr>
            <ns3:cad>83</ns3:cad>
          </ns3:TrackPointExtension>
        </extensions>
      </trkpt>
      <trkpt lat="37.76102322153747081756591796875" lon="-122.40148949436843395233154296875">
        <ele>44.59999847412109375</ele>
        <time>2025-12-03T14:54:15.000Z</time>
        <extensions>
          <ns3:TrackPointExtension>
            <ns3:atemp>17.0</ns3:atemp>
            <ns3:hr>103</ns3:hr>
            <ns3:cad>83</ns3:cad>
          </ns3:TrackPointExtension>
        </extensions>
      </trkpt>
      <trkpt lat="37.7610244788229465484619140625" lon="-122.4014739878475666046142578125">
        <ele>44.40000152587890625</ele>
        <time>2025-12-03T14:54:16.000Z</time>
        <extensions>
          <ns3:TrackPointExtension>
            <ns3:atemp>17.0</ns3:atemp>
            <ns3:hr>103</ns3:hr>
            <ns3:cad>68</ns3:cad>
          </ns3:TrackPointExtension>
        </extensions>
      </trkpt>
      <trkpt lat="37.76102674193680286407470703125" lon="-122.40145571529865264892578125">
        <ele>44</ele>
        <time>2025-12-03T14:54:17.000Z</time>
        <extensions>
          <ns3:TrackPointExtension>
            <ns3:atemp>17.0</ns3:atemp>
            <ns3:hr>103</ns3:hr>
            <ns3:cad>68</ns3:cad>
          </ns3:TrackPointExtension>
        </extensions>
      </trkpt>
      <trkpt lat="37.76102791540324687957763671875" lon="-122.401425875723361968994140625">
        <ele>43.799999237060546875</ele>
        <time>2025-12-03T14:54:18.000Z</time>
        <extensions>
          <ns3:TrackPointExtension>
            <ns3:atemp>17.0</ns3:atemp>
            <ns3:hr>103</ns3:hr>
            <ns3:cad>68</ns3:cad>
          </ns3:TrackPointExtension>
        </extensions>
      </trkpt>
      <trkpt lat="37.76102355681359767913818359375" lon="-122.40140416659414768218994140625">
        <ele>43.40000152587890625</ele>
        <time>2025-12-03T14:54:19.000Z</time>
        <extensions>
          <ns3:TrackPointExtension>
            <ns3:atemp>17.0</ns3:atemp>
            <ns3:hr>103</ns3:hr>
            <ns3:cad>68</ns3:cad>
          </ns3:TrackPointExtension>
        </extensions>
      </trkpt>
      <trkpt lat="37.761015594005584716796875" lon="-122.4013878218829631805419921875">
        <ele>43.200000762939453125</ele>
        <time>2025-12-03T14:54:20.000Z</time>
        <extensions>
          <ns3:TrackPointExtension>
            <ns3:atemp>17.0</ns3:atemp>
            <ns3:hr>103</ns3:hr>
            <ns3:cad>68</ns3:cad>
          </ns3:TrackPointExtension>
        </extensions>
      </trkpt>
      <trkpt lat="37.7610083855688571929931640625" lon="-122.401360832154750823974609375">
        <ele>42.799999237060546875</ele>
        <time>2025-12-03T14:54:21.000Z</time>
        <extensions>
          <ns3:TrackPointExtension>
            <ns3:atemp>17.0</ns3:atemp>
            <ns3:hr>103</ns3:hr>
            <ns3:cad>68</ns3:cad>
          </ns3:TrackPointExtension>
        </extensions>
      </trkpt>
      <trkpt lat="37.76101735420525074005126953125" lon="-122.4013365246355533599853515625">
        <ele>42.59999847412109375</ele>
        <time>2025-12-03T14:54:22.000Z</time>
        <extensions>
          <ns3:TrackPointExtension>
            <ns3:atemp>17.0</ns3:atemp>
            <ns3:hr>104</ns3:hr>
            <ns3:cad>68</ns3:cad>
          </ns3:TrackPointExtension>
        </extensions>
      </trkpt>
      <trkpt lat="37.76101551018655300140380859375" lon="-122.4013117142021656036376953125">
        <ele>42.59999847412109375</ele>
        <time>2025-12-03T14:54:23.000Z</time>
        <extensions>
          <ns3:TrackPointExtension>
            <ns3:atemp>17.0</ns3:atemp>
            <ns3:hr>104</ns3:hr>
            <ns3:cad>75</ns3:cad>
          </ns3:TrackPointExtension>
        </extensions>
      </trkpt>
      <trkpt lat="37.76102154515683650970458984375" lon="-122.40127273835241794586181640625">
        <ele>42.40000152587890625</ele>
        <time>2025-12-03T14:54:24.000Z</time>
        <extensions>
          <ns3:TrackPointExtension>
            <ns3:atemp>17.0</ns3:atemp>
            <ns3:hr>104</ns3:hr>
            <ns3:cad>75</ns3:cad>
          </ns3:TrackPointExtension>
        </extensions>
      </trkpt>
      <trkpt lat="37.7610197849571704864501953125" lon="-122.40125144831836223602294921875">
        <ele>42.200000762939453125</ele>
        <time>2025-12-03T14:54:25.000Z</time>
        <extensions>
          <ns3:TrackPointExtension>
            <ns3:atemp>17.0</ns3:atemp>
            <ns3:hr>104</ns3:hr>
            <ns3:cad>75</ns3:cad>
          </ns3:TrackPointExtension>
        </extensions>
      </trkpt>
      <trkpt lat="37.7610174380242824554443359375" lon="-122.40122345276176929473876953125">
        <ele>42.200000762939453125</ele>
        <time>2025-12-03T14:54:26.000Z</time>
        <extensions>
          <ns3:TrackPointExtension>
            <ns3:atemp>17.0</ns3:atemp>
            <ns3:hr>104</ns3:hr>
            <ns3:cad>78</ns3:cad>
          </ns3:TrackPointExtension>
        </extensions>
      </trkpt>
      <trkpt lat="37.7610191144049167633056640625" lon="-122.40118640474975109100341796875">
        <ele>42.200000762939453125</ele>
        <time>2025-12-03T14:54:27.000Z</time>
        <extensions>
          <ns3:TrackPointExtension>
            <ns3:atemp>17.0</ns3:atemp>
            <ns3:hr>104</ns3:hr>
            <ns3:cad>78</ns3:cad>
          </ns3:TrackPointExtension>
        </extensions>
      </trkpt>
      <trkpt lat="37.76102020405232906341552734375" lon="-122.4011615104973316192626953125">
        <ele>42</ele>
        <time>2025-12-03T14:54:28.000Z</time>
        <extensions>
          <ns3:TrackPointExtension>
            <ns3:atemp>17.0</ns3:atemp>
            <ns3:hr>104</ns3:hr>
            <ns3:cad>78</ns3:cad>
          </ns3:TrackPointExtension>
        </extensions>
      </trkpt>
      <trkpt lat="37.76101618073880672454833984375" lon="-122.4011397175490856170654296875">
        <ele>42</ele>
        <time>2025-12-03T14:54:29.000Z</time>
        <extensions>
          <ns3:TrackPointExtension>
            <ns3:atemp>17.0</ns3:atemp>
            <ns3:hr>103</ns3:hr>
            <ns3:cad>78</ns3:cad>
          </ns3:TrackPointExtension>
        </extensions>
      </trkpt>
      <trkpt lat="37.76101450435817241668701171875" lon="-122.401114404201507568359375">
        <ele>42</ele>
        <time>2025-12-03T14:54:30.000Z</time>
        <extensions>
          <ns3:TrackPointExtension>
            <ns3:atemp>17.0</ns3:atemp>
            <ns3:hr>104</ns3:hr>
            <ns3:cad>77</ns3:cad>
          </ns3:TrackPointExtension>
        </extensions>
      </trkpt>
      <trkpt lat="37.76101886294782161712646484375" lon="-122.4010917730629444122314453125">
        <ele>41.799999237060546875</ele>
        <time>2025-12-03T14:54:31.000Z</time>
        <extensions>
          <ns3:TrackPointExtension>
            <ns3:atemp>17.0</ns3:atemp>
            <ns3:hr>104</ns3:hr>
            <ns3:cad>77</ns3:cad>
          </ns3:TrackPointExtension>
        </extensions>
      </trkpt>
      <trkpt lat="37.76103160344064235687255859375" lon="-122.40106754936277866363525390625">
        <ele>41.59999847412109375</ele>
        <time>2025-12-03T14:54:32.000Z</time>
        <extensions>
          <ns3:TrackPointExtension>
            <ns3:atemp>17.0</ns3:atemp>
            <ns3:hr>104</ns3:hr>
            <ns3:cad>77</ns3:cad>
          </ns3:TrackPointExtension>
        </extensions>
      </trkpt>
      <trkpt lat="37.76103235781192779541015625" lon="-122.4010508693754673004150390625">
        <ele>41.40000152587890625</ele>
        <time>2025-12-03T14:54:33.000Z</time>
        <extensions>
          <ns3:TrackPointExtension>
            <ns3:atemp>17.0</ns3:atemp>
            <ns3:hr>104</ns3:hr>
            <ns3:cad>75</ns3:cad>
          </ns3:TrackPointExtension>
        </extensions>
      </trkpt>
      <trkpt lat="37.76103110052645206451416015625" lon="-122.4010341055691242218017578125">
        <ele>41.200000762939453125</ele>
        <time>2025-12-03T14:54:34.000Z</time>
        <extensions>
          <ns3:TrackPointExtension>
            <ns3:atemp>17.0</ns3:atemp>
            <ns3:hr>104</ns3:hr>
            <ns3:cad>73</ns3:cad>
          </ns3:TrackPointExtension>
        </extensions>
      </trkpt>
      <trkpt lat="37.7610311843454837799072265625" lon="-122.4010126478970050811767578125">
        <ele>40.799999237060546875</ele>
        <time>2025-12-03T14:54:35.000Z</time>
        <extensions>
          <ns3:TrackPointExtension>
            <ns3:atemp>16.0</ns3:atemp>
            <ns3:hr>104</ns3:hr>
            <ns3:cad>73</ns3:cad>
          </ns3:TrackPointExtension>
        </extensions>
      </trkpt>
      <trkpt lat="37.76103713549673557281494140625" lon="-122.400983981788158416748046875">
        <ele>40.40000152587890625</ele>
        <time>2025-12-03T14:54:36.000Z</time>
        <extensions>
          <ns3:TrackPointExtension>
            <ns3:atemp>17.0</ns3:atemp>
            <ns3:hr>104</ns3:hr>
            <ns3:cad>73</ns3:cad>
          </ns3:TrackPointExtension>
        </extensions>
      </trkpt>
      <trkpt lat="37.76103948242962360382080078125" lon="-122.40096026100218296051025390625">
        <ele>40</ele>
        <time>2025-12-03T14:54:37.000Z</time>
        <extensions>
          <ns3:TrackPointExtension>
            <ns3:atemp>16.0</ns3:atemp>
            <ns3:hr>104</ns3:hr>
            <ns3:cad>74</ns3:cad>
          </ns3:TrackPointExtension>
        </extensions>
      </trkpt>
      <trkpt lat="37.7610368840396404266357421875" lon="-122.40094064734876155853271484375">
        <ele>39.799999237060546875</ele>
        <time>2025-12-03T14:54:38.000Z</time>
        <extensions>
          <ns3:TrackPointExtension>
            <ns3:atemp>16.0</ns3:atemp>
            <ns3:hr>104</ns3:hr>
            <ns3:cad>74</ns3:cad>
          </ns3:TrackPointExtension>
        </extensions>
      </trkpt>
      <trkpt lat="37.76103730313479900360107421875" lon="-122.40091734565794467926025390625">
        <ele>39.40000152587890625</ele>
        <time>2025-12-03T14:54:39.000Z</time>
        <extensions>
          <ns3:TrackPointExtension>
            <ns3:atemp>16.0</ns3:atemp>
            <ns3:hr>104</ns3:hr>
            <ns3:cad>72</ns3:cad>
          </ns3:TrackPointExtension>
        </extensions>
      </trkpt>
      <trkpt lat="37.7610395662486553192138671875" lon="-122.40089387632906436920166015625">
        <ele>39</ele>
        <time>2025-12-03T14:54:40.000Z</time>
        <extensions>
          <ns3:TrackPointExtension>
            <ns3:atemp>16.0</ns3:atemp>
            <ns3:hr>104</ns3:hr>
            <ns3:cad>72</ns3:cad>
          </ns3:TrackPointExtension>
        </extensions>
      </trkpt>
      <trkpt lat="37.76104518212378025054931640625" lon="-122.400866635143756866455078125">
        <ele>38.59999847412109375</ele>
        <time>2025-12-03T14:54:41.000Z</time>
        <extensions>
          <ns3:TrackPointExtension>
            <ns3:atemp>16.0</ns3:atemp>
            <ns3:hr>104</ns3:hr>
            <ns3:cad>72</ns3:cad>
          </ns3:TrackPointExtension>
        </extensions>
      </trkpt>
      <trkpt lat="37.7610452659428119659423828125" lon="-122.4008476920425891876220703125">
        <ele>38.200000762939453125</ele>
        <time>2025-12-03T14:54:42.000Z</time>
        <extensions>
          <ns3:TrackPointExtension>
            <ns3:atemp>16.0</ns3:atemp>
            <ns3:hr>104</ns3:hr>
            <ns3:cad>73</ns3:cad>
          </ns3:TrackPointExtension>
        </extensions>
      </trkpt>
      <trkpt lat="37.76104317046701908111572265625" lon="-122.40083151496946811676025390625">
        <ele>38</ele>
        <time>2025-12-03T14:54:43.000Z</time>
        <extensions>
          <ns3:TrackPointExtension>
            <ns3:atemp>16.0</ns3:atemp>
            <ns3:hr>104</ns3:hr>
            <ns3:cad>73</ns3:cad>
          </ns3:TrackPointExtension>
        </extensions>
      </trkpt>
      <trkpt lat="37.76104216463863849639892578125" lon="-122.400814332067966461181640625">
        <ele>37.59999847412109375</ele>
        <time>2025-12-03T14:54:44.000Z</time>
        <extensions>
          <ns3:TrackPointExtension>
            <ns3:atemp>16.0</ns3:atemp>
            <ns3:hr>105</ns3:hr>
            <ns3:cad>73</ns3:cad>
          </ns3:TrackPointExtension>
        </extensions>
      </trkpt>
      <trkpt lat="37.7610432542860507965087890625" lon="-122.4007858335971832275390625">
        <ele>37.200000762939453125</ele>
        <time>2025-12-03T14:54:45.000Z</time>
        <extensions>
          <ns3:TrackPointExtension>
            <ns3:atemp>16.0</ns3:atemp>
            <ns3:hr>104</ns3:hr>
            <ns3:cad>73</ns3:cad>
          </ns3:TrackPointExtension>
        </extensions>
      </trkpt>
      <trkpt lat="37.7610449306666851043701171875" lon="-122.4007638730108737945556640625">
        <ele>36.799999237060546875</ele>
        <time>2025-12-03T14:54:46.000Z</time>
        <extensions>
          <ns3:TrackPointExtension>
            <ns3:atemp>16.0</ns3:atemp>
            <ns3:hr>104</ns3:hr>
            <ns3:cad>72</ns3:cad>
          </ns3:TrackPointExtension>
        </extensions>
      </trkpt>
      <trkpt lat="37.7610445953905582427978515625" lon="-122.40074601955711841583251953125">
        <ele>36.40000152587890625</ele>
        <time>2025-12-03T14:54:47.000Z</time>
        <extensions>
          <ns3:TrackPointExtension>
            <ns3:atemp>16.0</ns3:atemp>
            <ns3:hr>104</ns3:hr>
            <ns3:cad>72</ns3:cad>
          </ns3:TrackPointExtension>
        </extensions>
      </trkpt>
      <trkpt lat="37.76104518212378025054931640625" lon="-122.40072724409401416778564453125">
        <ele>36</ele>
        <time>2025-12-03T14:54:48.000Z</time>
        <extensions>
          <ns3:TrackPointExtension>
            <ns3:atemp>16.0</ns3:atemp>
            <ns3:hr>105</ns3:hr>
            <ns3:cad>72</ns3:cad>
          </ns3:TrackPointExtension>
        </extensions>
      </trkpt>
      <trkpt lat="37.76104333810508251190185546875" lon="-122.40070846863090991973876953125">
        <ele>35.59999847412109375</ele>
        <time>2025-12-03T14:54:49.000Z</time>
        <extensions>
          <ns3:TrackPointExtension>
            <ns3:atemp>16.0</ns3:atemp>
            <ns3:hr>104</ns3:hr>
            <ns3:cad>72</ns3:cad>
          </ns3:TrackPointExtension>
        </extensions>
      </trkpt>
      <trkpt lat="37.76104887016117572784423828125" lon="-122.40068516694009304046630859375">
        <ele>35.200000762939453125</ele>
        <time>2025-12-03T14:54:50.000Z</time>
        <extensions>
          <ns3:TrackPointExtension>
            <ns3:atemp>16.0</ns3:atemp>
            <ns3:hr>104</ns3:hr>
            <ns3:cad>72</ns3:cad>
          </ns3:TrackPointExtension>
        </extensions>
      </trkpt>
      <trkpt lat="37.76105406694114208221435546875" lon="-122.40066169761121273040771484375">
        <ele>34.799999237060546875</ele>
        <time>2025-12-03T14:54:51.000Z</time>
        <extensions>
          <ns3:TrackPointExtension>
            <ns3:atemp>16.0</ns3:atemp>
            <ns3:hr>104</ns3:hr>
            <ns3:cad>72</ns3:cad>
          </ns3:TrackPointExtension>
        </extensions>
      </trkpt>
      <trkpt lat="37.7610516361892223358154296875" lon="-122.400645352900028228759765625">
        <ele>34.59999847412109375</ele>
        <time>2025-12-03T14:54:52.000Z</time>
        <extensions>
          <ns3:TrackPointExtension>
            <ns3:atemp>16.0</ns3:atemp>
            <ns3:hr>103</ns3:hr>
            <ns3:cad>72</ns3:cad>
          </ns3:TrackPointExtension>
        </extensions>
      </trkpt>
      <trkpt lat="37.76105138473212718963623046875" lon="-122.40062532015144824981689453125">
        <ele>34.200000762939453125</ele>
        <time>2025-12-03T14:54:53.000Z</time>
        <extensions>
          <ns3:TrackPointExtension>
            <ns3:atemp>16.0</ns3:atemp>
            <ns3:hr>103</ns3:hr>
            <ns3:cad>72</ns3:cad>
          </ns3:TrackPointExtension>
        </extensions>
      </trkpt>
      <trkpt lat="37.76105155237019062042236328125" lon="-122.40060168318450450897216796875">
        <ele>33.799999237060546875</ele>
        <time>2025-12-03T14:54:54.000Z</time>
        <extensions>
          <ns3:TrackPointExtension>
            <ns3:atemp>16.0</ns3:atemp>
            <ns3:hr>103</ns3:hr>
            <ns3:cad>72</ns3:cad>
          </ns3:TrackPointExtension>
        </extensions>
      </trkpt>
      <trkpt lat="37.761062197387218475341796875" lon="-122.40057452581822872161865234375">
        <ele>33.40000152587890625</ele>
        <time>2025-12-03T14:54:55.000Z</time>
        <extensions>
          <ns3:TrackPointExtension>
            <ns3:atemp>16.0</ns3:atemp>
            <ns3:hr>103</ns3:hr>
            <ns3:cad>72</ns3:cad>
          </ns3:TrackPointExtension>
        </extensions>
      </trkpt>
      <trkpt lat="37.76105943135917186737060546875" lon="-122.40055306814610958099365234375">
        <ele>33</ele>
        <time>2025-12-03T14:54:56.000Z</time>
        <extensions>
          <ns3:TrackPointExtension>
            <ns3:atemp>16.0</ns3:atemp>
            <ns3:hr>103</ns3:hr>
            <ns3:cad>73</ns3:cad>
          </ns3:TrackPointExtension>
        </extensions>
      </trkpt>
      <trkpt lat="37.7610580064356327056884765625" lon="-122.40053026936948299407958984375">
        <ele>32.59999847412109375</ele>
        <time>2025-12-03T14:54:57.000Z</time>
        <extensions>
          <ns3:TrackPointExtension>
            <ns3:atemp>16.0</ns3:atemp>
            <ns3:hr>103</ns3:hr>
            <ns3:cad>73</ns3:cad>
          </ns3:TrackPointExtension>
        </extensions>
      </trkpt>
      <trkpt lat="37.76105783879756927490234375" lon="-122.400507219135761260986328125">
        <ele>32.200000762939453125</ele>
        <time>2025-12-03T14:54:58.000Z</time>
        <extensions>
          <ns3:TrackPointExtension>
            <ns3:atemp>16.0</ns3:atemp>
            <ns3:hr>102</ns3:hr>
            <ns3:cad>73</ns3:cad>
          </ns3:TrackPointExtension>
        </extensions>
      </trkpt>
      <trkpt lat="37.761061191558837890625" lon="-122.40047327242791652679443359375">
        <ele>31.799999237060546875</ele>
        <time>2025-12-03T14:54:59.000Z</time>
        <extensions>
          <ns3:TrackPointExtension>
            <ns3:atemp>16.0</ns3:atemp>
            <ns3:hr>102</ns3:hr>
            <ns3:cad>72</ns3:cad>
          </ns3:TrackPointExtension>
        </extensions>
      </trkpt>
      <trkpt lat="37.761061191558837890625" lon="-122.40044879727065563201904296875">
        <ele>31.200000762939453125</ele>
        <time>2025-12-03T14:55:00.000Z</time>
        <extensions>
          <ns3:TrackPointExtension>
            <ns3:atemp>16.0</ns3:atemp>
            <ns3:hr>102</ns3:hr>
            <ns3:cad>72</ns3:cad>
          </ns3:TrackPointExtension>
        </extensions>
      </trkpt>
      <trkpt lat="37.761060185730457305908203125" lon="-122.40041694603860378265380859375">
        <ele>30.799999237060546875</ele>
        <time>2025-12-03T14:55:01.000Z</time>
        <extensions>
          <ns3:TrackPointExtension>
            <ns3:atemp>16.0</ns3:atemp>
            <ns3:hr>102</ns3:hr>
            <ns3:cad>74</ns3:cad>
          </ns3:TrackPointExtension>
        </extensions>
      </trkpt>
      <trkpt lat="37.761061191558837890625" lon="-122.40037201903760433197021484375">
        <ele>30.3999996185302734375</ele>
        <time>2025-12-03T14:55:02.000Z</time>
        <extensions>
          <ns3:TrackPointExtension>
            <ns3:atemp>16.0</ns3:atemp>
            <ns3:hr>102</ns3:hr>
            <ns3:cad>74</ns3:cad>
          </ns3:TrackPointExtension>
        </extensions>
      </trkpt>
      <trkpt lat="37.7610598504543304443359375" lon="-122.40034301765263080596923828125">
        <ele>30</ele>
        <time>2025-12-03T14:55:03.000Z</time>
        <extensions>
          <ns3:TrackPointExtension>
            <ns3:atemp>16.0</ns3:atemp>
            <ns3:hr>102</ns3:hr>
            <ns3:cad>74</ns3:cad>
          </ns3:TrackPointExtension>
        </extensions>
      </trkpt>
      <trkpt lat="37.7610576711595058441162109375" lon="-122.4003092385828495025634765625">
        <ele>29.799999237060546875</ele>
        <time>2025-12-03T14:55:04.000Z</time>
        <extensions>
          <ns3:TrackPointExtension>
            <ns3:atemp>16.0</ns3:atemp>
            <ns3:hr>101</ns3:hr>
            <ns3:cad>77</ns3:cad>
          </ns3:TrackPointExtension>
        </extensions>
      </trkpt>
      <trkpt lat="37.761064209043979644775390625" lon="-122.40027286112308502197265625">
        <ele>29.6000003814697265625</ele>
        <time>2025-12-03T14:55:05.000Z</time>
        <extensions>
          <ns3:TrackPointExtension>
            <ns3:atemp>16.0</ns3:atemp>
            <ns3:hr>101</ns3:hr>
            <ns3:cad>77</ns3:cad>
          </ns3:TrackPointExtension>
        </extensions>
      </trkpt>
      <trkpt lat="37.76106747798621654510498046875" lon="-122.40024612285196781158447265625">
        <ele>29.6000003814697265625</ele>
        <time>2025-12-03T14:55:06.000Z</time>
        <extensions>
          <ns3:TrackPointExtension>
            <ns3:atemp>16.0</ns3:atemp>
            <ns3:hr>101</ns3:hr>
            <ns3:cad>78</ns3:cad>
          </ns3:TrackPointExtension>
        </extensions>
      </trkpt>
      <trkpt lat="37.76106814853847026824951171875" lon="-122.400217540562152862548828125">
        <ele>29.6000003814697265625</ele>
        <time>2025-12-03T14:55:07.000Z</time>
        <extensions>
          <ns3:TrackPointExtension>
            <ns3:atemp>16.0</ns3:atemp>
            <ns3:hr>101</ns3:hr>
            <ns3:cad>80</ns3:cad>
          </ns3:TrackPointExtension>
        </extensions>
      </trkpt>
      <trkpt lat="37.76106965728104114532470703125" lon="-122.400180995464324951171875">
        <ele>29.6000003814697265625</ele>
        <time>2025-12-03T14:55:08.000Z</time>
        <extensions>
          <ns3:TrackPointExtension>
            <ns3:atemp>16.0</ns3:atemp>
            <ns3:hr>101</ns3:hr>
            <ns3:cad>80</ns3:cad>
          </ns3:TrackPointExtension>
        </extensions>
      </trkpt>
      <trkpt lat="37.76107502169907093048095703125" lon="-122.40015375427901744842529296875">
        <ele>29.6000003814697265625</ele>
        <time>2025-12-03T14:55:09.000Z</time>
        <extensions>
          <ns3:TrackPointExtension>
            <ns3:atemp>16.0</ns3:atemp>
            <ns3:hr>102</ns3:hr>
            <ns3:cad>80</ns3:cad>
          </ns3:TrackPointExtension>
        </extensions>
      </trkpt>
      <trkpt lat="37.7610759437084197998046875" lon="-122.40012793801724910736083984375">
        <ele>29.6000003814697265625</ele>
        <time>2025-12-03T14:55:10.000Z</time>
        <extensions>
          <ns3:TrackPointExtension>
            <ns3:atemp>16.0</ns3:atemp>
            <ns3:hr>101</ns3:hr>
            <ns3:cad>80</ns3:cad>
          </ns3:TrackPointExtension>
        </extensions>
      </trkpt>
      <trkpt lat="37.76107921265065670013427734375" lon="-122.40009122528135776519775390625">
        <ele>29.6000003814697265625</ele>
        <time>2025-12-03T14:55:11.000Z</time>
        <extensions>
          <ns3:TrackPointExtension>
            <ns3:atemp>16.0</ns3:atemp>
            <ns3:hr>102</ns3:hr>
            <ns3:cad>80</ns3:cad>
          </ns3:TrackPointExtension>
        </extensions>
      </trkpt>
      <trkpt lat="37.7610875107347965240478515625" lon="-122.40006507374346256256103515625">
        <ele>29.6000003814697265625</ele>
        <time>2025-12-03T14:55:12.000Z</time>
        <extensions>
          <ns3:TrackPointExtension>
            <ns3:atemp>16.0</ns3:atemp>
            <ns3:hr>103</ns3:hr>
            <ns3:cad>79</ns3:cad>
          </ns3:TrackPointExtension>
        </extensions>
      </trkpt>
      <trkpt lat="37.7610854990780353546142578125" lon="-122.40003439597785472869873046875">
        <ele>29.6000003814697265625</ele>
        <time>2025-12-03T14:55:13.000Z</time>
        <extensions>
          <ns3:TrackPointExtension>
            <ns3:atemp>16.0</ns3:atemp>
            <ns3:hr>104</ns3:hr>
            <ns3:cad>79</ns3:cad>
          </ns3:TrackPointExtension>
        </extensions>
      </trkpt>
      <trkpt lat="37.76108709163963794708251953125" lon="-122.39999466575682163238525390625">
        <ele>29.6000003814697265625</ele>
        <time>2025-12-03T14:55:14.000Z</time>
        <extensions>
          <ns3:TrackPointExtension>
            <ns3:atemp>16.0</ns3:atemp>
            <ns3:hr>105</ns3:hr>
            <ns3:cad>79</ns3:cad>
          </ns3:TrackPointExtension>
        </extensions>
      </trkpt>
      <trkpt lat="37.7610938809812068939208984375" lon="-122.39996901713311672210693359375">
        <ele>29.6000003814697265625</ele>
        <time>2025-12-03T14:55:15.000Z</time>
        <extensions>
          <ns3:TrackPointExtension>
            <ns3:atemp>16.0</ns3:atemp>
            <ns3:hr>105</ns3:hr>
            <ns3:cad>80</ns3:cad>
          </ns3:TrackPointExtension>
        </extensions>
      </trkpt>
      <trkpt lat="37.76109497062861919403076171875" lon="-122.399934232234954833984375">
        <ele>29.3999996185302734375</ele>
        <time>2025-12-03T14:55:16.000Z</time>
        <extensions>
          <ns3:TrackPointExtension>
            <ns3:atemp>16.0</ns3:atemp>
            <ns3:hr>106</ns3:hr>
            <ns3:cad>80</ns3:cad>
          </ns3:TrackPointExtension>
        </extensions>
      </trkpt>
      <trkpt lat="37.7610955573618412017822265625" lon="-122.3998955078423023223876953125">
        <ele>29.3999996185302734375</ele>
        <time>2025-12-03T14:55:17.000Z</time>
        <extensions>
          <ns3:TrackPointExtension>
            <ns3:atemp>16.0</ns3:atemp>
            <ns3:hr>106</ns3:hr>
            <ns3:cad>80</ns3:cad>
          </ns3:TrackPointExtension>
        </extensions>
      </trkpt>
      <trkpt lat="37.7611022628843784332275390625" lon="-122.39986809901893138885498046875">
        <ele>29.3999996185302734375</ele>
        <time>2025-12-03T14:55:18.000Z</time>
        <extensions>
          <ns3:TrackPointExtension>
            <ns3:atemp>16.0</ns3:atemp>
            <ns3:hr>106</ns3:hr>
            <ns3:cad>80</ns3:cad>
          </ns3:TrackPointExtension>
        </extensions>
      </trkpt>
      <trkpt lat="37.7611039392650127410888671875" lon="-122.399832643568515777587890625">
        <ele>29.200000762939453125</ele>
        <time>2025-12-03T14:55:19.000Z</time>
        <extensions>
          <ns3:TrackPointExtension>
            <ns3:atemp>16.0</ns3:atemp>
            <ns3:hr>106</ns3:hr>
            <ns3:cad>80</ns3:cad>
          </ns3:TrackPointExtension>
        </extensions>
      </trkpt>
      <trkpt lat="37.76110611855983734130859375" lon="-122.399789728224277496337890625">
        <ele>29.200000762939453125</ele>
        <time>2025-12-03T14:55:20.000Z</time>
        <extensions>
          <ns3:TrackPointExtension>
            <ns3:atemp>16.0</ns3:atemp>
            <ns3:hr>106</ns3:hr>
            <ns3:cad>80</ns3:cad>
          </ns3:TrackPointExtension>
        </extensions>
      </trkpt>
      <trkpt lat="37.76110921986401081085205078125" lon="-122.39975779317319393157958984375">
        <ele>29.200000762939453125</ele>
        <time>2025-12-03T14:55:21.000Z</time>
        <extensions>
          <ns3:TrackPointExtension>
            <ns3:atemp>16.0</ns3:atemp>
            <ns3:hr>106</ns3:hr>
            <ns3:cad>79</ns3:cad>
          </ns3:TrackPointExtension>
        </extensions>
      </trkpt>
      <trkpt lat="37.76111424900591373443603515625" lon="-122.3997282050549983978271484375">
        <ele>29.200000762939453125</ele>
        <time>2025-12-03T14:55:22.000Z</time>
        <extensions>
          <ns3:TrackPointExtension>
            <ns3:atemp>16.0</ns3:atemp>
            <ns3:hr>106</ns3:hr>
            <ns3:cad>79</ns3:cad>
          </ns3:TrackPointExtension>
        </extensions>
      </trkpt>
      <trkpt lat="37.76111223734915256500244140625" lon="-122.39969342015683650970458984375">
        <ele>29.200000762939453125</ele>
        <time>2025-12-03T14:55:23.000Z</time>
        <extensions>
          <ns3:TrackPointExtension>
            <ns3:atemp>16.0</ns3:atemp>
            <ns3:hr>107</ns3:hr>
            <ns3:cad>79</ns3:cad>
          </ns3:TrackPointExtension>
        </extensions>
      </trkpt>
      <trkpt lat="37.7611150033771991729736328125" lon="-122.39966257475316524505615234375">
        <ele>29.200000762939453125</ele>
        <time>2025-12-03T14:55:24.000Z</time>
        <extensions>
          <ns3:TrackPointExtension>
            <ns3:atemp>16.0</ns3:atemp>
            <ns3:hr>106</ns3:hr>
            <ns3:cad>79</ns3:cad>
          </ns3:TrackPointExtension>
        </extensions>
      </trkpt>
      <trkpt lat="37.76111592538654804229736328125" lon="-122.39963424392044544219970703125">
        <ele>29.200000762939453125</ele>
        <time>2025-12-03T14:55:25.000Z</time>
        <extensions>
          <ns3:TrackPointExtension>
            <ns3:atemp>16.0</ns3:atemp>
            <ns3:hr>106</ns3:hr>
            <ns3:cad>79</ns3:cad>
          </ns3:TrackPointExtension>
        </extensions>
      </trkpt>
      <trkpt lat="37.761117517948150634765625" lon="-122.3995961062610149383544921875">
        <ele>29.200000762939453125</ele>
        <time>2025-12-03T14:55:26.000Z</time>
        <extensions>
          <ns3:TrackPointExtension>
            <ns3:atemp>16.0</ns3:atemp>
            <ns3:hr>107</ns3:hr>
            <ns3:cad>79</ns3:cad>
          </ns3:TrackPointExtension>
        </extensions>
      </trkpt>
      <trkpt lat="37.761125229299068450927734375" lon="-122.39956417120993137359619140625">
        <ele>29</ele>
        <time>2025-12-03T14:55:27.000Z</time>
        <extensions>
          <ns3:TrackPointExtension>
            <ns3:atemp>16.0</ns3:atemp>
            <ns3:hr>107</ns3:hr>
            <ns3:cad>79</ns3:cad>
          </ns3:TrackPointExtension>
        </extensions>
      </trkpt>
      <trkpt lat="37.76112363673746585845947265625" lon="-122.39953768439590930938720703125">
        <ele>29</ele>
        <time>2025-12-03T14:55:28.000Z</time>
        <extensions>
          <ns3:TrackPointExtension>
            <ns3:atemp>16.0</ns3:atemp>
            <ns3:hr>107</ns3:hr>
            <ns3:cad>79</ns3:cad>
          </ns3:TrackPointExtension>
        </extensions>
      </trkpt>
      <trkpt lat="37.76112145744264125823974609375" lon="-122.39950574934482574462890625">
        <ele>29</ele>
        <time>2025-12-03T14:55:29.000Z</time>
        <extensions>
          <ns3:TrackPointExtension>
            <ns3:atemp>16.0</ns3:atemp>
            <ns3:hr>106</ns3:hr>
            <ns3:cad>78</ns3:cad>
          </ns3:TrackPointExtension>
        </extensions>
      </trkpt>
      <trkpt lat="37.761124558746814727783203125" lon="-122.39946761168539524078369140625">
        <ele>29.200000762939453125</ele>
        <time>2025-12-03T14:55:30.000Z</time>
        <extensions>
          <ns3:TrackPointExtension>
            <ns3:atemp>16.0</ns3:atemp>
            <ns3:hr>106</ns3:hr>
            <ns3:cad>78</ns3:cad>
          </ns3:TrackPointExtension>
        </extensions>
      </trkpt>
      <trkpt lat="37.7611240558326244354248046875" lon="-122.39944531582295894622802734375">
        <ele>29.200000762939453125</ele>
        <time>2025-12-03T14:55:31.000Z</time>
        <extensions>
          <ns3:TrackPointExtension>
            <ns3:atemp>16.0</ns3:atemp>
            <ns3:hr>106</ns3:hr>
            <ns3:cad>78</ns3:cad>
          </ns3:TrackPointExtension>
        </extensions>
      </trkpt>
      <trkpt lat="37.76111994870007038116455078125" lon="-122.399415560066699981689453125">
        <ele>29.200000762939453125</ele>
        <time>2025-12-03T14:55:32.000Z</time>
        <extensions>
          <ns3:TrackPointExtension>
            <ns3:atemp>16.0</ns3:atemp>
            <ns3:hr>106</ns3:hr>
            <ns3:cad>78</ns3:cad>
          </ns3:TrackPointExtension>
        </extensions>
      </trkpt>
      <trkpt lat="37.76112598367035388946533203125" lon="-122.39937809295952320098876953125">
        <ele>29.200000762939453125</ele>
        <time>2025-12-03T14:55:33.000Z</time>
        <extensions>
          <ns3:TrackPointExtension>
            <ns3:atemp>16.0</ns3:atemp>
            <ns3:hr>106</ns3:hr>
            <ns3:cad>78</ns3:cad>
          </ns3:TrackPointExtension>
        </extensions>
      </trkpt>
      <trkpt lat="37.76112145744264125823974609375" lon="-122.39935596473515033721923828125">
        <ele>29.200000762939453125</ele>
        <time>2025-12-03T14:55:34.000Z</time>
        <extensions>
          <ns3:TrackPointExtension>
            <ns3:atemp>16.0</ns3:atemp>
            <ns3:hr>106</ns3:hr>
            <ns3:cad>79</ns3:cad>
          </ns3:TrackPointExtension>
        </extensions>
      </trkpt>
      <trkpt lat="37.7611220441758632659912109375" lon="-122.39932294003665447235107421875">
        <ele>29.200000762939453125</ele>
        <time>2025-12-03T14:55:35.000Z</time>
        <extensions>
          <ns3:TrackPointExtension>
            <ns3:atemp>16.0</ns3:atemp>
            <ns3:hr>106</ns3:hr>
            <ns3:cad>79</ns3:cad>
          </ns3:TrackPointExtension>
        </extensions>
      </trkpt>
      <trkpt lat="37.7611290849745273590087890625" lon="-122.3992809467017650604248046875">
        <ele>29.200000762939453125</ele>
        <time>2025-12-03T14:55:36.000Z</time>
        <extensions>
          <ns3:TrackPointExtension>
            <ns3:atemp>16.0</ns3:atemp>
            <ns3:hr>105</ns3:hr>
            <ns3:cad>79</ns3:cad>
          </ns3:TrackPointExtension>
        </extensions>
      </trkpt>
      <trkpt lat="37.761128582060337066650390625" lon="-122.39925705827772617340087890625">
        <ele>29.200000762939453125</ele>
        <time>2025-12-03T14:55:37.000Z</time>
        <extensions>
          <ns3:TrackPointExtension>
            <ns3:atemp>16.0</ns3:atemp>
            <ns3:hr>105</ns3:hr>
            <ns3:cad>79</ns3:cad>
          </ns3:TrackPointExtension>
        </extensions>
      </trkpt>
      <trkpt lat="37.7611295878887176513671875" lon="-122.39922403357923030853271484375">
        <ele>29.200000762939453125</ele>
        <time>2025-12-03T14:55:38.000Z</time>
        <extensions>
          <ns3:TrackPointExtension>
            <ns3:atemp>16.0</ns3:atemp>
            <ns3:hr>105</ns3:hr>
            <ns3:cad>78</ns3:cad>
          </ns3:TrackPointExtension>
        </extensions>
      </trkpt>
      <trkpt lat="37.76113428175449371337890625" lon="-122.39918480627238750457763671875">
        <ele>29.200000762939453125</ele>
        <time>2025-12-03T14:55:39.000Z</time>
        <extensions>
          <ns3:TrackPointExtension>
            <ns3:atemp>16.0</ns3:atemp>
            <ns3:hr>105</ns3:hr>
            <ns3:cad>78</ns3:cad>
          </ns3:TrackPointExtension>
        </extensions>
      </trkpt>
      <trkpt lat="37.761134617030620574951171875" lon="-122.399159409105777740478515625">
        <ele>29.200000762939453125</ele>
        <time>2025-12-03T14:55:40.000Z</time>
        <extensions>
          <ns3:TrackPointExtension>
            <ns3:atemp>16.0</ns3:atemp>
            <ns3:hr>104</ns3:hr>
            <ns3:cad>78</ns3:cad>
          </ns3:TrackPointExtension>
        </extensions>
      </trkpt>
      <trkpt lat="37.76113537140190601348876953125" lon="-122.3991361074149608612060546875">
        <ele>29.3999996185302734375</ele>
        <time>2025-12-03T14:55:41.000Z</time>
        <extensions>
          <ns3:TrackPointExtension>
            <ns3:atemp>16.0</ns3:atemp>
            <ns3:hr>104</ns3:hr>
            <ns3:cad>78</ns3:cad>
          </ns3:TrackPointExtension>
        </extensions>
      </trkpt>
      <trkpt lat="37.7611374668776988983154296875" lon="-122.39910886622965335845947265625">
        <ele>29.3999996185302734375</ele>
        <time>2025-12-03T14:55:42.000Z</time>
        <extensions>
          <ns3:TrackPointExtension>
            <ns3:atemp>16.0</ns3:atemp>
            <ns3:hr>104</ns3:hr>
            <ns3:cad>79</ns3:cad>
          </ns3:TrackPointExtension>
        </extensions>
      </trkpt>
      <trkpt lat="37.76114509440958499908447265625" lon="-122.39908942021429538726806640625">
        <ele>29.6000003814697265625</ele>
        <time>2025-12-03T14:55:43.000Z</time>
        <extensions>
          <ns3:TrackPointExtension>
            <ns3:atemp>16.0</ns3:atemp>
            <ns3:hr>104</ns3:hr>
            <ns3:cad>79</ns3:cad>
          </ns3:TrackPointExtension>
        </extensions>
      </trkpt>
      <trkpt lat="37.7611549012362957000732421875" lon="-122.3990693874657154083251953125">
        <ele>30</ele>
        <time>2025-12-03T14:55:44.000Z</time>
        <extensions>
          <ns3:TrackPointExtension>
            <ns3:atemp>16.0</ns3:atemp>
            <ns3:hr>104</ns3:hr>
            <ns3:cad>79</ns3:cad>
          </ns3:TrackPointExtension>
        </extensions>
      </trkpt>
      <trkpt lat="37.7611632831394672393798828125" lon="-122.399043403565883636474609375">
        <ele>30.200000762939453125</ele>
        <time>2025-12-03T14:55:45.000Z</time>
        <extensions>
          <ns3:TrackPointExtension>
            <ns3:atemp>16.0</ns3:atemp>
            <ns3:hr>104</ns3:hr>
            <ns3:cad>79</ns3:cad>
          </ns3:TrackPointExtension>
        </extensions>
      </trkpt>
      <trkpt lat="37.7611612714827060699462890625" lon="-122.39900778047740459442138671875">
        <ele>30.6000003814697265625</ele>
        <time>2025-12-03T14:55:46.000Z</time>
        <extensions>
          <ns3:TrackPointExtension>
            <ns3:atemp>16.0</ns3:atemp>
            <ns3:hr>104</ns3:hr>
            <ns3:cad>80</ns3:cad>
          </ns3:TrackPointExtension>
        </extensions>
      </trkpt>
      <trkpt lat="37.7611616067588329315185546875" lon="-122.3989825509488582611083984375">
        <ele>31</ele>
        <time>2025-12-03T14:55:47.000Z</time>
        <extensions>
          <ns3:TrackPointExtension>
            <ns3:atemp>16.0</ns3:atemp>
            <ns3:hr>104</ns3:hr>
            <ns3:cad>80</ns3:cad>
          </ns3:TrackPointExtension>
        </extensions>
      </trkpt>
      <trkpt lat="37.76116018183529376983642578125" lon="-122.3989480175077915191650390625">
        <ele>31.200000762939453125</ele>
        <time>2025-12-03T14:55:48.000Z</time>
        <extensions>
          <ns3:TrackPointExtension>
            <ns3:atemp>16.0</ns3:atemp>
            <ns3:hr>104</ns3:hr>
            <ns3:cad>78</ns3:cad>
          </ns3:TrackPointExtension>
        </extensions>
      </trkpt>
      <trkpt lat="37.76116487570106983184814453125" lon="-122.3989111371338367462158203125">
        <ele>31.799999237060546875</ele>
        <time>2025-12-03T14:55:49.000Z</time>
        <extensions>
          <ns3:TrackPointExtension>
            <ns3:atemp>16.0</ns3:atemp>
            <ns3:hr>104</ns3:hr>
            <ns3:cad>78</ns3:cad>
          </ns3:TrackPointExtension>
        </extensions>
      </trkpt>
      <trkpt lat="37.7611669711768627166748046875" lon="-122.39887333475053310394287109375">
        <ele>32.200000762939453125</ele>
        <time>2025-12-03T14:55:50.000Z</time>
        <extensions>
          <ns3:TrackPointExtension>
            <ns3:atemp>16.0</ns3:atemp>
            <ns3:hr>104</ns3:hr>
            <ns3:cad>77</ns3:cad>
          </ns3:TrackPointExtension>
        </extensions>
      </trkpt>
      <trkpt lat="37.76116822846233844757080078125" lon="-122.3988397233188152313232421875">
        <ele>32.799999237060546875</ele>
        <time>2025-12-03T14:55:51.000Z</time>
        <extensions>
          <ns3:TrackPointExtension>
            <ns3:atemp>16.0</ns3:atemp>
            <ns3:hr>104</ns3:hr>
            <ns3:cad>0</ns3:cad>
          </ns3:TrackPointExtension>
        </extensions>
      </trkpt>
      <trkpt lat="37.7611689828336238861083984375" lon="-122.398800663650035858154296875">
        <ele>33.59999847412109375</ele>
        <time>2025-12-03T14:55:52.000Z</time>
        <extensions>
          <ns3:TrackPointExtension>
            <ns3:atemp>16.0</ns3:atemp>
            <ns3:hr>105</ns3:hr>
            <ns3:cad>0</ns3:cad>
          </ns3:TrackPointExtension>
        </extensions>
      </trkpt>
      <trkpt lat="37.7611713297665119171142578125" lon="-122.3987733386456966400146484375">
        <ele>34</ele>
        <time>2025-12-03T14:55:53.000Z</time>
        <extensions>
          <ns3:TrackPointExtension>
            <ns3:atemp>16.0</ns3:atemp>
            <ns3:hr>105</ns3:hr>
            <ns3:cad>91</ns3:cad>
          </ns3:TrackPointExtension>
        </extensions>
      </trkpt>
      <trkpt lat="37.761174179613590240478515625" lon="-122.398735620081424713134765625">
        <ele>34.59999847412109375</ele>
        <time>2025-12-03T14:55:54.000Z</time>
        <extensions>
          <ns3:TrackPointExtension>
            <ns3:atemp>16.0</ns3:atemp>
            <ns3:hr>105</ns3:hr>
            <ns3:cad>91</ns3:cad>
          </ns3:TrackPointExtension>
        </extensions>
      </trkpt>
      <trkpt lat="37.76117183268070220947265625" lon="-122.39870988763868808746337890625">
        <ele>35</ele>
        <time>2025-12-03T14:55:55.000Z</time>
        <extensions>
          <ns3:TrackPointExtension>
            <ns3:atemp>16.0</ns3:atemp>
            <ns3:hr>106</ns3:hr>
            <ns3:cad>91</ns3:cad>
          </ns3:TrackPointExtension>
        </extensions>
      </trkpt>
      <trkpt lat="37.76117451488971710205078125" lon="-122.39867082796990871429443359375">
        <ele>35.59999847412109375</ele>
        <time>2025-12-03T14:55:56.000Z</time>
        <extensions>
          <ns3:TrackPointExtension>
            <ns3:atemp>16.0</ns3:atemp>
            <ns3:hr>106</ns3:hr>
            <ns3:cad>92</ns3:cad>
          </ns3:TrackPointExtension>
        </extensions>
      </trkpt>
      <trkpt lat="37.76117719709873199462890625" lon="-122.39864501170814037322998046875">
        <ele>36.40000152587890625</ele>
        <time>2025-12-03T14:55:57.000Z</time>
        <extensions>
          <ns3:TrackPointExtension>
            <ns3:atemp>16.0</ns3:atemp>
            <ns3:hr>106</ns3:hr>
            <ns3:cad>92</ns3:cad>
          </ns3:TrackPointExtension>
        </extensions>
      </trkpt>
      <trkpt lat="37.76117878966033458709716796875" lon="-122.39860444329679012298583984375">
        <ele>37</ele>
        <time>2025-12-03T14:55:58.000Z</time>
        <extensions>
          <ns3:TrackPointExtension>
            <ns3:atemp>16.0</ns3:atemp>
            <ns3:hr>107</ns3:hr>
            <ns3:cad>92</ns3:cad>
          </ns3:TrackPointExtension>
        </extensions>
      </trkpt>
      <trkpt lat="37.761178873479366302490234375" lon="-122.39857971668243408203125">
        <ele>37.799999237060546875</ele>
        <time>2025-12-03T14:55:59.000Z</time>
        <extensions>
          <ns3:TrackPointExtension>
            <ns3:atemp>16.0</ns3:atemp>
            <ns3:hr>107</ns3:hr>
            <ns3:cad>92</ns3:cad>
          </ns3:TrackPointExtension>
        </extensions>
      </trkpt>
      <trkpt lat="37.76117627508938312530517578125" lon="-122.398537136614322662353515625">
        <ele>38.200000762939453125</ele>
        <time>2025-12-03T14:56:00.000Z</time>
        <extensions>
          <ns3:TrackPointExtension>
            <ns3:atemp>16.0</ns3:atemp>
            <ns3:hr>108</ns3:hr>
            <ns3:cad>92</ns3:cad>
          </ns3:TrackPointExtension>
        </extensions>
      </trkpt>
      <trkpt lat="37.76117308996617794036865234375" lon="-122.39850905723869800567626953125">
        <ele>38.799999237060546875</ele>
        <time>2025-12-03T14:56:01.000Z</time>
        <extensions>
          <ns3:TrackPointExtension>
            <ns3:atemp>16.0</ns3:atemp>
            <ns3:hr>109</ns3:hr>
            <ns3:cad>92</ns3:cad>
          </ns3:TrackPointExtension>
        </extensions>
      </trkpt>
      <trkpt lat="37.7611590921878814697265625" lon="-122.39847016520798206329345703125">
        <ele>39.200000762939453125</ele>
        <time>2025-12-03T14:56:02.000Z</time>
        <extensions>
          <ns3:TrackPointExtension>
            <ns3:atemp>16.0</ns3:atemp>
            <ns3:hr>109</ns3:hr>
            <ns3:cad>91</ns3:cad>
          </ns3:TrackPointExtension>
        </extensions>
      </trkpt>
      <trkpt lat="37.7611418254673480987548828125" lon="-122.39844569005072116851806640625">
        <ele>39.59999847412109375</ele>
        <time>2025-12-03T14:56:03.000Z</time>
        <extensions>
          <ns3:TrackPointExtension>
            <ns3:atemp>16.0</ns3:atemp>
            <ns3:hr>110</ns3:hr>
            <ns3:cad>91</ns3:cad>
          </ns3:TrackPointExtension>
        </extensions>
      </trkpt>
      <trkpt lat="37.76111458428204059600830078125" lon="-122.39842037670314311981201171875">
        <ele>39.799999237060546875</ele>
        <time>2025-12-03T14:56:04.000Z</time>
        <extensions>
          <ns3:TrackPointExtension>
            <ns3:atemp>16.0</ns3:atemp>
            <ns3:hr>111</ns3:hr>
            <ns3:cad>91</ns3:cad>
          </ns3:TrackPointExtension>
        </extensions>
      </trkpt>
      <trkpt lat="37.76109849102795124053955078125" lon="-122.3984132520854473114013671875">
        <ele>40</ele>
        <time>2025-12-03T14:56:05.000Z</time>
        <extensions>
          <ns3:TrackPointExtension>
            <ns3:atemp>16.0</ns3:atemp>
            <ns3:hr>111</ns3:hr>
            <ns3:cad>90</ns3:cad>
          </ns3:TrackPointExtension>
        </extensions>
      </trkpt>
      <trkpt lat="37.7610719203948974609375" lon="-122.39839724265038967132568359375">
        <ele>40.40000152587890625</ele>
        <time>2025-12-03T14:56:06.000Z</time>
        <extensions>
          <ns3:TrackPointExtension>
            <ns3:atemp>16.0</ns3:atemp>
            <ns3:hr>112</ns3:hr>
            <ns3:cad>89</ns3:cad>
          </ns3:TrackPointExtension>
        </extensions>
      </trkpt>
      <trkpt lat="37.76104752905666828155517578125" lon="-122.3983917944133281707763671875">
        <ele>41</ele>
        <time>2025-12-03T14:56:07.000Z</time>
        <extensions>
          <ns3:TrackPointExtension>
            <ns3:atemp>16.0</ns3:atemp>
            <ns3:hr>112</ns3:hr>
            <ns3:cad>89</ns3:cad>
          </ns3:TrackPointExtension>
        </extensions>
      </trkpt>
      <trkpt lat="37.76101836003363132476806640625" lon="-122.398388274013996124267578125">
        <ele>41.40000152587890625</ele>
        <time>2025-12-03T14:56:08.000Z</time>
        <extensions>
          <ns3:TrackPointExtension>
            <ns3:atemp>16.0</ns3:atemp>
            <ns3:hr>112</ns3:hr>
            <ns3:cad>89</ns3:cad>
          </ns3:TrackPointExtension>
        </extensions>
      </trkpt>
      <trkpt lat="37.760994136333465576171875" lon="-122.398383580148220062255859375">
        <ele>41.59999847412109375</ele>
        <time>2025-12-03T14:56:09.000Z</time>
        <extensions>
          <ns3:TrackPointExtension>
            <ns3:atemp>16.0</ns3:atemp>
            <ns3:hr>113</ns3:hr>
            <ns3:cad>89</ns3:cad>
          </ns3:TrackPointExtension>
        </extensions>
      </trkpt>
      <trkpt lat="37.76097913272678852081298828125" lon="-122.39838148467242717742919921875">
        <ele>42</ele>
        <time>2025-12-03T14:56:10.000Z</time>
        <extensions>
          <ns3:TrackPointExtension>
            <ns3:atemp>16.0</ns3:atemp>
            <ns3:hr>113</ns3:hr>
            <ns3:cad>88</ns3:cad>
          </ns3:TrackPointExtension>
        </extensions>
      </trkpt>
      <trkpt lat="37.7609500475227832794189453125" lon="-122.39837930537760257720947265625">
        <ele>42.40000152587890625</ele>
        <time>2025-12-03T14:56:11.000Z</time>
        <extensions>
          <ns3:TrackPointExtension>
            <ns3:atemp>16.0</ns3:atemp>
            <ns3:hr>114</ns3:hr>
            <ns3:cad>88</ns3:cad>
          </ns3:TrackPointExtension>
        </extensions>
      </trkpt>
      <trkpt lat="37.760927416384220123291015625" lon="-122.39837947301566600799560546875">
        <ele>43</ele>
        <time>2025-12-03T14:56:12.000Z</time>
        <extensions>
          <ns3:TrackPointExtension>
            <ns3:atemp>15.0</ns3:atemp>
            <ns3:hr>114</ns3:hr>
            <ns3:cad>86</ns3:cad>
          </ns3:TrackPointExtension>
        </extensions>
      </trkpt>
      <trkpt lat="37.7608994208276271820068359375" lon="-122.3983723483979701995849609375">
        <ele>43.40000152587890625</ele>
        <time>2025-12-03T14:56:13.000Z</time>
        <extensions>
          <ns3:TrackPointExtension>
            <ns3:atemp>16.0</ns3:atemp>
            <ns3:hr>114</ns3:hr>
            <ns3:cad>86</ns3:cad>
          </ns3:TrackPointExtension>
        </extensions>
      </trkpt>
      <trkpt lat="37.760872431099414825439453125" lon="-122.3983700014650821685791015625">
        <ele>44</ele>
        <time>2025-12-03T14:56:14.000Z</time>
        <extensions>
          <ns3:TrackPointExtension>
            <ns3:atemp>15.0</ns3:atemp>
            <ns3:hr>115</ns3:hr>
            <ns3:cad>86</ns3:cad>
          </ns3:TrackPointExtension>
        </extensions>
      </trkpt>
      <trkpt lat="37.7608554996550083160400390625" lon="-122.398366816341876983642578125">
        <ele>44.59999847412109375</ele>
        <time>2025-12-03T14:56:15.000Z</time>
        <extensions>
          <ns3:TrackPointExtension>
            <ns3:atemp>16.0</ns3:atemp>
            <ns3:hr>115</ns3:hr>
            <ns3:cad>83</ns3:cad>
          </ns3:TrackPointExtension>
        </extensions>
      </trkpt>
      <trkpt lat="37.76083881966769695281982421875" lon="-122.398364134132862091064453125">
        <ele>45</ele>
        <time>2025-12-03T14:56:16.000Z</time>
        <extensions>
          <ns3:TrackPointExtension>
            <ns3:atemp>16.0</ns3:atemp>
            <ns3:hr>116</ns3:hr>
            <ns3:cad>82</ns3:cad>
          </ns3:TrackPointExtension>
        </extensions>
      </trkpt>
      <trkpt lat="37.76081643998622894287109375" lon="-122.3983599431812763214111328125">
        <ele>45.40000152587890625</ele>
        <time>2025-12-03T14:56:17.000Z</time>
        <extensions>
          <ns3:TrackPointExtension>
            <ns3:atemp>16.0</ns3:atemp>
            <ns3:hr>116</ns3:hr>
            <ns3:cad>82</ns3:cad>
          </ns3:TrackPointExtension>
        </extensions>
      </trkpt>
      <trkpt lat="37.7607934735715389251708984375" lon="-122.398358769714832305908203125">
        <ele>45.799999237060546875</ele>
        <time>2025-12-03T14:56:18.000Z</time>
        <extensions>
          <ns3:TrackPointExtension>
            <ns3:atemp>15.0</ns3:atemp>
            <ns3:hr>116</ns3:hr>
            <ns3:cad>82</ns3:cad>
          </ns3:TrackPointExtension>
        </extensions>
      </trkpt>
      <trkpt lat="37.76078903116285800933837890625" lon="-122.39833890460431575775146484375">
        <ele>46.200000762939453125</ele>
        <time>2025-12-03T14:56:19.000Z</time>
        <extensions>
          <ns3:TrackPointExtension>
            <ns3:atemp>15.0</ns3:atemp>
            <ns3:hr>117</ns3:hr>
            <ns3:cad>81</ns3:cad>
          </ns3:TrackPointExtension>
        </extensions>
      </trkpt>
      <trkpt lat="37.76079674251377582550048828125" lon="-122.39832557737827301025390625">
        <ele>46.59999847412109375</ele>
        <time>2025-12-03T14:56:20.000Z</time>
        <extensions>
          <ns3:TrackPointExtension>
            <ns3:atemp>15.0</ns3:atemp>
            <ns3:hr>117</ns3:hr>
            <ns3:cad>81</ns3:cad>
          </ns3:TrackPointExtension>
        </extensions>
      </trkpt>
      <trkpt lat="37.760812081396579742431640625" lon="-122.39832096733152866363525390625">
        <ele>46.799999237060546875</ele>
        <time>2025-12-03T14:56:21.000Z</time>
        <extensions>
          <ns3:TrackPointExtension>
            <ns3:atemp>15.0</ns3:atemp>
            <ns3:hr>117</ns3:hr>
            <ns3:cad>80</ns3:cad>
          </ns3:TrackPointExtension>
        </extensions>
      </trkpt>
      <trkpt lat="37.76082825846970081329345703125" lon="-122.3983280919492244720458984375">
        <ele>47</ele>
        <time>2025-12-03T14:56:22.000Z</time>
        <extensions>
          <ns3:TrackPointExtension>
            <ns3:atemp>15.0</ns3:atemp>
            <ns3:hr>118</ns3:hr>
            <ns3:cad>80</ns3:cad>
          </ns3:TrackPointExtension>
        </extensions>
      </trkpt>
      <trkpt lat="37.7608434297144412994384765625" lon="-122.39833085797727108001708984375">
        <ele>47</ele>
        <time>2025-12-03T14:56:23.000Z</time>
        <extensions>
          <ns3:TrackPointExtension>
            <ns3:atemp>15.0</ns3:atemp>
            <ns3:hr>118</ns3:hr>
            <ns3:cad>78</ns3:cad>
          </ns3:TrackPointExtension>
        </extensions>
      </trkpt>
      <trkpt lat="37.7608551643788814544677734375" lon="-122.39833169616758823394775390625">
        <ele>46.799999237060546875</ele>
        <time>2025-12-03T14:56:24.000Z</time>
        <extensions>
          <ns3:TrackPointExtension>
            <ns3:atemp>15.0</ns3:atemp>
            <ns3:hr>118</ns3:hr>
            <ns3:cad>76</ns3:cad>
          </ns3:TrackPointExtension>
        </extensions>
      </trkpt>
      <trkpt lat="37.76086983270943164825439453125" lon="-122.39833119325339794158935546875">
        <ele>46.59999847412109375</ele>
        <time>2025-12-03T14:56:25.000Z</time>
        <extensions>
          <ns3:TrackPointExtension>
            <ns3:atemp>15.0</ns3:atemp>
            <ns3:hr>118</ns3:hr>
            <ns3:cad>74</ns3:cad>
          </ns3:TrackPointExtension>
        </extensions>
      </trkpt>
      <trkpt lat="37.76088860817253589630126953125" lon="-122.398336641490459442138671875">
        <ele>46.200000762939453125</ele>
        <time>2025-12-03T14:56:26.000Z</time>
        <extensions>
          <ns3:TrackPointExtension>
            <ns3:atemp>16.0</ns3:atemp>
            <ns3:hr>118</ns3:hr>
            <ns3:cad>72</ns3:cad>
          </ns3:TrackPointExtension>
        </extensions>
      </trkpt>
      <trkpt lat="37.760905288159847259521484375" lon="-122.39833907224237918853759765625">
        <ele>46</ele>
        <time>2025-12-03T14:56:27.000Z</time>
        <extensions>
          <ns3:TrackPointExtension>
            <ns3:atemp>15.0</ns3:atemp>
            <ns3:hr>119</ns3:hr>
            <ns3:cad>72</ns3:cad>
          </ns3:TrackPointExtension>
        </extensions>
      </trkpt>
      <trkpt lat="37.7609148435294628143310546875" lon="-122.398342005908489227294921875">
        <ele>45.59999847412109375</ele>
        <time>2025-12-03T14:56:28.000Z</time>
        <extensions>
          <ns3:TrackPointExtension>
            <ns3:atemp>15.0</ns3:atemp>
            <ns3:hr>119</ns3:hr>
            <ns3:cad>72</ns3:cad>
          </ns3:TrackPointExtension>
        </extensions>
      </trkpt>
      <trkpt lat="37.7609255723655223846435546875" lon="-122.39834024570882320404052734375">
        <ele>45.40000152587890625</ele>
        <time>2025-12-03T14:56:29.000Z</time>
        <extensions>
          <ns3:TrackPointExtension>
            <ns3:atemp>15.0</ns3:atemp>
            <ns3:hr>119</ns3:hr>
            <ns3:cad>72</ns3:cad>
          </ns3:TrackPointExtension>
        </extensions>
      </trkpt>
      <trkpt lat="37.7609364688396453857421875" lon="-122.39833404310047626495361328125">
        <ele>45</ele>
        <time>2025-12-03T14:56:30.000Z</time>
        <extensions>
          <ns3:TrackPointExtension>
            <ns3:atemp>15.0</ns3:atemp>
            <ns3:hr>119</ns3:hr>
            <ns3:cad>72</ns3:cad>
          </ns3:TrackPointExtension>
        </extensions>
      </trkpt>
      <trkpt lat="37.76095616631209850311279296875" lon="-122.39833706058561801910400390625">
        <ele>44.799999237060546875</ele>
        <time>2025-12-03T14:56:31.000Z</time>
        <extensions>
          <ns3:TrackPointExtension>
            <ns3:atemp>15.0</ns3:atemp>
            <ns3:hr>119</ns3:hr>
            <ns3:cad>72</ns3:cad>
          </ns3:TrackPointExtension>
        </extensions>
      </trkpt>
      <trkpt lat="37.76096303947269916534423828125" lon="-122.3983337916433811187744140625">
        <ele>44.40000152587890625</ele>
        <time>2025-12-03T14:56:32.000Z</time>
        <extensions>
          <ns3:TrackPointExtension>
            <ns3:atemp>15.0</ns3:atemp>
            <ns3:hr>119</ns3:hr>
            <ns3:cad>72</ns3:cad>
          </ns3:TrackPointExtension>
        </extensions>
      </trkpt>
      <trkpt lat="37.76097477413713932037353515625" lon="-122.398330271244049072265625">
        <ele>44</ele>
        <time>2025-12-03T14:56:33.000Z</time>
        <extensions>
          <ns3:TrackPointExtension>
            <ns3:atemp>15.0</ns3:atemp>
            <ns3:hr>119</ns3:hr>
            <ns3:cad>72</ns3:cad>
          </ns3:TrackPointExtension>
        </extensions>
      </trkpt>
      <trkpt lat="37.7609875984489917755126953125" lon="-122.39832415245473384857177734375">
        <ele>43.799999237060546875</ele>
        <time>2025-12-03T14:56:34.000Z</time>
        <extensions>
          <ns3:TrackPointExtension>
            <ns3:atemp>15.0</ns3:atemp>
            <ns3:hr>119</ns3:hr>
            <ns3:cad>72</ns3:cad>
          </ns3:TrackPointExtension>
        </extensions>
      </trkpt>
      <trkpt lat="37.76100629009306430816650390625" lon="-122.398325912654399871826171875">
        <ele>43.40000152587890625</ele>
        <time>2025-12-03T14:56:35.000Z</time>
        <extensions>
          <ns3:TrackPointExtension>
            <ns3:atemp>15.0</ns3:atemp>
            <ns3:hr>119</ns3:hr>
            <ns3:cad>73</ns3:cad>
          </ns3:TrackPointExtension>
        </extensions>
      </trkpt>
      <trkpt lat="37.7610191144049167633056640625" lon="-122.3983220569789409637451171875">
        <ele>43.200000762939453125</ele>
        <time>2025-12-03T14:56:36.000Z</time>
        <extensions>
          <ns3:TrackPointExtension>
            <ns3:atemp>15.0</ns3:atemp>
            <ns3:hr>120</ns3:hr>
            <ns3:cad>73</ns3:cad>
          </ns3:TrackPointExtension>
        </extensions>
      </trkpt>
      <trkpt lat="37.76103177107870578765869140625" lon="-122.3983176983892917633056640625">
        <ele>42.799999237060546875</ele>
        <time>2025-12-03T14:56:37.000Z</time>
        <extensions>
          <ns3:TrackPointExtension>
            <ns3:atemp>15.0</ns3:atemp>
            <ns3:hr>119</ns3:hr>
            <ns3:cad>73</ns3:cad>
          </ns3:TrackPointExtension>
        </extensions>
      </trkpt>
      <trkpt lat="37.76104870252311229705810546875" lon="-122.3983113281428813934326171875">
        <ele>42.59999847412109375</ele>
        <time>2025-12-03T14:56:38.000Z</time>
        <extensions>
          <ns3:TrackPointExtension>
            <ns3:atemp>15.0</ns3:atemp>
            <ns3:hr>119</ns3:hr>
            <ns3:cad>73</ns3:cad>
          </ns3:TrackPointExtension>
        </extensions>
      </trkpt>
      <trkpt lat="37.7610694058239459991455078125" lon="-122.39830755628645420074462890625">
        <ele>42.200000762939453125</ele>
        <time>2025-12-03T14:56:39.000Z</time>
        <extensions>
          <ns3:TrackPointExtension>
            <ns3:atemp>15.0</ns3:atemp>
            <ns3:hr>119</ns3:hr>
            <ns3:cad>73</ns3:cad>
          </ns3:TrackPointExtension>
        </extensions>
      </trkpt>
      <trkpt lat="37.76109547354280948638916015625" lon="-122.39831225015223026275634765625">
        <ele>42</ele>
        <time>2025-12-03T14:56:40.000Z</time>
        <extensions>
          <ns3:TrackPointExtension>
            <ns3:atemp>15.0</ns3:atemp>
            <ns3:hr>119</ns3:hr>
            <ns3:cad>73</ns3:cad>
          </ns3:TrackPointExtension>
        </extensions>
      </trkpt>
      <trkpt lat="37.76111575774848461151123046875" lon="-122.39831493236124515533447265625">
        <ele>41.59999847412109375</ele>
        <time>2025-12-03T14:56:41.000Z</time>
        <extensions>
          <ns3:TrackPointExtension>
            <ns3:atemp>15.0</ns3:atemp>
            <ns3:hr>119</ns3:hr>
            <ns3:cad>73</ns3:cad>
          </ns3:TrackPointExtension>
        </extensions>
      </trkpt>
      <trkpt lat="37.761141993105411529541015625" lon="-122.39832423627376556396484375">
        <ele>41.40000152587890625</ele>
        <time>2025-12-03T14:56:42.000Z</time>
        <extensions>
          <ns3:TrackPointExtension>
            <ns3:atemp>15.0</ns3:atemp>
            <ns3:hr>119</ns3:hr>
            <ns3:cad>73</ns3:cad>
          </ns3:TrackPointExtension>
        </extensions>
      </trkpt>
      <trkpt lat="37.761165462434291839599609375" lon="-122.39833253435790538787841796875">
        <ele>41.200000762939453125</ele>
        <time>2025-12-03T14:56:43.000Z</time>
        <extensions>
          <ns3:TrackPointExtension>
            <ns3:atemp>15.0</ns3:atemp>
            <ns3:hr>118</ns3:hr>
            <ns3:cad>73</ns3:cad>
          </ns3:TrackPointExtension>
        </extensions>
      </trkpt>
      <trkpt lat="37.76119521819055080413818359375" lon="-122.398350723087787628173828125">
        <ele>40.799999237060546875</ele>
        <time>2025-12-03T14:56:44.000Z</time>
        <extensions>
          <ns3:TrackPointExtension>
            <ns3:atemp>15.0</ns3:atemp>
            <ns3:hr>118</ns3:hr>
            <ns3:cad>75</ns3:cad>
          </ns3:TrackPointExtension>
        </extensions>
      </trkpt>
      <trkpt lat="37.76121902279555797576904296875" lon="-122.3983736895024776458740234375">
        <ele>40.59999847412109375</ele>
        <time>2025-12-03T14:56:45.000Z</time>
        <extensions>
          <ns3:TrackPointExtension>
            <ns3:atemp>15.0</ns3:atemp>
            <ns3:hr>118</ns3:hr>
            <ns3:cad>75</ns3:cad>
          </ns3:TrackPointExtension>
        </extensions>
      </trkpt>
      <trkpt lat="37.76123486459255218505859375" lon="-122.39841702394187450408935546875">
        <ele>40.40000152587890625</ele>
        <time>2025-12-03T14:56:46.000Z</time>
        <extensions>
          <ns3:TrackPointExtension>
            <ns3:atemp>15.0</ns3:atemp>
            <ns3:hr>118</ns3:hr>
            <ns3:cad>76</ns3:cad>
          </ns3:TrackPointExtension>
        </extensions>
      </trkpt>
      <trkpt lat="37.76124383322894573211669921875" lon="-122.3984615318477153778076171875">
        <ele>40.200000762939453125</ele>
        <time>2025-12-03T14:56:47.000Z</time>
        <extensions>
          <ns3:TrackPointExtension>
            <ns3:atemp>15.0</ns3:atemp>
            <ns3:hr>118</ns3:hr>
            <ns3:cad>77</ns3:cad>
          </ns3:TrackPointExtension>
        </extensions>
      </trkpt>
      <trkpt lat="37.76123662479221820831298828125" lon="-122.3984960652887821197509765625">
        <ele>40.200000762939453125</ele>
        <time>2025-12-03T14:56:48.000Z</time>
        <extensions>
          <ns3:TrackPointExtension>
            <ns3:atemp>15.0</ns3:atemp>
            <ns3:hr>118</ns3:hr>
            <ns3:cad>78</ns3:cad>
          </ns3:TrackPointExtension>
        </extensions>
      </trkpt>
      <trkpt lat="37.76123645715415477752685546875" lon="-122.3985426686704158782958984375">
        <ele>40</ele>
        <time>2025-12-03T14:56:49.000Z</time>
        <extensions>
          <ns3:TrackPointExtension>
            <ns3:atemp>15.0</ns3:atemp>
            <ns3:hr>118</ns3:hr>
            <ns3:cad>78</ns3:cad>
          </ns3:TrackPointExtension>
        </extensions>
      </trkpt>
      <trkpt lat="37.76123126037418842315673828125" lon="-122.39858843386173248291015625">
        <ele>39.799999237060546875</ele>
        <time>2025-12-03T14:56:50.000Z</time>
        <extensions>
          <ns3:TrackPointExtension>
            <ns3:atemp>15.0</ns3:atemp>
            <ns3:hr>118</ns3:hr>
            <ns3:cad>78</ns3:cad>
          </ns3:TrackPointExtension>
        </extensions>
      </trkpt>
      <trkpt lat="37.7612316794693470001220703125" lon="-122.39861919544637203216552734375">
        <ele>39.59999847412109375</ele>
        <time>2025-12-03T14:56:51.000Z</time>
        <extensions>
          <ns3:TrackPointExtension>
            <ns3:atemp>15.0</ns3:atemp>
            <ns3:hr>117</ns3:hr>
            <ns3:cad>78</ns3:cad>
          </ns3:TrackPointExtension>
        </extensions>
      </trkpt>
      <trkpt lat="37.76122941635549068450927734375" lon="-122.3986559920012950897216796875">
        <ele>39.200000762939453125</ele>
        <time>2025-12-03T14:56:52.000Z</time>
        <extensions>
          <ns3:TrackPointExtension>
            <ns3:atemp>15.0</ns3:atemp>
            <ns3:hr>118</ns3:hr>
            <ns3:cad>77</ns3:cad>
          </ns3:TrackPointExtension>
        </extensions>
      </trkpt>
      <trkpt lat="37.761221788823604583740234375" lon="-122.3986925370991230010986328125">
        <ele>38.59999847412109375</ele>
        <time>2025-12-03T14:56:53.000Z</time>
        <extensions>
          <ns3:TrackPointExtension>
            <ns3:atemp>15.0</ns3:atemp>
            <ns3:hr>118</ns3:hr>
            <ns3:cad>77</ns3:cad>
          </ns3:TrackPointExtension>
        </extensions>
      </trkpt>
      <trkpt lat="37.7612246386706829071044921875" lon="-122.3987213708460330963134765625">
        <ele>38</ele>
        <time>2025-12-03T14:56:54.000Z</time>
        <extensions>
          <ns3:TrackPointExtension>
            <ns3:atemp>15.0</ns3:atemp>
            <ns3:hr>117</ns3:hr>
            <ns3:cad>77</ns3:cad>
          </ns3:TrackPointExtension>
        </extensions>
      </trkpt>
      <trkpt lat="37.76122690178453922271728515625" lon="-122.398765124380588531494140625">
        <ele>37.40000152587890625</ele>
        <time>2025-12-03T14:56:55.000Z</time>
        <extensions>
          <ns3:TrackPointExtension>
            <ns3:atemp>15.0</ns3:atemp>
            <ns3:hr>118</ns3:hr>
            <ns3:cad>79</ns3:cad>
          </ns3:TrackPointExtension>
        </extensions>
      </trkpt>
      <trkpt lat="37.76121684350073337554931640625" lon="-122.39880862645804882049560546875">
        <ele>36.799999237060546875</ele>
        <time>2025-12-03T14:56:56.000Z</time>
        <extensions>
          <ns3:TrackPointExtension>
            <ns3:atemp>15.0</ns3:atemp>
            <ns3:hr>118</ns3:hr>
            <ns3:cad>79</ns3:cad>
          </ns3:TrackPointExtension>
        </extensions>
      </trkpt>
      <trkpt lat="37.76122086681425571441650390625" lon="-122.39883595146238803863525390625">
        <ele>36.200000762939453125</ele>
        <time>2025-12-03T14:56:57.000Z</time>
        <extensions>
          <ns3:TrackPointExtension>
            <ns3:atemp>15.0</ns3:atemp>
            <ns3:hr>117</ns3:hr>
            <ns3:cad>79</ns3:cad>
          </ns3:TrackPointExtension>
        </extensions>
      </trkpt>
      <trkpt lat="37.76122053153812885284423828125" lon="-122.3988806270062923431396484375">
        <ele>35.59999847412109375</ele>
        <time>2025-12-03T14:56:58.000Z</time>
        <extensions>
          <ns3:TrackPointExtension>
            <ns3:atemp>15.0</ns3:atemp>
            <ns3:hr>117</ns3:hr>
            <ns3:cad>79</ns3:cad>
          </ns3:TrackPointExtension>
        </extensions>
      </trkpt>
      <trkpt lat="37.7612045221030712127685546875" lon="-122.39892513491213321685791015625">
        <ele>35.200000762939453125</ele>
        <time>2025-12-03T14:56:59.000Z</time>
        <extensions>
          <ns3:TrackPointExtension>
            <ns3:atemp>15.0</ns3:atemp>
            <ns3:hr>117</ns3:hr>
            <ns3:cad>79</ns3:cad>
          </ns3:TrackPointExtension>
        </extensions>
      </trkpt>
      <trkpt lat="37.76119706220924854278564453125" lon="-122.39896084181964397430419921875">
        <ele>34.40000152587890625</ele>
        <time>2025-12-03T14:57:00.000Z</time>
        <extensions>
          <ns3:TrackPointExtension>
            <ns3:atemp>15.0</ns3:atemp>
            <ns3:hr>117</ns3:hr>
            <ns3:cad>79</ns3:cad>
          </ns3:TrackPointExtension>
        </extensions>
      </trkpt>
      <trkpt lat="37.7611934579908847808837890625" lon="-122.39900224842131137847900390625">
        <ele>33.799999237060546875</ele>
        <time>2025-12-03T14:57:01.000Z</time>
        <extensions>
          <ns3:TrackPointExtension>
            <ns3:atemp>15.0</ns3:atemp>
            <ns3:hr>117</ns3:hr>
            <ns3:cad>79</ns3:cad>
          </ns3:TrackPointExtension>
        </extensions>
      </trkpt>
      <trkpt lat="37.761186249554157257080078125" lon="-122.399049438536167144775390625">
        <ele>33.200000762939453125</ele>
        <time>2025-12-03T14:57:02.000Z</time>
        <extensions>
          <ns3:TrackPointExtension>
            <ns3:atemp>15.0</ns3:atemp>
            <ns3:hr>118</ns3:hr>
            <ns3:cad>79</ns3:cad>
          </ns3:TrackPointExtension>
        </extensions>
      </trkpt>
      <trkpt lat="37.7611887641251087188720703125" lon="-122.399084307253360748291015625">
        <ele>32.59999847412109375</ele>
        <time>2025-12-03T14:57:03.000Z</time>
        <extensions>
          <ns3:TrackPointExtension>
            <ns3:atemp>15.0</ns3:atemp>
            <ns3:hr>118</ns3:hr>
            <ns3:cad>79</ns3:cad>
          </ns3:TrackPointExtension>
        </extensions>
      </trkpt>
      <trkpt lat="37.761185579001903533935546875" lon="-122.3991431482136249542236328125">
        <ele>32</ele>
        <time>2025-12-03T14:57:04.000Z</time>
        <extensions>
          <ns3:TrackPointExtension>
            <ns3:atemp>15.0</ns3:atemp>
            <ns3:hr>117</ns3:hr>
            <ns3:cad>80</ns3:cad>
          </ns3:TrackPointExtension>
        </extensions>
      </trkpt>
      <trkpt lat="37.76118666864931583404541015625" lon="-122.39918262697756290435791015625">
        <ele>31.3999996185302734375</ele>
        <time>2025-12-03T14:57:05.000Z</time>
        <extensions>
          <ns3:TrackPointExtension>
            <ns3:atemp>15.0</ns3:atemp>
            <ns3:hr>117</ns3:hr>
            <ns3:cad>80</ns3:cad>
          </ns3:TrackPointExtension>
        </extensions>
      </trkpt>
      <trkpt lat="37.7611813880503177642822265625" lon="-122.39923777990043163299560546875">
        <ele>31</ele>
        <time>2025-12-03T14:57:06.000Z</time>
        <extensions>
          <ns3:TrackPointExtension>
            <ns3:atemp>15.0</ns3:atemp>
            <ns3:hr>117</ns3:hr>
            <ns3:cad>80</ns3:cad>
          </ns3:TrackPointExtension>
        </extensions>
      </trkpt>
      <trkpt lat="37.7611676417291164398193359375" lon="-122.399277426302433013916015625">
        <ele>30.3999996185302734375</ele>
        <time>2025-12-03T14:57:07.000Z</time>
        <extensions>
          <ns3:TrackPointExtension>
            <ns3:atemp>15.0</ns3:atemp>
            <ns3:hr>117</ns3:hr>
            <ns3:cad>82</ns3:cad>
          </ns3:TrackPointExtension>
        </extensions>
      </trkpt>
      <trkpt lat="37.76114098727703094482421875" lon="-122.3993094451725482940673828125">
        <ele>30</ele>
        <time>2025-12-03T14:57:08.000Z</time>
        <extensions>
          <ns3:TrackPointExtension>
            <ns3:atemp>15.0</ns3:atemp>
            <ns3:hr>118</ns3:hr>
            <ns3:cad>82</ns3:cad>
          </ns3:TrackPointExtension>
        </extensions>
      </trkpt>
      <trkpt lat="37.76110720820724964141845703125" lon="-122.3993423022329807281494140625">
        <ele>30</ele>
        <time>2025-12-03T14:57:09.000Z</time>
        <extensions>
          <ns3:TrackPointExtension>
            <ns3:atemp>15.0</ns3:atemp>
            <ns3:hr>117</ns3:hr>
            <ns3:cad>84</ns3:cad>
          </ns3:TrackPointExtension>
        </extensions>
      </trkpt>
      <trkpt lat="37.76107971556484699249267578125" lon="-122.39935713820159435272216796875">
        <ele>30</ele>
        <time>2025-12-03T14:57:10.000Z</time>
        <extensions>
          <ns3:TrackPointExtension>
            <ns3:atemp>15.0</ns3:atemp>
            <ns3:hr>117</ns3:hr>
            <ns3:cad>84</ns3:cad>
          </ns3:TrackPointExtension>
        </extensions>
      </trkpt>
      <trkpt lat="37.76104308664798736572265625" lon="-122.399370968341827392578125">
        <ele>30.200000762939453125</ele>
        <time>2025-12-03T14:57:11.000Z</time>
        <extensions>
          <ns3:TrackPointExtension>
            <ns3:atemp>15.0</ns3:atemp>
            <ns3:hr>118</ns3:hr>
            <ns3:cad>84</ns3:cad>
          </ns3:TrackPointExtension>
        </extensions>
      </trkpt>
      <trkpt lat="37.76101165451109409332275390625" lon="-122.39937038160860538482666015625">
        <ele>30.3999996185302734375</ele>
        <time>2025-12-03T14:57:12.000Z</time>
        <extensions>
          <ns3:TrackPointExtension>
            <ns3:atemp>15.0</ns3:atemp>
            <ns3:hr>117</ns3:hr>
            <ns3:cad>84</ns3:cad>
          </ns3:TrackPointExtension>
        </extensions>
      </trkpt>
      <trkpt lat="37.76098231784999370574951171875" lon="-122.39936250261962413787841796875">
        <ele>30.799999237060546875</ele>
        <time>2025-12-03T14:57:13.000Z</time>
        <extensions>
          <ns3:TrackPointExtension>
            <ns3:atemp>15.0</ns3:atemp>
            <ns3:hr>118</ns3:hr>
            <ns3:cad>85</ns3:cad>
          </ns3:TrackPointExtension>
        </extensions>
      </trkpt>
      <trkpt lat="37.7609523944556713104248046875" lon="-122.39936216734349727630615234375">
        <ele>31.6000003814697265625</ele>
        <time>2025-12-03T14:57:14.000Z</time>
        <extensions>
          <ns3:TrackPointExtension>
            <ns3:atemp>15.0</ns3:atemp>
            <ns3:hr>118</ns3:hr>
            <ns3:cad>85</ns3:cad>
          </ns3:TrackPointExtension>
        </extensions>
      </trkpt>
      <trkpt lat="37.76092196814715862274169921875" lon="-122.3993597365915775299072265625">
        <ele>32.40000152587890625</ele>
        <time>2025-12-03T14:57:15.000Z</time>
        <extensions>
          <ns3:TrackPointExtension>
            <ns3:atemp>15.0</ns3:atemp>
            <ns3:hr>118</ns3:hr>
            <ns3:cad>85</ns3:cad>
          </ns3:TrackPointExtension>
        </extensions>
      </trkpt>
      <trkpt lat="37.76090319268405437469482421875" lon="-122.39935328252613544464111328125">
        <ele>33</ele>
        <time>2025-12-03T14:57:16.000Z</time>
        <extensions>
          <ns3:TrackPointExtension>
            <ns3:atemp>15.0</ns3:atemp>
            <ns3:hr>117</ns3:hr>
            <ns3:cad>85</ns3:cad>
          </ns3:TrackPointExtension>
        </extensions>
      </trkpt>
      <trkpt lat="37.7608809806406497955322265625" lon="-122.399351187050342559814453125">
        <ele>33.59999847412109375</ele>
        <time>2025-12-03T14:57:17.000Z</time>
        <extensions>
          <ns3:TrackPointExtension>
            <ns3:atemp>15.0</ns3:atemp>
            <ns3:hr>118</ns3:hr>
            <ns3:cad>85</ns3:cad>
          </ns3:TrackPointExtension>
        </extensions>
      </trkpt>
      <trkpt lat="37.76087586767971515655517578125" lon="-122.39936267025768756866455078125">
        <ele>34</ele>
        <time>2025-12-03T14:57:18.000Z</time>
        <extensions>
          <ns3:TrackPointExtension>
            <ns3:atemp>15.0</ns3:atemp>
            <ns3:hr>118</ns3:hr>
            <ns3:cad>83</ns3:cad>
          </ns3:TrackPointExtension>
        </extensions>
      </trkpt>
      <trkpt lat="37.7608622051775455474853515625" lon="-122.3993473313748836517333984375">
        <ele>34.59999847412109375</ele>
        <time>2025-12-03T14:57:19.000Z</time>
        <extensions>
          <ns3:TrackPointExtension>
            <ns3:atemp>15.0</ns3:atemp>
            <ns3:hr>118</ns3:hr>
            <ns3:cad>83</ns3:cad>
          </ns3:TrackPointExtension>
        </extensions>
      </trkpt>
      <trkpt lat="37.76085876859724521636962890625" lon="-122.39932562224566936492919921875">
        <ele>34.799999237060546875</ele>
        <time>2025-12-03T14:57:20.000Z</time>
        <extensions>
          <ns3:TrackPointExtension>
            <ns3:atemp>15.0</ns3:atemp>
            <ns3:hr>118</ns3:hr>
            <ns3:cad>82</ns3:cad>
          </ns3:TrackPointExtension>
        </extensions>
      </trkpt>
      <trkpt lat="37.7608585171401500701904296875" lon="-122.3993060924112796783447265625">
        <ele>35.200000762939453125</ele>
        <time>2025-12-03T14:57:21.000Z</time>
        <extensions>
          <ns3:TrackPointExtension>
            <ns3:atemp>15.0</ns3:atemp>
            <ns3:hr>118</ns3:hr>
            <ns3:cad>82</ns3:cad>
          </ns3:TrackPointExtension>
        </extensions>
      </trkpt>
      <trkpt lat="37.76085667312145233154296875" lon="-122.39929444156587123870849609375">
        <ele>35.40000152587890625</ele>
        <time>2025-12-03T14:57:22.000Z</time>
        <extensions>
          <ns3:TrackPointExtension>
            <ns3:atemp>15.0</ns3:atemp>
            <ns3:hr>117</ns3:hr>
            <ns3:cad>40</ns3:cad>
          </ns3:TrackPointExtension>
        </extensions>
      </trkpt>
      <trkpt lat="37.760854996740818023681640625" lon="-122.39927616901695728302001953125">
        <ele>35.40000152587890625</ele>
        <time>2025-12-03T14:57:23.000Z</time>
        <extensions>
          <ns3:TrackPointExtension>
            <ns3:atemp>15.0</ns3:atemp>
            <ns3:hr>118</ns3:hr>
            <ns3:cad>40</ns3:cad>
          </ns3:TrackPointExtension>
        </extensions>
      </trkpt>
      <trkpt lat="37.76085457764565944671630859375" lon="-122.3992568068206310272216796875">
        <ele>35.40000152587890625</ele>
        <time>2025-12-03T14:57:24.000Z</time>
        <extensions>
          <ns3:TrackPointExtension>
            <ns3:atemp>15.0</ns3:atemp>
            <ns3:hr>118</ns3:hr>
            <ns3:cad>40</ns3:cad>
          </ns3:TrackPointExtension>
        </extensions>
      </trkpt>
      <trkpt lat="37.7608548291027545928955078125" lon="-122.39924297668039798736572265625">
        <ele>35.40000152587890625</ele>
        <time>2025-12-03T14:57:25.000Z</time>
        <extensions>
          <ns3:TrackPointExtension>
            <ns3:atemp>15.0</ns3:atemp>
            <ns3:hr>118</ns3:hr>
            <ns3:cad>40</ns3:cad>
          </ns3:TrackPointExtension>
        </extensions>
      </trkpt>
      <trkpt lat="37.76085533201694488525390625" lon="-122.39923291839659214019775390625">
        <ele>35.40000152587890625</ele>
        <time>2025-12-03T14:57:26.000Z</time>
        <extensions>
          <ns3:TrackPointExtension>
            <ns3:atemp>15.0</ns3:atemp>
            <ns3:hr>118</ns3:hr>
            <ns3:cad>48</ns3:cad>
          </ns3:TrackPointExtension>
        </extensions>
      </trkpt>
      <trkpt lat="37.76086363010108470916748046875" lon="-122.399233840405941009521484375">
        <ele>35.40000152587890625</ele>
        <time>2025-12-03T14:57:27.000Z</time>
        <extensions>
          <ns3:TrackPointExtension>
            <ns3:atemp>15.0</ns3:atemp>
            <ns3:hr>118</ns3:hr>
            <ns3:cad>48</ns3:cad>
          </ns3:TrackPointExtension>
        </extensions>
      </trkpt>
      <trkpt lat="37.760865055024623870849609375" lon="-122.39925337024033069610595703125">
        <ele>35.40000152587890625</ele>
        <time>2025-12-03T14:57:28.000Z</time>
        <extensions>
          <ns3:TrackPointExtension>
            <ns3:atemp>15.0</ns3:atemp>
            <ns3:hr>118</ns3:hr>
            <ns3:cad>48</ns3:cad>
          </ns3:TrackPointExtension>
        </extensions>
      </trkpt>
      <trkpt lat="37.7608662284910678863525390625" lon="-122.39926225505769252777099609375">
        <ele>35.40000152587890625</ele>
        <time>2025-12-03T14:57:29.000Z</time>
        <extensions>
          <ns3:TrackPointExtension>
            <ns3:atemp>15.0</ns3:atemp>
            <ns3:hr>117</ns3:hr>
            <ns3:cad>47</ns3:cad>
          </ns3:TrackPointExtension>
        </extensions>
      </trkpt>
      <trkpt lat="37.76087067089974880218505859375" lon="-122.399263344705104827880859375">
        <ele>35.40000152587890625</ele>
        <time>2025-12-03T14:57:30.000Z</time>
        <extensions>
          <ns3:TrackPointExtension>
            <ns3:atemp>15.0</ns3:atemp>
            <ns3:hr>118</ns3:hr>
            <ns3:cad>47</ns3:cad>
          </ns3:TrackPointExtension>
        </extensions>
      </trkpt>
      <trkpt lat="37.76087268255650997161865234375" lon="-122.399269379675388336181640625">
        <ele>35.40000152587890625</ele>
        <time>2025-12-03T14:57:31.000Z</time>
        <extensions>
          <ns3:TrackPointExtension>
            <ns3:atemp>15.0</ns3:atemp>
            <ns3:hr>119</ns3:hr>
            <ns3:cad>47</ns3:cad>
          </ns3:TrackPointExtension>
        </extensions>
      </trkpt>
      <trkpt lat="37.76087201200425624847412109375" lon="-122.3992842994630336761474609375">
        <ele>35.40000152587890625</ele>
        <time>2025-12-03T14:57:32.000Z</time>
        <extensions>
          <ns3:TrackPointExtension>
            <ns3:atemp>15.0</ns3:atemp>
            <ns3:hr>120</ns3:hr>
            <ns3:cad>47</ns3:cad>
          </ns3:TrackPointExtension>
        </extensions>
      </trkpt>
      <trkpt lat="37.76086681522428989410400390625" lon="-122.39929880015552043914794921875">
        <ele>35.40000152587890625</ele>
        <time>2025-12-03T14:57:33.000Z</time>
        <extensions>
          <ns3:TrackPointExtension>
            <ns3:atemp>15.0</ns3:atemp>
            <ns3:hr>123</ns3:hr>
            <ns3:cad>48</ns3:cad>
          </ns3:TrackPointExtension>
        </extensions>
      </trkpt>
      <trkpt lat="37.76085759513080120086669921875" lon="-122.3993079364299774169921875">
        <ele>35.200000762939453125</ele>
        <time>2025-12-03T14:57:34.000Z</time>
        <extensions>
          <ns3:TrackPointExtension>
            <ns3:atemp>15.0</ns3:atemp>
            <ns3:hr>125</ns3:hr>
            <ns3:cad>48</ns3:cad>
          </ns3:TrackPointExtension>
        </extensions>
      </trkpt>
      <trkpt lat="37.760861702263355255126953125" lon="-122.399304918944835662841796875">
        <ele>35.200000762939453125</ele>
        <time>2025-12-03T14:57:35.000Z</time>
        <extensions>
          <ns3:TrackPointExtension>
            <ns3:atemp>15.0</ns3:atemp>
            <ns3:hr>125</ns3:hr>
            <ns3:cad>49</ns3:cad>
          </ns3:TrackPointExtension>
        </extensions>
      </trkpt>
      <trkpt lat="37.7608665637671947479248046875" lon="-122.39929729141294956207275390625">
        <ele>35.200000762939453125</ele>
        <time>2025-12-03T14:57:36.000Z</time>
        <extensions>
          <ns3:TrackPointExtension>
            <ns3:atemp>15.0</ns3:atemp>
            <ns3:hr>124</ns3:hr>
            <ns3:cad>49</ns3:cad>
          </ns3:TrackPointExtension>
        </extensions>
      </trkpt>
      <trkpt lat="37.7608720958232879638671875" lon="-122.39928673021495342254638671875">
        <ele>35.200000762939453125</ele>
        <time>2025-12-03T14:57:37.000Z</time>
        <extensions>
          <ns3:TrackPointExtension>
            <ns3:atemp>15.0</ns3:atemp>
            <ns3:hr>124</ns3:hr>
            <ns3:cad>49</ns3:cad>
          </ns3:TrackPointExtension>
        </extensions>
      </trkpt>
      <trkpt lat="37.7608719281852245330810546875" lon="-122.399267368018627166748046875">
        <ele>35.200000762939453125</ele>
        <time>2025-12-03T14:57:38.000Z</time>
        <extensions>
          <ns3:TrackPointExtension>
            <ns3:atemp>15.0</ns3:atemp>
            <ns3:hr>124</ns3:hr>
            <ns3:cad>49</ns3:cad>
          </ns3:TrackPointExtension>
        </extensions>
      </trkpt>
      <trkpt lat="37.760869078338146209716796875" lon="-122.3992561362683773040771484375">
        <ele>35</ele>
        <time>2025-12-03T14:57:39.000Z</time>
        <extensions>
          <ns3:TrackPointExtension>
            <ns3:atemp>15.0</ns3:atemp>
            <ns3:hr>124</ns3:hr>
            <ns3:cad>50</ns3:cad>
          </ns3:TrackPointExtension>
        </extensions>
      </trkpt>
      <trkpt lat="37.7608675695955753326416015625" lon="-122.3992638476192951202392578125">
        <ele>35</ele>
        <time>2025-12-03T14:57:40.000Z</time>
        <extensions>
          <ns3:TrackPointExtension>
            <ns3:atemp>15.0</ns3:atemp>
            <ns3:hr>123</ns3:hr>
            <ns3:cad>50</ns3:cad>
          </ns3:TrackPointExtension>
        </extensions>
      </trkpt>
      <trkpt lat="37.76087150909006595611572265625" lon="-122.39927113987505435943603515625">
        <ele>35</ele>
        <time>2025-12-03T14:57:41.000Z</time>
        <extensions>
          <ns3:TrackPointExtension>
            <ns3:atemp>15.0</ns3:atemp>
            <ns3:hr>123</ns3:hr>
            <ns3:cad>50</ns3:cad>
          </ns3:TrackPointExtension>
        </extensions>
      </trkpt>
      <trkpt lat="37.760867066681385040283203125" lon="-122.39928689785301685333251953125">
        <ele>35.200000762939453125</ele>
        <time>2025-12-03T14:57:42.000Z</time>
        <extensions>
          <ns3:TrackPointExtension>
            <ns3:atemp>15.0</ns3:atemp>
            <ns3:hr>123</ns3:hr>
            <ns3:cad>51</ns3:cad>
          </ns3:TrackPointExtension>
        </extensions>
      </trkpt>
      <trkpt lat="37.76086379773914813995361328125" lon="-122.39929511211812496185302734375">
        <ele>35.200000762939453125</ele>
        <time>2025-12-03T14:57:43.000Z</time>
        <extensions>
          <ns3:TrackPointExtension>
            <ns3:atemp>15.0</ns3:atemp>
            <ns3:hr>123</ns3:hr>
            <ns3:cad>51</ns3:cad>
          </ns3:TrackPointExtension>
        </extensions>
      </trkpt>
      <trkpt lat="37.76085667312145233154296875" lon="-122.399303913116455078125">
        <ele>35.40000152587890625</ele>
        <time>2025-12-03T14:57:44.000Z</time>
        <extensions>
          <ns3:TrackPointExtension>
            <ns3:atemp>15.0</ns3:atemp>
            <ns3:hr>123</ns3:hr>
            <ns3:cad>51</ns3:cad>
          </ns3:TrackPointExtension>
        </extensions>
      </trkpt>
      <trkpt lat="37.7608441002666950225830078125" lon="-122.39930567331612110137939453125">
        <ele>35.40000152587890625</ele>
        <time>2025-12-03T14:57:45.000Z</time>
        <extensions>
          <ns3:TrackPointExtension>
            <ns3:atemp>15.0</ns3:atemp>
            <ns3:hr>122</ns3:hr>
            <ns3:cad>51</ns3:cad>
          </ns3:TrackPointExtension>
        </extensions>
      </trkpt>
      <trkpt lat="37.76084192097187042236328125" lon="-122.39931120537221431732177734375">
        <ele>35.40000152587890625</ele>
        <time>2025-12-03T14:57:46.000Z</time>
        <extensions>
          <ns3:TrackPointExtension>
            <ns3:atemp>15.0</ns3:atemp>
            <ns3:hr>122</ns3:hr>
            <ns3:cad>0</ns3:cad>
          </ns3:TrackPointExtension>
        </extensions>
      </trkpt>
      <trkpt lat="37.76083278469741344451904296875" lon="-122.39931623451411724090576171875">
        <ele>35.40000152587890625</ele>
        <time>2025-12-03T14:57:47.000Z</time>
        <extensions>
          <ns3:TrackPointExtension>
            <ns3:atemp>15.0</ns3:atemp>
            <ns3:hr>121</ns3:hr>
            <ns3:cad>0</ns3:cad>
          </ns3:TrackPointExtension>
        </extensions>
      </trkpt>
      <trkpt lat="37.76081602089107036590576171875" lon="-122.39931824617087841033935546875">
        <ele>35.40000152587890625</ele>
        <time>2025-12-03T14:57:48.000Z</time>
        <extensions>
          <ns3:TrackPointExtension>
            <ns3:atemp>15.0</ns3:atemp>
            <ns3:hr>121</ns3:hr>
            <ns3:cad>0</ns3:cad>
          </ns3:TrackPointExtension>
        </extensions>
      </trkpt>
      <trkpt lat="37.76078685186803340911865234375" lon="-122.39932201802730560302734375">
        <ele>35.40000152587890625</ele>
        <time>2025-12-03T14:57:49.000Z</time>
        <extensions>
          <ns3:TrackPointExtension>
            <ns3:atemp>15.0</ns3:atemp>
            <ns3:hr>120</ns3:hr>
            <ns3:cad>0</ns3:cad>
          </ns3:TrackPointExtension>
        </extensions>
      </trkpt>
      <trkpt lat="37.76076103560626506805419921875" lon="-122.3993245325982570648193359375">
        <ele>35.799999237060546875</ele>
        <time>2025-12-03T14:57:50.000Z</time>
        <extensions>
          <ns3:TrackPointExtension>
            <ns3:atemp>15.0</ns3:atemp>
            <ns3:hr>119</ns3:hr>
            <ns3:cad>93</ns3:cad>
          </ns3:TrackPointExtension>
        </extensions>
      </trkpt>
      <trkpt lat="37.76072734035551548004150390625" lon="-122.399325035512447357177734375">
        <ele>36.40000152587890625</ele>
        <time>2025-12-03T14:57:51.000Z</time>
        <extensions>
          <ns3:TrackPointExtension>
            <ns3:atemp>15.0</ns3:atemp>
            <ns3:hr>119</ns3:hr>
            <ns3:cad>98</ns3:cad>
          </ns3:TrackPointExtension>
        </extensions>
      </trkpt>
      <trkpt lat="37.76070169173181056976318359375" lon="-122.3993282206356525421142578125">
        <ele>38.200000762939453125</ele>
        <time>2025-12-03T14:57:52.000Z</time>
        <extensions>
          <ns3:TrackPointExtension>
            <ns3:atemp>15.0</ns3:atemp>
            <ns3:hr>118</ns3:hr>
            <ns3:cad>98</ns3:cad>
          </ns3:TrackPointExtension>
        </extensions>
      </trkpt>
      <trkpt lat="37.760673277080059051513671875" lon="-122.3993154801428318023681640625">
        <ele>38.59999847412109375</ele>
        <time>2025-12-03T14:57:53.000Z</time>
        <extensions>
          <ns3:TrackPointExtension>
            <ns3:atemp>15.0</ns3:atemp>
            <ns3:hr>118</ns3:hr>
            <ns3:cad>98</ns3:cad>
          </ns3:TrackPointExtension>
        </extensions>
      </trkpt>
      <trkpt lat="37.76065844111144542694091796875" lon="-122.39930726587772369384765625">
        <ele>39.40000152587890625</ele>
        <time>2025-12-03T14:57:54.000Z</time>
        <extensions>
          <ns3:TrackPointExtension>
            <ns3:atemp>15.0</ns3:atemp>
            <ns3:hr>117</ns3:hr>
            <ns3:cad>98</ns3:cad>
          </ns3:TrackPointExtension>
        </extensions>
      </trkpt>
      <trkpt lat="37.76063279248774051666259765625" lon="-122.39929913543164730072021484375">
        <ele>40.200000762939453125</ele>
        <time>2025-12-03T14:57:55.000Z</time>
        <extensions>
          <ns3:TrackPointExtension>
            <ns3:atemp>15.0</ns3:atemp>
            <ns3:hr>117</ns3:hr>
            <ns3:cad>92</ns3:cad>
          </ns3:TrackPointExtension>
        </extensions>
      </trkpt>
      <trkpt lat="37.760619632899761199951171875" lon="-122.39929343573749065399169921875">
        <ele>40.799999237060546875</ele>
        <time>2025-12-03T14:57:56.000Z</time>
        <extensions>
          <ns3:TrackPointExtension>
            <ns3:atemp>15.0</ns3:atemp>
            <ns3:hr>117</ns3:hr>
            <ns3:cad>90</ns3:cad>
          </ns3:TrackPointExtension>
        </extensions>
      </trkpt>
      <trkpt lat="37.76059272699058055877685546875" lon="-122.399298883974552154541015625">
        <ele>41.59999847412109375</ele>
        <time>2025-12-03T14:57:57.000Z</time>
        <extensions>
          <ns3:TrackPointExtension>
            <ns3:atemp>15.0</ns3:atemp>
            <ns3:hr>116</ns3:hr>
            <ns3:cad>90</ns3:cad>
          </ns3:TrackPointExtension>
        </extensions>
      </trkpt>
      <trkpt lat="37.760582081973552703857421875" lon="-122.3992956988513469696044921875">
        <ele>42.200000762939453125</ele>
        <time>2025-12-03T14:57:58.000Z</time>
        <extensions>
          <ns3:TrackPointExtension>
            <ns3:atemp>15.0</ns3:atemp>
            <ns3:hr>116</ns3:hr>
            <ns3:cad>90</ns3:cad>
          </ns3:TrackPointExtension>
        </extensions>
      </trkpt>
      <trkpt lat="37.76055886410176753997802734375" lon="-122.3992972075939178466796875">
        <ele>42.799999237060546875</ele>
        <time>2025-12-03T14:57:59.000Z</time>
        <extensions>
          <ns3:TrackPointExtension>
            <ns3:atemp>15.0</ns3:atemp>
            <ns3:hr>116</ns3:hr>
            <ns3:cad>88</ns3:cad>
          </ns3:TrackPointExtension>
        </extensions>
      </trkpt>
      <trkpt lat="37.76053883135318756103515625" lon="-122.399294860661029815673828125">
        <ele>43.200000762939453125</ele>
        <time>2025-12-03T14:58:00.000Z</time>
        <extensions>
          <ns3:TrackPointExtension>
            <ns3:atemp>15.0</ns3:atemp>
            <ns3:hr>115</ns3:hr>
            <ns3:cad>87</ns3:cad>
          </ns3:TrackPointExtension>
        </extensions>
      </trkpt>
      <trkpt lat="37.76052399538457393646240234375" lon="-122.39930081181228160858154296875">
        <ele>44</ele>
        <time>2025-12-03T14:58:01.000Z</time>
        <extensions>
          <ns3:TrackPointExtension>
            <ns3:atemp>15.0</ns3:atemp>
            <ns3:hr>115</ns3:hr>
            <ns3:cad>87</ns3:cad>
          </ns3:TrackPointExtension>
        </extensions>
      </trkpt>
      <trkpt lat="37.7604994364082813262939453125" lon="-122.3992945253849029541015625">
        <ele>44.799999237060546875</ele>
        <time>2025-12-03T14:58:02.000Z</time>
        <extensions>
          <ns3:TrackPointExtension>
            <ns3:atemp>15.0</ns3:atemp>
            <ns3:hr>115</ns3:hr>
            <ns3:cad>86</ns3:cad>
          </ns3:TrackPointExtension>
        </extensions>
      </trkpt>
      <trkpt lat="37.76048862375319004058837890625" lon="-122.399295866489410400390625">
        <ele>45</ele>
        <time>2025-12-03T14:58:03.000Z</time>
        <extensions>
          <ns3:TrackPointExtension>
            <ns3:atemp>15.0</ns3:atemp>
            <ns3:hr>116</ns3:hr>
            <ns3:cad>86</ns3:cad>
          </ns3:TrackPointExtension>
        </extensions>
      </trkpt>
      <trkpt lat="37.7604615502059459686279296875" lon="-122.3992953635752201080322265625">
        <ele>45.59999847412109375</ele>
        <time>2025-12-03T14:58:04.000Z</time>
        <extensions>
          <ns3:TrackPointExtension>
            <ns3:atemp>15.0</ns3:atemp>
            <ns3:hr>116</ns3:hr>
            <ns3:cad>85</ns3:cad>
          </ns3:TrackPointExtension>
        </extensions>
      </trkpt>
      <trkpt lat="37.7604424394667148590087890625" lon="-122.399295531213283538818359375">
        <ele>46.200000762939453125</ele>
        <time>2025-12-03T14:58:05.000Z</time>
        <extensions>
          <ns3:TrackPointExtension>
            <ns3:atemp>15.0</ns3:atemp>
            <ns3:hr>117</ns3:hr>
            <ns3:cad>85</ns3:cad>
          </ns3:TrackPointExtension>
        </extensions>
      </trkpt>
      <trkpt lat="37.7604236640036106109619140625" lon="-122.39929880015552043914794921875">
        <ele>47.200000762939453125</ele>
        <time>2025-12-03T14:58:06.000Z</time>
        <extensions>
          <ns3:TrackPointExtension>
            <ns3:atemp>15.0</ns3:atemp>
            <ns3:hr>117</ns3:hr>
            <ns3:cad>85</ns3:cad>
          </ns3:TrackPointExtension>
        </extensions>
      </trkpt>
      <trkpt lat="37.760396338999271392822265625" lon="-122.39929846487939357757568359375">
        <ele>47.799999237060546875</ele>
        <time>2025-12-03T14:58:07.000Z</time>
        <extensions>
          <ns3:TrackPointExtension>
            <ns3:atemp>15.0</ns3:atemp>
            <ns3:hr>117</ns3:hr>
            <ns3:cad>84</ns3:cad>
          </ns3:TrackPointExtension>
        </extensions>
      </trkpt>
      <trkpt lat="37.76038502342998981475830078125" lon="-122.39929293282330036163330078125">
        <ele>48.200000762939453125</ele>
        <time>2025-12-03T14:58:08.000Z</time>
        <extensions>
          <ns3:TrackPointExtension>
            <ns3:atemp>15.0</ns3:atemp>
            <ns3:hr>118</ns3:hr>
            <ns3:cad>84</ns3:cad>
          </ns3:TrackPointExtension>
        </extensions>
      </trkpt>
      <trkpt lat="37.7603599615395069122314453125" lon="-122.39929159171879291534423828125">
        <ele>48.799999237060546875</ele>
        <time>2025-12-03T14:58:09.000Z</time>
        <extensions>
          <ns3:TrackPointExtension>
            <ns3:atemp>15.0</ns3:atemp>
            <ns3:hr>118</ns3:hr>
            <ns3:cad>84</ns3:cad>
          </ns3:TrackPointExtension>
        </extensions>
      </trkpt>
      <trkpt lat="37.76034705340862274169921875" lon="-122.39928689785301685333251953125">
        <ele>49.40000152587890625</ele>
        <time>2025-12-03T14:58:10.000Z</time>
        <extensions>
          <ns3:TrackPointExtension>
            <ns3:atemp>15.0</ns3:atemp>
            <ns3:hr>118</ns3:hr>
            <ns3:cad>84</ns3:cad>
          </ns3:TrackPointExtension>
        </extensions>
      </trkpt>
      <trkpt lat="37.76032618246972560882568359375" lon="-122.39928622730076313018798828125">
        <ele>50</ele>
        <time>2025-12-03T14:58:11.000Z</time>
        <extensions>
          <ns3:TrackPointExtension>
            <ns3:atemp>15.0</ns3:atemp>
            <ns3:hr>118</ns3:hr>
            <ns3:cad>84</ns3:cad>
          </ns3:TrackPointExtension>
        </extensions>
      </trkpt>
      <trkpt lat="37.76030656881630420684814453125" lon="-122.399284131824970245361328125">
        <ele>50.40000152587890625</ele>
        <time>2025-12-03T14:58:12.000Z</time>
        <extensions>
          <ns3:TrackPointExtension>
            <ns3:atemp>15.0</ns3:atemp>
            <ns3:hr>118</ns3:hr>
            <ns3:cad>84</ns3:cad>
          </ns3:TrackPointExtension>
        </extensions>
      </trkpt>
      <trkpt lat="37.76029148139059543609619140625" lon="-122.399279773235321044921875">
        <ele>51</ele>
        <time>2025-12-03T14:58:13.000Z</time>
        <extensions>
          <ns3:TrackPointExtension>
            <ns3:atemp>15.0</ns3:atemp>
            <ns3:hr>118</ns3:hr>
            <ns3:cad>84</ns3:cad>
          </ns3:TrackPointExtension>
        </extensions>
      </trkpt>
      <trkpt lat="37.760266251862049102783203125" lon="-122.39928538911044597625732421875">
        <ele>51.799999237060546875</ele>
        <time>2025-12-03T14:58:14.000Z</time>
        <extensions>
          <ns3:TrackPointExtension>
            <ns3:atemp>15.0</ns3:atemp>
            <ns3:hr>118</ns3:hr>
            <ns3:cad>85</ns3:cad>
          </ns3:TrackPointExtension>
        </extensions>
      </trkpt>
      <trkpt lat="37.760250829160213470458984375" lon="-122.399288825690746307373046875">
        <ele>52.40000152587890625</ele>
        <time>2025-12-03T14:58:15.000Z</time>
        <extensions>
          <ns3:TrackPointExtension>
            <ns3:atemp>15.0</ns3:atemp>
            <ns3:hr>119</ns3:hr>
            <ns3:cad>85</ns3:cad>
          </ns3:TrackPointExtension>
        </extensions>
      </trkpt>
      <trkpt lat="37.76023498736321926116943359375" lon="-122.39928673021495342254638671875">
        <ele>53</ele>
        <time>2025-12-03T14:58:16.000Z</time>
        <extensions>
          <ns3:TrackPointExtension>
            <ns3:atemp>15.0</ns3:atemp>
            <ns3:hr>119</ns3:hr>
            <ns3:cad>85</ns3:cad>
          </ns3:TrackPointExtension>
        </extensions>
      </trkpt>
      <trkpt lat="37.7602147869765758514404296875" lon="-122.399283461272716522216796875">
        <ele>53.59999847412109375</ele>
        <time>2025-12-03T14:58:17.000Z</time>
        <extensions>
          <ns3:TrackPointExtension>
            <ns3:atemp>15.0</ns3:atemp>
            <ns3:hr>119</ns3:hr>
            <ns3:cad>84</ns3:cad>
          </ns3:TrackPointExtension>
        </extensions>
      </trkpt>
      <trkpt lat="37.760199867188930511474609375" lon="-122.39928052760660648345947265625">
        <ele>54.200000762939453125</ele>
        <time>2025-12-03T14:58:18.000Z</time>
        <extensions>
          <ns3:TrackPointExtension>
            <ns3:atemp>15.0</ns3:atemp>
            <ns3:hr>120</ns3:hr>
            <ns3:cad>84</ns3:cad>
          </ns3:TrackPointExtension>
        </extensions>
      </trkpt>
      <trkpt lat="37.76020078919827938079833984375" lon="-122.39925990812480449676513671875">
        <ele>54.59999847412109375</ele>
        <time>2025-12-03T14:58:19.000Z</time>
        <extensions>
          <ns3:TrackPointExtension>
            <ns3:atemp>15.0</ns3:atemp>
            <ns3:hr>120</ns3:hr>
            <ns3:cad>84</ns3:cad>
          </ns3:TrackPointExtension>
        </extensions>
      </trkpt>
      <trkpt lat="37.76020430959761142730712890625" lon="-122.39924213849008083343505859375">
        <ele>55</ele>
        <time>2025-12-03T14:58:20.000Z</time>
        <extensions>
          <ns3:TrackPointExtension>
            <ns3:atemp>15.0</ns3:atemp>
            <ns3:hr>121</ns3:hr>
            <ns3:cad>82</ns3:cad>
          </ns3:TrackPointExtension>
        </extensions>
      </trkpt>
      <trkpt lat="37.76020028628408908843994140625" lon="-122.3992393724620342254638671875">
        <ele>55</ele>
        <time>2025-12-03T14:58:21.000Z</time>
        <extensions>
          <ns3:TrackPointExtension>
            <ns3:atemp>15.0</ns3:atemp>
            <ns3:hr>121</ns3:hr>
            <ns3:cad>82</ns3:cad>
          </ns3:TrackPointExtension>
        </extensions>
      </trkpt>
      <trkpt lat="37.7601970173418521881103515625" lon="-122.3992296494543552398681640625">
        <ele>55.200000762939453125</ele>
        <time>2025-12-03T14:58:22.000Z</time>
        <extensions>
          <ns3:TrackPointExtension>
            <ns3:atemp>15.0</ns3:atemp>
            <ns3:hr>121</ns3:hr>
            <ns3:cad>82</ns3:cad>
          </ns3:TrackPointExtension>
        </extensions>
      </trkpt>
      <trkpt lat="37.7601983584463596343994140625" lon="-122.39921112544834613800048828125">
        <ele>55</ele>
        <time>2025-12-03T14:58:23.000Z</time>
        <extensions>
          <ns3:TrackPointExtension>
            <ns3:atemp>15.0</ns3:atemp>
            <ns3:hr>121</ns3:hr>
            <ns3:cad>82</ns3:cad>
          </ns3:TrackPointExtension>
        </extensions>
      </trkpt>
      <trkpt lat="37.76019760407507419586181640625" lon="-122.399187572300434112548828125">
        <ele>55</ele>
        <time>2025-12-03T14:58:24.000Z</time>
        <extensions>
          <ns3:TrackPointExtension>
            <ns3:atemp>15.0</ns3:atemp>
            <ns3:hr>121</ns3:hr>
            <ns3:cad>0</ns3:cad>
          </ns3:TrackPointExtension>
        </extensions>
      </trkpt>
      <trkpt lat="37.76019995100796222686767578125" lon="-122.39917826838791370391845703125">
        <ele>54.799999237060546875</ele>
        <time>2025-12-03T14:58:25.000Z</time>
        <extensions>
          <ns3:TrackPointExtension>
            <ns3:atemp>15.0</ns3:atemp>
            <ns3:hr>121</ns3:hr>
            <ns3:cad>0</ns3:cad>
          </ns3:TrackPointExtension>
        </extensions>
      </trkpt>
      <trkpt lat="37.7602042257785797119140625" lon="-122.3991791903972625732421875">
        <ele>54.799999237060546875</ele>
        <time>2025-12-03T14:58:26.000Z</time>
        <extensions>
          <ns3:TrackPointExtension>
            <ns3:atemp>15.0</ns3:atemp>
            <ns3:hr>121</ns3:hr>
            <ns3:cad>0</ns3:cad>
          </ns3:TrackPointExtension>
        </extensions>
      </trkpt>
      <trkpt lat="37.76020221412181854248046875" lon="-122.39919670857489109039306640625">
        <ele>54.799999237060546875</ele>
        <time>2025-12-03T14:58:27.000Z</time>
        <extensions>
          <ns3:TrackPointExtension>
            <ns3:atemp>15.0</ns3:atemp>
            <ns3:hr>121</ns3:hr>
            <ns3:cad>0</ns3:cad>
          </ns3:TrackPointExtension>
        </extensions>
      </trkpt>
      <trkpt lat="37.7602033875882625579833984375" lon="-122.39921062253415584564208984375">
        <ele>54.799999237060546875</ele>
        <time>2025-12-03T14:58:28.000Z</time>
        <extensions>
          <ns3:TrackPointExtension>
            <ns3:atemp>15.0</ns3:atemp>
            <ns3:hr>121</ns3:hr>
            <ns3:cad>0</ns3:cad>
          </ns3:TrackPointExtension>
        </extensions>
      </trkpt>
      <trkpt lat="37.76020355522632598876953125" lon="-122.39921967498958110809326171875">
        <ele>54.799999237060546875</ele>
        <time>2025-12-03T14:58:29.000Z</time>
        <extensions>
          <ns3:TrackPointExtension>
            <ns3:atemp>15.0</ns3:atemp>
            <ns3:hr>121</ns3:hr>
            <ns3:cad>0</ns3:cad>
          </ns3:TrackPointExtension>
        </extensions>
      </trkpt>
      <trkpt lat="37.76020363904535770416259765625" lon="-122.39922001026570796966552734375">
        <ele>54.799999237060546875</ele>
        <time>2025-12-03T14:58:30.000Z</time>
        <extensions>
          <ns3:TrackPointExtension>
            <ns3:atemp>15.0</ns3:atemp>
            <ns3:hr>120</ns3:hr>
            <ns3:cad>0</ns3:cad>
          </ns3:TrackPointExtension>
        </extensions>
      </trkpt>
      <trkpt lat="37.76020464487373828887939453125" lon="-122.39922906272113323211669921875">
        <ele>54.799999237060546875</ele>
        <time>2025-12-03T14:58:31.000Z</time>
        <extensions>
          <ns3:TrackPointExtension>
            <ns3:atemp>15.0</ns3:atemp>
            <ns3:hr>119</ns3:hr>
            <ns3:cad>0</ns3:cad>
          </ns3:TrackPointExtension>
        </extensions>
      </trkpt>
      <trkpt lat="37.7602053992450237274169921875" lon="-122.39923643879592418670654296875">
        <ele>54.799999237060546875</ele>
        <time>2025-12-03T14:58:32.000Z</time>
        <extensions>
          <ns3:TrackPointExtension>
            <ns3:atemp>15.0</ns3:atemp>
            <ns3:hr>119</ns3:hr>
            <ns3:cad>0</ns3:cad>
          </ns3:TrackPointExtension>
        </extensions>
      </trkpt>
      <trkpt lat="37.7602033875882625579833984375" lon="-122.39924800582230091094970703125">
        <ele>54.799999237060546875</ele>
        <time>2025-12-03T14:58:33.000Z</time>
        <extensions>
          <ns3:TrackPointExtension>
            <ns3:atemp>15.0</ns3:atemp>
            <ns3:hr>118</ns3:hr>
            <ns3:cad>0</ns3:cad>
          </ns3:TrackPointExtension>
        </extensions>
      </trkpt>
      <trkpt lat="37.76020447723567485809326171875" lon="-122.39925823174417018890380859375">
        <ele>54.59999847412109375</ele>
        <time>2025-12-03T14:58:34.000Z</time>
        <extensions>
          <ns3:TrackPointExtension>
            <ns3:atemp>15.0</ns3:atemp>
            <ns3:hr>117</ns3:hr>
            <ns3:cad>0</ns3:cad>
          </ns3:TrackPointExtension>
        </extensions>
      </trkpt>
      <trkpt lat="37.7602067403495311737060546875" lon="-122.399262003600597381591796875">
        <ele>54.59999847412109375</ele>
        <time>2025-12-03T14:58:35.000Z</time>
        <extensions>
          <ns3:TrackPointExtension>
            <ns3:atemp>15.0</ns3:atemp>
            <ns3:hr>116</ns3:hr>
            <ns3:cad>0</ns3:cad>
          </ns3:TrackPointExtension>
        </extensions>
      </trkpt>
      <trkpt lat="37.7602077461779117584228515625" lon="-122.39926544018089771270751953125">
        <ele>54.59999847412109375</ele>
        <time>2025-12-03T14:58:36.000Z</time>
        <extensions>
          <ns3:TrackPointExtension>
            <ns3:atemp>15.0</ns3:atemp>
            <ns3:hr>116</ns3:hr>
            <ns3:cad>0</ns3:cad>
          </ns3:TrackPointExtension>
        </extensions>
      </trkpt>
      <trkpt lat="37.760210931301116943359375" lon="-122.399261333048343658447265625">
        <ele>54.59999847412109375</ele>
        <time>2025-12-03T14:58:37.000Z</time>
        <extensions>
          <ns3:TrackPointExtension>
            <ns3:atemp>15.0</ns3:atemp>
            <ns3:hr>116</ns3:hr>
            <ns3:cad>0</ns3:cad>
          </ns3:TrackPointExtension>
        </extensions>
      </trkpt>
      <trkpt lat="37.76021160185337066650390625" lon="-122.3992502689361572265625">
        <ele>54.59999847412109375</ele>
        <time>2025-12-03T14:58:38.000Z</time>
        <extensions>
          <ns3:TrackPointExtension>
            <ns3:atemp>15.0</ns3:atemp>
            <ns3:hr>117</ns3:hr>
            <ns3:cad>45</ns3:cad>
          </ns3:TrackPointExtension>
        </extensions>
      </trkpt>
      <trkpt lat="37.76021000929176807403564453125" lon="-122.39924616180360317230224609375">
        <ele>54.59999847412109375</ele>
        <time>2025-12-03T14:58:39.000Z</time>
        <extensions>
          <ns3:TrackPointExtension>
            <ns3:atemp>15.0</ns3:atemp>
            <ns3:hr>116</ns3:hr>
            <ns3:cad>45</ns3:cad>
          </ns3:TrackPointExtension>
        </extensions>
      </trkpt>
      <trkpt lat="37.7602141164243221282958984375" lon="-122.3992343433201313018798828125">
        <ele>54.40000152587890625</ele>
        <time>2025-12-03T14:58:40.000Z</time>
        <extensions>
          <ns3:TrackPointExtension>
            <ns3:atemp>15.0</ns3:atemp>
            <ns3:hr>116</ns3:hr>
            <ns3:cad>0</ns3:cad>
          </ns3:TrackPointExtension>
        </extensions>
      </trkpt>
      <trkpt lat="37.76021537370979785919189453125" lon="-122.39922168664634227752685546875">
        <ele>54.40000152587890625</ele>
        <time>2025-12-03T14:58:41.000Z</time>
        <extensions>
          <ns3:TrackPointExtension>
            <ns3:atemp>15.0</ns3:atemp>
            <ns3:hr>117</ns3:hr>
            <ns3:cad>0</ns3:cad>
          </ns3:TrackPointExtension>
        </extensions>
      </trkpt>
      <trkpt lat="37.7602144517004489898681640625" lon="-122.39922001026570796966552734375">
        <ele>54.40000152587890625</ele>
        <time>2025-12-03T14:58:42.000Z</time>
        <extensions>
          <ns3:TrackPointExtension>
            <ns3:atemp>15.0</ns3:atemp>
            <ns3:hr>116</ns3:hr>
            <ns3:cad>0</ns3:cad>
          </ns3:TrackPointExtension>
        </extensions>
      </trkpt>
      <trkpt lat="37.76021436788141727447509765625" lon="-122.39922009408473968505859375">
        <ele>54.40000152587890625</ele>
        <time>2025-12-03T14:58:43.000Z</time>
        <extensions>
          <ns3:TrackPointExtension>
            <ns3:atemp>15.0</ns3:atemp>
            <ns3:hr>116</ns3:hr>
            <ns3:cad>0</ns3:cad>
          </ns3:TrackPointExtension>
        </extensions>
      </trkpt>
      <trkpt lat="37.76021470315754413604736328125" lon="-122.399225123226642608642578125">
        <ele>54.40000152587890625</ele>
        <time>2025-12-03T14:58:44.000Z</time>
        <extensions>
          <ns3:TrackPointExtension>
            <ns3:atemp>15.0</ns3:atemp>
            <ns3:hr>116</ns3:hr>
            <ns3:cad>0</ns3:cad>
          </ns3:TrackPointExtension>
        </extensions>
      </trkpt>
      <trkpt lat="37.76020623743534088134765625" lon="-122.3992353491485118865966796875">
        <ele>54.40000152587890625</ele>
        <time>2025-12-03T14:58:45.000Z</time>
        <extensions>
          <ns3:TrackPointExtension>
            <ns3:atemp>15.0</ns3:atemp>
            <ns3:hr>116</ns3:hr>
            <ns3:cad>0</ns3:cad>
          </ns3:TrackPointExtension>
        </extensions>
      </trkpt>
      <trkpt lat="37.760196514427661895751953125" lon="-122.39924314431846141815185546875">
        <ele>54.40000152587890625</ele>
        <time>2025-12-03T14:58:46.000Z</time>
        <extensions>
          <ns3:TrackPointExtension>
            <ns3:atemp>15.0</ns3:atemp>
            <ns3:hr>116</ns3:hr>
            <ns3:cad>0</ns3:cad>
          </ns3:TrackPointExtension>
        </extensions>
      </trkpt>
      <trkpt lat="37.760174386203289031982421875" lon="-122.39924691617488861083984375">
        <ele>54.59999847412109375</ele>
        <time>2025-12-03T14:58:47.000Z</time>
        <extensions>
          <ns3:TrackPointExtension>
            <ns3:atemp>15.0</ns3:atemp>
            <ns3:hr>115</ns3:hr>
            <ns3:cad>0</ns3:cad>
          </ns3:TrackPointExtension>
        </extensions>
      </trkpt>
      <trkpt lat="37.76016273535788059234619140625" lon="-122.39924800582230091094970703125">
        <ele>54.59999847412109375</ele>
        <time>2025-12-03T14:58:48.000Z</time>
        <extensions>
          <ns3:TrackPointExtension>
            <ns3:atemp>15.0</ns3:atemp>
            <ns3:hr>115</ns3:hr>
            <ns3:cad>0</ns3:cad>
          </ns3:TrackPointExtension>
        </extensions>
      </trkpt>
      <trkpt lat="37.76013373397290706634521484375" lon="-122.39924984984099864959716796875">
        <ele>55</ele>
        <time>2025-12-03T14:58:49.000Z</time>
        <extensions>
          <ns3:TrackPointExtension>
            <ns3:atemp>15.0</ns3:atemp>
            <ns3:hr>115</ns3:hr>
            <ns3:cad>0</ns3:cad>
          </ns3:TrackPointExtension>
        </extensions>
      </trkpt>
      <trkpt lat="37.7601165510714054107666015625" lon="-122.39925102330744266510009765625">
        <ele>55.59999847412109375</ele>
        <time>2025-12-03T14:58:50.000Z</time>
        <extensions>
          <ns3:TrackPointExtension>
            <ns3:atemp>15.0</ns3:atemp>
            <ns3:hr>116</ns3:hr>
            <ns3:cad>0</ns3:cad>
          </ns3:TrackPointExtension>
        </extensions>
      </trkpt>
      <trkpt lat="37.76009358465671539306640625" lon="-122.39925521425902843475341796875">
        <ele>56.40000152587890625</ele>
        <time>2025-12-03T14:58:51.000Z</time>
        <extensions>
          <ns3:TrackPointExtension>
            <ns3:atemp>15.0</ns3:atemp>
            <ns3:hr>117</ns3:hr>
            <ns3:cad>83</ns3:cad>
          </ns3:TrackPointExtension>
        </extensions>
      </trkpt>
      <trkpt lat="37.7600736357271671295166015625" lon="-122.39925186149775981903076171875">
        <ele>57.200000762939453125</ele>
        <time>2025-12-03T14:58:52.000Z</time>
        <extensions>
          <ns3:TrackPointExtension>
            <ns3:atemp>15.0</ns3:atemp>
            <ns3:hr>122</ns3:hr>
            <ns3:cad>83</ns3:cad>
          </ns3:TrackPointExtension>
        </extensions>
      </trkpt>
      <trkpt lat="37.76004639454185962677001953125" lon="-122.3992531187832355499267578125">
        <ele>57.799999237060546875</ele>
        <time>2025-12-03T14:58:53.000Z</time>
        <extensions>
          <ns3:TrackPointExtension>
            <ns3:atemp>15.0</ns3:atemp>
            <ns3:hr>124</ns3:hr>
            <ns3:cad>83</ns3:cad>
          </ns3:TrackPointExtension>
        </extensions>
      </trkpt>
      <trkpt lat="37.76001806370913982391357421875" lon="-122.39925018511712551116943359375">
        <ele>58.40000152587890625</ele>
        <time>2025-12-03T14:58:54.000Z</time>
        <extensions>
          <ns3:TrackPointExtension>
            <ns3:atemp>15.0</ns3:atemp>
            <ns3:hr>126</ns3:hr>
            <ns3:cad>83</ns3:cad>
          </ns3:TrackPointExtension>
        </extensions>
      </trkpt>
      <trkpt lat="37.760003395378589630126953125" lon="-122.3992517776787281036376953125">
        <ele>59.200000762939453125</ele>
        <time>2025-12-03T14:58:55.000Z</time>
        <extensions>
          <ns3:TrackPointExtension>
            <ns3:atemp>15.0</ns3:atemp>
            <ns3:hr>127</ns3:hr>
            <ns3:cad>87</ns3:cad>
          </ns3:TrackPointExtension>
        </extensions>
      </trkpt>
      <trkpt lat="37.75998487137258052825927734375" lon="-122.39927097223699092864990234375">
        <ele>59.40000152587890625</ele>
        <time>2025-12-03T14:58:56.000Z</time>
        <extensions>
          <ns3:TrackPointExtension>
            <ns3:atemp>15.0</ns3:atemp>
            <ns3:hr>128</ns3:hr>
            <ns3:cad>87</ns3:cad>
          </ns3:TrackPointExtension>
        </extensions>
      </trkpt>
      <trkpt lat="37.75997363962233066558837890625" lon="-122.39929108880460262298583984375">
        <ele>60</ele>
        <time>2025-12-03T14:58:57.000Z</time>
        <extensions>
          <ns3:TrackPointExtension>
            <ns3:atemp>15.0</ns3:atemp>
            <ns3:hr>128</ns3:hr>
            <ns3:cad>86</ns3:cad>
          </ns3:TrackPointExtension>
        </extensions>
      </trkpt>
      <trkpt lat="37.75995586998760700225830078125" lon="-122.3993181623518466949462890625">
        <ele>60.40000152587890625</ele>
        <time>2025-12-03T14:58:58.000Z</time>
        <extensions>
          <ns3:TrackPointExtension>
            <ns3:atemp>15.0</ns3:atemp>
            <ns3:hr>129</ns3:hr>
            <ns3:cad>86</ns3:cad>
          </ns3:TrackPointExtension>
        </extensions>
      </trkpt>
      <trkpt lat="37.75994212366640567779541015625" lon="-122.39933886565268039703369140625">
        <ele>61</ele>
        <time>2025-12-03T14:58:59.000Z</time>
        <extensions>
          <ns3:TrackPointExtension>
            <ns3:atemp>15.0</ns3:atemp>
            <ns3:hr>130</ns3:hr>
            <ns3:cad>86</ns3:cad>
          </ns3:TrackPointExtension>
        </extensions>
      </trkpt>
      <trkpt lat="37.7599334903061389923095703125" lon="-122.399369291961193084716796875">
        <ele>61.40000152587890625</ele>
        <time>2025-12-03T14:59:00.000Z</time>
        <extensions>
          <ns3:TrackPointExtension>
            <ns3:atemp>15.0</ns3:atemp>
            <ns3:hr>130</ns3:hr>
            <ns3:cad>86</ns3:cad>
          </ns3:TrackPointExtension>
        </extensions>
      </trkpt>
      <trkpt lat="37.7599261142313480377197265625" lon="-122.39941799081861972808837890625">
        <ele>61.59999847412109375</ele>
        <time>2025-12-03T14:59:01.000Z</time>
        <extensions>
          <ns3:TrackPointExtension>
            <ns3:atemp>15.0</ns3:atemp>
            <ns3:hr>130</ns3:hr>
            <ns3:cad>86</ns3:cad>
          </ns3:TrackPointExtension>
        </extensions>
      </trkpt>
      <trkpt lat="37.75991999544203281402587890625" lon="-122.3994479142129421234130859375">
        <ele>61.59999847412109375</ele>
        <time>2025-12-03T14:59:02.000Z</time>
        <extensions>
          <ns3:TrackPointExtension>
            <ns3:atemp>15.0</ns3:atemp>
            <ns3:hr>131</ns3:hr>
            <ns3:cad>85</ns3:cad>
          </ns3:TrackPointExtension>
        </extensions>
      </trkpt>
      <trkpt lat="37.75991714559495449066162109375" lon="-122.39949124865233898162841796875">
        <ele>61.40000152587890625</ele>
        <time>2025-12-03T14:59:03.000Z</time>
        <extensions>
          <ns3:TrackPointExtension>
            <ns3:atemp>15.0</ns3:atemp>
            <ns3:hr>131</ns3:hr>
            <ns3:cad>84</ns3:cad>
          </ns3:TrackPointExtension>
        </extensions>
      </trkpt>
      <trkpt lat="37.75991027243435382843017578125" lon="-122.39953533746302127838134765625">
        <ele>61.200000762939453125</ele>
        <time>2025-12-03T14:59:04.000Z</time>
        <extensions>
          <ns3:TrackPointExtension>
            <ns3:atemp>15.0</ns3:atemp>
            <ns3:hr>131</ns3:hr>
            <ns3:cad>84</ns3:cad>
          </ns3:TrackPointExtension>
        </extensions>
      </trkpt>
      <trkpt lat="37.75990474037826061248779296875" lon="-122.39957707934081554412841796875">
        <ele>60.59999847412109375</ele>
        <time>2025-12-03T14:59:05.000Z</time>
        <extensions>
          <ns3:TrackPointExtension>
            <ns3:atemp>15.0</ns3:atemp>
            <ns3:hr>132</ns3:hr>
            <ns3:cad>84</ns3:cad>
          </ns3:TrackPointExtension>
        </extensions>
      </trkpt>
      <trkpt lat="37.75989652611315250396728515625" lon="-122.3996276222169399261474609375">
        <ele>60.40000152587890625</ele>
        <time>2025-12-03T14:59:06.000Z</time>
        <extensions>
          <ns3:TrackPointExtension>
            <ns3:atemp>15.0</ns3:atemp>
            <ns3:hr>132</ns3:hr>
            <ns3:cad>83</ns3:cad>
          </ns3:TrackPointExtension>
        </extensions>
      </trkpt>
      <trkpt lat="37.75989149697124958038330078125" lon="-122.39966274239122867584228515625">
        <ele>60</ele>
        <time>2025-12-03T14:59:07.000Z</time>
        <extensions>
          <ns3:TrackPointExtension>
            <ns3:atemp>15.0</ns3:atemp>
            <ns3:hr>133</ns3:hr>
            <ns3:cad>83</ns3:cad>
          </ns3:TrackPointExtension>
        </extensions>
      </trkpt>
      <trkpt lat="37.75988747365772724151611328125" lon="-122.39971454255282878875732421875">
        <ele>59.59999847412109375</ele>
        <time>2025-12-03T14:59:08.000Z</time>
        <extensions>
          <ns3:TrackPointExtension>
            <ns3:atemp>15.0</ns3:atemp>
            <ns3:hr>133</ns3:hr>
            <ns3:cad>85</ns3:cad>
          </ns3:TrackPointExtension>
        </extensions>
      </trkpt>
      <trkpt lat="37.75988261215388774871826171875" lon="-122.3997520096600055694580078125">
        <ele>59.40000152587890625</ele>
        <time>2025-12-03T14:59:09.000Z</time>
        <extensions>
          <ns3:TrackPointExtension>
            <ns3:atemp>15.0</ns3:atemp>
            <ns3:hr>134</ns3:hr>
            <ns3:cad>86</ns3:cad>
          </ns3:TrackPointExtension>
        </extensions>
      </trkpt>
      <trkpt lat="37.7598821930587291717529296875" lon="-122.39980204962193965911865234375">
        <ele>59.200000762939453125</ele>
        <time>2025-12-03T14:59:10.000Z</time>
        <extensions>
          <ns3:TrackPointExtension>
            <ns3:atemp>15.0</ns3:atemp>
            <ns3:hr>134</ns3:hr>
            <ns3:cad>86</ns3:cad>
          </ns3:TrackPointExtension>
        </extensions>
      </trkpt>
      <trkpt lat="37.7598764933645725250244140625" lon="-122.3998472280800342559814453125">
        <ele>58.799999237060546875</ele>
        <time>2025-12-03T14:59:11.000Z</time>
        <extensions>
          <ns3:TrackPointExtension>
            <ns3:atemp>15.0</ns3:atemp>
            <ns3:hr>134</ns3:hr>
            <ns3:cad>86</ns3:cad>
          </ns3:TrackPointExtension>
        </extensions>
      </trkpt>
      <trkpt lat="37.75986853055655956268310546875" lon="-122.39989358000457286834716796875">
        <ele>58.59999847412109375</ele>
        <time>2025-12-03T14:59:12.000Z</time>
        <extensions>
          <ns3:TrackPointExtension>
            <ns3:atemp>15.0</ns3:atemp>
            <ns3:hr>134</ns3:hr>
            <ns3:cad>85</ns3:cad>
          </ns3:TrackPointExtension>
        </extensions>
      </trkpt>
      <trkpt lat="37.75987020693719387054443359375" lon="-122.39994118921458721160888671875">
        <ele>58.40000152587890625</ele>
        <time>2025-12-03T14:59:13.000Z</time>
        <extensions>
          <ns3:TrackPointExtension>
            <ns3:atemp>15.0</ns3:atemp>
            <ns3:hr>135</ns3:hr>
            <ns3:cad>85</ns3:cad>
          </ns3:TrackPointExtension>
        </extensions>
      </trkpt>
      <trkpt lat="37.75987087748944759368896484375" lon="-122.39998209290206432342529296875">
        <ele>58</ele>
        <time>2025-12-03T14:59:14.000Z</time>
        <extensions>
          <ns3:TrackPointExtension>
            <ns3:atemp>15.0</ns3:atemp>
            <ns3:hr>135</ns3:hr>
            <ns3:cad>85</ns3:cad>
          </ns3:TrackPointExtension>
        </extensions>
      </trkpt>
      <trkpt lat="37.75986501015722751617431640625" lon="-122.40003439597785472869873046875">
        <ele>57.799999237060546875</ele>
        <time>2025-12-03T14:59:15.000Z</time>
        <extensions>
          <ns3:TrackPointExtension>
            <ns3:atemp>15.0</ns3:atemp>
            <ns3:hr>135</ns3:hr>
            <ns3:cad>86</ns3:cad>
          </ns3:TrackPointExtension>
        </extensions>
      </trkpt>
      <trkpt lat="37.75986551307141780853271484375" lon="-122.4000715278089046478271484375">
        <ele>57.40000152587890625</ele>
        <time>2025-12-03T14:59:16.000Z</time>
        <extensions>
          <ns3:TrackPointExtension>
            <ns3:atemp>15.0</ns3:atemp>
            <ns3:hr>135</ns3:hr>
            <ns3:cad>86</ns3:cad>
          </ns3:TrackPointExtension>
        </extensions>
      </trkpt>
      <trkpt lat="37.75985897518694400787353515625" lon="-122.40012240596115589141845703125">
        <ele>57.200000762939453125</ele>
        <time>2025-12-03T14:59:17.000Z</time>
        <extensions>
          <ns3:TrackPointExtension>
            <ns3:atemp>15.0</ns3:atemp>
            <ns3:hr>135</ns3:hr>
            <ns3:cad>86</ns3:cad>
          </ns3:TrackPointExtension>
        </extensions>
      </trkpt>
      <trkpt lat="37.7598630823194980621337890625" lon="-122.40017906762659549713134765625">
        <ele>57</ele>
        <time>2025-12-03T14:59:18.000Z</time>
        <extensions>
          <ns3:TrackPointExtension>
            <ns3:atemp>15.0</ns3:atemp>
            <ns3:hr>134</ns3:hr>
            <ns3:cad>86</ns3:cad>
          </ns3:TrackPointExtension>
        </extensions>
      </trkpt>
      <trkpt lat="37.759864591062068939208984375" lon="-122.40020706318318843841552734375">
        <ele>57</ele>
        <time>2025-12-03T14:59:19.000Z</time>
        <extensions>
          <ns3:TrackPointExtension>
            <ns3:atemp>15.0</ns3:atemp>
            <ns3:hr>134</ns3:hr>
            <ns3:cad>87</ns3:cad>
          </ns3:TrackPointExtension>
        </extensions>
      </trkpt>
      <trkpt lat="37.7598557062447071075439453125" lon="-122.4002332985401153564453125">
        <ele>56.799999237060546875</ele>
        <time>2025-12-03T14:59:20.000Z</time>
        <extensions>
          <ns3:TrackPointExtension>
            <ns3:atemp>15.0</ns3:atemp>
            <ns3:hr>134</ns3:hr>
            <ns3:cad>88</ns3:cad>
          </ns3:TrackPointExtension>
        </extensions>
      </trkpt>
      <trkpt lat="37.759835422039031982421875" lon="-122.40024327300488948822021484375">
        <ele>56.799999237060546875</ele>
        <time>2025-12-03T14:59:21.000Z</time>
        <extensions>
          <ns3:TrackPointExtension>
            <ns3:atemp>15.0</ns3:atemp>
            <ns3:hr>133</ns3:hr>
            <ns3:cad>88</ns3:cad>
          </ns3:TrackPointExtension>
        </extensions>
      </trkpt>
      <trkpt lat="37.75981522165238857269287109375" lon="-122.4002495594322681427001953125">
        <ele>56.59999847412109375</ele>
        <time>2025-12-03T14:59:22.000Z</time>
        <extensions>
          <ns3:TrackPointExtension>
            <ns3:atemp>15.0</ns3:atemp>
            <ns3:hr>134</ns3:hr>
            <ns3:cad>88</ns3:cad>
          </ns3:TrackPointExtension>
        </extensions>
      </trkpt>
      <trkpt lat="37.7598020620644092559814453125" lon="-122.40024511702358722686767578125">
        <ele>56.59999847412109375</ele>
        <time>2025-12-03T14:59:23.000Z</time>
        <extensions>
          <ns3:TrackPointExtension>
            <ns3:atemp>15.0</ns3:atemp>
            <ns3:hr>134</ns3:hr>
            <ns3:cad>88</ns3:cad>
          </ns3:TrackPointExtension>
        </extensions>
      </trkpt>
      <trkpt lat="37.7597826160490512847900390625" lon="-122.4002321250736713409423828125">
        <ele>56.59999847412109375</ele>
        <time>2025-12-03T14:59:24.000Z</time>
        <extensions>
          <ns3:TrackPointExtension>
            <ns3:atemp>15.0</ns3:atemp>
            <ns3:hr>133</ns3:hr>
            <ns3:cad>88</ns3:cad>
          </ns3:TrackPointExtension>
        </extensions>
      </trkpt>
      <trkpt lat="37.759770713746547698974609375" lon="-122.400218881666660308837890625">
        <ele>56.59999847412109375</ele>
        <time>2025-12-03T14:59:25.000Z</time>
        <extensions>
          <ns3:TrackPointExtension>
            <ns3:atemp>15.0</ns3:atemp>
            <ns3:hr>133</ns3:hr>
            <ns3:cad>88</ns3:cad>
          </ns3:TrackPointExtension>
        </extensions>
      </trkpt>
      <trkpt lat="37.7597618289291858673095703125" lon="-122.40020371042191982269287109375">
        <ele>56.59999847412109375</ele>
        <time>2025-12-03T14:59:26.000Z</time>
        <extensions>
          <ns3:TrackPointExtension>
            <ns3:atemp>14.0</ns3:atemp>
            <ns3:hr>133</ns3:hr>
            <ns3:cad>88</ns3:cad>
          </ns3:TrackPointExtension>
        </extensions>
      </trkpt>
      <trkpt lat="37.75975537486374378204345703125" lon="-122.40018862299621105194091796875">
        <ele>56.59999847412109375</ele>
        <time>2025-12-03T14:59:27.000Z</time>
        <extensions>
          <ns3:TrackPointExtension>
            <ns3:atemp>15.0</ns3:atemp>
            <ns3:hr>133</ns3:hr>
            <ns3:cad>88</ns3:cad>
          </ns3:TrackPointExtension>
        </extensions>
      </trkpt>
      <trkpt lat="37.75976040400564670562744140625" lon="-122.40017236210405826568603515625">
        <ele>56.59999847412109375</ele>
        <time>2025-12-03T14:59:28.000Z</time>
        <extensions>
          <ns3:TrackPointExtension>
            <ns3:atemp>15.0</ns3:atemp>
            <ns3:hr>133</ns3:hr>
            <ns3:cad>60</ns3:cad>
          </ns3:TrackPointExtension>
        </extensions>
      </trkpt>
      <trkpt lat="37.75976761244237422943115234375" lon="-122.400157861411571502685546875">
        <ele>56.59999847412109375</ele>
        <time>2025-12-03T14:59:29.000Z</time>
        <extensions>
          <ns3:TrackPointExtension>
            <ns3:atemp>14.0</ns3:atemp>
            <ns3:hr>132</ns3:hr>
            <ns3:cad>60</ns3:cad>
          </ns3:TrackPointExtension>
        </extensions>
      </trkpt>
      <trkpt lat="37.75977415032684803009033203125" lon="-122.40014654584228992462158203125">
        <ele>56.59999847412109375</ele>
        <time>2025-12-03T14:59:30.000Z</time>
        <extensions>
          <ns3:TrackPointExtension>
            <ns3:atemp>15.0</ns3:atemp>
            <ns3:hr>132</ns3:hr>
            <ns3:cad>60</ns3:cad>
          </ns3:TrackPointExtension>
        </extensions>
      </trkpt>
      <trkpt lat="37.75978219695389270782470703125" lon="-122.40013732574880123138427734375">
        <ele>56.59999847412109375</ele>
        <time>2025-12-03T14:59:31.000Z</time>
        <extensions>
          <ns3:TrackPointExtension>
            <ns3:atemp>14.0</ns3:atemp>
            <ns3:hr>131</ns3:hr>
            <ns3:cad>57</ns3:cad>
          </ns3:TrackPointExtension>
        </extensions>
      </trkpt>
      <trkpt lat="37.759791500866413116455078125" lon="-122.4001392535865306854248046875">
        <ele>56.59999847412109375</ele>
        <time>2025-12-03T14:59:32.000Z</time>
        <extensions>
          <ns3:TrackPointExtension>
            <ns3:atemp>14.0</ns3:atemp>
            <ns3:hr>130</ns3:hr>
            <ns3:cad>57</ns3:cad>
          </ns3:TrackPointExtension>
        </extensions>
      </trkpt>
      <trkpt lat="37.75979912839829921722412109375" lon="-122.40014738403260707855224609375">
        <ele>56.799999237060546875</ele>
        <time>2025-12-03T14:59:33.000Z</time>
        <extensions>
          <ns3:TrackPointExtension>
            <ns3:atemp>14.0</ns3:atemp>
            <ns3:hr>129</ns3:hr>
            <ns3:cad>56</ns3:cad>
          </ns3:TrackPointExtension>
        </extensions>
      </trkpt>
      <trkpt lat="37.7598059177398681640625" lon="-122.40015744231641292572021484375">
        <ele>56.799999237060546875</ele>
        <time>2025-12-03T14:59:34.000Z</time>
        <extensions>
          <ns3:TrackPointExtension>
            <ns3:atemp>14.0</ns3:atemp>
            <ns3:hr>127</ns3:hr>
            <ns3:cad>56</ns3:cad>
          </ns3:TrackPointExtension>
        </extensions>
      </trkpt>
      <trkpt lat="37.75980658829212188720703125" lon="-122.4001694284379482269287109375">
        <ele>56.799999237060546875</ele>
        <time>2025-12-03T14:59:35.000Z</time>
        <extensions>
          <ns3:TrackPointExtension>
            <ns3:atemp>14.0</ns3:atemp>
            <ns3:hr>124</ns3:hr>
            <ns3:cad>56</ns3:cad>
          </ns3:TrackPointExtension>
        </extensions>
      </trkpt>
      <trkpt lat="37.7598077617585659027099609375" lon="-122.40018091164529323577880859375">
        <ele>56.799999237060546875</ele>
        <time>2025-12-03T14:59:36.000Z</time>
        <extensions>
          <ns3:TrackPointExtension>
            <ns3:atemp>14.0</ns3:atemp>
            <ns3:hr>124</ns3:hr>
            <ns3:cad>55</ns3:cad>
          </ns3:TrackPointExtension>
        </extensions>
      </trkpt>
      <trkpt lat="37.75980751030147075653076171875" lon="-122.40018166601657867431640625">
        <ele>56.799999237060546875</ele>
        <time>2025-12-03T14:59:37.000Z</time>
        <extensions>
          <ns3:TrackPointExtension>
            <ns3:atemp>14.0</ns3:atemp>
            <ns3:hr>124</ns3:hr>
            <ns3:cad>55</ns3:cad>
          </ns3:TrackPointExtension>
        </extensions>
      </trkpt>
      <trkpt lat="37.75980918668210506439208984375" lon="-122.400172613561153411865234375">
        <ele>56.799999237060546875</ele>
        <time>2025-12-03T14:59:38.000Z</time>
        <extensions>
          <ns3:TrackPointExtension>
            <ns3:atemp>14.0</ns3:atemp>
            <ns3:hr>123</ns3:hr>
            <ns3:cad>55</ns3:cad>
          </ns3:TrackPointExtension>
        </extensions>
      </trkpt>
      <trkpt lat="37.759813964366912841796875" lon="-122.4001608788967132568359375">
        <ele>56.799999237060546875</ele>
        <time>2025-12-03T14:59:39.000Z</time>
        <extensions>
          <ns3:TrackPointExtension>
            <ns3:atemp>14.0</ns3:atemp>
            <ns3:hr>123</ns3:hr>
            <ns3:cad>55</ns3:cad>
          </ns3:TrackPointExtension>
        </extensions>
      </trkpt>
      <trkpt lat="37.75981673039495944976806640625" lon="-122.40015978924930095672607421875">
        <ele>56.799999237060546875</ele>
        <time>2025-12-03T14:59:40.000Z</time>
        <extensions>
          <ns3:TrackPointExtension>
            <ns3:atemp>14.0</ns3:atemp>
            <ns3:hr>123</ns3:hr>
            <ns3:cad>55</ns3:cad>
          </ns3:TrackPointExtension>
        </extensions>
      </trkpt>
      <trkpt lat="37.75981840677559375762939453125" lon="-122.4001550115644931793212890625">
        <ele>57</ele>
        <time>2025-12-03T14:59:41.000Z</time>
        <extensions>
          <ns3:TrackPointExtension>
            <ns3:atemp>14.0</ns3:atemp>
            <ns3:hr>123</ns3:hr>
            <ns3:cad>0</ns3:cad>
          </ns3:TrackPointExtension>
        </extensions>
      </trkpt>
      <trkpt lat="37.75981740094721317291259765625" lon="-122.40015660412609577178955078125">
        <ele>57</ele>
        <time>2025-12-03T14:59:42.000Z</time>
        <extensions>
          <ns3:TrackPointExtension>
            <ns3:atemp>14.0</ns3:atemp>
            <ns3:hr>123</ns3:hr>
            <ns3:cad>0</ns3:cad>
          </ns3:TrackPointExtension>
        </extensions>
      </trkpt>
      <trkpt lat="37.7598060853779315948486328125" lon="-122.40016498602926731109619140625">
        <ele>57</ele>
        <time>2025-12-03T14:59:43.000Z</time>
        <extensions>
          <ns3:TrackPointExtension>
            <ns3:atemp>14.0</ns3:atemp>
            <ns3:hr>124</ns3:hr>
            <ns3:cad>0</ns3:cad>
          </ns3:TrackPointExtension>
        </extensions>
      </trkpt>
      <trkpt lat="37.75980046950280666351318359375" lon="-122.40017286501824855804443359375">
        <ele>57</ele>
        <time>2025-12-03T14:59:44.000Z</time>
        <extensions>
          <ns3:TrackPointExtension>
            <ns3:atemp>14.0</ns3:atemp>
            <ns3:hr>124</ns3:hr>
            <ns3:cad>0</ns3:cad>
          </ns3:TrackPointExtension>
        </extensions>
      </trkpt>
      <trkpt lat="37.75979694910347461700439453125" lon="-122.4001731164753437042236328125">
        <ele>57.200000762939453125</ele>
        <time>2025-12-03T14:59:45.000Z</time>
        <extensions>
          <ns3:TrackPointExtension>
            <ns3:atemp>14.0</ns3:atemp>
            <ns3:hr>125</ns3:hr>
            <ns3:cad>0</ns3:cad>
          </ns3:TrackPointExtension>
        </extensions>
      </trkpt>
      <trkpt lat="37.7597966976463794708251953125" lon="-122.40017403848469257354736328125">
        <ele>57.200000762939453125</ele>
        <time>2025-12-03T14:59:46.000Z</time>
        <extensions>
          <ns3:TrackPointExtension>
            <ns3:atemp>14.0</ns3:atemp>
            <ns3:hr>125</ns3:hr>
            <ns3:cad>0</ns3:cad>
          </ns3:TrackPointExtension>
        </extensions>
      </trkpt>
      <trkpt lat="37.7597992122173309326171875" lon="-122.400194071233272552490234375">
        <ele>57.200000762939453125</ele>
        <time>2025-12-03T14:59:47.000Z</time>
        <extensions>
          <ns3:TrackPointExtension>
            <ns3:atemp>14.0</ns3:atemp>
            <ns3:hr>125</ns3:hr>
            <ns3:cad>0</ns3:cad>
          </ns3:TrackPointExtension>
        </extensions>
      </trkpt>
      <trkpt lat="37.75980298407375812530517578125" lon="-122.40022768266499042510986328125">
        <ele>57.200000762939453125</ele>
        <time>2025-12-03T14:59:48.000Z</time>
        <extensions>
          <ns3:TrackPointExtension>
            <ns3:atemp>14.0</ns3:atemp>
            <ns3:hr>124</ns3:hr>
            <ns3:cad>0</ns3:cad>
          </ns3:TrackPointExtension>
        </extensions>
      </trkpt>
      <trkpt lat="37.759806923568248748779296875" lon="-122.40026288665831089019775390625">
        <ele>57.200000762939453125</ele>
        <time>2025-12-03T14:59:49.000Z</time>
        <extensions>
          <ns3:TrackPointExtension>
            <ns3:atemp>14.0</ns3:atemp>
            <ns3:hr>124</ns3:hr>
            <ns3:cad>0</ns3:cad>
          </ns3:TrackPointExtension>
        </extensions>
      </trkpt>
      <trkpt lat="37.7598077617585659027099609375" lon="-122.40032340399920940399169921875">
        <ele>57.200000762939453125</ele>
        <time>2025-12-03T14:59:50.000Z</time>
        <extensions>
          <ns3:TrackPointExtension>
            <ns3:atemp>14.0</ns3:atemp>
            <ns3:hr>123</ns3:hr>
            <ns3:cad>0</ns3:cad>
          </ns3:TrackPointExtension>
        </extensions>
      </trkpt>
      <trkpt lat="37.75980834849178791046142578125" lon="-122.400357015430927276611328125">
        <ele>57.200000762939453125</ele>
        <time>2025-12-03T14:59:51.000Z</time>
        <extensions>
          <ns3:TrackPointExtension>
            <ns3:atemp>14.0</ns3:atemp>
            <ns3:hr>123</ns3:hr>
            <ns3:cad>91</ns3:cad>
          </ns3:TrackPointExtension>
        </extensions>
      </trkpt>
      <trkpt lat="37.75980734266340732574462890625" lon="-122.40041811950504779815673828125">
        <ele>57.40000152587890625</ele>
        <time>2025-12-03T14:59:52.000Z</time>
        <extensions>
          <ns3:TrackPointExtension>
            <ns3:atemp>14.0</ns3:atemp>
            <ns3:hr>123</ns3:hr>
            <ns3:cad>91</ns3:cad>
          </ns3:TrackPointExtension>
        </extensions>
      </trkpt>
      <trkpt lat="37.759806253015995025634765625" lon="-122.4004641361534595489501953125">
        <ele>57.799999237060546875</ele>
        <time>2025-12-03T14:59:53.000Z</time>
        <extensions>
          <ns3:TrackPointExtension>
            <ns3:atemp>14.0</ns3:atemp>
            <ns3:hr>123</ns3:hr>
            <ns3:cad>91</ns3:cad>
          </ns3:TrackPointExtension>
        </extensions>
      </trkpt>
      <trkpt lat="37.759813964366912841796875" lon="-122.400507889688014984130859375">
        <ele>58.40000152587890625</ele>
        <time>2025-12-03T14:59:54.000Z</time>
        <extensions>
          <ns3:TrackPointExtension>
            <ns3:atemp>14.0</ns3:atemp>
            <ns3:hr>123</ns3:hr>
            <ns3:cad>91</ns3:cad>
          </ns3:TrackPointExtension>
        </extensions>
      </trkpt>
      <trkpt lat="37.759812287986278533935546875" lon="-122.4005469493567943572998046875">
        <ele>59.40000152587890625</ele>
        <time>2025-12-03T14:59:55.000Z</time>
        <extensions>
          <ns3:TrackPointExtension>
            <ns3:atemp>14.0</ns3:atemp>
            <ns3:hr>124</ns3:hr>
            <ns3:cad>91</ns3:cad>
          </ns3:TrackPointExtension>
        </extensions>
      </trkpt>
      <trkpt lat="37.75981924496591091156005859375" lon="-122.40058894269168376922607421875">
        <ele>59.799999237060546875</ele>
        <time>2025-12-03T14:59:56.000Z</time>
        <extensions>
          <ns3:TrackPointExtension>
            <ns3:atemp>14.0</ns3:atemp>
            <ns3:hr>124</ns3:hr>
            <ns3:cad>93</ns3:cad>
          </ns3:TrackPointExtension>
        </extensions>
      </trkpt>
      <trkpt lat="37.7598198316991329193115234375" lon="-122.4006160162389278411865234375">
        <ele>60.59999847412109375</ele>
        <time>2025-12-03T14:59:57.000Z</time>
        <extensions>
          <ns3:TrackPointExtension>
            <ns3:atemp>14.0</ns3:atemp>
            <ns3:hr>125</ns3:hr>
            <ns3:cad>93</ns3:cad>
          </ns3:TrackPointExtension>
        </extensions>
      </trkpt>
      <trkpt lat="37.7598235197365283966064453125" lon="-122.400649376213550567626953125">
        <ele>61</ele>
        <time>2025-12-03T14:59:58.000Z</time>
        <extensions>
          <ns3:TrackPointExtension>
            <ns3:atemp>14.0</ns3:atemp>
            <ns3:hr>125</ns3:hr>
            <ns3:cad>92</ns3:cad>
          </ns3:TrackPointExtension>
        </extensions>
      </trkpt>
      <trkpt lat="37.75982276536524295806884765625" lon="-122.40067041479051113128662109375">
        <ele>61.799999237060546875</ele>
        <time>2025-12-03T14:59:59.000Z</time>
        <extensions>
          <ns3:TrackPointExtension>
            <ns3:atemp>14.0</ns3:atemp>
            <ns3:hr>126</ns3:hr>
            <ns3:cad>92</ns3:cad>
          </ns3:TrackPointExtension>
        </extensions>
      </trkpt>
      <trkpt lat="37.7598194964230060577392578125" lon="-122.40069924853742122650146484375">
        <ele>62</ele>
        <time>2025-12-03T15:00:00.000Z</time>
        <extensions>
          <ns3:TrackPointExtension>
            <ns3:atemp>14.0</ns3:atemp>
            <ns3:hr>126</ns3:hr>
            <ns3:cad>90</ns3:cad>
          </ns3:TrackPointExtension>
        </extensions>
      </trkpt>
      <trkpt lat="37.7598161436617374420166015625" lon="-122.40071810781955718994140625">
        <ele>62.59999847412109375</ele>
        <time>2025-12-03T15:00:01.000Z</time>
        <extensions>
          <ns3:TrackPointExtension>
            <ns3:atemp>14.0</ns3:atemp>
            <ns3:hr>126</ns3:hr>
            <ns3:cad>90</ns3:cad>
          </ns3:TrackPointExtension>
        </extensions>
      </trkpt>
      <trkpt lat="37.7598127909004688262939453125" lon="-122.400752641260623931884765625">
        <ele>63</ele>
        <time>2025-12-03T15:00:02.000Z</time>
        <extensions>
          <ns3:TrackPointExtension>
            <ns3:atemp>14.0</ns3:atemp>
            <ns3:hr>126</ns3:hr>
            <ns3:cad>90</ns3:cad>
          </ns3:TrackPointExtension>
        </extensions>
      </trkpt>
      <trkpt lat="37.75980700738728046417236328125" lon="-122.400781810283660888671875">
        <ele>63.40000152587890625</ele>
        <time>2025-12-03T15:00:03.000Z</time>
        <extensions>
          <ns3:TrackPointExtension>
            <ns3:atemp>14.0</ns3:atemp>
            <ns3:hr>126</ns3:hr>
            <ns3:cad>90</ns3:cad>
          </ns3:TrackPointExtension>
        </extensions>
      </trkpt>
      <trkpt lat="37.75980667211115360260009765625" lon="-122.4008218757808208465576171875">
        <ele>64</ele>
        <time>2025-12-03T15:00:04.000Z</time>
        <extensions>
          <ns3:TrackPointExtension>
            <ns3:atemp>14.0</ns3:atemp>
            <ns3:hr>127</ns3:hr>
            <ns3:cad>90</ns3:cad>
          </ns3:TrackPointExtension>
        </extensions>
      </trkpt>
      <trkpt lat="37.759806923568248748779296875" lon="-122.4008450098335742950439453125">
        <ele>64.1999969482421875</ele>
        <time>2025-12-03T15:00:05.000Z</time>
        <extensions>
          <ns3:TrackPointExtension>
            <ns3:atemp>14.0</ns3:atemp>
            <ns3:hr>127</ns3:hr>
            <ns3:cad>89</ns3:cad>
          </ns3:TrackPointExtension>
        </extensions>
      </trkpt>
      <trkpt lat="37.7598087675869464874267578125" lon="-122.40088013000786304473876953125">
        <ele>65</ele>
        <time>2025-12-03T15:00:06.000Z</time>
        <extensions>
          <ns3:TrackPointExtension>
            <ns3:atemp>14.0</ns3:atemp>
            <ns3:hr>127</ns3:hr>
            <ns3:cad>89</ns3:cad>
          </ns3:TrackPointExtension>
        </extensions>
      </trkpt>
      <trkpt lat="37.7598050795495510101318359375" lon="-122.40090309642255306243896484375">
        <ele>65.59999847412109375</ele>
        <time>2025-12-03T15:00:07.000Z</time>
        <extensions>
          <ns3:TrackPointExtension>
            <ns3:atemp>14.0</ns3:atemp>
            <ns3:hr>127</ns3:hr>
            <ns3:cad>89</ns3:cad>
          </ns3:TrackPointExtension>
        </extensions>
      </trkpt>
      <trkpt lat="37.7598074264824390411376953125" lon="-122.40093997679650783538818359375">
        <ele>66</ele>
        <time>2025-12-03T15:00:08.000Z</time>
        <extensions>
          <ns3:TrackPointExtension>
            <ns3:atemp>14.0</ns3:atemp>
            <ns3:hr>127</ns3:hr>
            <ns3:cad>89</ns3:cad>
          </ns3:TrackPointExtension>
        </extensions>
      </trkpt>
      <trkpt lat="37.75980432517826557159423828125" lon="-122.4009693972766399383544921875">
        <ele>66.59999847412109375</ele>
        <time>2025-12-03T15:00:09.000Z</time>
        <extensions>
          <ns3:TrackPointExtension>
            <ns3:atemp>14.0</ns3:atemp>
            <ns3:hr>127</ns3:hr>
            <ns3:cad>89</ns3:cad>
          </ns3:TrackPointExtension>
        </extensions>
      </trkpt>
      <trkpt lat="37.75980549864470958709716796875" lon="-122.40101323463022708892822265625">
        <ele>67</ele>
        <time>2025-12-03T15:00:10.000Z</time>
        <extensions>
          <ns3:TrackPointExtension>
            <ns3:atemp>14.0</ns3:atemp>
            <ns3:hr>128</ns3:hr>
            <ns3:cad>89</ns3:cad>
          </ns3:TrackPointExtension>
        </extensions>
      </trkpt>
      <trkpt lat="37.7598154731094837188720703125" lon="-122.4010478518903255462646484375">
        <ele>67.59999847412109375</ele>
        <time>2025-12-03T15:00:11.000Z</time>
        <extensions>
          <ns3:TrackPointExtension>
            <ns3:atemp>14.0</ns3:atemp>
            <ns3:hr>128</ns3:hr>
            <ns3:cad>89</ns3:cad>
          </ns3:TrackPointExtension>
        </extensions>
      </trkpt>
      <trkpt lat="37.759829722344875335693359375" lon="-122.40106587298214435577392578125">
        <ele>68</ele>
        <time>2025-12-03T15:00:12.000Z</time>
        <extensions>
          <ns3:TrackPointExtension>
            <ns3:atemp>14.0</ns3:atemp>
            <ns3:hr>128</ns3:hr>
            <ns3:cad>89</ns3:cad>
          </ns3:TrackPointExtension>
        </extensions>
      </trkpt>
      <trkpt lat="37.7598456479609012603759765625" lon="-122.401081211864948272705078125">
        <ele>68.40000152587890625</ele>
        <time>2025-12-03T15:00:13.000Z</time>
        <extensions>
          <ns3:TrackPointExtension>
            <ns3:atemp>14.0</ns3:atemp>
            <ns3:hr>129</ns3:hr>
            <ns3:cad>88</ns3:cad>
          </ns3:TrackPointExtension>
        </extensions>
      </trkpt>
      <trkpt lat="37.7598694525659084320068359375" lon="-122.40110074169933795928955078125">
        <ele>68.59999847412109375</ele>
        <time>2025-12-03T15:00:14.000Z</time>
        <extensions>
          <ns3:TrackPointExtension>
            <ns3:atemp>14.0</ns3:atemp>
            <ns3:hr>129</ns3:hr>
            <ns3:cad>88</ns3:cad>
          </ns3:TrackPointExtension>
        </extensions>
      </trkpt>
      <trkpt lat="37.75988562963902950286865234375" lon="-122.4011038430035114288330078125">
        <ele>68.40000152587890625</ele>
        <time>2025-12-03T15:00:15.000Z</time>
        <extensions>
          <ns3:TrackPointExtension>
            <ns3:atemp>14.0</ns3:atemp>
            <ns3:hr>129</ns3:hr>
            <ns3:cad>88</ns3:cad>
          </ns3:TrackPointExtension>
        </extensions>
      </trkpt>
      <trkpt lat="37.75989987887442111968994140625" lon="-122.40110359154641628265380859375">
        <ele>68.1999969482421875</ele>
        <time>2025-12-03T15:00:16.000Z</time>
        <extensions>
          <ns3:TrackPointExtension>
            <ns3:atemp>14.0</ns3:atemp>
            <ns3:hr>129</ns3:hr>
            <ns3:cad>88</ns3:cad>
          </ns3:TrackPointExtension>
        </extensions>
      </trkpt>
      <trkpt lat="37.7599180676043033599853515625" lon="-122.40110828541219234466552734375">
        <ele>67.8000030517578125</ele>
        <time>2025-12-03T15:00:17.000Z</time>
        <extensions>
          <ns3:TrackPointExtension>
            <ns3:atemp>14.0</ns3:atemp>
            <ns3:hr>129</ns3:hr>
            <ns3:cad>88</ns3:cad>
          </ns3:TrackPointExtension>
        </extensions>
      </trkpt>
      <trkpt lat="37.7599378488957881927490234375" lon="-122.40111515857279300689697265625">
        <ele>67.1999969482421875</ele>
        <time>2025-12-03T15:00:18.000Z</time>
        <extensions>
          <ns3:TrackPointExtension>
            <ns3:atemp>14.0</ns3:atemp>
            <ns3:hr>130</ns3:hr>
            <ns3:cad>76</ns3:cad>
          </ns3:TrackPointExtension>
        </extensions>
      </trkpt>
      <trkpt lat="37.75995385833084583282470703125" lon="-122.40112169645726680755615234375">
        <ele>66.59999847412109375</ele>
        <time>2025-12-03T15:00:19.000Z</time>
        <extensions>
          <ns3:TrackPointExtension>
            <ns3:atemp>14.0</ns3:atemp>
            <ns3:hr>129</ns3:hr>
            <ns3:cad>76</ns3:cad>
          </ns3:TrackPointExtension>
        </extensions>
      </trkpt>
      <trkpt lat="37.7599760703742504119873046875" lon="-122.40112312138080596923828125">
        <ele>66.1999969482421875</ele>
        <time>2025-12-03T15:00:20.000Z</time>
        <extensions>
          <ns3:TrackPointExtension>
            <ns3:atemp>14.0</ns3:atemp>
            <ns3:hr>129</ns3:hr>
            <ns3:cad>76</ns3:cad>
          </ns3:TrackPointExtension>
        </extensions>
      </trkpt>
      <trkpt lat="37.75999434292316436767578125" lon="-122.40112504921853542327880859375">
        <ele>65.8000030517578125</ele>
        <time>2025-12-03T15:00:21.000Z</time>
        <extensions>
          <ns3:TrackPointExtension>
            <ns3:atemp>14.0</ns3:atemp>
            <ns3:hr>129</ns3:hr>
            <ns3:cad>76</ns3:cad>
          </ns3:TrackPointExtension>
        </extensions>
      </trkpt>
      <trkpt lat="37.76001487858593463897705078125" lon="-122.4011360295116901397705078125">
        <ele>65.40000152587890625</ele>
        <time>2025-12-03T15:00:22.000Z</time>
        <extensions>
          <ns3:TrackPointExtension>
            <ns3:atemp>14.0</ns3:atemp>
            <ns3:hr>129</ns3:hr>
            <ns3:cad>75</ns3:cad>
          </ns3:TrackPointExtension>
        </extensions>
      </trkpt>
      <trkpt lat="37.7600303851068019866943359375" lon="-122.40114080719649791717529296875">
        <ele>65</ele>
        <time>2025-12-03T15:00:23.000Z</time>
        <extensions>
          <ns3:TrackPointExtension>
            <ns3:atemp>14.0</ns3:atemp>
            <ns3:hr>129</ns3:hr>
            <ns3:cad>75</ns3:cad>
          </ns3:TrackPointExtension>
        </extensions>
      </trkpt>
      <trkpt lat="37.76004438288509845733642578125" lon="-122.40113896317780017852783203125">
        <ele>64.59999847412109375</ele>
        <time>2025-12-03T15:00:24.000Z</time>
        <extensions>
          <ns3:TrackPointExtension>
            <ns3:atemp>14.0</ns3:atemp>
            <ns3:hr>129</ns3:hr>
            <ns3:cad>73</ns3:cad>
          </ns3:TrackPointExtension>
        </extensions>
      </trkpt>
      <trkpt lat="37.760059721767902374267578125" lon="-122.40113477222621440887451171875">
        <ele>64.40000152587890625</ele>
        <time>2025-12-03T15:00:25.000Z</time>
        <extensions>
          <ns3:TrackPointExtension>
            <ns3:atemp>14.0</ns3:atemp>
            <ns3:hr>128</ns3:hr>
            <ns3:cad>73</ns3:cad>
          </ns3:TrackPointExtension>
        </extensions>
      </trkpt>
      <trkpt lat="37.76008025743067264556884765625" lon="-122.401130497455596923828125">
        <ele>64</ele>
        <time>2025-12-03T15:00:26.000Z</time>
        <extensions>
          <ns3:TrackPointExtension>
            <ns3:atemp>14.0</ns3:atemp>
            <ns3:hr>128</ns3:hr>
            <ns3:cad>72</ns3:cad>
          </ns3:TrackPointExtension>
        </extensions>
      </trkpt>
      <trkpt lat="37.7600977756083011627197265625" lon="-122.401134856045246124267578125">
        <ele>63.59999847412109375</ele>
        <time>2025-12-03T15:00:27.000Z</time>
        <extensions>
          <ns3:TrackPointExtension>
            <ns3:atemp>14.0</ns3:atemp>
            <ns3:hr>128</ns3:hr>
            <ns3:cad>72</ns3:cad>
          </ns3:TrackPointExtension>
        </extensions>
      </trkpt>
      <trkpt lat="37.76011143811047077178955078125" lon="-122.401136867702007293701171875">
        <ele>63.40000152587890625</ele>
        <time>2025-12-03T15:00:28.000Z</time>
        <extensions>
          <ns3:TrackPointExtension>
            <ns3:atemp>14.0</ns3:atemp>
            <ns3:hr>128</ns3:hr>
            <ns3:cad>72</ns3:cad>
          </ns3:TrackPointExtension>
        </extensions>
      </trkpt>
      <trkpt lat="37.760126776993274688720703125" lon="-122.40113292820751667022705078125">
        <ele>63</ele>
        <time>2025-12-03T15:00:29.000Z</time>
        <extensions>
          <ns3:TrackPointExtension>
            <ns3:atemp>14.0</ns3:atemp>
            <ns3:hr>128</ns3:hr>
            <ns3:cad>72</ns3:cad>
          </ns3:TrackPointExtension>
        </extensions>
      </trkpt>
      <trkpt lat="37.76014463044703006744384765625" lon="-122.40112890489399433135986328125">
        <ele>62.59999847412109375</ele>
        <time>2025-12-03T15:00:30.000Z</time>
        <extensions>
          <ns3:TrackPointExtension>
            <ns3:atemp>14.0</ns3:atemp>
            <ns3:hr>127</ns3:hr>
            <ns3:cad>72</ns3:cad>
          </ns3:TrackPointExtension>
        </extensions>
      </trkpt>
      <trkpt lat="37.76016558520495891571044921875" lon="-122.40112722851336002349853515625">
        <ele>62.200000762939453125</ele>
        <time>2025-12-03T15:00:31.000Z</time>
        <extensions>
          <ns3:TrackPointExtension>
            <ns3:atemp>14.0</ns3:atemp>
            <ns3:hr>127</ns3:hr>
            <ns3:cad>72</ns3:cad>
          </ns3:TrackPointExtension>
        </extensions>
      </trkpt>
      <trkpt lat="37.76019073091447353363037109375" lon="-122.40113929845392704010009765625">
        <ele>61.799999237060546875</ele>
        <time>2025-12-03T15:00:32.000Z</time>
        <extensions>
          <ns3:TrackPointExtension>
            <ns3:atemp>14.0</ns3:atemp>
            <ns3:hr>127</ns3:hr>
            <ns3:cad>72</ns3:cad>
          </ns3:TrackPointExtension>
        </extensions>
      </trkpt>
      <trkpt lat="37.760205566883087158203125" lon="-122.40113544277846813201904296875">
        <ele>61.200000762939453125</ele>
        <time>2025-12-03T15:00:33.000Z</time>
        <extensions>
          <ns3:TrackPointExtension>
            <ns3:atemp>14.0</ns3:atemp>
            <ns3:hr>127</ns3:hr>
            <ns3:cad>72</ns3:cad>
          </ns3:TrackPointExtension>
        </extensions>
      </trkpt>
      <trkpt lat="37.7602161280810832977294921875" lon="-122.40113125182688236236572265625">
        <ele>60.799999237060546875</ele>
        <time>2025-12-03T15:00:34.000Z</time>
        <extensions>
          <ns3:TrackPointExtension>
            <ns3:atemp>14.0</ns3:atemp>
            <ns3:hr>126</ns3:hr>
            <ns3:cad>72</ns3:cad>
          </ns3:TrackPointExtension>
        </extensions>
      </trkpt>
      <trkpt lat="37.76023305952548980712890625" lon="-122.4011296592652797698974609375">
        <ele>60.40000152587890625</ele>
        <time>2025-12-03T15:00:35.000Z</time>
        <extensions>
          <ns3:TrackPointExtension>
            <ns3:atemp>14.0</ns3:atemp>
            <ns3:hr>126</ns3:hr>
            <ns3:cad>72</ns3:cad>
          </ns3:TrackPointExtension>
        </extensions>
      </trkpt>
      <trkpt lat="37.76025225408375263214111328125" lon="-122.401130832731723785400390625">
        <ele>60</ele>
        <time>2025-12-03T15:00:36.000Z</time>
        <extensions>
          <ns3:TrackPointExtension>
            <ns3:atemp>14.0</ns3:atemp>
            <ns3:hr>126</ns3:hr>
            <ns3:cad>72</ns3:cad>
          </ns3:TrackPointExtension>
        </extensions>
      </trkpt>
      <trkpt lat="37.76027463376522064208984375" lon="-122.40114181302487850189208984375">
        <ele>59.59999847412109375</ele>
        <time>2025-12-03T15:00:37.000Z</time>
        <extensions>
          <ns3:TrackPointExtension>
            <ns3:atemp>14.0</ns3:atemp>
            <ns3:hr>126</ns3:hr>
            <ns3:cad>72</ns3:cad>
          </ns3:TrackPointExtension>
        </extensions>
      </trkpt>
      <trkpt lat="37.76029081083834171295166015625" lon="-122.401144914329051971435546875">
        <ele>59.200000762939453125</ele>
        <time>2025-12-03T15:00:38.000Z</time>
        <extensions>
          <ns3:TrackPointExtension>
            <ns3:atemp>14.0</ns3:atemp>
            <ns3:hr>125</ns3:hr>
            <ns3:cad>72</ns3:cad>
          </ns3:TrackPointExtension>
        </extensions>
      </trkpt>
      <trkpt lat="37.76030355133116245269775390625" lon="-122.4011387117207050323486328125">
        <ele>59</ele>
        <time>2025-12-03T15:00:39.000Z</time>
        <extensions>
          <ns3:TrackPointExtension>
            <ns3:atemp>14.0</ns3:atemp>
            <ns3:hr>125</ns3:hr>
            <ns3:cad>72</ns3:cad>
          </ns3:TrackPointExtension>
        </extensions>
      </trkpt>
      <trkpt lat="37.76032098568975925445556640625" lon="-122.4011373706161975860595703125">
        <ele>58.40000152587890625</ele>
        <time>2025-12-03T15:00:40.000Z</time>
        <extensions>
          <ns3:TrackPointExtension>
            <ns3:atemp>14.0</ns3:atemp>
            <ns3:hr>125</ns3:hr>
            <ns3:cad>71</ns3:cad>
          </ns3:TrackPointExtension>
        </extensions>
      </trkpt>
      <trkpt lat="37.7603371627628803253173828125" lon="-122.40114097483456134796142578125">
        <ele>58</ele>
        <time>2025-12-03T15:00:41.000Z</time>
        <extensions>
          <ns3:TrackPointExtension>
            <ns3:atemp>14.0</ns3:atemp>
            <ns3:hr>125</ns3:hr>
            <ns3:cad>71</ns3:cad>
          </ns3:TrackPointExtension>
        </extensions>
      </trkpt>
      <trkpt lat="37.76035451330244541168212890625" lon="-122.40114768035709857940673828125">
        <ele>57.59999847412109375</ele>
        <time>2025-12-03T15:00:42.000Z</time>
        <extensions>
          <ns3:TrackPointExtension>
            <ns3:atemp>14.0</ns3:atemp>
            <ns3:hr>125</ns3:hr>
            <ns3:cad>71</ns3:cad>
          </ns3:TrackPointExtension>
        </extensions>
      </trkpt>
      <trkpt lat="37.760374210774898529052734375" lon="-122.40115170367062091827392578125">
        <ele>57.200000762939453125</ele>
        <time>2025-12-03T15:00:43.000Z</time>
        <extensions>
          <ns3:TrackPointExtension>
            <ns3:atemp>14.0</ns3:atemp>
            <ns3:hr>125</ns3:hr>
            <ns3:cad>71</ns3:cad>
          </ns3:TrackPointExtension>
        </extensions>
      </trkpt>
      <trkpt lat="37.7603995241224765777587890625" lon="-122.401152960956096649169921875">
        <ele>57</ele>
        <time>2025-12-03T15:00:44.000Z</time>
        <extensions>
          <ns3:TrackPointExtension>
            <ns3:atemp>14.0</ns3:atemp>
            <ns3:hr>124</ns3:hr>
            <ns3:cad>72</ns3:cad>
          </ns3:TrackPointExtension>
        </extensions>
      </trkpt>
      <trkpt lat="37.7604080736637115478515625" lon="-122.401142232120037078857421875">
        <ele>56.59999847412109375</ele>
        <time>2025-12-03T15:00:45.000Z</time>
        <extensions>
          <ns3:TrackPointExtension>
            <ns3:atemp>14.0</ns3:atemp>
            <ns3:hr>124</ns3:hr>
            <ns3:cad>72</ns3:cad>
          </ns3:TrackPointExtension>
        </extensions>
      </trkpt>
      <trkpt lat="37.76042877696454524993896484375" lon="-122.40113846026360988616943359375">
        <ele>56</ele>
        <time>2025-12-03T15:00:46.000Z</time>
        <extensions>
          <ns3:TrackPointExtension>
            <ns3:atemp>14.0</ns3:atemp>
            <ns3:hr>124</ns3:hr>
            <ns3:cad>72</ns3:cad>
          </ns3:TrackPointExtension>
        </extensions>
      </trkpt>
      <trkpt lat="37.76045325212180614471435546875" lon="-122.40113561041653156280517578125">
        <ele>55.59999847412109375</ele>
        <time>2025-12-03T15:00:47.000Z</time>
        <extensions>
          <ns3:TrackPointExtension>
            <ns3:atemp>14.0</ns3:atemp>
            <ns3:hr>124</ns3:hr>
            <ns3:cad>72</ns3:cad>
          </ns3:TrackPointExtension>
        </extensions>
      </trkpt>
      <trkpt lat="37.7604766376316547393798828125" lon="-122.40114415995776653289794921875">
        <ele>55</ele>
        <time>2025-12-03T15:00:48.000Z</time>
        <extensions>
          <ns3:TrackPointExtension>
            <ns3:atemp>14.0</ns3:atemp>
            <ns3:hr>123</ns3:hr>
            <ns3:cad>73</ns3:cad>
          </ns3:TrackPointExtension>
        </extensions>
      </trkpt>
      <trkpt lat="37.7604965865612030029296875" lon="-122.401146255433559417724609375">
        <ele>54.59999847412109375</ele>
        <time>2025-12-03T15:00:49.000Z</time>
        <extensions>
          <ns3:TrackPointExtension>
            <ns3:atemp>14.0</ns3:atemp>
            <ns3:hr>123</ns3:hr>
            <ns3:cad>73</ns3:cad>
          </ns3:TrackPointExtension>
        </extensions>
      </trkpt>
      <trkpt lat="37.7605275996029376983642578125" lon="-122.40115086548030376434326171875">
        <ele>54</ele>
        <time>2025-12-03T15:00:50.000Z</time>
        <extensions>
          <ns3:TrackPointExtension>
            <ns3:atemp>14.0</ns3:atemp>
            <ns3:hr>123</ns3:hr>
            <ns3:cad>73</ns3:cad>
          </ns3:TrackPointExtension>
        </extensions>
      </trkpt>
      <trkpt lat="37.76055366732180118560791015625" lon="-122.4011621810495853424072265625">
        <ele>53.40000152587890625</ele>
        <time>2025-12-03T15:00:51.000Z</time>
        <extensions>
          <ns3:TrackPointExtension>
            <ns3:atemp>14.0</ns3:atemp>
            <ns3:hr>123</ns3:hr>
            <ns3:cad>73</ns3:cad>
          </ns3:TrackPointExtension>
        </extensions>
      </trkpt>
      <trkpt lat="37.76057370007038116455078125" lon="-122.40116746164858341217041015625">
        <ele>53</ele>
        <time>2025-12-03T15:00:52.000Z</time>
        <extensions>
          <ns3:TrackPointExtension>
            <ns3:atemp>14.0</ns3:atemp>
            <ns3:hr>123</ns3:hr>
            <ns3:cad>73</ns3:cad>
          </ns3:TrackPointExtension>
        </extensions>
      </trkpt>
      <trkpt lat="37.7605980075895786285400390625" lon="-122.40117047913372516632080078125">
        <ele>52.40000152587890625</ele>
        <time>2025-12-03T15:00:53.000Z</time>
        <extensions>
          <ns3:TrackPointExtension>
            <ns3:atemp>14.0</ns3:atemp>
            <ns3:hr>122</ns3:hr>
            <ns3:cad>75</ns3:cad>
          </ns3:TrackPointExtension>
        </extensions>
      </trkpt>
      <trkpt lat="37.76063161902129650115966796875" lon="-122.4011695571243762969970703125">
        <ele>51.799999237060546875</ele>
        <time>2025-12-03T15:00:54.000Z</time>
        <extensions>
          <ns3:TrackPointExtension>
            <ns3:atemp>14.0</ns3:atemp>
            <ns3:hr>122</ns3:hr>
            <ns3:cad>75</ns3:cad>
          </ns3:TrackPointExtension>
        </extensions>
      </trkpt>
      <trkpt lat="37.7606600336730480194091796875" lon="-122.40116947330534458160400390625">
        <ele>51.40000152587890625</ele>
        <time>2025-12-03T15:00:55.000Z</time>
        <extensions>
          <ns3:TrackPointExtension>
            <ns3:atemp>14.0</ns3:atemp>
            <ns3:hr>122</ns3:hr>
            <ns3:cad>75</ns3:cad>
          </ns3:TrackPointExtension>
        </extensions>
      </trkpt>
      <trkpt lat="37.76068576611578464508056640625" lon="-122.4011638574302196502685546875">
        <ele>50.799999237060546875</ele>
        <time>2025-12-03T15:00:56.000Z</time>
        <extensions>
          <ns3:TrackPointExtension>
            <ns3:atemp>14.0</ns3:atemp>
            <ns3:hr>123</ns3:hr>
            <ns3:cad>75</ns3:cad>
          </ns3:TrackPointExtension>
        </extensions>
      </trkpt>
      <trkpt lat="37.76071376167237758636474609375" lon="-122.40116201341152191162109375">
        <ele>50</ele>
        <time>2025-12-03T15:00:57.000Z</time>
        <extensions>
          <ns3:TrackPointExtension>
            <ns3:atemp>14.0</ns3:atemp>
            <ns3:hr>122</ns3:hr>
            <ns3:cad>75</ns3:cad>
          </ns3:TrackPointExtension>
        </extensions>
      </trkpt>
      <trkpt lat="37.76074267923831939697265625" lon="-122.40117249079048633575439453125">
        <ele>49.40000152587890625</ele>
        <time>2025-12-03T15:00:58.000Z</time>
        <extensions>
          <ns3:TrackPointExtension>
            <ns3:atemp>14.0</ns3:atemp>
            <ns3:hr>122</ns3:hr>
            <ns3:cad>75</ns3:cad>
          </ns3:TrackPointExtension>
        </extensions>
      </trkpt>
      <trkpt lat="37.76076321490108966827392578125" lon="-122.401175759732723236083984375">
        <ele>49</ele>
        <time>2025-12-03T15:00:59.000Z</time>
        <extensions>
          <ns3:TrackPointExtension>
            <ns3:atemp>14.0</ns3:atemp>
            <ns3:hr>122</ns3:hr>
            <ns3:cad>76</ns3:cad>
          </ns3:TrackPointExtension>
        </extensions>
      </trkpt>
      <trkpt lat="37.7607917971909046173095703125" lon="-122.40117265842854976654052734375">
        <ele>48.40000152587890625</ele>
        <time>2025-12-03T15:01:00.000Z</time>
        <extensions>
          <ns3:TrackPointExtension>
            <ns3:atemp>14.0</ns3:atemp>
            <ns3:hr>122</ns3:hr>
            <ns3:cad>77</ns3:cad>
          </ns3:TrackPointExtension>
        </extensions>
      </trkpt>
      <trkpt lat="37.76082339696586132049560546875" lon="-122.4011836387217044830322265625">
        <ele>47.799999237060546875</ele>
        <time>2025-12-03T15:01:01.000Z</time>
        <extensions>
          <ns3:TrackPointExtension>
            <ns3:atemp>14.0</ns3:atemp>
            <ns3:hr>121</ns3:hr>
            <ns3:cad>77</ns3:cad>
          </ns3:TrackPointExtension>
        </extensions>
      </trkpt>
      <trkpt lat="37.7608464471995830535888671875" lon="-122.401184141635894775390625">
        <ele>47.200000762939453125</ele>
        <time>2025-12-03T15:01:02.000Z</time>
        <extensions>
          <ns3:TrackPointExtension>
            <ns3:atemp>14.0</ns3:atemp>
            <ns3:hr>121</ns3:hr>
            <ns3:cad>77</ns3:cad>
          </ns3:TrackPointExtension>
        </extensions>
      </trkpt>
      <trkpt lat="37.760876119136810302734375" lon="-122.4011846445500850677490234375">
        <ele>46.59999847412109375</ele>
        <time>2025-12-03T15:01:03.000Z</time>
        <extensions>
          <ns3:TrackPointExtension>
            <ns3:atemp>14.0</ns3:atemp>
            <ns3:hr>121</ns3:hr>
            <ns3:cad>77</ns3:cad>
          </ns3:TrackPointExtension>
        </extensions>
      </trkpt>
      <trkpt lat="37.76091408915817737579345703125" lon="-122.4011940322816371917724609375">
        <ele>46.200000762939453125</ele>
        <time>2025-12-03T15:01:04.000Z</time>
        <extensions>
          <ns3:TrackPointExtension>
            <ns3:atemp>14.0</ns3:atemp>
            <ns3:hr>121</ns3:hr>
            <ns3:cad>78</ns3:cad>
          </ns3:TrackPointExtension>
        </extensions>
      </trkpt>
      <trkpt lat="37.76094728149473667144775390625" lon="-122.401185818016529083251953125">
        <ele>45</ele>
        <time>2025-12-03T15:01:05.000Z</time>
        <extensions>
          <ns3:TrackPointExtension>
            <ns3:atemp>14.0</ns3:atemp>
            <ns3:hr>121</ns3:hr>
            <ns3:cad>78</ns3:cad>
          </ns3:TrackPointExtension>
        </extensions>
      </trkpt>
      <trkpt lat="37.76099572889506816864013671875" lon="-122.40118590183556079864501953125">
        <ele>44.59999847412109375</ele>
        <time>2025-12-03T15:01:06.000Z</time>
        <extensions>
          <ns3:TrackPointExtension>
            <ns3:atemp>14.0</ns3:atemp>
            <ns3:hr>121</ns3:hr>
            <ns3:cad>79</ns3:cad>
          </ns3:TrackPointExtension>
        </extensions>
      </trkpt>
      <trkpt lat="37.76102858595550060272216796875" lon="-122.40118120796978473663330078125">
        <ele>43.799999237060546875</ele>
        <time>2025-12-03T15:01:07.000Z</time>
        <extensions>
          <ns3:TrackPointExtension>
            <ns3:atemp>14.0</ns3:atemp>
            <ns3:hr>122</ns3:hr>
            <ns3:cad>80</ns3:cad>
          </ns3:TrackPointExtension>
        </extensions>
      </trkpt>
      <trkpt lat="37.76107116602361202239990234375" lon="-122.4011806212365627288818359375">
        <ele>43.40000152587890625</ele>
        <time>2025-12-03T15:01:08.000Z</time>
        <extensions>
          <ns3:TrackPointExtension>
            <ns3:atemp>14.0</ns3:atemp>
            <ns3:hr>124</ns3:hr>
            <ns3:cad>82</ns3:cad>
          </ns3:TrackPointExtension>
        </extensions>
      </trkpt>
      <trkpt lat="37.761100418865680694580078125" lon="-122.40117450244724750518798828125">
        <ele>43.200000762939453125</ele>
        <time>2025-12-03T15:01:09.000Z</time>
        <extensions>
          <ns3:TrackPointExtension>
            <ns3:atemp>14.0</ns3:atemp>
            <ns3:hr>125</ns3:hr>
            <ns3:cad>85</ns3:cad>
          </ns3:TrackPointExtension>
        </extensions>
      </trkpt>
      <trkpt lat="37.76112648658454418182373046875" lon="-122.40117114968597888946533203125">
        <ele>43.200000762939453125</ele>
        <time>2025-12-03T15:01:10.000Z</time>
        <extensions>
          <ns3:TrackPointExtension>
            <ns3:atemp>14.0</ns3:atemp>
            <ns3:hr>125</ns3:hr>
            <ns3:cad>85</ns3:cad>
          </ns3:TrackPointExtension>
        </extensions>
      </trkpt>
      <trkpt lat="37.76116286404430866241455078125" lon="-122.40117550827562808990478515625">
        <ele>43</ele>
        <time>2025-12-03T15:01:11.000Z</time>
        <extensions>
          <ns3:TrackPointExtension>
            <ns3:atemp>14.0</ns3:atemp>
            <ns3:hr>125</ns3:hr>
            <ns3:cad>87</ns3:cad>
          </ns3:TrackPointExtension>
        </extensions>
      </trkpt>
      <trkpt lat="37.76119639165699481964111328125" lon="-122.40117953158915042877197265625">
        <ele>42.799999237060546875</ele>
        <time>2025-12-03T15:01:12.000Z</time>
        <extensions>
          <ns3:TrackPointExtension>
            <ns3:atemp>14.0</ns3:atemp>
            <ns3:hr>126</ns3:hr>
            <ns3:cad>87</ns3:cad>
          </ns3:TrackPointExtension>
        </extensions>
      </trkpt>
      <trkpt lat="37.7612234652042388916015625" lon="-122.40117148496210575103759765625">
        <ele>42.200000762939453125</ele>
        <time>2025-12-03T15:01:13.000Z</time>
        <extensions>
          <ns3:TrackPointExtension>
            <ns3:atemp>14.0</ns3:atemp>
            <ns3:hr>126</ns3:hr>
            <ns3:cad>85</ns3:cad>
          </ns3:TrackPointExtension>
        </extensions>
      </trkpt>
      <trkpt lat="37.76126076467335224151611328125" lon="-122.4011747539043426513671875">
        <ele>41.59999847412109375</ele>
        <time>2025-12-03T15:01:14.000Z</time>
        <extensions>
          <ns3:TrackPointExtension>
            <ns3:atemp>14.0</ns3:atemp>
            <ns3:hr>126</ns3:hr>
            <ns3:cad>81</ns3:cad>
          </ns3:TrackPointExtension>
        </extensions>
      </trkpt>
      <trkpt lat="37.761305607855319976806640625" lon="-122.40118472836911678314208984375">
        <ele>41</ele>
        <time>2025-12-03T15:01:15.000Z</time>
        <extensions>
          <ns3:TrackPointExtension>
            <ns3:atemp>14.0</ns3:atemp>
            <ns3:hr>125</ns3:hr>
            <ns3:cad>79</ns3:cad>
          </ns3:TrackPointExtension>
        </extensions>
      </trkpt>
      <trkpt lat="37.76133217848837375640869140625" lon="-122.401181794703006744384765625">
        <ele>40.40000152587890625</ele>
        <time>2025-12-03T15:01:16.000Z</time>
        <extensions>
          <ns3:TrackPointExtension>
            <ns3:atemp>14.0</ns3:atemp>
            <ns3:hr>126</ns3:hr>
            <ns3:cad>79</ns3:cad>
          </ns3:TrackPointExtension>
        </extensions>
      </trkpt>
      <trkpt lat="37.76136453263461589813232421875" lon="-122.401175759732723236083984375">
        <ele>39.799999237060546875</ele>
        <time>2025-12-03T15:01:17.000Z</time>
        <extensions>
          <ns3:TrackPointExtension>
            <ns3:atemp>14.0</ns3:atemp>
            <ns3:hr>126</ns3:hr>
            <ns3:cad>79</ns3:cad>
          </ns3:TrackPointExtension>
        </extensions>
      </trkpt>
      <trkpt lat="37.761394120752811431884765625" lon="-122.40118623711168766021728515625">
        <ele>39.40000152587890625</ele>
        <time>2025-12-03T15:01:18.000Z</time>
        <extensions>
          <ns3:TrackPointExtension>
            <ns3:atemp>14.0</ns3:atemp>
            <ns3:hr>125</ns3:hr>
            <ns3:cad>79</ns3:cad>
          </ns3:TrackPointExtension>
        </extensions>
      </trkpt>
      <trkpt lat="37.7614093758165836334228515625" lon="-122.40119311027228832244873046875">
        <ele>38.799999237060546875</ele>
        <time>2025-12-03T15:01:19.000Z</time>
        <extensions>
          <ns3:TrackPointExtension>
            <ns3:atemp>14.0</ns3:atemp>
            <ns3:hr>126</ns3:hr>
            <ns3:cad>79</ns3:cad>
          </ns3:TrackPointExtension>
        </extensions>
      </trkpt>
      <trkpt lat="37.7614247985184192657470703125" lon="-122.40119554102420806884765625">
        <ele>38.40000152587890625</ele>
        <time>2025-12-03T15:01:20.000Z</time>
        <extensions>
          <ns3:TrackPointExtension>
            <ns3:atemp>14.0</ns3:atemp>
            <ns3:hr>126</ns3:hr>
            <ns3:cad>80</ns3:cad>
          </ns3:TrackPointExtension>
        </extensions>
      </trkpt>
      <trkpt lat="37.76144399307668209075927734375" lon="-122.4012104608118534088134765625">
        <ele>37.799999237060546875</ele>
        <time>2025-12-03T15:01:21.000Z</time>
        <extensions>
          <ns3:TrackPointExtension>
            <ns3:atemp>14.0</ns3:atemp>
            <ns3:hr>125</ns3:hr>
            <ns3:cad>80</ns3:cad>
          </ns3:TrackPointExtension>
        </extensions>
      </trkpt>
      <trkpt lat="37.76146293617784976959228515625" lon="-122.4012154899537563323974609375">
        <ele>37.40000152587890625</ele>
        <time>2025-12-03T15:01:22.000Z</time>
        <extensions>
          <ns3:TrackPointExtension>
            <ns3:atemp>14.0</ns3:atemp>
            <ns3:hr>125</ns3:hr>
            <ns3:cad>80</ns3:cad>
          </ns3:TrackPointExtension>
        </extensions>
      </trkpt>
      <trkpt lat="37.761479280889034271240234375" lon="-122.40121699869632720947265625">
        <ele>37</ele>
        <time>2025-12-03T15:01:23.000Z</time>
        <extensions>
          <ns3:TrackPointExtension>
            <ns3:atemp>14.0</ns3:atemp>
            <ns3:hr>125</ns3:hr>
            <ns3:cad>80</ns3:cad>
          </ns3:TrackPointExtension>
        </extensions>
      </trkpt>
      <trkpt lat="37.76149814017117023468017578125" lon="-122.4012164957821369171142578125">
        <ele>36.59999847412109375</ele>
        <time>2025-12-03T15:01:24.000Z</time>
        <extensions>
          <ns3:TrackPointExtension>
            <ns3:atemp>14.0</ns3:atemp>
            <ns3:hr>125</ns3:hr>
            <ns3:cad>80</ns3:cad>
          </ns3:TrackPointExtension>
        </extensions>
      </trkpt>
      <trkpt lat="37.76152445934712886810302734375" lon="-122.4012278951704502105712890625">
        <ele>36.40000152587890625</ele>
        <time>2025-12-03T15:01:25.000Z</time>
        <extensions>
          <ns3:TrackPointExtension>
            <ns3:atemp>14.0</ns3:atemp>
            <ns3:hr>126</ns3:hr>
            <ns3:cad>77</ns3:cad>
          </ns3:TrackPointExtension>
        </extensions>
      </trkpt>
      <trkpt lat="37.76154457591474056243896484375" lon="-122.40122948773205280303955078125">
        <ele>36</ele>
        <time>2025-12-03T15:01:26.000Z</time>
        <extensions>
          <ns3:TrackPointExtension>
            <ns3:atemp>14.0</ns3:atemp>
            <ns3:hr>125</ns3:hr>
            <ns3:cad>76</ns3:cad>
          </ns3:TrackPointExtension>
        </extensions>
      </trkpt>
      <trkpt lat="37.7615656144917011260986328125" lon="-122.40122596733272075653076171875">
        <ele>35.59999847412109375</ele>
        <time>2025-12-03T15:01:27.000Z</time>
        <extensions>
          <ns3:TrackPointExtension>
            <ns3:atemp>14.0</ns3:atemp>
            <ns3:hr>125</ns3:hr>
            <ns3:cad>76</ns3:cad>
          </ns3:TrackPointExtension>
        </extensions>
      </trkpt>
      <trkpt lat="37.76159017346799373626708984375" lon="-122.4012275598943233489990234375">
        <ele>35.200000762939453125</ele>
        <time>2025-12-03T15:01:28.000Z</time>
        <extensions>
          <ns3:TrackPointExtension>
            <ns3:atemp>14.0</ns3:atemp>
            <ns3:hr>125</ns3:hr>
            <ns3:cad>76</ns3:cad>
          </ns3:TrackPointExtension>
        </extensions>
      </trkpt>
      <trkpt lat="37.761614061892032623291015625" lon="-122.4012337625026702880859375">
        <ele>34.59999847412109375</ele>
        <time>2025-12-03T15:01:29.000Z</time>
        <extensions>
          <ns3:TrackPointExtension>
            <ns3:atemp>14.0</ns3:atemp>
            <ns3:hr>125</ns3:hr>
            <ns3:cad>76</ns3:cad>
          </ns3:TrackPointExtension>
        </extensions>
      </trkpt>
      <trkpt lat="37.761634849011898040771484375" lon="-122.40123166702687740325927734375">
        <ele>34.200000762939453125</ele>
        <time>2025-12-03T15:01:30.000Z</time>
        <extensions>
          <ns3:TrackPointExtension>
            <ns3:atemp>14.0</ns3:atemp>
            <ns3:hr>125</ns3:hr>
            <ns3:cad>76</ns3:cad>
          </ns3:TrackPointExtension>
        </extensions>
      </trkpt>
      <trkpt lat="37.7616588212549686431884765625" lon="-122.40122973918914794921875">
        <ele>33.799999237060546875</ele>
        <time>2025-12-03T15:01:31.000Z</time>
        <extensions>
          <ns3:TrackPointExtension>
            <ns3:atemp>14.0</ns3:atemp>
            <ns3:hr>125</ns3:hr>
            <ns3:cad>76</ns3:cad>
          </ns3:TrackPointExtension>
        </extensions>
      </trkpt>
      <trkpt lat="37.7616893313825130462646484375" lon="-122.4012429825961589813232421875">
        <ele>33.40000152587890625</ele>
        <time>2025-12-03T15:01:32.000Z</time>
        <extensions>
          <ns3:TrackPointExtension>
            <ns3:atemp>14.0</ns3:atemp>
            <ns3:hr>124</ns3:hr>
            <ns3:cad>76</ns3:cad>
          </ns3:TrackPointExtension>
        </extensions>
      </trkpt>
      <trkpt lat="37.76171154342591762542724609375" lon="-122.40124457515776157379150390625">
        <ele>33</ele>
        <time>2025-12-03T15:01:33.000Z</time>
        <extensions>
          <ns3:TrackPointExtension>
            <ns3:atemp>14.0</ns3:atemp>
            <ns3:hr>124</ns3:hr>
            <ns3:cad>76</ns3:cad>
          </ns3:TrackPointExtension>
        </extensions>
      </trkpt>
      <trkpt lat="37.7617392875254154205322265625" lon="-122.4012416414916515350341796875">
        <ele>32.59999847412109375</ele>
        <time>2025-12-03T15:01:34.000Z</time>
        <extensions>
          <ns3:TrackPointExtension>
            <ns3:atemp>14.0</ns3:atemp>
            <ns3:hr>123</ns3:hr>
            <ns3:cad>76</ns3:cad>
          </ns3:TrackPointExtension>
        </extensions>
      </trkpt>
      <trkpt lat="37.76176921091973781585693359375" lon="-122.40125513635575771331787109375">
        <ele>32.200000762939453125</ele>
        <time>2025-12-03T15:01:35.000Z</time>
        <extensions>
          <ns3:TrackPointExtension>
            <ns3:atemp>14.0</ns3:atemp>
            <ns3:hr>123</ns3:hr>
            <ns3:cad>77</ns3:cad>
          </ns3:TrackPointExtension>
        </extensions>
      </trkpt>
      <trkpt lat="37.761786393821239471435546875" lon="-122.401252873241901397705078125">
        <ele>31.799999237060546875</ele>
        <time>2025-12-03T15:01:36.000Z</time>
        <extensions>
          <ns3:TrackPointExtension>
            <ns3:atemp>14.0</ns3:atemp>
            <ns3:hr>123</ns3:hr>
            <ns3:cad>78</ns3:cad>
          </ns3:TrackPointExtension>
        </extensions>
      </trkpt>
      <trkpt lat="37.76180994696915149688720703125" lon="-122.401251532137393951416015625">
        <ele>31.3999996185302734375</ele>
        <time>2025-12-03T15:01:37.000Z</time>
        <extensions>
          <ns3:TrackPointExtension>
            <ns3:atemp>14.0</ns3:atemp>
            <ns3:hr>123</ns3:hr>
            <ns3:cad>78</ns3:cad>
          </ns3:TrackPointExtension>
        </extensions>
      </trkpt>
      <trkpt lat="37.761841379106044769287109375" lon="-122.401266954839229583740234375">
        <ele>31.200000762939453125</ele>
        <time>2025-12-03T15:01:38.000Z</time>
        <extensions>
          <ns3:TrackPointExtension>
            <ns3:atemp>14.0</ns3:atemp>
            <ns3:hr>123</ns3:hr>
            <ns3:cad>78</ns3:cad>
          </ns3:TrackPointExtension>
        </extensions>
      </trkpt>
      <trkpt lat="37.761862166225910186767578125" lon="-122.40126435644924640655517578125">
        <ele>31</ele>
        <time>2025-12-03T15:01:39.000Z</time>
        <extensions>
          <ns3:TrackPointExtension>
            <ns3:atemp>14.0</ns3:atemp>
            <ns3:hr>123</ns3:hr>
            <ns3:cad>78</ns3:cad>
          </ns3:TrackPointExtension>
        </extensions>
      </trkpt>
      <trkpt lat="37.76188638992607593536376953125" lon="-122.40126066841185092926025390625">
        <ele>30.6000003814697265625</ele>
        <time>2025-12-03T15:01:40.000Z</time>
        <extensions>
          <ns3:TrackPointExtension>
            <ns3:atemp>14.0</ns3:atemp>
            <ns3:hr>122</ns3:hr>
            <ns3:cad>79</ns3:cad>
          </ns3:TrackPointExtension>
        </extensions>
      </trkpt>
      <trkpt lat="37.7619101107120513916015625" lon="-122.4012718163430690765380859375">
        <ele>30.3999996185302734375</ele>
        <time>2025-12-03T15:01:41.000Z</time>
        <extensions>
          <ns3:TrackPointExtension>
            <ns3:atemp>14.0</ns3:atemp>
            <ns3:hr>122</ns3:hr>
            <ns3:cad>79</ns3:cad>
          </ns3:TrackPointExtension>
        </extensions>
      </trkpt>
      <trkpt lat="37.76193517260253429412841796875" lon="-122.4012771807610988616943359375">
        <ele>30.200000762939453125</ele>
        <time>2025-12-03T15:01:42.000Z</time>
        <extensions>
          <ns3:TrackPointExtension>
            <ns3:atemp>14.0</ns3:atemp>
            <ns3:hr>121</ns3:hr>
            <ns3:cad>79</ns3:cad>
          </ns3:TrackPointExtension>
        </extensions>
      </trkpt>
      <trkpt lat="37.76195797137916088104248046875" lon="-122.401277683675289154052734375">
        <ele>29.799999237060546875</ele>
        <time>2025-12-03T15:01:43.000Z</time>
        <extensions>
          <ns3:TrackPointExtension>
            <ns3:atemp>14.0</ns3:atemp>
            <ns3:hr>120</ns3:hr>
            <ns3:cad>79</ns3:cad>
          </ns3:TrackPointExtension>
        </extensions>
      </trkpt>
      <trkpt lat="37.76197892613708972930908203125" lon="-122.4012644402682781219482421875">
        <ele>29.6000003814697265625</ele>
        <time>2025-12-03T15:01:44.000Z</time>
        <extensions>
          <ns3:TrackPointExtension>
            <ns3:atemp>14.0</ns3:atemp>
            <ns3:hr>120</ns3:hr>
            <ns3:cad>79</ns3:cad>
          </ns3:TrackPointExtension>
        </extensions>
      </trkpt>
      <trkpt lat="37.7620034851133823394775390625" lon="-122.4012557230889797210693359375">
        <ele>29.3999996185302734375</ele>
        <time>2025-12-03T15:01:45.000Z</time>
        <extensions>
          <ns3:TrackPointExtension>
            <ns3:atemp>14.0</ns3:atemp>
            <ns3:hr>120</ns3:hr>
            <ns3:cad>79</ns3:cad>
          </ns3:TrackPointExtension>
        </extensions>
      </trkpt>
      <trkpt lat="37.76202351786196231842041015625" lon="-122.4012483470141887664794921875">
        <ele>29.200000762939453125</ele>
        <time>2025-12-03T15:01:46.000Z</time>
        <extensions>
          <ns3:TrackPointExtension>
            <ns3:atemp>14.0</ns3:atemp>
            <ns3:hr>120</ns3:hr>
            <ns3:cad>79</ns3:cad>
          </ns3:TrackPointExtension>
        </extensions>
      </trkpt>
      <trkpt lat="37.76205293834209442138671875" lon="-122.40125899203121662139892578125">
        <ele>28.799999237060546875</ele>
        <time>2025-12-03T15:01:47.000Z</time>
        <extensions>
          <ns3:TrackPointExtension>
            <ns3:atemp>14.0</ns3:atemp>
            <ns3:hr>119</ns3:hr>
            <ns3:cad>79</ns3:cad>
          </ns3:TrackPointExtension>
        </extensions>
      </trkpt>
      <trkpt lat="37.76207867078483104705810546875" lon="-122.4012644402682781219482421875">
        <ele>28.6000003814697265625</ele>
        <time>2025-12-03T15:01:48.000Z</time>
        <extensions>
          <ns3:TrackPointExtension>
            <ns3:atemp>14.0</ns3:atemp>
            <ns3:hr>120</ns3:hr>
            <ns3:cad>79</ns3:cad>
          </ns3:TrackPointExtension>
        </extensions>
      </trkpt>
      <trkpt lat="37.76212535798549652099609375" lon="-122.4012698046863079071044921875">
        <ele>28.3999996185302734375</ele>
        <time>2025-12-03T15:01:49.000Z</time>
        <extensions>
          <ns3:TrackPointExtension>
            <ns3:atemp>14.0</ns3:atemp>
            <ns3:hr>120</ns3:hr>
            <ns3:cad>78</ns3:cad>
          </ns3:TrackPointExtension>
        </extensions>
      </trkpt>
      <trkpt lat="37.762173973023891448974609375" lon="-122.401291094720363616943359375">
        <ele>28.200000762939453125</ele>
        <time>2025-12-03T15:01:50.000Z</time>
        <extensions>
          <ns3:TrackPointExtension>
            <ns3:atemp>14.0</ns3:atemp>
            <ns3:hr>119</ns3:hr>
            <ns3:cad>78</ns3:cad>
          </ns3:TrackPointExtension>
        </extensions>
      </trkpt>
      <trkpt lat="37.762217558920383453369140625" lon="-122.4013061821460723876953125">
        <ele>27.799999237060546875</ele>
        <time>2025-12-03T15:01:51.000Z</time>
        <extensions>
          <ns3:TrackPointExtension>
            <ns3:atemp>14.0</ns3:atemp>
            <ns3:hr>119</ns3:hr>
            <ns3:cad>78</ns3:cad>
          </ns3:TrackPointExtension>
        </extensions>
      </trkpt>
      <trkpt lat="37.76225502602756023406982421875" lon="-122.40134314633905887603759765625">
        <ele>27.6000003814697265625</ele>
        <time>2025-12-03T15:01:52.000Z</time>
        <extensions>
          <ns3:TrackPointExtension>
            <ns3:atemp>14.0</ns3:atemp>
            <ns3:hr>119</ns3:hr>
            <ns3:cad>84</ns3:cad>
          </ns3:TrackPointExtension>
        </extensions>
      </trkpt>
      <trkpt lat="37.7622856199741363525390625" lon="-122.40138019435107707977294921875">
        <ele>27.3999996185302734375</ele>
        <time>2025-12-03T15:01:53.000Z</time>
        <extensions>
          <ns3:TrackPointExtension>
            <ns3:atemp>14.0</ns3:atemp>
            <ns3:hr>119</ns3:hr>
            <ns3:cad>85</ns3:cad>
          </ns3:TrackPointExtension>
        </extensions>
      </trkpt>
      <trkpt lat="37.76230246759951114654541015625" lon="-122.40142897702753543853759765625">
        <ele>27.200000762939453125</ele>
        <time>2025-12-03T15:01:54.000Z</time>
        <extensions>
          <ns3:TrackPointExtension>
            <ns3:atemp>14.0</ns3:atemp>
            <ns3:hr>120</ns3:hr>
            <ns3:cad>87</ns3:cad>
          </ns3:TrackPointExtension>
        </extensions>
      </trkpt>
      <trkpt lat="37.76231051422655582427978515625" lon="-122.40146451629698276519775390625">
        <ele>27.3999996185302734375</ele>
        <time>2025-12-03T15:01:55.000Z</time>
        <extensions>
          <ns3:TrackPointExtension>
            <ns3:atemp>14.0</ns3:atemp>
            <ns3:hr>119</ns3:hr>
            <ns3:cad>88</ns3:cad>
          </ns3:TrackPointExtension>
        </extensions>
      </trkpt>
      <trkpt lat="37.76231453754007816314697265625" lon="-122.40151044912636280059814453125">
        <ele>27.3999996185302734375</ele>
        <time>2025-12-03T15:01:56.000Z</time>
        <extensions>
          <ns3:TrackPointExtension>
            <ns3:atemp>14.0</ns3:atemp>
            <ns3:hr>119</ns3:hr>
            <ns3:cad>89</ns3:cad>
          </ns3:TrackPointExtension>
        </extensions>
      </trkpt>
      <trkpt lat="37.76231822557747364044189453125" lon="-122.4015376903116703033447265625">
        <ele>27.799999237060546875</ele>
        <time>2025-12-03T15:01:57.000Z</time>
        <extensions>
          <ns3:TrackPointExtension>
            <ns3:atemp>14.0</ns3:atemp>
            <ns3:hr>120</ns3:hr>
            <ns3:cad>89</ns3:cad>
          </ns3:TrackPointExtension>
        </extensions>
      </trkpt>
      <trkpt lat="37.76232040487229824066162109375" lon="-122.40157482214272022247314453125">
        <ele>28.3999996185302734375</ele>
        <time>2025-12-03T15:01:58.000Z</time>
        <extensions>
          <ns3:TrackPointExtension>
            <ns3:atemp>14.0</ns3:atemp>
            <ns3:hr>120</ns3:hr>
            <ns3:cad>89</ns3:cad>
          </ns3:TrackPointExtension>
        </extensions>
      </trkpt>
      <trkpt lat="37.7623226679861545562744140625" lon="-122.4015963636338710784912109375">
        <ele>29.200000762939453125</ele>
        <time>2025-12-03T15:01:59.000Z</time>
        <extensions>
          <ns3:TrackPointExtension>
            <ns3:atemp>14.0</ns3:atemp>
            <ns3:hr>120</ns3:hr>
            <ns3:cad>89</ns3:cad>
          </ns3:TrackPointExtension>
        </extensions>
      </trkpt>
      <trkpt lat="37.76232928968966007232666015625" lon="-122.40163584239780902862548828125">
        <ele>29.799999237060546875</ele>
        <time>2025-12-03T15:02:00.000Z</time>
        <extensions>
          <ns3:TrackPointExtension>
            <ns3:atemp>14.0</ns3:atemp>
            <ns3:hr>120</ns3:hr>
            <ns3:cad>89</ns3:cad>
          </ns3:TrackPointExtension>
        </extensions>
      </trkpt>
      <trkpt lat="37.76233054697513580322265625" lon="-122.4016557075083255767822265625">
        <ele>30.3999996185302734375</ele>
        <time>2025-12-03T15:02:01.000Z</time>
        <extensions>
          <ns3:TrackPointExtension>
            <ns3:atemp>14.0</ns3:atemp>
            <ns3:hr>120</ns3:hr>
            <ns3:cad>89</ns3:cad>
          </ns3:TrackPointExtension>
        </extensions>
      </trkpt>
      <trkpt lat="37.76232878677546977996826171875" lon="-122.40168747492134571075439453125">
        <ele>31</ele>
        <time>2025-12-03T15:02:02.000Z</time>
        <extensions>
          <ns3:TrackPointExtension>
            <ns3:atemp>14.0</ns3:atemp>
            <ns3:hr>120</ns3:hr>
            <ns3:cad>88</ns3:cad>
          </ns3:TrackPointExtension>
        </extensions>
      </trkpt>
      <trkpt lat="37.76232744567096233367919921875" lon="-122.4017210863530635833740234375">
        <ele>31.3999996185302734375</ele>
        <time>2025-12-03T15:02:03.000Z</time>
        <extensions>
          <ns3:TrackPointExtension>
            <ns3:atemp>14.0</ns3:atemp>
            <ns3:hr>120</ns3:hr>
            <ns3:cad>87</ns3:cad>
          </ns3:TrackPointExtension>
        </extensions>
      </trkpt>
      <trkpt lat="37.7623300440609455108642578125" lon="-122.40174807608127593994140625">
        <ele>32</ele>
        <time>2025-12-03T15:02:04.000Z</time>
        <extensions>
          <ns3:TrackPointExtension>
            <ns3:atemp>14.0</ns3:atemp>
            <ns3:hr>120</ns3:hr>
            <ns3:cad>87</ns3:cad>
          </ns3:TrackPointExtension>
        </extensions>
      </trkpt>
      <trkpt lat="37.76233096607029438018798828125" lon="-122.40178587846457958221435546875">
        <ele>32.59999847412109375</ele>
        <time>2025-12-03T15:02:05.000Z</time>
        <extensions>
          <ns3:TrackPointExtension>
            <ns3:atemp>14.0</ns3:atemp>
            <ns3:hr>120</ns3:hr>
            <ns3:cad>86</ns3:cad>
          </ns3:TrackPointExtension>
        </extensions>
      </trkpt>
      <trkpt lat="37.76233247481286525726318359375" lon="-122.40180482156574726104736328125">
        <ele>33.40000152587890625</ele>
        <time>2025-12-03T15:02:06.000Z</time>
        <extensions>
          <ns3:TrackPointExtension>
            <ns3:atemp>14.0</ns3:atemp>
            <ns3:hr>120</ns3:hr>
            <ns3:cad>85</ns3:cad>
          </ns3:TrackPointExtension>
        </extensions>
      </trkpt>
      <trkpt lat="37.76233364827930927276611328125" lon="-122.40183382295072078704833984375">
        <ele>34</ele>
        <time>2025-12-03T15:02:07.000Z</time>
        <extensions>
          <ns3:TrackPointExtension>
            <ns3:atemp>14.0</ns3:atemp>
            <ns3:hr>120</ns3:hr>
            <ns3:cad>85</ns3:cad>
          </ns3:TrackPointExtension>
        </extensions>
      </trkpt>
      <trkpt lat="37.7623263560235500335693359375" lon="-122.4018568731844425201416015625">
        <ele>34.59999847412109375</ele>
        <time>2025-12-03T15:02:08.000Z</time>
        <extensions>
          <ns3:TrackPointExtension>
            <ns3:atemp>14.0</ns3:atemp>
            <ns3:hr>120</ns3:hr>
            <ns3:cad>85</ns3:cad>
          </ns3:TrackPointExtension>
        </extensions>
      </trkpt>
      <trkpt lat="37.76232694275677204132080078125" lon="-122.4018816836178302764892578125">
        <ele>35.200000762939453125</ele>
        <time>2025-12-03T15:02:09.000Z</time>
        <extensions>
          <ns3:TrackPointExtension>
            <ns3:atemp>14.0</ns3:atemp>
            <ns3:hr>121</ns3:hr>
            <ns3:cad>85</ns3:cad>
          </ns3:TrackPointExtension>
        </extensions>
      </trkpt>
      <trkpt lat="37.762324512004852294921875" lon="-122.40191479213535785675048828125">
        <ele>36</ele>
        <time>2025-12-03T15:02:10.000Z</time>
        <extensions>
          <ns3:TrackPointExtension>
            <ns3:atemp>14.0</ns3:atemp>
            <ns3:hr>121</ns3:hr>
            <ns3:cad>85</ns3:cad>
          </ns3:TrackPointExtension>
        </extensions>
      </trkpt>
      <trkpt lat="37.7623253501951694488525390625" lon="-122.40193457342684268951416015625">
        <ele>36.40000152587890625</ele>
        <time>2025-12-03T15:02:11.000Z</time>
        <extensions>
          <ns3:TrackPointExtension>
            <ns3:atemp>14.0</ns3:atemp>
            <ns3:hr>121</ns3:hr>
            <ns3:cad>84</ns3:cad>
          </ns3:TrackPointExtension>
        </extensions>
      </trkpt>
      <trkpt lat="37.762324512004852294921875" lon="-122.40196575410664081573486328125">
        <ele>37</ele>
        <time>2025-12-03T15:02:12.000Z</time>
        <extensions>
          <ns3:TrackPointExtension>
            <ns3:atemp>14.0</ns3:atemp>
            <ns3:hr>121</ns3:hr>
            <ns3:cad>84</ns3:cad>
          </ns3:TrackPointExtension>
        </extensions>
      </trkpt>
      <trkpt lat="37.76232275180518627166748046875" lon="-122.40198142826557159423828125">
        <ele>37.200000762939453125</ele>
        <time>2025-12-03T15:02:13.000Z</time>
        <extensions>
          <ns3:TrackPointExtension>
            <ns3:atemp>14.0</ns3:atemp>
            <ns3:hr>122</ns3:hr>
            <ns3:cad>84</ns3:cad>
          </ns3:TrackPointExtension>
        </extensions>
      </trkpt>
      <trkpt lat="37.76232241652905941009521484375" lon="-122.4019986949861049652099609375">
        <ele>38</ele>
        <time>2025-12-03T15:02:14.000Z</time>
        <extensions>
          <ns3:TrackPointExtension>
            <ns3:atemp>14.0</ns3:atemp>
            <ns3:hr>122</ns3:hr>
            <ns3:cad>84</ns3:cad>
          </ns3:TrackPointExtension>
        </extensions>
      </trkpt>
      <trkpt lat="37.762326858937740325927734375" lon="-122.402035407721996307373046875">
        <ele>38.40000152587890625</ele>
        <time>2025-12-03T15:02:15.000Z</time>
        <extensions>
          <ns3:TrackPointExtension>
            <ns3:atemp>14.0</ns3:atemp>
            <ns3:hr>122</ns3:hr>
            <ns3:cad>84</ns3:cad>
          </ns3:TrackPointExtension>
        </extensions>
      </trkpt>
      <trkpt lat="37.762335576117038726806640625" lon="-122.40206466056406497955322265625">
        <ele>39.200000762939453125</ele>
        <time>2025-12-03T15:02:16.000Z</time>
        <extensions>
          <ns3:TrackPointExtension>
            <ns3:atemp>14.0</ns3:atemp>
            <ns3:hr>122</ns3:hr>
            <ns3:cad>82</ns3:cad>
          </ns3:TrackPointExtension>
        </extensions>
      </trkpt>
      <trkpt lat="37.7623401023447513580322265625" lon="-122.4020868726074695587158203125">
        <ele>40</ele>
        <time>2025-12-03T15:02:17.000Z</time>
        <extensions>
          <ns3:TrackPointExtension>
            <ns3:atemp>14.0</ns3:atemp>
            <ns3:hr>122</ns3:hr>
            <ns3:cad>82</ns3:cad>
          </ns3:TrackPointExtension>
        </extensions>
      </trkpt>
      <trkpt lat="37.7623431198298931121826171875" lon="-122.40210254676640033721923828125">
        <ele>40.40000152587890625</ele>
        <time>2025-12-03T15:02:18.000Z</time>
        <extensions>
          <ns3:TrackPointExtension>
            <ns3:atemp>14.0</ns3:atemp>
            <ns3:hr>123</ns3:hr>
            <ns3:cad>82</ns3:cad>
          </ns3:TrackPointExtension>
        </extensions>
      </trkpt>
      <trkpt lat="37.76234186254441738128662109375" lon="-122.40212299861013889312744140625">
        <ele>41</ele>
        <time>2025-12-03T15:02:19.000Z</time>
        <extensions>
          <ns3:TrackPointExtension>
            <ns3:atemp>14.0</ns3:atemp>
            <ns3:hr>123</ns3:hr>
            <ns3:cad>82</ns3:cad>
          </ns3:TrackPointExtension>
        </extensions>
      </trkpt>
      <trkpt lat="37.76233867742121219635009765625" lon="-122.40213431417942047119140625">
        <ele>41.59999847412109375</ele>
        <time>2025-12-03T15:02:20.000Z</time>
        <extensions>
          <ns3:TrackPointExtension>
            <ns3:atemp>14.0</ns3:atemp>
            <ns3:hr>123</ns3:hr>
            <ns3:cad>82</ns3:cad>
          </ns3:TrackPointExtension>
        </extensions>
      </trkpt>
      <trkpt lat="37.7623392641544342041015625" lon="-122.4021457135677337646484375">
        <ele>41.799999237060546875</ele>
        <time>2025-12-03T15:02:21.000Z</time>
        <extensions>
          <ns3:TrackPointExtension>
            <ns3:atemp>14.0</ns3:atemp>
            <ns3:hr>124</ns3:hr>
            <ns3:cad>82</ns3:cad>
          </ns3:TrackPointExtension>
        </extensions>
      </trkpt>
      <trkpt lat="37.76233985088765621185302734375" lon="-122.402161471545696258544921875">
        <ele>42</ele>
        <time>2025-12-03T15:02:22.000Z</time>
        <extensions>
          <ns3:TrackPointExtension>
            <ns3:atemp>14.0</ns3:atemp>
            <ns3:hr>124</ns3:hr>
            <ns3:cad>40</ns3:cad>
          </ns3:TrackPointExtension>
        </extensions>
      </trkpt>
      <trkpt lat="37.76233565993607044219970703125" lon="-122.4021618068218231201171875">
        <ele>42.200000762939453125</ele>
        <time>2025-12-03T15:02:23.000Z</time>
        <extensions>
          <ns3:TrackPointExtension>
            <ns3:atemp>14.0</ns3:atemp>
            <ns3:hr>124</ns3:hr>
            <ns3:cad>40</ns3:cad>
          </ns3:TrackPointExtension>
        </extensions>
      </trkpt>
      <trkpt lat="37.7623283676803112030029296875" lon="-122.402170188724994659423828125">
        <ele>42.200000762939453125</ele>
        <time>2025-12-03T15:02:24.000Z</time>
        <extensions>
          <ns3:TrackPointExtension>
            <ns3:atemp>14.0</ns3:atemp>
            <ns3:hr>124</ns3:hr>
            <ns3:cad>40</ns3:cad>
          </ns3:TrackPointExtension>
        </extensions>
      </trkpt>
      <trkpt lat="37.7623204886913299560546875" lon="-122.40216574631631374359130859375">
        <ele>42.40000152587890625</ele>
        <time>2025-12-03T15:02:25.000Z</time>
        <extensions>
          <ns3:TrackPointExtension>
            <ns3:atemp>14.0</ns3:atemp>
            <ns3:hr>124</ns3:hr>
            <ns3:cad>0</ns3:cad>
          </ns3:TrackPointExtension>
        </extensions>
      </trkpt>
      <trkpt lat="37.76231554336845874786376953125" lon="-122.4021602980792522430419921875">
        <ele>42.40000152587890625</ele>
        <time>2025-12-03T15:02:26.000Z</time>
        <extensions>
          <ns3:TrackPointExtension>
            <ns3:atemp>14.0</ns3:atemp>
            <ns3:hr>124</ns3:hr>
            <ns3:cad>0</ns3:cad>
          </ns3:TrackPointExtension>
        </extensions>
      </trkpt>
      <trkpt lat="37.7623028866946697235107421875" lon="-122.4021589569747447967529296875">
        <ele>42.40000152587890625</ele>
        <time>2025-12-03T15:02:27.000Z</time>
        <extensions>
          <ns3:TrackPointExtension>
            <ns3:atemp>14.0</ns3:atemp>
            <ns3:hr>124</ns3:hr>
            <ns3:cad>0</ns3:cad>
          </ns3:TrackPointExtension>
        </extensions>
      </trkpt>
      <trkpt lat="37.76229760609567165374755859375" lon="-122.4021619744598865509033203125">
        <ele>42.40000152587890625</ele>
        <time>2025-12-03T15:02:28.000Z</time>
        <extensions>
          <ns3:TrackPointExtension>
            <ns3:atemp>14.0</ns3:atemp>
            <ns3:hr>123</ns3:hr>
            <ns3:cad>0</ns3:cad>
          </ns3:TrackPointExtension>
        </extensions>
      </trkpt>
      <trkpt lat="37.76229827664792537689208984375" lon="-122.402160800993442535400390625">
        <ele>42.40000152587890625</ele>
        <time>2025-12-03T15:02:29.000Z</time>
        <extensions>
          <ns3:TrackPointExtension>
            <ns3:atemp>14.0</ns3:atemp>
            <ns3:hr>123</ns3:hr>
            <ns3:cad>0</ns3:cad>
          </ns3:TrackPointExtension>
        </extensions>
      </trkpt>
      <trkpt lat="37.76229509152472019195556640625" lon="-122.40217329002916812896728515625">
        <ele>42.59999847412109375</ele>
        <time>2025-12-03T15:02:30.000Z</time>
        <extensions>
          <ns3:TrackPointExtension>
            <ns3:atemp>14.0</ns3:atemp>
            <ns3:hr>123</ns3:hr>
            <ns3:cad>0</ns3:cad>
          </ns3:TrackPointExtension>
        </extensions>
      </trkpt>
      <trkpt lat="37.76229157112538814544677734375" lon="-122.4021750502288341522216796875">
        <ele>42.59999847412109375</ele>
        <time>2025-12-03T15:02:31.000Z</time>
        <extensions>
          <ns3:TrackPointExtension>
            <ns3:atemp>14.0</ns3:atemp>
            <ns3:hr>123</ns3:hr>
            <ns3:cad>0</ns3:cad>
          </ns3:TrackPointExtension>
        </extensions>
      </trkpt>
      <trkpt lat="37.7622877992689609527587890625" lon="-122.402187287807464599609375">
        <ele>42.799999237060546875</ele>
        <time>2025-12-03T15:02:32.000Z</time>
        <extensions>
          <ns3:TrackPointExtension>
            <ns3:atemp>14.0</ns3:atemp>
            <ns3:hr>123</ns3:hr>
            <ns3:cad>0</ns3:cad>
          </ns3:TrackPointExtension>
        </extensions>
      </trkpt>
      <trkpt lat="37.76229475624859333038330078125" lon="-122.4021951667964458465576171875">
        <ele>43</ele>
        <time>2025-12-03T15:02:33.000Z</time>
        <extensions>
          <ns3:TrackPointExtension>
            <ns3:atemp>14.0</ns3:atemp>
            <ns3:hr>122</ns3:hr>
            <ns3:cad>0</ns3:cad>
          </ns3:TrackPointExtension>
        </extensions>
      </trkpt>
      <trkpt lat="37.76229743845760822296142578125" lon="-122.40220027975738048553466796875">
        <ele>43.200000762939453125</ele>
        <time>2025-12-03T15:02:34.000Z</time>
        <extensions>
          <ns3:TrackPointExtension>
            <ns3:atemp>14.0</ns3:atemp>
            <ns3:hr>122</ns3:hr>
            <ns3:cad>0</ns3:cad>
          </ns3:TrackPointExtension>
        </extensions>
      </trkpt>
      <trkpt lat="37.76229928247630596160888671875" lon="-122.40221704356372356414794921875">
        <ele>43.40000152587890625</ele>
        <time>2025-12-03T15:02:35.000Z</time>
        <extensions>
          <ns3:TrackPointExtension>
            <ns3:atemp>14.0</ns3:atemp>
            <ns3:hr>122</ns3:hr>
            <ns3:cad>70</ns3:cad>
          </ns3:TrackPointExtension>
        </extensions>
      </trkpt>
      <trkpt lat="37.7622998692095279693603515625" lon="-122.40222190506756305694580078125">
        <ele>43.59999847412109375</ele>
        <time>2025-12-03T15:02:36.000Z</time>
        <extensions>
          <ns3:TrackPointExtension>
            <ns3:atemp>14.0</ns3:atemp>
            <ns3:hr>122</ns3:hr>
            <ns3:cad>70</ns3:cad>
          </ns3:TrackPointExtension>
        </extensions>
      </trkpt>
      <trkpt lat="37.76230229996144771575927734375" lon="-122.4022303707897663116455078125">
        <ele>43.799999237060546875</ele>
        <time>2025-12-03T15:02:37.000Z</time>
        <extensions>
          <ns3:TrackPointExtension>
            <ns3:atemp>14.0</ns3:atemp>
            <ns3:hr>122</ns3:hr>
            <ns3:cad>70</ns3:cad>
          </ns3:TrackPointExtension>
        </extensions>
      </trkpt>
      <trkpt lat="37.76230364106595516204833984375" lon="-122.4022410996258258819580078125">
        <ele>43.799999237060546875</ele>
        <time>2025-12-03T15:02:38.000Z</time>
        <extensions>
          <ns3:TrackPointExtension>
            <ns3:atemp>14.0</ns3:atemp>
            <ns3:hr>121</ns3:hr>
            <ns3:cad>70</ns3:cad>
          </ns3:TrackPointExtension>
        </extensions>
      </trkpt>
      <trkpt lat="37.762301377952098846435546875" lon="-122.40225459448993206024169921875">
        <ele>44</ele>
        <time>2025-12-03T15:02:39.000Z</time>
        <extensions>
          <ns3:TrackPointExtension>
            <ns3:atemp>14.0</ns3:atemp>
            <ns3:hr>121</ns3:hr>
            <ns3:cad>0</ns3:cad>
          </ns3:TrackPointExtension>
        </extensions>
      </trkpt>
      <trkpt lat="37.76229433715343475341796875" lon="-122.402270771563053131103515625">
        <ele>44.200000762939453125</ele>
        <time>2025-12-03T15:02:40.000Z</time>
        <extensions>
          <ns3:TrackPointExtension>
            <ns3:atemp>14.0</ns3:atemp>
            <ns3:hr>121</ns3:hr>
            <ns3:cad>0</ns3:cad>
          </ns3:TrackPointExtension>
        </extensions>
      </trkpt>
      <trkpt lat="37.7622874639928340911865234375" lon="-122.4022860266268253326416015625">
        <ele>44.200000762939453125</ele>
        <time>2025-12-03T15:02:41.000Z</time>
        <extensions>
          <ns3:TrackPointExtension>
            <ns3:atemp>14.0</ns3:atemp>
            <ns3:hr>120</ns3:hr>
            <ns3:cad>0</ns3:cad>
          </ns3:TrackPointExtension>
        </extensions>
      </trkpt>
      <trkpt lat="37.76228117756545543670654296875" lon="-122.402298264205455780029296875">
        <ele>44.40000152587890625</ele>
        <time>2025-12-03T15:02:42.000Z</time>
        <extensions>
          <ns3:TrackPointExtension>
            <ns3:atemp>14.0</ns3:atemp>
            <ns3:hr>120</ns3:hr>
            <ns3:cad>0</ns3:cad>
          </ns3:TrackPointExtension>
        </extensions>
      </trkpt>
      <trkpt lat="37.7622733823955059051513671875" lon="-122.40231477655470371246337890625">
        <ele>44.40000152587890625</ele>
        <time>2025-12-03T15:02:43.000Z</time>
        <extensions>
          <ns3:TrackPointExtension>
            <ns3:atemp>14.0</ns3:atemp>
            <ns3:hr>120</ns3:hr>
            <ns3:cad>0</ns3:cad>
          </ns3:TrackPointExtension>
        </extensions>
      </trkpt>
      <trkpt lat="37.7622695267200469970703125" lon="-122.40232617594301700592041015625">
        <ele>44.40000152587890625</ele>
        <time>2025-12-03T15:02:44.000Z</time>
        <extensions>
          <ns3:TrackPointExtension>
            <ns3:atemp>14.0</ns3:atemp>
            <ns3:hr>120</ns3:hr>
            <ns3:cad>0</ns3:cad>
          </ns3:TrackPointExtension>
        </extensions>
      </trkpt>
      <trkpt lat="37.76226483285427093505859375" lon="-122.402338497340679168701171875">
        <ele>44.40000152587890625</ele>
        <time>2025-12-03T15:02:45.000Z</time>
        <extensions>
          <ns3:TrackPointExtension>
            <ns3:atemp>14.0</ns3:atemp>
            <ns3:hr>119</ns3:hr>
            <ns3:cad>0</ns3:cad>
          </ns3:TrackPointExtension>
        </extensions>
      </trkpt>
      <trkpt lat="37.7622566185891628265380859375" lon="-122.4023480527102947235107421875">
        <ele>44.200000762939453125</ele>
        <time>2025-12-03T15:02:46.000Z</time>
        <extensions>
          <ns3:TrackPointExtension>
            <ns3:atemp>14.0</ns3:atemp>
            <ns3:hr>119</ns3:hr>
            <ns3:cad>55</ns3:cad>
          </ns3:TrackPointExtension>
        </extensions>
      </trkpt>
      <trkpt lat="37.76224412955343723297119140625" lon="-122.402358613908290863037109375">
        <ele>44.200000762939453125</ele>
        <time>2025-12-03T15:02:47.000Z</time>
        <extensions>
          <ns3:TrackPointExtension>
            <ns3:atemp>14.0</ns3:atemp>
            <ns3:hr>119</ns3:hr>
            <ns3:cad>55</ns3:cad>
          </ns3:TrackPointExtension>
        </extensions>
      </trkpt>
      <trkpt lat="37.76221797801554203033447265625" lon="-122.40236942656338214874267578125">
        <ele>44.40000152587890625</ele>
        <time>2025-12-03T15:02:48.000Z</time>
        <extensions>
          <ns3:TrackPointExtension>
            <ns3:atemp>14.0</ns3:atemp>
            <ns3:hr>120</ns3:hr>
            <ns3:cad>56</ns3:cad>
          </ns3:TrackPointExtension>
        </extensions>
      </trkpt>
      <trkpt lat="37.7621915750205516815185546875" lon="-122.40237412042915821075439453125">
        <ele>44.200000762939453125</ele>
        <time>2025-12-03T15:02:49.000Z</time>
        <extensions>
          <ns3:TrackPointExtension>
            <ns3:atemp>14.0</ns3:atemp>
            <ns3:hr>120</ns3:hr>
            <ns3:cad>57</ns3:cad>
          </ns3:TrackPointExtension>
        </extensions>
      </trkpt>
      <trkpt lat="37.76215561665594577789306640625" lon="-122.40237646736204624176025390625">
        <ele>44.40000152587890625</ele>
        <time>2025-12-03T15:02:50.000Z</time>
        <extensions>
          <ns3:TrackPointExtension>
            <ns3:atemp>14.0</ns3:atemp>
            <ns3:hr>122</ns3:hr>
            <ns3:cad>57</ns3:cad>
          </ns3:TrackPointExtension>
        </extensions>
      </trkpt>
      <trkpt lat="37.7621251903474330902099609375" lon="-122.4023748748004436492919921875">
        <ele>44.40000152587890625</ele>
        <time>2025-12-03T15:02:51.000Z</time>
        <extensions>
          <ns3:TrackPointExtension>
            <ns3:atemp>14.0</ns3:atemp>
            <ns3:hr>121</ns3:hr>
            <ns3:cad>57</ns3:cad>
          </ns3:TrackPointExtension>
        </extensions>
      </trkpt>
      <trkpt lat="37.7620926685631275177001953125" lon="-122.40237646736204624176025390625">
        <ele>44.799999237060546875</ele>
        <time>2025-12-03T15:02:52.000Z</time>
        <extensions>
          <ns3:TrackPointExtension>
            <ns3:atemp>14.0</ns3:atemp>
            <ns3:hr>121</ns3:hr>
            <ns3:cad>88</ns3:cad>
          </ns3:TrackPointExtension>
        </extensions>
      </trkpt>
      <trkpt lat="37.76205838657915592193603515625" lon="-122.4023762159049510955810546875">
        <ele>45.200000762939453125</ele>
        <time>2025-12-03T15:02:53.000Z</time>
        <extensions>
          <ns3:TrackPointExtension>
            <ns3:atemp>14.0</ns3:atemp>
            <ns3:hr>121</ns3:hr>
            <ns3:cad>89</ns3:cad>
          </ns3:TrackPointExtension>
        </extensions>
      </trkpt>
      <trkpt lat="37.76201429776847362518310546875" lon="-122.402377389371395111083984375">
        <ele>45.40000152587890625</ele>
        <time>2025-12-03T15:02:54.000Z</time>
        <extensions>
          <ns3:TrackPointExtension>
            <ns3:atemp>14.0</ns3:atemp>
            <ns3:hr>122</ns3:hr>
            <ns3:cad>89</ns3:cad>
          </ns3:TrackPointExtension>
        </extensions>
      </trkpt>
      <trkpt lat="37.76199367828667163848876953125" lon="-122.40236766636371612548828125">
        <ele>46</ele>
        <time>2025-12-03T15:02:55.000Z</time>
        <extensions>
          <ns3:TrackPointExtension>
            <ns3:atemp>14.0</ns3:atemp>
            <ns3:hr>122</ns3:hr>
            <ns3:cad>89</ns3:cad>
          </ns3:TrackPointExtension>
        </extensions>
      </trkpt>
      <trkpt lat="37.7619592286646366119384765625" lon="-122.4023668281733989715576171875">
        <ele>46.40000152587890625</ele>
        <time>2025-12-03T15:02:56.000Z</time>
        <extensions>
          <ns3:TrackPointExtension>
            <ns3:atemp>14.0</ns3:atemp>
            <ns3:hr>122</ns3:hr>
            <ns3:cad>89</ns3:cad>
          </ns3:TrackPointExtension>
        </extensions>
      </trkpt>
      <trkpt lat="37.7619347535073757171630859375" lon="-122.40236607380211353302001953125">
        <ele>46.799999237060546875</ele>
        <time>2025-12-03T15:02:57.000Z</time>
        <extensions>
          <ns3:TrackPointExtension>
            <ns3:atemp>14.0</ns3:atemp>
            <ns3:hr>123</ns3:hr>
            <ns3:cad>89</ns3:cad>
          </ns3:TrackPointExtension>
        </extensions>
      </trkpt>
      <trkpt lat="37.7618992142379283905029296875" lon="-122.40236607380211353302001953125">
        <ele>47.200000762939453125</ele>
        <time>2025-12-03T15:02:58.000Z</time>
        <extensions>
          <ns3:TrackPointExtension>
            <ns3:atemp>14.0</ns3:atemp>
            <ns3:hr>123</ns3:hr>
            <ns3:cad>89</ns3:cad>
          </ns3:TrackPointExtension>
        </extensions>
      </trkpt>
      <trkpt lat="37.7618787623941898345947265625" lon="-122.4023678340017795562744140625">
        <ele>47.799999237060546875</ele>
        <time>2025-12-03T15:02:59.000Z</time>
        <extensions>
          <ns3:TrackPointExtension>
            <ns3:atemp>14.0</ns3:atemp>
            <ns3:hr>123</ns3:hr>
            <ns3:cad>89</ns3:cad>
          </ns3:TrackPointExtension>
        </extensions>
      </trkpt>
      <trkpt lat="37.76184699498116970062255859375" lon="-122.4023708514869213104248046875">
        <ele>48.200000762939453125</ele>
        <time>2025-12-03T15:03:00.000Z</time>
        <extensions>
          <ns3:TrackPointExtension>
            <ns3:atemp>14.0</ns3:atemp>
            <ns3:hr>124</ns3:hr>
            <ns3:cad>89</ns3:cad>
          </ns3:TrackPointExtension>
        </extensions>
      </trkpt>
      <trkpt lat="37.76182335801422595977783203125" lon="-122.40237194113433361053466796875">
        <ele>48.799999237060546875</ele>
        <time>2025-12-03T15:03:01.000Z</time>
        <extensions>
          <ns3:TrackPointExtension>
            <ns3:atemp>14.0</ns3:atemp>
            <ns3:hr>124</ns3:hr>
            <ns3:cad>89</ns3:cad>
          </ns3:TrackPointExtension>
        </extensions>
      </trkpt>
      <trkpt lat="37.76179544627666473388671875" lon="-122.40237110294401645660400390625">
        <ele>49.40000152587890625</ele>
        <time>2025-12-03T15:03:02.000Z</time>
        <extensions>
          <ns3:TrackPointExtension>
            <ns3:atemp>14.0</ns3:atemp>
            <ns3:hr>125</ns3:hr>
            <ns3:cad>89</ns3:cad>
          </ns3:TrackPointExtension>
        </extensions>
      </trkpt>
      <trkpt lat="37.761772982776165008544921875" lon="-122.40235785953700542449951171875">
        <ele>49.799999237060546875</ele>
        <time>2025-12-03T15:03:03.000Z</time>
        <extensions>
          <ns3:TrackPointExtension>
            <ns3:atemp>14.0</ns3:atemp>
            <ns3:hr>125</ns3:hr>
            <ns3:cad>89</ns3:cad>
          </ns3:TrackPointExtension>
        </extensions>
      </trkpt>
      <trkpt lat="37.761742137372493743896484375" lon="-122.402351237833499908447265625">
        <ele>50.200000762939453125</ele>
        <time>2025-12-03T15:03:04.000Z</time>
        <extensions>
          <ns3:TrackPointExtension>
            <ns3:atemp>14.0</ns3:atemp>
            <ns3:hr>126</ns3:hr>
            <ns3:cad>89</ns3:cad>
          </ns3:TrackPointExtension>
        </extensions>
      </trkpt>
      <trkpt lat="37.7617148123681545257568359375" lon="-122.4023473821580410003662109375">
        <ele>50.59999847412109375</ele>
        <time>2025-12-03T15:03:05.000Z</time>
        <extensions>
          <ns3:TrackPointExtension>
            <ns3:atemp>14.0</ns3:atemp>
            <ns3:hr>127</ns3:hr>
            <ns3:cad>89</ns3:cad>
          </ns3:TrackPointExtension>
        </extensions>
      </trkpt>
      <trkpt lat="37.76168321259319782257080078125" lon="-122.402347885072231292724609375">
        <ele>50.799999237060546875</ele>
        <time>2025-12-03T15:03:06.000Z</time>
        <extensions>
          <ns3:TrackPointExtension>
            <ns3:atemp>14.0</ns3:atemp>
            <ns3:hr>127</ns3:hr>
            <ns3:cad>89</ns3:cad>
          </ns3:TrackPointExtension>
        </extensions>
      </trkpt>
      <trkpt lat="37.76165873743593692779541015625" lon="-122.402337826788425445556640625">
        <ele>51.200000762939453125</ele>
        <time>2025-12-03T15:03:07.000Z</time>
        <extensions>
          <ns3:TrackPointExtension>
            <ns3:atemp>14.0</ns3:atemp>
            <ns3:hr>128</ns3:hr>
            <ns3:cad>89</ns3:cad>
          </ns3:TrackPointExtension>
        </extensions>
      </trkpt>
      <trkpt lat="37.7616313286125659942626953125" lon="-122.4023366533219814300537109375">
        <ele>51.799999237060546875</ele>
        <time>2025-12-03T15:03:08.000Z</time>
        <extensions>
          <ns3:TrackPointExtension>
            <ns3:atemp>14.0</ns3:atemp>
            <ns3:hr>129</ns3:hr>
            <ns3:cad>89</ns3:cad>
          </ns3:TrackPointExtension>
        </extensions>
      </trkpt>
      <trkpt lat="37.76160232722759246826171875" lon="-122.402339167892932891845703125">
        <ele>52.200000762939453125</ele>
        <time>2025-12-03T15:03:09.000Z</time>
        <extensions>
          <ns3:TrackPointExtension>
            <ns3:atemp>14.0</ns3:atemp>
            <ns3:hr>129</ns3:hr>
            <ns3:cad>89</ns3:cad>
          </ns3:TrackPointExtension>
        </extensions>
      </trkpt>
      <trkpt lat="37.76158447377383708953857421875" lon="-122.40233958698809146881103515625">
        <ele>52.799999237060546875</ele>
        <time>2025-12-03T15:03:10.000Z</time>
        <extensions>
          <ns3:TrackPointExtension>
            <ns3:atemp>14.0</ns3:atemp>
            <ns3:hr>130</ns3:hr>
            <ns3:cad>89</ns3:cad>
          </ns3:TrackPointExtension>
        </extensions>
      </trkpt>
      <trkpt lat="37.76155195198953151702880859375" lon="-122.4023415148258209228515625">
        <ele>53.200000762939453125</ele>
        <time>2025-12-03T15:03:11.000Z</time>
        <extensions>
          <ns3:TrackPointExtension>
            <ns3:atemp>14.0</ns3:atemp>
            <ns3:hr>131</ns3:hr>
            <ns3:cad>88</ns3:cad>
          </ns3:TrackPointExtension>
        </extensions>
      </trkpt>
      <trkpt lat="37.76153401471674442291259765625" lon="-122.40234444849193096160888671875">
        <ele>53.59999847412109375</ele>
        <time>2025-12-03T15:03:12.000Z</time>
        <extensions>
          <ns3:TrackPointExtension>
            <ns3:atemp>14.0</ns3:atemp>
            <ns3:hr>132</ns3:hr>
            <ns3:cad>88</ns3:cad>
          </ns3:TrackPointExtension>
        </extensions>
      </trkpt>
      <trkpt lat="37.761503420770168304443359375" lon="-122.40234344266355037689208984375">
        <ele>54</ele>
        <time>2025-12-03T15:03:13.000Z</time>
        <extensions>
          <ns3:TrackPointExtension>
            <ns3:atemp>14.0</ns3:atemp>
            <ns3:hr>133</ns3:hr>
            <ns3:cad>88</ns3:cad>
          </ns3:TrackPointExtension>
        </extensions>
      </trkpt>
      <trkpt lat="37.7614811249077320098876953125" lon="-122.4023415148258209228515625">
        <ele>54.200000762939453125</ele>
        <time>2025-12-03T15:03:14.000Z</time>
        <extensions>
          <ns3:TrackPointExtension>
            <ns3:atemp>14.0</ns3:atemp>
            <ns3:hr>134</ns3:hr>
            <ns3:cad>87</ns3:cad>
          </ns3:TrackPointExtension>
        </extensions>
      </trkpt>
      <trkpt lat="37.7614482678472995758056640625" lon="-122.40233682096004486083984375">
        <ele>54.799999237060546875</ele>
        <time>2025-12-03T15:03:15.000Z</time>
        <extensions>
          <ns3:TrackPointExtension>
            <ns3:atemp>14.0</ns3:atemp>
            <ns3:hr>135</ns3:hr>
            <ns3:cad>87</ns3:cad>
          </ns3:TrackPointExtension>
        </extensions>
      </trkpt>
      <trkpt lat="37.76142220012843608856201171875" lon="-122.4023333005607128143310546875">
        <ele>55.200000762939453125</ele>
        <time>2025-12-03T15:03:16.000Z</time>
        <extensions>
          <ns3:TrackPointExtension>
            <ns3:atemp>14.0</ns3:atemp>
            <ns3:hr>135</ns3:hr>
            <ns3:cad>87</ns3:cad>
          </ns3:TrackPointExtension>
        </extensions>
      </trkpt>
      <trkpt lat="37.76139219291508197784423828125" lon="-122.402326762676239013671875">
        <ele>55.59999847412109375</ele>
        <time>2025-12-03T15:03:17.000Z</time>
        <extensions>
          <ns3:TrackPointExtension>
            <ns3:atemp>14.0</ns3:atemp>
            <ns3:hr>136</ns3:hr>
            <ns3:cad>88</ns3:cad>
          </ns3:TrackPointExtension>
        </extensions>
      </trkpt>
      <trkpt lat="37.76137207634747028350830078125" lon="-122.40231544710695743560791015625">
        <ele>56</ele>
        <time>2025-12-03T15:03:18.000Z</time>
        <extensions>
          <ns3:TrackPointExtension>
            <ns3:atemp>14.0</ns3:atemp>
            <ns3:hr>137</ns3:hr>
            <ns3:cad>88</ns3:cad>
          </ns3:TrackPointExtension>
        </extensions>
      </trkpt>
      <trkpt lat="37.76135380379855632781982421875" lon="-122.402290217578411102294921875">
        <ele>56.40000152587890625</ele>
        <time>2025-12-03T15:03:19.000Z</time>
        <extensions>
          <ns3:TrackPointExtension>
            <ns3:atemp>14.0</ns3:atemp>
            <ns3:hr>138</ns3:hr>
            <ns3:cad>88</ns3:cad>
          </ns3:TrackPointExtension>
        </extensions>
      </trkpt>
      <trkpt lat="37.761362604796886444091796875" lon="-122.4022763036191463470458984375">
        <ele>56.59999847412109375</ele>
        <time>2025-12-03T15:03:20.000Z</time>
        <extensions>
          <ns3:TrackPointExtension>
            <ns3:atemp>14.0</ns3:atemp>
            <ns3:hr>138</ns3:hr>
            <ns3:cad>88</ns3:cad>
          </ns3:TrackPointExtension>
        </extensions>
      </trkpt>
      <trkpt lat="37.761369310319423675537109375" lon="-122.402268089354038238525390625">
        <ele>56.799999237060546875</ele>
        <time>2025-12-03T15:03:21.000Z</time>
        <extensions>
          <ns3:TrackPointExtension>
            <ns3:atemp>14.0</ns3:atemp>
            <ns3:hr>139</ns3:hr>
            <ns3:cad>88</ns3:cad>
          </ns3:TrackPointExtension>
        </extensions>
      </trkpt>
      <trkpt lat="37.76137039996683597564697265625" lon="-122.40225811488926410675048828125">
        <ele>56.799999237060546875</ele>
        <time>2025-12-03T15:03:22.000Z</time>
        <extensions>
          <ns3:TrackPointExtension>
            <ns3:atemp>14.0</ns3:atemp>
            <ns3:hr>139</ns3:hr>
            <ns3:cad>88</ns3:cad>
          </ns3:TrackPointExtension>
        </extensions>
      </trkpt>
      <trkpt lat="37.76138079352676868438720703125" lon="-122.402244620025157928466796875">
        <ele>56.799999237060546875</ele>
        <time>2025-12-03T15:03:23.000Z</time>
        <extensions>
          <ns3:TrackPointExtension>
            <ns3:atemp>14.0</ns3:atemp>
            <ns3:hr>140</ns3:hr>
            <ns3:cad>42</ns3:cad>
          </ns3:TrackPointExtension>
        </extensions>
      </trkpt>
      <trkpt lat="37.7613872475922107696533203125" lon="-122.40224118344485759735107421875">
        <ele>56.799999237060546875</ele>
        <time>2025-12-03T15:03:24.000Z</time>
        <extensions>
          <ns3:TrackPointExtension>
            <ns3:atemp>14.0</ns3:atemp>
            <ns3:hr>140</ns3:hr>
            <ns3:cad>42</ns3:cad>
          </ns3:TrackPointExtension>
        </extensions>
      </trkpt>
      <trkpt lat="37.7613937854766845703125" lon="-122.4022498168051242828369140625">
        <ele>56.799999237060546875</ele>
        <time>2025-12-03T15:03:25.000Z</time>
        <extensions>
          <ns3:TrackPointExtension>
            <ns3:atemp>14.0</ns3:atemp>
            <ns3:hr>140</ns3:hr>
            <ns3:cad>0</ns3:cad>
          </ns3:TrackPointExtension>
        </extensions>
      </trkpt>
      <trkpt lat="37.7613946236670017242431640625" lon="-122.4022585339844226837158203125">
        <ele>56.799999237060546875</ele>
        <time>2025-12-03T15:03:26.000Z</time>
        <extensions>
          <ns3:TrackPointExtension>
            <ns3:atemp>14.0</ns3:atemp>
            <ns3:hr>140</ns3:hr>
            <ns3:cad>0</ns3:cad>
          </ns3:TrackPointExtension>
        </extensions>
      </trkpt>
      <trkpt lat="37.7613909356296062469482421875" lon="-122.4022689275443553924560546875">
        <ele>56.799999237060546875</ele>
        <time>2025-12-03T15:03:27.000Z</time>
        <extensions>
          <ns3:TrackPointExtension>
            <ns3:atemp>14.0</ns3:atemp>
            <ns3:hr>140</ns3:hr>
            <ns3:cad>0</ns3:cad>
          </ns3:TrackPointExtension>
        </extensions>
      </trkpt>
      <trkpt lat="37.76139185763895511627197265625" lon="-122.402275465428829193115234375">
        <ele>56.799999237060546875</ele>
        <time>2025-12-03T15:03:28.000Z</time>
        <extensions>
          <ns3:TrackPointExtension>
            <ns3:atemp>14.0</ns3:atemp>
            <ns3:hr>140</ns3:hr>
            <ns3:cad>0</ns3:cad>
          </ns3:TrackPointExtension>
        </extensions>
      </trkpt>
      <trkpt lat="37.7613919414579868316650390625" lon="-122.40228225477039813995361328125">
        <ele>56.59999847412109375</ele>
        <time>2025-12-03T15:03:29.000Z</time>
        <extensions>
          <ns3:TrackPointExtension>
            <ns3:atemp>14.0</ns3:atemp>
            <ns3:hr>140</ns3:hr>
            <ns3:cad>0</ns3:cad>
          </ns3:TrackPointExtension>
        </extensions>
      </trkpt>
      <trkpt lat="37.76139169000089168548583984375" lon="-122.402282170951366424560546875">
        <ele>56.59999847412109375</ele>
        <time>2025-12-03T15:03:30.000Z</time>
        <extensions>
          <ns3:TrackPointExtension>
            <ns3:atemp>14.0</ns3:atemp>
            <ns3:hr>140</ns3:hr>
            <ns3:cad>0</ns3:cad>
          </ns3:TrackPointExtension>
        </extensions>
      </trkpt>
      <trkpt lat="37.7613922767341136932373046875" lon="-122.40228711627423763275146484375">
        <ele>56.59999847412109375</ele>
        <time>2025-12-03T15:03:31.000Z</time>
        <extensions>
          <ns3:TrackPointExtension>
            <ns3:atemp>14.0</ns3:atemp>
            <ns3:hr>139</ns3:hr>
            <ns3:cad>0</ns3:cad>
          </ns3:TrackPointExtension>
        </extensions>
      </trkpt>
      <trkpt lat="37.76138967834413051605224609375" lon="-122.40229298360645771026611328125">
        <ele>56.59999847412109375</ele>
        <time>2025-12-03T15:03:32.000Z</time>
        <extensions>
          <ns3:TrackPointExtension>
            <ns3:atemp>14.0</ns3:atemp>
            <ns3:hr>140</ns3:hr>
            <ns3:cad>0</ns3:cad>
          </ns3:TrackPointExtension>
        </extensions>
      </trkpt>
      <trkpt lat="37.76138699613511562347412109375" lon="-122.40229968912899494171142578125">
        <ele>56.59999847412109375</ele>
        <time>2025-12-03T15:03:33.000Z</time>
        <extensions>
          <ns3:TrackPointExtension>
            <ns3:atemp>14.0</ns3:atemp>
            <ns3:hr>140</ns3:hr>
            <ns3:cad>0</ns3:cad>
          </ns3:TrackPointExtension>
        </extensions>
      </trkpt>
      <trkpt lat="37.76138699613511562347412109375" lon="-122.40229968912899494171142578125">
        <ele>56.59999847412109375</ele>
        <time>2025-12-03T15:03:34.000Z</time>
        <extensions>
          <ns3:TrackPointExtension>
            <ns3:atemp>14.0</ns3:atemp>
            <ns3:hr>140</ns3:hr>
            <ns3:cad>0</ns3:cad>
          </ns3:TrackPointExtension>
        </extensions>
      </trkpt>
      <trkpt lat="37.7613870799541473388671875" lon="-122.40229952149093151092529296875">
        <ele>56.59999847412109375</ele>
        <time>2025-12-03T15:03:35.000Z</time>
        <extensions>
          <ns3:TrackPointExtension>
            <ns3:atemp>14.0</ns3:atemp>
            <ns3:hr>140</ns3:hr>
            <ns3:cad>0</ns3:cad>
          </ns3:TrackPointExtension>
        </extensions>
      </trkpt>
      <trkpt lat="37.761394120752811431884765625" lon="-122.4022870324552059173583984375">
        <ele>56.59999847412109375</ele>
        <time>2025-12-03T15:03:36.000Z</time>
        <extensions>
          <ns3:TrackPointExtension>
            <ns3:atemp>14.0</ns3:atemp>
            <ns3:hr>142</ns3:hr>
            <ns3:cad>0</ns3:cad>
          </ns3:TrackPointExtension>
        </extensions>
      </trkpt>
      <trkpt lat="37.7613956294953823089599609375" lon="-122.4022840149700641632080078125">
        <ele>56.40000152587890625</ele>
        <time>2025-12-03T15:03:37.000Z</time>
        <extensions>
          <ns3:TrackPointExtension>
            <ns3:atemp>14.0</ns3:atemp>
            <ns3:hr>142</ns3:hr>
            <ns3:cad>0</ns3:cad>
          </ns3:TrackPointExtension>
        </extensions>
      </trkpt>
      <trkpt lat="37.7613956294953823089599609375" lon="-122.402283847332000732421875">
        <ele>56.40000152587890625</ele>
        <time>2025-12-03T15:03:38.000Z</time>
        <extensions>
          <ns3:TrackPointExtension>
            <ns3:atemp>14.0</ns3:atemp>
            <ns3:hr>142</ns3:hr>
            <ns3:cad>0</ns3:cad>
          </ns3:TrackPointExtension>
        </extensions>
      </trkpt>
      <trkpt lat="37.76139554567635059356689453125" lon="-122.40228359587490558624267578125">
        <ele>56.40000152587890625</ele>
        <time>2025-12-03T15:03:39.000Z</time>
        <extensions>
          <ns3:TrackPointExtension>
            <ns3:atemp>14.0</ns3:atemp>
            <ns3:hr>142</ns3:hr>
            <ns3:cad>0</ns3:cad>
          </ns3:TrackPointExtension>
        </extensions>
      </trkpt>
      <trkpt lat="37.761396802961826324462890625" lon="-122.40227471105754375457763671875">
        <ele>56.40000152587890625</ele>
        <time>2025-12-03T15:03:40.000Z</time>
        <extensions>
          <ns3:TrackPointExtension>
            <ns3:atemp>14.0</ns3:atemp>
            <ns3:hr>144</ns3:hr>
            <ns3:cad>0</ns3:cad>
          </ns3:TrackPointExtension>
        </extensions>
      </trkpt>
      <trkpt lat="37.7613956294953823089599609375" lon="-122.402283847332000732421875">
        <ele>56.40000152587890625</ele>
        <time>2025-12-03T15:03:41.000Z</time>
        <extensions>
          <ns3:TrackPointExtension>
            <ns3:atemp>14.0</ns3:atemp>
            <ns3:hr>147</ns3:hr>
            <ns3:cad>0</ns3:cad>
          </ns3:TrackPointExtension>
        </extensions>
      </trkpt>
      <trkpt lat="37.7613956294953823089599609375" lon="-122.402283847332000732421875">
        <ele>56.40000152587890625</ele>
        <time>2025-12-03T15:03:42.000Z</time>
        <extensions>
          <ns3:TrackPointExtension>
            <ns3:atemp>14.0</ns3:atemp>
            <ns3:hr>151</ns3:hr>
            <ns3:cad>0</ns3:cad>
          </ns3:TrackPointExtension>
        </extensions>
      </trkpt>
      <trkpt lat="37.76139722205698490142822265625" lon="-122.40226750262081623077392578125">
        <ele>56.40000152587890625</ele>
        <time>2025-12-03T15:03:43.000Z</time>
        <extensions>
          <ns3:TrackPointExtension>
            <ns3:atemp>14.0</ns3:atemp>
            <ns3:hr>155</ns3:hr>
            <ns3:cad>0</ns3:cad>
          </ns3:TrackPointExtension>
        </extensions>
      </trkpt>
      <trkpt lat="37.76139043271541595458984375" lon="-122.40226414985954761505126953125">
        <ele>56.40000152587890625</ele>
        <time>2025-12-03T15:03:44.000Z</time>
        <extensions>
          <ns3:TrackPointExtension>
            <ns3:atemp>14.0</ns3:atemp>
            <ns3:hr>156</ns3:hr>
            <ns3:cad>0</ns3:cad>
          </ns3:TrackPointExtension>
        </extensions>
      </trkpt>
      <trkpt lat="37.76138984598219394683837890625" lon="-122.40226465277373790740966796875">
        <ele>56.40000152587890625</ele>
        <time>2025-12-03T15:03:45.000Z</time>
        <extensions>
          <ns3:TrackPointExtension>
            <ns3:atemp>14.0</ns3:atemp>
            <ns3:hr>157</ns3:hr>
            <ns3:cad>0</ns3:cad>
          </ns3:TrackPointExtension>
        </extensions>
      </trkpt>
      <trkpt lat="37.76138599030673503875732421875" lon="-122.40226515568792819976806640625">
        <ele>56.40000152587890625</ele>
        <time>2025-12-03T15:03:46.000Z</time>
        <extensions>
          <ns3:TrackPointExtension>
            <ns3:atemp>14.0</ns3:atemp>
            <ns3:hr>157</ns3:hr>
            <ns3:cad>0</ns3:cad>
          </ns3:TrackPointExtension>
        </extensions>
      </trkpt>
      <trkpt lat="37.76136788539588451385498046875" lon="-122.40227052010595798492431640625">
        <ele>56.59999847412109375</ele>
        <time>2025-12-03T15:03:47.000Z</time>
        <extensions>
          <ns3:TrackPointExtension>
            <ns3:atemp>14.0</ns3:atemp>
            <ns3:hr>157</ns3:hr>
            <ns3:cad>0</ns3:cad>
          </ns3:TrackPointExtension>
        </extensions>
      </trkpt>
      <trkpt lat="37.76134491898119449615478515625" lon="-122.40226171910762786865234375">
        <ele>56.59999847412109375</ele>
        <time>2025-12-03T15:03:48.000Z</time>
        <extensions>
          <ns3:TrackPointExtension>
            <ns3:atemp>14.0</ns3:atemp>
            <ns3:hr>156</ns3:hr>
            <ns3:cad>0</ns3:cad>
          </ns3:TrackPointExtension>
        </extensions>
      </trkpt>
      <trkpt lat="37.761317007243633270263671875" lon="-122.4022612161934375762939453125">
        <ele>56.799999237060546875</ele>
        <time>2025-12-03T15:03:49.000Z</time>
        <extensions>
          <ns3:TrackPointExtension>
            <ns3:atemp>14.0</ns3:atemp>
            <ns3:hr>156</ns3:hr>
            <ns3:cad>0</ns3:cad>
          </ns3:TrackPointExtension>
        </extensions>
      </trkpt>
      <trkpt lat="37.7612930350005626678466796875" lon="-122.402268089354038238525390625">
        <ele>57.40000152587890625</ele>
        <time>2025-12-03T15:03:50.000Z</time>
        <extensions>
          <ns3:TrackPointExtension>
            <ns3:atemp>14.0</ns3:atemp>
            <ns3:hr>156</ns3:hr>
            <ns3:cad>0</ns3:cad>
          </ns3:TrackPointExtension>
        </extensions>
      </trkpt>
      <trkpt lat="37.761261351406574249267578125" lon="-122.402278482913970947265625">
        <ele>58</ele>
        <time>2025-12-03T15:03:51.000Z</time>
        <extensions>
          <ns3:TrackPointExtension>
            <ns3:atemp>14.0</ns3:atemp>
            <ns3:hr>155</ns3:hr>
            <ns3:cad>91</ns3:cad>
          </ns3:TrackPointExtension>
        </extensions>
      </trkpt>
      <trkpt lat="37.76123545132577419281005859375" lon="-122.4022843502461910247802734375">
        <ele>58.59999847412109375</ele>
        <time>2025-12-03T15:03:52.000Z</time>
        <extensions>
          <ns3:TrackPointExtension>
            <ns3:atemp>14.0</ns3:atemp>
            <ns3:hr>155</ns3:hr>
            <ns3:cad>91</ns3:cad>
          </ns3:TrackPointExtension>
        </extensions>
      </trkpt>
      <trkpt lat="37.7612038515508174896240234375" lon="-122.40229181014001369476318359375">
        <ele>59</ele>
        <time>2025-12-03T15:03:53.000Z</time>
        <extensions>
          <ns3:TrackPointExtension>
            <ns3:atemp>14.0</ns3:atemp>
            <ns3:hr>155</ns3:hr>
            <ns3:cad>91</ns3:cad>
          </ns3:TrackPointExtension>
        </extensions>
      </trkpt>
      <trkpt lat="37.76118029840290546417236328125" lon="-122.40229658782482147216796875">
        <ele>59.59999847412109375</ele>
        <time>2025-12-03T15:03:54.000Z</time>
        <extensions>
          <ns3:TrackPointExtension>
            <ns3:atemp>14.0</ns3:atemp>
            <ns3:hr>155</ns3:hr>
            <ns3:cad>91</ns3:cad>
          </ns3:TrackPointExtension>
        </extensions>
      </trkpt>
      <trkpt lat="37.76115280576050281524658203125" lon="-122.40230438299477100372314453125">
        <ele>59.799999237060546875</ele>
        <time>2025-12-03T15:03:55.000Z</time>
        <extensions>
          <ns3:TrackPointExtension>
            <ns3:atemp>14.0</ns3:atemp>
            <ns3:hr>155</ns3:hr>
            <ns3:cad>91</ns3:cad>
          </ns3:TrackPointExtension>
        </extensions>
      </trkpt>
      <trkpt lat="37.761132605373859405517578125" lon="-122.40230941213667392730712890625">
        <ele>60.200000762939453125</ele>
        <time>2025-12-03T15:03:56.000Z</time>
        <extensions>
          <ns3:TrackPointExtension>
            <ns3:atemp>14.0</ns3:atemp>
            <ns3:hr>155</ns3:hr>
            <ns3:cad>89</ns3:cad>
          </ns3:TrackPointExtension>
        </extensions>
      </trkpt>
      <trkpt lat="37.7611072920262813568115234375" lon="-122.40231729112565517425537109375">
        <ele>60.59999847412109375</ele>
        <time>2025-12-03T15:03:57.000Z</time>
        <extensions>
          <ns3:TrackPointExtension>
            <ns3:atemp>14.0</ns3:atemp>
            <ns3:hr>155</ns3:hr>
            <ns3:cad>89</ns3:cad>
          </ns3:TrackPointExtension>
        </extensions>
      </trkpt>
      <trkpt lat="37.761085666716098785400390625" lon="-122.4023252539336681365966796875">
        <ele>60.799999237060546875</ele>
        <time>2025-12-03T15:03:58.000Z</time>
        <extensions>
          <ns3:TrackPointExtension>
            <ns3:atemp>14.0</ns3:atemp>
            <ns3:hr>154</ns3:hr>
            <ns3:cad>89</ns3:cad>
          </ns3:TrackPointExtension>
        </extensions>
      </trkpt>
      <trkpt lat="37.7610603533685207366943359375" lon="-122.402332127094268798828125">
        <ele>61.200000762939453125</ele>
        <time>2025-12-03T15:03:59.000Z</time>
        <extensions>
          <ns3:TrackPointExtension>
            <ns3:atemp>14.0</ns3:atemp>
            <ns3:hr>154</ns3:hr>
            <ns3:cad>89</ns3:cad>
          </ns3:TrackPointExtension>
        </extensions>
      </trkpt>
      <trkpt lat="37.76103059761226177215576171875" lon="-122.40233036689460277557373046875">
        <ele>61.40000152587890625</ele>
        <time>2025-12-03T15:04:00.000Z</time>
        <extensions>
          <ns3:TrackPointExtension>
            <ns3:atemp>14.0</ns3:atemp>
            <ns3:hr>154</ns3:hr>
            <ns3:cad>89</ns3:cad>
          </ns3:TrackPointExtension>
        </extensions>
      </trkpt>
      <trkpt lat="37.7610035240650177001953125" lon="-122.4023307859897613525390625">
        <ele>61.799999237060546875</ele>
        <time>2025-12-03T15:04:01.000Z</time>
        <extensions>
          <ns3:TrackPointExtension>
            <ns3:atemp>14.0</ns3:atemp>
            <ns3:hr>154</ns3:hr>
            <ns3:cad>89</ns3:cad>
          </ns3:TrackPointExtension>
        </extensions>
      </trkpt>
      <trkpt lat="37.76096270419657230377197265625" lon="-122.4023286066949367523193359375">
        <ele>62.200000762939453125</ele>
        <time>2025-12-03T15:04:02.000Z</time>
        <extensions>
          <ns3:TrackPointExtension>
            <ns3:atemp>14.0</ns3:atemp>
            <ns3:hr>153</ns3:hr>
            <ns3:cad>89</ns3:cad>
          </ns3:TrackPointExtension>
        </extensions>
      </trkpt>
      <trkpt lat="37.7609352953732013702392578125" lon="-122.4023242481052875518798828125">
        <ele>62.40000152587890625</ele>
        <time>2025-12-03T15:04:03.000Z</time>
        <extensions>
          <ns3:TrackPointExtension>
            <ns3:atemp>14.0</ns3:atemp>
            <ns3:hr>153</ns3:hr>
            <ns3:cad>89</ns3:cad>
          </ns3:TrackPointExtension>
        </extensions>
      </trkpt>
      <trkpt lat="37.7608950622379779815673828125" lon="-122.40231326781213283538818359375">
        <ele>62.59999847412109375</ele>
        <time>2025-12-03T15:04:04.000Z</time>
        <extensions>
          <ns3:TrackPointExtension>
            <ns3:atemp>14.0</ns3:atemp>
            <ns3:hr>153</ns3:hr>
            <ns3:cad>89</ns3:cad>
          </ns3:TrackPointExtension>
        </extensions>
      </trkpt>
      <trkpt lat="37.76086547411978244781494140625" lon="-122.402310334146022796630859375">
        <ele>62.59999847412109375</ele>
        <time>2025-12-03T15:04:05.000Z</time>
        <extensions>
          <ns3:TrackPointExtension>
            <ns3:atemp>14.0</ns3:atemp>
            <ns3:hr>153</ns3:hr>
            <ns3:cad>89</ns3:cad>
          </ns3:TrackPointExtension>
        </extensions>
      </trkpt>
      <trkpt lat="37.76082993485033512115478515625" lon="-122.4023044668138027191162109375">
        <ele>62.59999847412109375</ele>
        <time>2025-12-03T15:04:06.000Z</time>
        <extensions>
          <ns3:TrackPointExtension>
            <ns3:atemp>14.0</ns3:atemp>
            <ns3:hr>153</ns3:hr>
            <ns3:cad>89</ns3:cad>
          </ns3:TrackPointExtension>
        </extensions>
      </trkpt>
      <trkpt lat="37.76080730371177196502685546875" lon="-122.402300275862216949462890625">
        <ele>62.799999237060546875</ele>
        <time>2025-12-03T15:04:07.000Z</time>
        <extensions>
          <ns3:TrackPointExtension>
            <ns3:atemp>14.0</ns3:atemp>
            <ns3:hr>153</ns3:hr>
            <ns3:cad>89</ns3:cad>
          </ns3:TrackPointExtension>
        </extensions>
      </trkpt>
      <trkpt lat="37.76078416965901851654052734375" lon="-122.40229868330061435699462890625">
        <ele>63</ele>
        <time>2025-12-03T15:04:08.000Z</time>
        <extensions>
          <ns3:TrackPointExtension>
            <ns3:atemp>14.0</ns3:atemp>
            <ns3:hr>152</ns3:hr>
            <ns3:cad>87</ns3:cad>
          </ns3:TrackPointExtension>
        </extensions>
      </trkpt>
      <trkpt lat="37.76076304726302623748779296875" lon="-122.40230237133800983428955078125">
        <ele>63</ele>
        <time>2025-12-03T15:04:09.000Z</time>
        <extensions>
          <ns3:TrackPointExtension>
            <ns3:atemp>14.0</ns3:atemp>
            <ns3:hr>153</ns3:hr>
            <ns3:cad>87</ns3:cad>
          </ns3:TrackPointExtension>
        </extensions>
      </trkpt>
      <trkpt lat="37.7607487142086029052734375" lon="-122.40230488590896129608154296875">
        <ele>63.40000152587890625</ele>
        <time>2025-12-03T15:04:10.000Z</time>
        <extensions>
          <ns3:TrackPointExtension>
            <ns3:atemp>14.0</ns3:atemp>
            <ns3:hr>153</ns3:hr>
            <ns3:cad>87</ns3:cad>
          </ns3:TrackPointExtension>
        </extensions>
      </trkpt>
      <trkpt lat="37.76071661151945590972900390625" lon="-122.40230505354702472686767578125">
        <ele>63.799999237060546875</ele>
        <time>2025-12-03T15:04:11.000Z</time>
        <extensions>
          <ns3:TrackPointExtension>
            <ns3:atemp>14.0</ns3:atemp>
            <ns3:hr>154</ns3:hr>
            <ns3:cad>87</ns3:cad>
          </ns3:TrackPointExtension>
        </extensions>
      </trkpt>
      <trkpt lat="37.760706134140491485595703125" lon="-122.40230203606188297271728515625">
        <ele>64.1999969482421875</ele>
        <time>2025-12-03T15:04:12.000Z</time>
        <extensions>
          <ns3:TrackPointExtension>
            <ns3:atemp>14.0</ns3:atemp>
            <ns3:hr>154</ns3:hr>
            <ns3:cad>87</ns3:cad>
          </ns3:TrackPointExtension>
        </extensions>
      </trkpt>
      <trkpt lat="37.7606808207929134368896484375" lon="-122.40229600109159946441650390625">
        <ele>64.40000152587890625</ele>
        <time>2025-12-03T15:04:13.000Z</time>
        <extensions>
          <ns3:TrackPointExtension>
            <ns3:atemp>14.0</ns3:atemp>
            <ns3:hr>154</ns3:hr>
            <ns3:cad>85</ns3:cad>
          </ns3:TrackPointExtension>
        </extensions>
      </trkpt>
      <trkpt lat="37.760651819407939910888671875" lon="-122.40229524672031402587890625">
        <ele>64.8000030517578125</ele>
        <time>2025-12-03T15:04:14.000Z</time>
        <extensions>
          <ns3:TrackPointExtension>
            <ns3:atemp>14.0</ns3:atemp>
            <ns3:hr>155</ns3:hr>
            <ns3:cad>84</ns3:cad>
          </ns3:TrackPointExtension>
        </extensions>
      </trkpt>
      <trkpt lat="37.76064218021929264068603515625" lon="-122.40230455063283443450927734375">
        <ele>65.1999969482421875</ele>
        <time>2025-12-03T15:04:15.000Z</time>
        <extensions>
          <ns3:TrackPointExtension>
            <ns3:atemp>14.0</ns3:atemp>
            <ns3:hr>155</ns3:hr>
            <ns3:cad>84</ns3:cad>
          </ns3:TrackPointExtension>
        </extensions>
      </trkpt>
      <trkpt lat="37.76062055490911006927490234375" lon="-122.4023031257092952728271484375">
        <ele>65.59999847412109375</ele>
        <time>2025-12-03T15:04:16.000Z</time>
        <extensions>
          <ns3:TrackPointExtension>
            <ns3:atemp>14.0</ns3:atemp>
            <ns3:hr>155</ns3:hr>
            <ns3:cad>84</ns3:cad>
          </ns3:TrackPointExtension>
        </extensions>
      </trkpt>
      <trkpt lat="37.76060580275952816009521484375" lon="-122.4023044668138027191162109375">
        <ele>66</ele>
        <time>2025-12-03T15:04:17.000Z</time>
        <extensions>
          <ns3:TrackPointExtension>
            <ns3:atemp>14.0</ns3:atemp>
            <ns3:hr>156</ns3:hr>
            <ns3:cad>85</ns3:cad>
          </ns3:TrackPointExtension>
        </extensions>
      </trkpt>
      <trkpt lat="37.760586105287075042724609375" lon="-122.40231293253600597381591796875">
        <ele>66.40000152587890625</ele>
        <time>2025-12-03T15:04:18.000Z</time>
        <extensions>
          <ns3:TrackPointExtension>
            <ns3:atemp>14.0</ns3:atemp>
            <ns3:hr>156</ns3:hr>
            <ns3:cad>85</ns3:cad>
          </ns3:TrackPointExtension>
        </extensions>
      </trkpt>
      <trkpt lat="37.76058501563966274261474609375" lon="-122.4023071490228176116943359375">
        <ele>66.8000030517578125</ele>
        <time>2025-12-03T15:04:19.000Z</time>
        <extensions>
          <ns3:TrackPointExtension>
            <ns3:atemp>14.0</ns3:atemp>
            <ns3:hr>156</ns3:hr>
            <ns3:cad>85</ns3:cad>
          </ns3:TrackPointExtension>
        </extensions>
      </trkpt>
      <trkpt lat="37.76058400981128215789794921875" lon="-122.40228393115103244781494140625">
        <ele>67.1999969482421875</ele>
        <time>2025-12-03T15:04:20.000Z</time>
        <extensions>
          <ns3:TrackPointExtension>
            <ns3:atemp>14.0</ns3:atemp>
            <ns3:hr>156</ns3:hr>
            <ns3:cad>84</ns3:cad>
          </ns3:TrackPointExtension>
        </extensions>
      </trkpt>
      <trkpt lat="37.76058820076286792755126953125" lon="-122.40226984955370426177978515625">
        <ele>67.1999969482421875</ele>
        <time>2025-12-03T15:04:21.000Z</time>
        <extensions>
          <ns3:TrackPointExtension>
            <ns3:atemp>14.0</ns3:atemp>
            <ns3:hr>157</ns3:hr>
            <ns3:cad>43</ns3:cad>
          </ns3:TrackPointExtension>
        </extensions>
      </trkpt>
      <trkpt lat="37.76058518327772617340087890625" lon="-122.40225878544151782989501953125">
        <ele>67.40000152587890625</ele>
        <time>2025-12-03T15:04:22.000Z</time>
        <extensions>
          <ns3:TrackPointExtension>
            <ns3:atemp>14.0</ns3:atemp>
            <ns3:hr>157</ns3:hr>
            <ns3:cad>43</ns3:cad>
          </ns3:TrackPointExtension>
        </extensions>
      </trkpt>
      <trkpt lat="37.7605859376490116119384765625" lon="-122.402245290577411651611328125">
        <ele>67.1999969482421875</ele>
        <time>2025-12-03T15:04:23.000Z</time>
        <extensions>
          <ns3:TrackPointExtension>
            <ns3:atemp>14.0</ns3:atemp>
            <ns3:hr>157</ns3:hr>
            <ns3:cad>0</ns3:cad>
          </ns3:TrackPointExtension>
        </extensions>
      </trkpt>
      <trkpt lat="37.7605862729251384735107421875" lon="-122.40223632194101810455322265625">
        <ele>67.1999969482421875</ele>
        <time>2025-12-03T15:04:24.000Z</time>
        <extensions>
          <ns3:TrackPointExtension>
            <ns3:atemp>14.0</ns3:atemp>
            <ns3:hr>156</ns3:hr>
            <ns3:cad>0</ns3:cad>
          </ns3:TrackPointExtension>
        </extensions>
      </trkpt>
      <trkpt lat="37.7605877816677093505859375" lon="-122.40222056396305561065673828125">
        <ele>67.1999969482421875</ele>
        <time>2025-12-03T15:04:25.000Z</time>
        <extensions>
          <ns3:TrackPointExtension>
            <ns3:atemp>14.0</ns3:atemp>
            <ns3:hr>156</ns3:hr>
            <ns3:cad>0</ns3:cad>
          </ns3:TrackPointExtension>
        </extensions>
      </trkpt>
      <trkpt lat="37.7605877816677093505859375" lon="-122.40222056396305561065673828125">
        <ele>67</ele>
        <time>2025-12-03T15:04:26.000Z</time>
        <extensions>
          <ns3:TrackPointExtension>
            <ns3:atemp>14.0</ns3:atemp>
            <ns3:hr>156</ns3:hr>
            <ns3:cad>0</ns3:cad>
          </ns3:TrackPointExtension>
        </extensions>
      </trkpt>
      <trkpt lat="37.7605877816677093505859375" lon="-122.4022193066775798797607421875">
        <ele>67.1999969482421875</ele>
        <time>2025-12-03T15:04:27.000Z</time>
        <extensions>
          <ns3:TrackPointExtension>
            <ns3:atemp>14.0</ns3:atemp>
            <ns3:hr>156</ns3:hr>
            <ns3:cad>0</ns3:cad>
          </ns3:TrackPointExtension>
        </extensions>
      </trkpt>
      <trkpt lat="37.7605879493057727813720703125" lon="-122.402202375233173370361328125">
        <ele>67.1999969482421875</ele>
        <time>2025-12-03T15:04:28.000Z</time>
        <extensions>
          <ns3:TrackPointExtension>
            <ns3:atemp>14.0</ns3:atemp>
            <ns3:hr>155</ns3:hr>
            <ns3:cad>0</ns3:cad>
          </ns3:TrackPointExtension>
        </extensions>
      </trkpt>
      <trkpt lat="37.76058786548674106597900390625" lon="-122.4021884612739086151123046875">
        <ele>67.1999969482421875</ele>
        <time>2025-12-03T15:04:29.000Z</time>
        <extensions>
          <ns3:TrackPointExtension>
            <ns3:atemp>14.0</ns3:atemp>
            <ns3:hr>155</ns3:hr>
            <ns3:cad>0</ns3:cad>
          </ns3:TrackPointExtension>
        </extensions>
      </trkpt>
      <trkpt lat="37.76058711111545562744140625" lon="-122.4021854437887668609619140625">
        <ele>67.1999969482421875</ele>
        <time>2025-12-03T15:04:30.000Z</time>
        <extensions>
          <ns3:TrackPointExtension>
            <ns3:atemp>14.0</ns3:atemp>
            <ns3:hr>155</ns3:hr>
            <ns3:cad>0</ns3:cad>
          </ns3:TrackPointExtension>
        </extensions>
      </trkpt>
      <trkpt lat="37.76058501563966274261474609375" lon="-122.40219424478709697723388671875">
        <ele>67.40000152587890625</ele>
        <time>2025-12-03T15:04:31.000Z</time>
        <extensions>
          <ns3:TrackPointExtension>
            <ns3:atemp>14.0</ns3:atemp>
            <ns3:hr>154</ns3:hr>
            <ns3:cad>0</ns3:cad>
          </ns3:TrackPointExtension>
        </extensions>
      </trkpt>
      <trkpt lat="37.7605859376490116119384765625" lon="-122.40220539271831512451171875">
        <ele>67.40000152587890625</ele>
        <time>2025-12-03T15:04:32.000Z</time>
        <extensions>
          <ns3:TrackPointExtension>
            <ns3:atemp>14.0</ns3:atemp>
            <ns3:hr>154</ns3:hr>
            <ns3:cad>47</ns3:cad>
          </ns3:TrackPointExtension>
        </extensions>
      </trkpt>
      <trkpt lat="37.7605822496116161346435546875" lon="-122.4022114276885986328125">
        <ele>67.1999969482421875</ele>
        <time>2025-12-03T15:04:33.000Z</time>
        <extensions>
          <ns3:TrackPointExtension>
            <ns3:atemp>14.0</ns3:atemp>
            <ns3:hr>154</ns3:hr>
            <ns3:cad>48</ns3:cad>
          </ns3:TrackPointExtension>
        </extensions>
      </trkpt>
      <trkpt lat="37.76058032177388668060302734375" lon="-122.4022189714014530181884765625">
        <ele>67.1999969482421875</ele>
        <time>2025-12-03T15:04:34.000Z</time>
        <extensions>
          <ns3:TrackPointExtension>
            <ns3:atemp>14.0</ns3:atemp>
            <ns3:hr>153</ns3:hr>
            <ns3:cad>48</ns3:cad>
          </ns3:TrackPointExtension>
        </extensions>
      </trkpt>
      <trkpt lat="37.76057864539325237274169921875" lon="-122.4022323824465274810791015625">
        <ele>67.1999969482421875</ele>
        <time>2025-12-03T15:04:35.000Z</time>
        <extensions>
          <ns3:TrackPointExtension>
            <ns3:atemp>14.0</ns3:atemp>
            <ns3:hr>154</ns3:hr>
            <ns3:cad>0</ns3:cad>
          </ns3:TrackPointExtension>
        </extensions>
      </trkpt>
      <trkpt lat="37.7605770528316497802734375" lon="-122.4022400937974452972412109375">
        <ele>67.1999969482421875</ele>
        <time>2025-12-03T15:04:36.000Z</time>
        <extensions>
          <ns3:TrackPointExtension>
            <ns3:atemp>14.0</ns3:atemp>
            <ns3:hr>154</ns3:hr>
            <ns3:cad>0</ns3:cad>
          </ns3:TrackPointExtension>
        </extensions>
      </trkpt>
      <trkpt lat="37.7605735324323177337646484375" lon="-122.40224822424352169036865234375">
        <ele>67.1999969482421875</ele>
        <time>2025-12-03T15:04:37.000Z</time>
        <extensions>
          <ns3:TrackPointExtension>
            <ns3:atemp>14.0</ns3:atemp>
            <ns3:hr>154</ns3:hr>
            <ns3:cad>0</ns3:cad>
          </ns3:TrackPointExtension>
        </extensions>
      </trkpt>
      <trkpt lat="37.7605735324323177337646484375" lon="-122.40225425921380519866943359375">
        <ele>67.1999969482421875</ele>
        <time>2025-12-03T15:04:38.000Z</time>
        <extensions>
          <ns3:TrackPointExtension>
            <ns3:atemp>14.0</ns3:atemp>
            <ns3:hr>155</ns3:hr>
            <ns3:cad>0</ns3:cad>
          </ns3:TrackPointExtension>
        </extensions>
      </trkpt>
      <trkpt lat="37.76057462207973003387451171875" lon="-122.4022581987082958221435546875">
        <ele>67.1999969482421875</ele>
        <time>2025-12-03T15:04:39.000Z</time>
        <extensions>
          <ns3:TrackPointExtension>
            <ns3:atemp>14.0</ns3:atemp>
            <ns3:hr>155</ns3:hr>
            <ns3:cad>0</ns3:cad>
          </ns3:TrackPointExtension>
        </extensions>
      </trkpt>
      <trkpt lat="37.76057512499392032623291015625" lon="-122.4022592045366764068603515625">
        <ele>67.1999969482421875</ele>
        <time>2025-12-03T15:04:40.000Z</time>
        <extensions>
          <ns3:TrackPointExtension>
            <ns3:atemp>14.0</ns3:atemp>
            <ns3:hr>155</ns3:hr>
            <ns3:cad>0</ns3:cad>
          </ns3:TrackPointExtension>
        </extensions>
      </trkpt>
      <trkpt lat="37.76057906448841094970703125" lon="-122.40225509740412235260009765625">
        <ele>67.1999969482421875</ele>
        <time>2025-12-03T15:04:41.000Z</time>
        <extensions>
          <ns3:TrackPointExtension>
            <ns3:atemp>14.0</ns3:atemp>
            <ns3:hr>154</ns3:hr>
            <ns3:cad>0</ns3:cad>
          </ns3:TrackPointExtension>
        </extensions>
      </trkpt>
      <trkpt lat="37.7605765499174594879150390625" lon="-122.40225576795637607574462890625">
        <ele>67.1999969482421875</ele>
        <time>2025-12-03T15:04:42.000Z</time>
        <extensions>
          <ns3:TrackPointExtension>
            <ns3:atemp>14.0</ns3:atemp>
            <ns3:hr>154</ns3:hr>
            <ns3:cad>0</ns3:cad>
          </ns3:TrackPointExtension>
        </extensions>
      </trkpt>
      <trkpt lat="37.7605716884136199951171875" lon="-122.4022501520812511444091796875">
        <ele>67.1999969482421875</ele>
        <time>2025-12-03T15:04:43.000Z</time>
        <extensions>
          <ns3:TrackPointExtension>
            <ns3:atemp>14.0</ns3:atemp>
            <ns3:hr>155</ns3:hr>
            <ns3:cad>0</ns3:cad>
          </ns3:TrackPointExtension>
        </extensions>
      </trkpt>
      <trkpt lat="37.76056707836687564849853515625" lon="-122.40224026143550872802734375">
        <ele>67.1999969482421875</ele>
        <time>2025-12-03T15:04:44.000Z</time>
        <extensions>
          <ns3:TrackPointExtension>
            <ns3:atemp>14.0</ns3:atemp>
            <ns3:hr>155</ns3:hr>
            <ns3:cad>0</ns3:cad>
          </ns3:TrackPointExtension>
        </extensions>
      </trkpt>
      <trkpt lat="37.7605681680142879486083984375" lon="-122.40222810767590999603271484375">
        <ele>67.1999969482421875</ele>
        <time>2025-12-03T15:04:45.000Z</time>
        <extensions>
          <ns3:TrackPointExtension>
            <ns3:atemp>14.0</ns3:atemp>
            <ns3:hr>154</ns3:hr>
            <ns3:cad>0</ns3:cad>
          </ns3:TrackPointExtension>
        </extensions>
      </trkpt>
      <trkpt lat="37.7605604566633701324462890625" lon="-122.40222810767590999603271484375">
        <ele>67.1999969482421875</ele>
        <time>2025-12-03T15:04:46.000Z</time>
        <extensions>
          <ns3:TrackPointExtension>
            <ns3:atemp>14.0</ns3:atemp>
            <ns3:hr>155</ns3:hr>
            <ns3:cad>0</ns3:cad>
          </ns3:TrackPointExtension>
        </extensions>
      </trkpt>
      <trkpt lat="37.760546542704105377197265625" lon="-122.4022343941032886505126953125">
        <ele>67.1999969482421875</ele>
        <time>2025-12-03T15:04:47.000Z</time>
        <extensions>
          <ns3:TrackPointExtension>
            <ns3:atemp>14.0</ns3:atemp>
            <ns3:hr>155</ns3:hr>
            <ns3:cad>0</ns3:cad>
          </ns3:TrackPointExtension>
        </extensions>
      </trkpt>
      <trkpt lat="37.760527096688747406005859375" lon="-122.40224101580679416656494140625">
        <ele>67.40000152587890625</ele>
        <time>2025-12-03T15:04:48.000Z</time>
        <extensions>
          <ns3:TrackPointExtension>
            <ns3:atemp>14.0</ns3:atemp>
            <ns3:hr>155</ns3:hr>
            <ns3:cad>75</ns3:cad>
          </ns3:TrackPointExtension>
        </extensions>
      </trkpt>
      <trkpt lat="37.76048921048641204833984375" lon="-122.40224319510161876678466796875">
        <ele>67.8000030517578125</ele>
        <time>2025-12-03T15:04:49.000Z</time>
        <extensions>
          <ns3:TrackPointExtension>
            <ns3:atemp>14.0</ns3:atemp>
            <ns3:hr>154</ns3:hr>
            <ns3:cad>75</ns3:cad>
          </ns3:TrackPointExtension>
        </extensions>
      </trkpt>
      <trkpt lat="37.76046113111078739166259765625" lon="-122.40224428474903106689453125">
        <ele>68.1999969482421875</ele>
        <time>2025-12-03T15:04:50.000Z</time>
        <extensions>
          <ns3:TrackPointExtension>
            <ns3:atemp>14.0</ns3:atemp>
            <ns3:hr>155</ns3:hr>
            <ns3:cad>75</ns3:cad>
          </ns3:TrackPointExtension>
        </extensions>
      </trkpt>
      <trkpt lat="37.7604327164590358734130859375" lon="-122.402243278920650482177734375">
        <ele>68.8000030517578125</ele>
        <time>2025-12-03T15:04:51.000Z</time>
        <extensions>
          <ns3:TrackPointExtension>
            <ns3:atemp>14.0</ns3:atemp>
            <ns3:hr>155</ns3:hr>
            <ns3:cad>85</ns3:cad>
          </ns3:TrackPointExtension>
        </extensions>
      </trkpt>
      <trkpt lat="37.76041151024401187896728515625" lon="-122.40224302746355533599853515625">
        <ele>69.1999969482421875</ele>
        <time>2025-12-03T15:04:52.000Z</time>
        <extensions>
          <ns3:TrackPointExtension>
            <ns3:atemp>14.0</ns3:atemp>
            <ns3:hr>155</ns3:hr>
            <ns3:cad>85</ns3:cad>
          </ns3:TrackPointExtension>
        </extensions>
      </trkpt>
      <trkpt lat="37.76038569398224353790283203125" lon="-122.40224369801580905914306640625">
        <ele>69.8000030517578125</ele>
        <time>2025-12-03T15:04:53.000Z</time>
        <extensions>
          <ns3:TrackPointExtension>
            <ns3:atemp>14.0</ns3:atemp>
            <ns3:hr>155</ns3:hr>
            <ns3:cad>85</ns3:cad>
          </ns3:TrackPointExtension>
        </extensions>
      </trkpt>
      <trkpt lat="37.76036809198558330535888671875" lon="-122.40224604494869709014892578125">
        <ele>70.1999969482421875</ele>
        <time>2025-12-03T15:04:54.000Z</time>
        <extensions>
          <ns3:TrackPointExtension>
            <ns3:atemp>14.0</ns3:atemp>
            <ns3:hr>156</ns3:hr>
            <ns3:cad>85</ns3:cad>
          </ns3:TrackPointExtension>
        </extensions>
      </trkpt>
      <trkpt lat="37.76034680195152759552001953125" lon="-122.40224721841514110565185546875">
        <ele>70.40000152587890625</ele>
        <time>2025-12-03T15:04:55.000Z</time>
        <extensions>
          <ns3:TrackPointExtension>
            <ns3:atemp>14.0</ns3:atemp>
            <ns3:hr>156</ns3:hr>
            <ns3:cad>86</ns3:cad>
          </ns3:TrackPointExtension>
        </extensions>
      </trkpt>
      <trkpt lat="37.76032282970845699310302734375" lon="-122.402243278920650482177734375">
        <ele>70.8000030517578125</ele>
        <time>2025-12-03T15:04:56.000Z</time>
        <extensions>
          <ns3:TrackPointExtension>
            <ns3:atemp>14.0</ns3:atemp>
            <ns3:hr>156</ns3:hr>
            <ns3:cad>86</ns3:cad>
          </ns3:TrackPointExtension>
        </extensions>
      </trkpt>
      <trkpt lat="37.76030522771179676055908203125" lon="-122.4022407643496990203857421875">
        <ele>71.1999969482421875</ele>
        <time>2025-12-03T15:04:57.000Z</time>
        <extensions>
          <ns3:TrackPointExtension>
            <ns3:atemp>14.0</ns3:atemp>
            <ns3:hr>156</ns3:hr>
            <ns3:cad>87</ns3:cad>
          </ns3:TrackPointExtension>
        </extensions>
      </trkpt>
      <trkpt lat="37.76027488522231578826904296875" lon="-122.40223950706422328948974609375">
        <ele>71.8000030517578125</ele>
        <time>2025-12-03T15:04:58.000Z</time>
        <extensions>
          <ns3:TrackPointExtension>
            <ns3:atemp>14.0</ns3:atemp>
            <ns3:hr>155</ns3:hr>
            <ns3:cad>88</ns3:cad>
          </ns3:TrackPointExtension>
        </extensions>
      </trkpt>
      <trkpt lat="37.76026197709143161773681640625" lon="-122.4022400937974452972412109375">
        <ele>72.1999969482421875</ele>
        <time>2025-12-03T15:04:59.000Z</time>
        <extensions>
          <ns3:TrackPointExtension>
            <ns3:atemp>14.0</ns3:atemp>
            <ns3:hr>156</ns3:hr>
            <ns3:cad>88</ns3:cad>
          </ns3:TrackPointExtension>
        </extensions>
      </trkpt>
      <trkpt lat="37.76023414917290210723876953125" lon="-122.40223850123584270477294921875">
        <ele>72.59999847412109375</ele>
        <time>2025-12-03T15:05:00.000Z</time>
        <extensions>
          <ns3:TrackPointExtension>
            <ns3:atemp>14.0</ns3:atemp>
            <ns3:hr>156</ns3:hr>
            <ns3:cad>87</ns3:cad>
          </ns3:TrackPointExtension>
        </extensions>
      </trkpt>
      <trkpt lat="37.7602137811481952667236328125" lon="-122.40223598666489124298095703125">
        <ele>73</ele>
        <time>2025-12-03T15:05:01.000Z</time>
        <extensions>
          <ns3:TrackPointExtension>
            <ns3:atemp>14.0</ns3:atemp>
            <ns3:hr>156</ns3:hr>
            <ns3:cad>86</ns3:cad>
          </ns3:TrackPointExtension>
        </extensions>
      </trkpt>
      <trkpt lat="37.7601893059909343719482421875" lon="-122.40223623812198638916015625">
        <ele>73.40000152587890625</ele>
        <time>2025-12-03T15:05:02.000Z</time>
        <extensions>
          <ns3:TrackPointExtension>
            <ns3:atemp>14.0</ns3:atemp>
            <ns3:hr>156</ns3:hr>
            <ns3:cad>86</ns3:cad>
          </ns3:TrackPointExtension>
        </extensions>
      </trkpt>
      <trkpt lat="37.7601634897291660308837890625" lon="-122.4022283591330051422119140625">
        <ele>73.59999847412109375</ele>
        <time>2025-12-03T15:05:03.000Z</time>
        <extensions>
          <ns3:TrackPointExtension>
            <ns3:atemp>14.0</ns3:atemp>
            <ns3:hr>157</ns3:hr>
            <ns3:cad>86</ns3:cad>
          </ns3:TrackPointExtension>
        </extensions>
      </trkpt>
      <trkpt lat="37.76014295406639575958251953125" lon="-122.4022276885807514190673828125">
        <ele>74.1999969482421875</ele>
        <time>2025-12-03T15:05:04.000Z</time>
        <extensions>
          <ns3:TrackPointExtension>
            <ns3:atemp>14.0</ns3:atemp>
            <ns3:hr>157</ns3:hr>
            <ns3:cad>86</ns3:cad>
          </ns3:TrackPointExtension>
        </extensions>
      </trkpt>
      <trkpt lat="37.7601118572056293487548828125" lon="-122.4022283591330051422119140625">
        <ele>74.59999847412109375</ele>
        <time>2025-12-03T15:05:05.000Z</time>
        <extensions>
          <ns3:TrackPointExtension>
            <ns3:atemp>14.0</ns3:atemp>
            <ns3:hr>158</ns3:hr>
            <ns3:cad>85</ns3:cad>
          </ns3:TrackPointExtension>
        </extensions>
      </trkpt>
      <trkpt lat="37.76009090244770050048828125" lon="-122.40222819149494171142578125">
        <ele>74.8000030517578125</ele>
        <time>2025-12-03T15:05:06.000Z</time>
        <extensions>
          <ns3:TrackPointExtension>
            <ns3:atemp>14.0</ns3:atemp>
            <ns3:hr>158</ns3:hr>
            <ns3:cad>85</ns3:cad>
          </ns3:TrackPointExtension>
        </extensions>
      </trkpt>
      <trkpt lat="37.76006542146205902099609375" lon="-122.4022288620471954345703125">
        <ele>75.1999969482421875</ele>
        <time>2025-12-03T15:05:07.000Z</time>
        <extensions>
          <ns3:TrackPointExtension>
            <ns3:atemp>14.0</ns3:atemp>
            <ns3:hr>158</ns3:hr>
            <ns3:cad>85</ns3:cad>
          </ns3:TrackPointExtension>
        </extensions>
      </trkpt>
      <trkpt lat="37.76004488579928874969482421875" lon="-122.40223263390362262725830078125">
        <ele>75.8000030517578125</ele>
        <time>2025-12-03T15:05:08.000Z</time>
        <extensions>
          <ns3:TrackPointExtension>
            <ns3:atemp>14.0</ns3:atemp>
            <ns3:hr>159</ns3:hr>
            <ns3:cad>85</ns3:cad>
          </ns3:TrackPointExtension>
        </extensions>
      </trkpt>
      <trkpt lat="37.760027535259723663330078125" lon="-122.40223581902682781219482421875">
        <ele>76.1999969482421875</ele>
        <time>2025-12-03T15:05:09.000Z</time>
        <extensions>
          <ns3:TrackPointExtension>
            <ns3:atemp>14.0</ns3:atemp>
            <ns3:hr>159</ns3:hr>
            <ns3:cad>86</ns3:cad>
          </ns3:TrackPointExtension>
        </extensions>
      </trkpt>
      <trkpt lat="37.76000314392149448394775390625" lon="-122.402229867875576019287109375">
        <ele>76.40000152587890625</ele>
        <time>2025-12-03T15:05:10.000Z</time>
        <extensions>
          <ns3:TrackPointExtension>
            <ns3:atemp>14.0</ns3:atemp>
            <ns3:hr>159</ns3:hr>
            <ns3:cad>86</ns3:cad>
          </ns3:TrackPointExtension>
        </extensions>
      </trkpt>
      <trkpt lat="37.75999140925705432891845703125" lon="-122.40223095752298831939697265625">
        <ele>76.8000030517578125</ele>
        <time>2025-12-03T15:05:11.000Z</time>
        <extensions>
          <ns3:TrackPointExtension>
            <ns3:atemp>14.0</ns3:atemp>
            <ns3:hr>160</ns3:hr>
            <ns3:cad>86</ns3:cad>
          </ns3:TrackPointExtension>
        </extensions>
      </trkpt>
      <trkpt lat="37.75996685028076171875" lon="-122.4022323824465274810791015625">
        <ele>77.40000152587890625</ele>
        <time>2025-12-03T15:05:12.000Z</time>
        <extensions>
          <ns3:TrackPointExtension>
            <ns3:atemp>14.0</ns3:atemp>
            <ns3:hr>160</ns3:hr>
            <ns3:cad>86</ns3:cad>
          </ns3:TrackPointExtension>
        </extensions>
      </trkpt>
      <trkpt lat="37.75994061492383480072021484375" lon="-122.402223832905292510986328125">
        <ele>78</ele>
        <time>2025-12-03T15:05:13.000Z</time>
        <extensions>
          <ns3:TrackPointExtension>
            <ns3:atemp>14.0</ns3:atemp>
            <ns3:hr>161</ns3:hr>
            <ns3:cad>85</ns3:cad>
          </ns3:TrackPointExtension>
        </extensions>
      </trkpt>
      <trkpt lat="37.75991764850914478302001953125" lon="-122.40222089923918247222900390625">
        <ele>78.40000152587890625</ele>
        <time>2025-12-03T15:05:14.000Z</time>
        <extensions>
          <ns3:TrackPointExtension>
            <ns3:atemp>14.0</ns3:atemp>
            <ns3:hr>161</ns3:hr>
            <ns3:cad>85</ns3:cad>
          </ns3:TrackPointExtension>
        </extensions>
      </trkpt>
      <trkpt lat="37.7598835341632366180419921875" lon="-122.40223196335136890411376953125">
        <ele>78.59999847412109375</ele>
        <time>2025-12-03T15:05:15.000Z</time>
        <extensions>
          <ns3:TrackPointExtension>
            <ns3:atemp>14.0</ns3:atemp>
            <ns3:hr>161</ns3:hr>
            <ns3:cad>85</ns3:cad>
          </ns3:TrackPointExtension>
        </extensions>
      </trkpt>
      <trkpt lat="37.7598684467375278472900390625" lon="-122.4022260122001171112060546875">
        <ele>79.1999969482421875</ele>
        <time>2025-12-03T15:05:16.000Z</time>
        <extensions>
          <ns3:TrackPointExtension>
            <ns3:atemp>14.0</ns3:atemp>
            <ns3:hr>161</ns3:hr>
            <ns3:cad>84</ns3:cad>
          </ns3:TrackPointExtension>
        </extensions>
      </trkpt>
      <trkpt lat="37.75984506122767925262451171875" lon="-122.40222274325788021087646484375">
        <ele>79.40000152587890625</ele>
        <time>2025-12-03T15:05:17.000Z</time>
        <extensions>
          <ns3:TrackPointExtension>
            <ns3:atemp>14.0</ns3:atemp>
            <ns3:hr>162</ns3:hr>
            <ns3:cad>84</ns3:cad>
          </ns3:TrackPointExtension>
        </extensions>
      </trkpt>
      <trkpt lat="37.75982561521232128143310546875" lon="-122.40221587009727954864501953125">
        <ele>79.8000030517578125</ele>
        <time>2025-12-03T15:05:18.000Z</time>
        <extensions>
          <ns3:TrackPointExtension>
            <ns3:atemp>14.0</ns3:atemp>
            <ns3:hr>162</ns3:hr>
            <ns3:cad>84</ns3:cad>
          </ns3:TrackPointExtension>
        </extensions>
      </trkpt>
      <trkpt lat="37.75982025079429149627685546875" lon="-122.4022196419537067413330078125">
        <ele>80.1999969482421875</ele>
        <time>2025-12-03T15:05:19.000Z</time>
        <extensions>
          <ns3:TrackPointExtension>
            <ns3:atemp>14.0</ns3:atemp>
            <ns3:hr>162</ns3:hr>
            <ns3:cad>85</ns3:cad>
          </ns3:TrackPointExtension>
        </extensions>
      </trkpt>
      <trkpt lat="37.75981371290981769561767578125" lon="-122.40222408436238765716552734375">
        <ele>80.40000152587890625</ele>
        <time>2025-12-03T15:05:20.000Z</time>
        <extensions>
          <ns3:TrackPointExtension>
            <ns3:atemp>14.0</ns3:atemp>
            <ns3:hr>163</ns3:hr>
            <ns3:cad>85</ns3:cad>
          </ns3:TrackPointExtension>
        </extensions>
      </trkpt>
      <trkpt lat="37.75980700738728046417236328125" lon="-122.4022273533046245574951171875">
        <ele>80.8000030517578125</ele>
        <time>2025-12-03T15:05:21.000Z</time>
        <extensions>
          <ns3:TrackPointExtension>
            <ns3:atemp>14.0</ns3:atemp>
            <ns3:hr>163</ns3:hr>
            <ns3:cad>43</ns3:cad>
          </ns3:TrackPointExtension>
        </extensions>
      </trkpt>
      <trkpt lat="37.7598074264824390411376953125" lon="-122.402231879532337188720703125">
        <ele>80.8000030517578125</ele>
        <time>2025-12-03T15:05:22.000Z</time>
        <extensions>
          <ns3:TrackPointExtension>
            <ns3:atemp>14.0</ns3:atemp>
            <ns3:hr>163</ns3:hr>
            <ns3:cad>43</ns3:cad>
          </ns3:TrackPointExtension>
        </extensions>
      </trkpt>
      <trkpt lat="37.7598030678927898406982421875" lon="-122.402230538427829742431640625">
        <ele>80.8000030517578125</ele>
        <time>2025-12-03T15:05:23.000Z</time>
        <extensions>
          <ns3:TrackPointExtension>
            <ns3:atemp>14.0</ns3:atemp>
            <ns3:hr>163</ns3:hr>
            <ns3:cad>43</ns3:cad>
          </ns3:TrackPointExtension>
        </extensions>
      </trkpt>
      <trkpt lat="37.7597966976463794708251953125" lon="-122.40223162807524204254150390625">
        <ele>80.8000030517578125</ele>
        <time>2025-12-03T15:05:24.000Z</time>
        <extensions>
          <ns3:TrackPointExtension>
            <ns3:atemp>14.0</ns3:atemp>
            <ns3:hr>164</ns3:hr>
            <ns3:cad>40</ns3:cad>
          </ns3:TrackPointExtension>
        </extensions>
      </trkpt>
      <trkpt lat="37.75979175232350826263427734375" lon="-122.4022280238568782806396484375">
        <ele>80.8000030517578125</ele>
        <time>2025-12-03T15:05:25.000Z</time>
        <extensions>
          <ns3:TrackPointExtension>
            <ns3:atemp>14.0</ns3:atemp>
            <ns3:hr>164</ns3:hr>
            <ns3:cad>0</ns3:cad>
          </ns3:TrackPointExtension>
        </extensions>
      </trkpt>
      <trkpt lat="37.75979510508477687835693359375" lon="-122.402213104069232940673828125">
        <ele>80.8000030517578125</ele>
        <time>2025-12-03T15:05:26.000Z</time>
        <extensions>
          <ns3:TrackPointExtension>
            <ns3:atemp>14.0</ns3:atemp>
            <ns3:hr>163</ns3:hr>
            <ns3:cad>0</ns3:cad>
          </ns3:TrackPointExtension>
        </extensions>
      </trkpt>
      <trkpt lat="37.7597997151315212249755859375" lon="-122.4021904729306697845458984375">
        <ele>80.8000030517578125</ele>
        <time>2025-12-03T15:05:27.000Z</time>
        <extensions>
          <ns3:TrackPointExtension>
            <ns3:atemp>14.0</ns3:atemp>
            <ns3:hr>163</ns3:hr>
            <ns3:cad>0</ns3:cad>
          </ns3:TrackPointExtension>
        </extensions>
      </trkpt>
      <trkpt lat="37.759802900254726409912109375" lon="-122.402168847620487213134765625">
        <ele>80.8000030517578125</ele>
        <time>2025-12-03T15:05:28.000Z</time>
        <extensions>
          <ns3:TrackPointExtension>
            <ns3:atemp>14.0</ns3:atemp>
            <ns3:hr>163</ns3:hr>
            <ns3:cad>0</ns3:cad>
          </ns3:TrackPointExtension>
        </extensions>
      </trkpt>
      <trkpt lat="37.759806253015995025634765625" lon="-122.4021505750715732574462890625">
        <ele>80.8000030517578125</ele>
        <time>2025-12-03T15:05:29.000Z</time>
        <extensions>
          <ns3:TrackPointExtension>
            <ns3:atemp>14.0</ns3:atemp>
            <ns3:hr>163</ns3:hr>
            <ns3:cad>0</ns3:cad>
          </ns3:TrackPointExtension>
        </extensions>
      </trkpt>
      <trkpt lat="37.75980633683502674102783203125" lon="-122.4021499045193195343017578125">
        <ele>80.8000030517578125</ele>
        <time>2025-12-03T15:05:30.000Z</time>
        <extensions>
          <ns3:TrackPointExtension>
            <ns3:atemp>14.0</ns3:atemp>
            <ns3:hr>164</ns3:hr>
            <ns3:cad>0</ns3:cad>
          </ns3:TrackPointExtension>
        </extensions>
      </trkpt>
      <trkpt lat="37.75980650447309017181396484375" lon="-122.40214898250997066497802734375">
        <ele>80.8000030517578125</ele>
        <time>2025-12-03T15:05:31.000Z</time>
        <extensions>
          <ns3:TrackPointExtension>
            <ns3:atemp>14.0</ns3:atemp>
            <ns3:hr>163</ns3:hr>
            <ns3:cad>0</ns3:cad>
          </ns3:TrackPointExtension>
        </extensions>
      </trkpt>
      <trkpt lat="37.759816981852054595947265625" lon="-122.4021321348845958709716796875">
        <ele>81</ele>
        <time>2025-12-03T15:05:32.000Z</time>
        <extensions>
          <ns3:TrackPointExtension>
            <ns3:atemp>14.0</ns3:atemp>
            <ns3:hr>163</ns3:hr>
            <ns3:cad>0</ns3:cad>
          </ns3:TrackPointExtension>
        </extensions>
      </trkpt>
      <trkpt lat="37.759818993508815765380859375" lon="-122.40210606716573238372802734375">
        <ele>81</ele>
        <time>2025-12-03T15:05:33.000Z</time>
        <extensions>
          <ns3:TrackPointExtension>
            <ns3:atemp>14.0</ns3:atemp>
            <ns3:hr>162</ns3:hr>
            <ns3:cad>0</ns3:cad>
          </ns3:TrackPointExtension>
        </extensions>
      </trkpt>
      <trkpt lat="37.75982108898460865020751953125" lon="-122.4020885489881038665771484375">
        <ele>81</ele>
        <time>2025-12-03T15:05:34.000Z</time>
        <extensions>
          <ns3:TrackPointExtension>
            <ns3:atemp>14.0</ns3:atemp>
            <ns3:hr>161</ns3:hr>
            <ns3:cad>48</ns3:cad>
          </ns3:TrackPointExtension>
        </extensions>
      </trkpt>
      <trkpt lat="37.75982460938394069671630859375" lon="-122.40207907743752002716064453125">
        <ele>81</ele>
        <time>2025-12-03T15:05:35.000Z</time>
        <extensions>
          <ns3:TrackPointExtension>
            <ns3:atemp>14.0</ns3:atemp>
            <ns3:hr>160</ns3:hr>
            <ns3:cad>50</ns3:cad>
          </ns3:TrackPointExtension>
        </extensions>
      </trkpt>
      <trkpt lat="37.75982578285038471221923828125" lon="-122.40209064446389675140380859375">
        <ele>81</ele>
        <time>2025-12-03T15:05:36.000Z</time>
        <extensions>
          <ns3:TrackPointExtension>
            <ns3:atemp>14.0</ns3:atemp>
            <ns3:hr>159</ns3:hr>
            <ns3:cad>50</ns3:cad>
          </ns3:TrackPointExtension>
        </extensions>
      </trkpt>
      <trkpt lat="37.75982536375522613525390625" lon="-122.40210405550897121429443359375">
        <ele>80.8000030517578125</ele>
        <time>2025-12-03T15:05:37.000Z</time>
        <extensions>
          <ns3:TrackPointExtension>
            <ns3:atemp>14.0</ns3:atemp>
            <ns3:hr>159</ns3:hr>
            <ns3:cad>50</ns3:cad>
          </ns3:TrackPointExtension>
        </extensions>
      </trkpt>
      <trkpt lat="37.75982460938394069671630859375" lon="-122.40212165750563144683837890625">
        <ele>80.8000030517578125</ele>
        <time>2025-12-03T15:05:38.000Z</time>
        <extensions>
          <ns3:TrackPointExtension>
            <ns3:atemp>14.0</ns3:atemp>
            <ns3:hr>159</ns3:hr>
            <ns3:cad>50</ns3:cad>
          </ns3:TrackPointExtension>
        </extensions>
      </trkpt>
      <trkpt lat="37.759825028479099273681640625" lon="-122.40213171578943729400634765625">
        <ele>80.8000030517578125</ele>
        <time>2025-12-03T15:05:39.000Z</time>
        <extensions>
          <ns3:TrackPointExtension>
            <ns3:atemp>14.0</ns3:atemp>
            <ns3:hr>159</ns3:hr>
            <ns3:cad>55</ns3:cad>
          </ns3:TrackPointExtension>
        </extensions>
      </trkpt>
      <trkpt lat="37.7598260343074798583984375" lon="-122.40214361809194087982177734375">
        <ele>80.8000030517578125</ele>
        <time>2025-12-03T15:05:40.000Z</time>
        <extensions>
          <ns3:TrackPointExtension>
            <ns3:atemp>14.0</ns3:atemp>
            <ns3:hr>158</ns3:hr>
            <ns3:cad>55</ns3:cad>
          </ns3:TrackPointExtension>
        </extensions>
      </trkpt>
      <trkpt lat="37.759827710688114166259765625" lon="-122.4021572805941104888916015625">
        <ele>80.8000030517578125</ele>
        <time>2025-12-03T15:05:41.000Z</time>
        <extensions>
          <ns3:TrackPointExtension>
            <ns3:atemp>14.0</ns3:atemp>
            <ns3:hr>158</ns3:hr>
            <ns3:cad>55</ns3:cad>
          </ns3:TrackPointExtension>
        </extensions>
      </trkpt>
      <trkpt lat="37.759830392897129058837890625" lon="-122.40217446349561214447021484375">
        <ele>80.8000030517578125</ele>
        <time>2025-12-03T15:05:42.000Z</time>
        <extensions>
          <ns3:TrackPointExtension>
            <ns3:atemp>14.0</ns3:atemp>
            <ns3:hr>158</ns3:hr>
            <ns3:cad>55</ns3:cad>
          </ns3:TrackPointExtension>
        </extensions>
      </trkpt>
      <trkpt lat="37.75982628576457500457763671875" lon="-122.40219541825354099273681640625">
        <ele>80.8000030517578125</ele>
        <time>2025-12-03T15:05:43.000Z</time>
        <extensions>
          <ns3:TrackPointExtension>
            <ns3:atemp>14.0</ns3:atemp>
            <ns3:hr>158</ns3:hr>
            <ns3:cad>55</ns3:cad>
          </ns3:TrackPointExtension>
        </extensions>
      </trkpt>
      <trkpt lat="37.75982402265071868896484375" lon="-122.40221335552632808685302734375">
        <ele>80.8000030517578125</ele>
        <time>2025-12-03T15:05:44.000Z</time>
        <extensions>
          <ns3:TrackPointExtension>
            <ns3:atemp>14.0</ns3:atemp>
            <ns3:hr>159</ns3:hr>
            <ns3:cad>55</ns3:cad>
          </ns3:TrackPointExtension>
        </extensions>
      </trkpt>
      <trkpt lat="37.759817652404308319091796875" lon="-122.402222491800785064697265625">
        <ele>80.8000030517578125</ele>
        <time>2025-12-03T15:05:45.000Z</time>
        <extensions>
          <ns3:TrackPointExtension>
            <ns3:atemp>14.0</ns3:atemp>
            <ns3:hr>158</ns3:hr>
            <ns3:cad>55</ns3:cad>
          </ns3:TrackPointExtension>
        </extensions>
      </trkpt>
      <trkpt lat="37.7598131261765956878662109375" lon="-122.40222827531397342681884765625">
        <ele>80.8000030517578125</ele>
        <time>2025-12-03T15:05:46.000Z</time>
        <extensions>
          <ns3:TrackPointExtension>
            <ns3:atemp>14.0</ns3:atemp>
            <ns3:hr>158</ns3:hr>
            <ns3:cad>55</ns3:cad>
          </ns3:TrackPointExtension>
        </extensions>
      </trkpt>
      <trkpt lat="37.7598054148256778717041015625" lon="-122.402229197323322296142578125">
        <ele>81</ele>
        <time>2025-12-03T15:05:47.000Z</time>
        <extensions>
          <ns3:TrackPointExtension>
            <ns3:atemp>14.0</ns3:atemp>
            <ns3:hr>158</ns3:hr>
            <ns3:cad>61</ns3:cad>
          </ns3:TrackPointExtension>
        </extensions>
      </trkpt>
      <trkpt lat="37.75979694910347461700439453125" lon="-122.4022253416478633880615234375">
        <ele>81</ele>
        <time>2025-12-03T15:05:48.000Z</time>
        <extensions>
          <ns3:TrackPointExtension>
            <ns3:atemp>14.0</ns3:atemp>
            <ns3:hr>157</ns3:hr>
            <ns3:cad>61</ns3:cad>
          </ns3:TrackPointExtension>
        </extensions>
      </trkpt>
      <trkpt lat="37.75978454388678073883056640625" lon="-122.4022234976291656494140625">
        <ele>81</ele>
        <time>2025-12-03T15:05:49.000Z</time>
        <extensions>
          <ns3:TrackPointExtension>
            <ns3:atemp>14.0</ns3:atemp>
            <ns3:hr>157</ns3:hr>
            <ns3:cad>0</ns3:cad>
          </ns3:TrackPointExtension>
        </extensions>
      </trkpt>
      <trkpt lat="37.7597601525485515594482421875" lon="-122.4022297002375125885009765625">
        <ele>81.1999969482421875</ele>
        <time>2025-12-03T15:05:50.000Z</time>
        <extensions>
          <ns3:TrackPointExtension>
            <ns3:atemp>14.0</ns3:atemp>
            <ns3:hr>156</ns3:hr>
            <ns3:cad>0</ns3:cad>
          </ns3:TrackPointExtension>
        </extensions>
      </trkpt>
      <trkpt lat="37.75973626412451267242431640625" lon="-122.402236573398113250732421875">
        <ele>81.1999969482421875</ele>
        <time>2025-12-03T15:05:51.000Z</time>
        <extensions>
          <ns3:TrackPointExtension>
            <ns3:atemp>14.0</ns3:atemp>
            <ns3:hr>155</ns3:hr>
            <ns3:cad>0</ns3:cad>
          </ns3:TrackPointExtension>
        </extensions>
      </trkpt>
      <trkpt lat="37.75971807539463043212890625" lon="-122.40225995890796184539794921875">
        <ele>81.40000152587890625</ele>
        <time>2025-12-03T15:05:52.000Z</time>
        <extensions>
          <ns3:TrackPointExtension>
            <ns3:atemp>14.0</ns3:atemp>
            <ns3:hr>155</ns3:hr>
            <ns3:cad>0</ns3:cad>
          </ns3:TrackPointExtension>
        </extensions>
      </trkpt>
      <trkpt lat="37.75970675982534885406494140625" lon="-122.402288876473903656005859375">
        <ele>81.8000030517578125</ele>
        <time>2025-12-03T15:05:53.000Z</time>
        <extensions>
          <ns3:TrackPointExtension>
            <ns3:atemp>14.0</ns3:atemp>
            <ns3:hr>154</ns3:hr>
            <ns3:cad>83</ns3:cad>
          </ns3:TrackPointExtension>
        </extensions>
      </trkpt>
      <trkpt lat="37.75969661772251129150390625" lon="-122.40233137272298336029052734375">
        <ele>82</ele>
        <time>2025-12-03T15:05:54.000Z</time>
        <extensions>
          <ns3:TrackPointExtension>
            <ns3:atemp>14.0</ns3:atemp>
            <ns3:hr>154</ns3:hr>
            <ns3:cad>87</ns3:cad>
          </ns3:TrackPointExtension>
        </extensions>
      </trkpt>
      <trkpt lat="37.75968697853386402130126953125" lon="-122.40237009711563587188720703125">
        <ele>82.1999969482421875</ele>
        <time>2025-12-03T15:05:55.000Z</time>
        <extensions>
          <ns3:TrackPointExtension>
            <ns3:atemp>14.0</ns3:atemp>
            <ns3:hr>153</ns3:hr>
            <ns3:cad>90</ns3:cad>
          </ns3:TrackPointExtension>
        </extensions>
      </trkpt>
      <trkpt lat="37.7596920914947986602783203125" lon="-122.40243564359843730926513671875">
        <ele>82.1999969482421875</ele>
        <time>2025-12-03T15:05:56.000Z</time>
        <extensions>
          <ns3:TrackPointExtension>
            <ns3:atemp>14.0</ns3:atemp>
            <ns3:hr>153</ns3:hr>
            <ns3:cad>90</ns3:cad>
          </ns3:TrackPointExtension>
        </extensions>
      </trkpt>
      <trkpt lat="37.7596890740096569061279296875" lon="-122.4024714343249797821044921875">
        <ele>82.1999969482421875</ele>
        <time>2025-12-03T15:05:57.000Z</time>
        <extensions>
          <ns3:TrackPointExtension>
            <ns3:atemp>14.0</ns3:atemp>
            <ns3:hr>153</ns3:hr>
            <ns3:cad>91</ns3:cad>
          </ns3:TrackPointExtension>
        </extensions>
      </trkpt>
      <trkpt lat="37.75968915782868862152099609375" lon="-122.40252231247723102569580078125">
        <ele>82.40000152587890625</ele>
        <time>2025-12-03T15:05:58.000Z</time>
        <extensions>
          <ns3:TrackPointExtension>
            <ns3:atemp>14.0</ns3:atemp>
            <ns3:hr>153</ns3:hr>
            <ns3:cad>92</ns3:cad>
          </ns3:TrackPointExtension>
        </extensions>
      </trkpt>
      <trkpt lat="37.759687565267086029052734375" lon="-122.40255667828023433685302734375">
        <ele>82.40000152587890625</ele>
        <time>2025-12-03T15:05:59.000Z</time>
        <extensions>
          <ns3:TrackPointExtension>
            <ns3:atemp>14.0</ns3:atemp>
            <ns3:hr>153</ns3:hr>
            <ns3:cad>92</ns3:cad>
          </ns3:TrackPointExtension>
        </extensions>
      </trkpt>
      <trkpt lat="37.75969116948544979095458984375" lon="-122.40260562859475612640380859375">
        <ele>82.59999847412109375</ele>
        <time>2025-12-03T15:06:00.000Z</time>
        <extensions>
          <ns3:TrackPointExtension>
            <ns3:atemp>14.0</ns3:atemp>
            <ns3:hr>152</ns3:hr>
            <ns3:cad>92</ns3:cad>
          </ns3:TrackPointExtension>
        </extensions>
      </trkpt>
      <trkpt lat="37.7596924267709255218505859375" lon="-122.40263882093131542205810546875">
        <ele>82.8000030517578125</ele>
        <time>2025-12-03T15:06:01.000Z</time>
        <extensions>
          <ns3:TrackPointExtension>
            <ns3:atemp>14.0</ns3:atemp>
            <ns3:hr>152</ns3:hr>
            <ns3:cad>92</ns3:cad>
          </ns3:TrackPointExtension>
        </extensions>
      </trkpt>
      <trkpt lat="37.75969284586608409881591796875" lon="-122.4026876874268054962158203125">
        <ele>83</ele>
        <time>2025-12-03T15:06:02.000Z</time>
        <extensions>
          <ns3:TrackPointExtension>
            <ns3:atemp>14.0</ns3:atemp>
            <ns3:hr>152</ns3:hr>
            <ns3:cad>92</ns3:cad>
          </ns3:TrackPointExtension>
        </extensions>
      </trkpt>
      <trkpt lat="37.75969100184738636016845703125" lon="-122.40272515453398227691650390625">
        <ele>83.40000152587890625</ele>
        <time>2025-12-03T15:06:03.000Z</time>
        <extensions>
          <ns3:TrackPointExtension>
            <ns3:atemp>14.0</ns3:atemp>
            <ns3:hr>152</ns3:hr>
            <ns3:cad>92</ns3:cad>
          </ns3:TrackPointExtension>
        </extensions>
      </trkpt>
      <trkpt lat="37.759690582752227783203125" lon="-122.40277812816202640533447265625">
        <ele>83.40000152587890625</ele>
        <time>2025-12-03T15:06:04.000Z</time>
        <extensions>
          <ns3:TrackPointExtension>
            <ns3:atemp>14.0</ns3:atemp>
            <ns3:hr>151</ns3:hr>
            <ns3:cad>91</ns3:cad>
          </ns3:TrackPointExtension>
        </extensions>
      </trkpt>
      <trkpt lat="37.75969066657125949859619140625" lon="-122.40282406099140644073486328125">
        <ele>83.59999847412109375</ele>
        <time>2025-12-03T15:06:05.000Z</time>
        <extensions>
          <ns3:TrackPointExtension>
            <ns3:atemp>14.0</ns3:atemp>
            <ns3:hr>151</ns3:hr>
            <ns3:cad>91</ns3:cad>
          </ns3:TrackPointExtension>
        </extensions>
      </trkpt>
      <trkpt lat="37.75968681089580059051513671875" lon="-122.40287384949624538421630859375">
        <ele>83.8000030517578125</ele>
        <time>2025-12-03T15:06:06.000Z</time>
        <extensions>
          <ns3:TrackPointExtension>
            <ns3:atemp>14.0</ns3:atemp>
            <ns3:hr>151</ns3:hr>
            <ns3:cad>90</ns3:cad>
          </ns3:TrackPointExtension>
        </extensions>
      </trkpt>
      <trkpt lat="37.7596847154200077056884765625" lon="-122.40291676484048366546630859375">
        <ele>84</ele>
        <time>2025-12-03T15:06:07.000Z</time>
        <extensions>
          <ns3:TrackPointExtension>
            <ns3:atemp>14.0</ns3:atemp>
            <ns3:hr>152</ns3:hr>
            <ns3:cad>90</ns3:cad>
          </ns3:TrackPointExtension>
        </extensions>
      </trkpt>
      <trkpt lat="37.75967247784137725830078125" lon="-122.40295817144215106964111328125">
        <ele>84.1999969482421875</ele>
        <time>2025-12-03T15:06:08.000Z</time>
        <extensions>
          <ns3:TrackPointExtension>
            <ns3:atemp>14.0</ns3:atemp>
            <ns3:hr>152</ns3:hr>
            <ns3:cad>90</ns3:cad>
          </ns3:TrackPointExtension>
        </extensions>
      </trkpt>
      <trkpt lat="37.75966149754822254180908203125" lon="-122.40298591554164886474609375">
        <ele>84.40000152587890625</ele>
        <time>2025-12-03T15:06:09.000Z</time>
        <extensions>
          <ns3:TrackPointExtension>
            <ns3:atemp>14.0</ns3:atemp>
            <ns3:hr>152</ns3:hr>
            <ns3:cad>90</ns3:cad>
          </ns3:TrackPointExtension>
        </extensions>
      </trkpt>
      <trkpt lat="37.75963081978261470794677734375" lon="-122.4030092172324657440185546875">
        <ele>84.59999847412109375</ele>
        <time>2025-12-03T15:06:10.000Z</time>
        <extensions>
          <ns3:TrackPointExtension>
            <ns3:atemp>14.0</ns3:atemp>
            <ns3:hr>153</ns3:hr>
            <ns3:cad>90</ns3:cad>
          </ns3:TrackPointExtension>
        </extensions>
      </trkpt>
      <trkpt lat="37.75960919447243213653564453125" lon="-122.4030303396284580230712890625">
        <ele>84.59999847412109375</ele>
        <time>2025-12-03T15:06:11.000Z</time>
        <extensions>
          <ns3:TrackPointExtension>
            <ns3:atemp>14.0</ns3:atemp>
            <ns3:hr>153</ns3:hr>
            <ns3:cad>89</ns3:cad>
          </ns3:TrackPointExtension>
        </extensions>
      </trkpt>
      <trkpt lat="37.759572230279445648193359375" lon="-122.40305171348154544830322265625">
        <ele>84.8000030517578125</ele>
        <time>2025-12-03T15:06:12.000Z</time>
        <extensions>
          <ns3:TrackPointExtension>
            <ns3:atemp>14.0</ns3:atemp>
            <ns3:hr>153</ns3:hr>
            <ns3:cad>89</ns3:cad>
          </ns3:TrackPointExtension>
        </extensions>
      </trkpt>
      <trkpt lat="37.75953761301934719085693359375" lon="-122.403072752058506011962890625">
        <ele>84.59999847412109375</ele>
        <time>2025-12-03T15:06:13.000Z</time>
        <extensions>
          <ns3:TrackPointExtension>
            <ns3:atemp>14.0</ns3:atemp>
            <ns3:hr>154</ns3:hr>
            <ns3:cad>89</ns3:cad>
          </ns3:TrackPointExtension>
        </extensions>
      </trkpt>
      <trkpt lat="37.75951288640499114990234375" lon="-122.403080128133296966552734375">
        <ele>84.40000152587890625</ele>
        <time>2025-12-03T15:06:14.000Z</time>
        <extensions>
          <ns3:TrackPointExtension>
            <ns3:atemp>14.0</ns3:atemp>
            <ns3:hr>154</ns3:hr>
            <ns3:cad>89</ns3:cad>
          </ns3:TrackPointExtension>
        </extensions>
      </trkpt>
      <trkpt lat="37.7594781853258609771728515625" lon="-122.4030910246074199676513671875">
        <ele>84.1999969482421875</ele>
        <time>2025-12-03T15:06:15.000Z</time>
        <extensions>
          <ns3:TrackPointExtension>
            <ns3:atemp>14.0</ns3:atemp>
            <ns3:hr>155</ns3:hr>
            <ns3:cad>83</ns3:cad>
          </ns3:TrackPointExtension>
        </extensions>
      </trkpt>
      <trkpt lat="37.75944155640900135040283203125" lon="-122.40308976732194423675537109375">
        <ele>83.8000030517578125</ele>
        <time>2025-12-03T15:06:16.000Z</time>
        <extensions>
          <ns3:TrackPointExtension>
            <ns3:atemp>14.0</ns3:atemp>
            <ns3:hr>156</ns3:hr>
            <ns3:cad>83</ns3:cad>
          </ns3:TrackPointExtension>
        </extensions>
      </trkpt>
      <trkpt lat="37.75941456668078899383544921875" lon="-122.4030886776745319366455078125">
        <ele>83.59999847412109375</ele>
        <time>2025-12-03T15:06:17.000Z</time>
        <extensions>
          <ns3:TrackPointExtension>
            <ns3:atemp>14.0</ns3:atemp>
            <ns3:hr>156</ns3:hr>
            <ns3:cad>83</ns3:cad>
          </ns3:TrackPointExtension>
        </extensions>
      </trkpt>
      <trkpt lat="37.75938950479030609130859375" lon="-122.40307887084782123565673828125">
        <ele>83</ele>
        <time>2025-12-03T15:06:18.000Z</time>
        <extensions>
          <ns3:TrackPointExtension>
            <ns3:atemp>14.0</ns3:atemp>
            <ns3:hr>157</ns3:hr>
            <ns3:cad>80</ns3:cad>
          </ns3:TrackPointExtension>
        </extensions>
      </trkpt>
      <trkpt lat="37.75936268270015716552734375" lon="-122.40306009538471698760986328125">
        <ele>82.59999847412109375</ele>
        <time>2025-12-03T15:06:19.000Z</time>
        <extensions>
          <ns3:TrackPointExtension>
            <ns3:atemp>14.0</ns3:atemp>
            <ns3:hr>157</ns3:hr>
            <ns3:cad>79</ns3:cad>
          </ns3:TrackPointExtension>
        </extensions>
      </trkpt>
      <trkpt lat="37.759344913065433502197265625" lon="-122.4030531384050846099853515625">
        <ele>82.1999969482421875</ele>
        <time>2025-12-03T15:06:20.000Z</time>
        <extensions>
          <ns3:TrackPointExtension>
            <ns3:atemp>14.0</ns3:atemp>
            <ns3:hr>157</ns3:hr>
            <ns3:cad>78</ns3:cad>
          </ns3:TrackPointExtension>
        </extensions>
      </trkpt>
      <trkpt lat="37.759328819811344146728515625" lon="-122.40304852835834026336669921875">
        <ele>81.59999847412109375</ele>
        <time>2025-12-03T15:06:21.000Z</time>
        <extensions>
          <ns3:TrackPointExtension>
            <ns3:atemp>14.0</ns3:atemp>
            <ns3:hr>157</ns3:hr>
            <ns3:cad>78</ns3:cad>
          </ns3:TrackPointExtension>
        </extensions>
      </trkpt>
      <trkpt lat="37.75930979289114475250244140625" lon="-122.4030447565019130706787109375">
        <ele>81.1999969482421875</ele>
        <time>2025-12-03T15:06:22.000Z</time>
        <extensions>
          <ns3:TrackPointExtension>
            <ns3:atemp>14.0</ns3:atemp>
            <ns3:hr>157</ns3:hr>
            <ns3:cad>78</ns3:cad>
          </ns3:TrackPointExtension>
        </extensions>
      </trkpt>
      <trkpt lat="37.7592895925045013427734375" lon="-122.40303151309490203857421875">
        <ele>80.8000030517578125</ele>
        <time>2025-12-03T15:06:23.000Z</time>
        <extensions>
          <ns3:TrackPointExtension>
            <ns3:atemp>14.0</ns3:atemp>
            <ns3:hr>157</ns3:hr>
            <ns3:cad>78</ns3:cad>
          </ns3:TrackPointExtension>
        </extensions>
      </trkpt>
      <trkpt lat="37.75927056558430194854736328125" lon="-122.4030254781246185302734375">
        <ele>80.59999847412109375</ele>
        <time>2025-12-03T15:06:24.000Z</time>
        <extensions>
          <ns3:TrackPointExtension>
            <ns3:atemp>14.0</ns3:atemp>
            <ns3:hr>157</ns3:hr>
            <ns3:cad>76</ns3:cad>
          </ns3:TrackPointExtension>
        </extensions>
      </trkpt>
      <trkpt lat="37.75925966911017894744873046875" lon="-122.4030289985239505767822265625">
        <ele>80.40000152587890625</ele>
        <time>2025-12-03T15:06:25.000Z</time>
        <extensions>
          <ns3:TrackPointExtension>
            <ns3:atemp>14.0</ns3:atemp>
            <ns3:hr>157</ns3:hr>
            <ns3:cad>75</ns3:cad>
          </ns3:TrackPointExtension>
        </extensions>
      </trkpt>
      <trkpt lat="37.759242318570613861083984375" lon="-122.40303612314164638519287109375">
        <ele>80.1999969482421875</ele>
        <time>2025-12-03T15:06:26.000Z</time>
        <extensions>
          <ns3:TrackPointExtension>
            <ns3:atemp>14.0</ns3:atemp>
            <ns3:hr>157</ns3:hr>
            <ns3:cad>75</ns3:cad>
          </ns3:TrackPointExtension>
        </extensions>
      </trkpt>
      <trkpt lat="37.759222872555255889892578125" lon="-122.4030403979122638702392578125">
        <ele>80</ele>
        <time>2025-12-03T15:06:27.000Z</time>
        <extensions>
          <ns3:TrackPointExtension>
            <ns3:atemp>14.0</ns3:atemp>
            <ns3:hr>157</ns3:hr>
            <ns3:cad>75</ns3:cad>
          </ns3:TrackPointExtension>
        </extensions>
      </trkpt>
      <trkpt lat="37.75920351035892963409423828125" lon="-122.403045259416103363037109375">
        <ele>79.59999847412109375</ele>
        <time>2025-12-03T15:06:28.000Z</time>
        <extensions>
          <ns3:TrackPointExtension>
            <ns3:atemp>14.0</ns3:atemp>
            <ns3:hr>156</ns3:hr>
            <ns3:cad>74</ns3:cad>
          </ns3:TrackPointExtension>
        </extensions>
      </trkpt>
      <trkpt lat="37.75918942876160144805908203125" lon="-122.40305406041443347930908203125">
        <ele>79.40000152587890625</ele>
        <time>2025-12-03T15:06:29.000Z</time>
        <extensions>
          <ns3:TrackPointExtension>
            <ns3:atemp>14.0</ns3:atemp>
            <ns3:hr>156</ns3:hr>
            <ns3:cad>74</ns3:cad>
          </ns3:TrackPointExtension>
        </extensions>
      </trkpt>
      <trkpt lat="37.7591720782220363616943359375" lon="-122.40305925719439983367919921875">
        <ele>79.1999969482421875</ele>
        <time>2025-12-03T15:06:30.000Z</time>
        <extensions>
          <ns3:TrackPointExtension>
            <ns3:atemp>14.0</ns3:atemp>
            <ns3:hr>156</ns3:hr>
            <ns3:cad>74</ns3:cad>
          </ns3:TrackPointExtension>
        </extensions>
      </trkpt>
      <trkpt lat="37.759151123464107513427734375" lon="-122.403054647147655487060546875">
        <ele>78.8000030517578125</ele>
        <time>2025-12-03T15:06:31.000Z</time>
        <extensions>
          <ns3:TrackPointExtension>
            <ns3:atemp>14.0</ns3:atemp>
            <ns3:hr>157</ns3:hr>
            <ns3:cad>74</ns3:cad>
          </ns3:TrackPointExtension>
        </extensions>
      </trkpt>
      <trkpt lat="37.75913494639098644256591796875" lon="-122.4030444212257862091064453125">
        <ele>78.59999847412109375</ele>
        <time>2025-12-03T15:06:32.000Z</time>
        <extensions>
          <ns3:TrackPointExtension>
            <ns3:atemp>14.0</ns3:atemp>
            <ns3:hr>156</ns3:hr>
            <ns3:cad>74</ns3:cad>
          </ns3:TrackPointExtension>
        </extensions>
      </trkpt>
      <trkpt lat="37.7591214515268802642822265625" lon="-122.40304148755967617034912109375">
        <ele>78.40000152587890625</ele>
        <time>2025-12-03T15:06:33.000Z</time>
        <extensions>
          <ns3:TrackPointExtension>
            <ns3:atemp>14.0</ns3:atemp>
            <ns3:hr>156</ns3:hr>
            <ns3:cad>74</ns3:cad>
          </ns3:TrackPointExtension>
        </extensions>
      </trkpt>
      <trkpt lat="37.759104184806346893310546875" lon="-122.40303955972194671630859375">
        <ele>78.1999969482421875</ele>
        <time>2025-12-03T15:06:34.000Z</time>
        <extensions>
          <ns3:TrackPointExtension>
            <ns3:atemp>14.0</ns3:atemp>
            <ns3:hr>156</ns3:hr>
            <ns3:cad>75</ns3:cad>
          </ns3:TrackPointExtension>
        </extensions>
      </trkpt>
      <trkpt lat="37.75908431969583034515380859375" lon="-122.40303260274231433868408203125">
        <ele>78</ele>
        <time>2025-12-03T15:06:35.000Z</time>
        <extensions>
          <ns3:TrackPointExtension>
            <ns3:atemp>14.0</ns3:atemp>
            <ns3:hr>156</ns3:hr>
            <ns3:cad>76</ns3:cad>
          </ns3:TrackPointExtension>
        </extensions>
      </trkpt>
      <trkpt lat="37.75906872935593128204345703125" lon="-122.40303729660809040069580078125">
        <ele>77.8000030517578125</ele>
        <time>2025-12-03T15:06:36.000Z</time>
        <extensions>
          <ns3:TrackPointExtension>
            <ns3:atemp>14.0</ns3:atemp>
            <ns3:hr>156</ns3:hr>
            <ns3:cad>76</ns3:cad>
          </ns3:TrackPointExtension>
        </extensions>
      </trkpt>
      <trkpt lat="37.759052217006683349609375" lon="-122.4030370451509952545166015625">
        <ele>77.59999847412109375</ele>
        <time>2025-12-03T15:06:37.000Z</time>
        <extensions>
          <ns3:TrackPointExtension>
            <ns3:atemp>14.0</ns3:atemp>
            <ns3:hr>156</ns3:hr>
            <ns3:cad>76</ns3:cad>
          </ns3:TrackPointExtension>
        </extensions>
      </trkpt>
      <trkpt lat="37.75903067551553249359130859375" lon="-122.40303578786551952362060546875">
        <ele>77.40000152587890625</ele>
        <time>2025-12-03T15:06:38.000Z</time>
        <extensions>
          <ns3:TrackPointExtension>
            <ns3:atemp>14.0</ns3:atemp>
            <ns3:hr>156</ns3:hr>
            <ns3:cad>76</ns3:cad>
          </ns3:TrackPointExtension>
        </extensions>
      </trkpt>
      <trkpt lat="37.75901131331920623779296875" lon="-122.40303151309490203857421875">
        <ele>77.1999969482421875</ele>
        <time>2025-12-03T15:06:39.000Z</time>
        <extensions>
          <ns3:TrackPointExtension>
            <ns3:atemp>14.0</ns3:atemp>
            <ns3:hr>155</ns3:hr>
            <ns3:cad>76</ns3:cad>
          </ns3:TrackPointExtension>
        </extensions>
      </trkpt>
      <trkpt lat="37.75899698026478290557861328125" lon="-122.403030507266521453857421875">
        <ele>77</ele>
        <time>2025-12-03T15:06:40.000Z</time>
        <extensions>
          <ns3:TrackPointExtension>
            <ns3:atemp>14.0</ns3:atemp>
            <ns3:hr>155</ns3:hr>
            <ns3:cad>76</ns3:cad>
          </ns3:TrackPointExtension>
        </extensions>
      </trkpt>
      <trkpt lat="37.75897518731653690338134765625" lon="-122.40302891470491886138916015625">
        <ele>76.8000030517578125</ele>
        <time>2025-12-03T15:06:41.000Z</time>
        <extensions>
          <ns3:TrackPointExtension>
            <ns3:atemp>14.0</ns3:atemp>
            <ns3:hr>155</ns3:hr>
            <ns3:cad>76</ns3:cad>
          </ns3:TrackPointExtension>
        </extensions>
      </trkpt>
      <trkpt lat="37.7589548192918300628662109375" lon="-122.4030192755162715911865234375">
        <ele>76.59999847412109375</ele>
        <time>2025-12-03T15:06:42.000Z</time>
        <extensions>
          <ns3:TrackPointExtension>
            <ns3:atemp>14.0</ns3:atemp>
            <ns3:hr>155</ns3:hr>
            <ns3:cad>77</ns3:cad>
          </ns3:TrackPointExtension>
        </extensions>
      </trkpt>
      <trkpt lat="37.7589273266494274139404296875" lon="-122.4030092172324657440185546875">
        <ele>76.40000152587890625</ele>
        <time>2025-12-03T15:06:43.000Z</time>
        <extensions>
          <ns3:TrackPointExtension>
            <ns3:atemp>14.0</ns3:atemp>
            <ns3:hr>155</ns3:hr>
            <ns3:cad>77</ns3:cad>
          </ns3:TrackPointExtension>
        </extensions>
      </trkpt>
      <trkpt lat="37.7589072100818157196044921875" lon="-122.40301365964114665985107421875">
        <ele>76.1999969482421875</ele>
        <time>2025-12-03T15:06:44.000Z</time>
        <extensions>
          <ns3:TrackPointExtension>
            <ns3:atemp>14.0</ns3:atemp>
            <ns3:hr>155</ns3:hr>
            <ns3:cad>77</ns3:cad>
          </ns3:TrackPointExtension>
        </extensions>
      </trkpt>
      <trkpt lat="37.758875526487827301025390625" lon="-122.40301315672695636749267578125">
        <ele>76</ele>
        <time>2025-12-03T15:06:45.000Z</time>
        <extensions>
          <ns3:TrackPointExtension>
            <ns3:atemp>14.0</ns3:atemp>
            <ns3:hr>155</ns3:hr>
            <ns3:cad>77</ns3:cad>
          </ns3:TrackPointExtension>
        </extensions>
      </trkpt>
      <trkpt lat="37.7588502131402492523193359375" lon="-122.4030112288892269134521484375">
        <ele>75.8000030517578125</ele>
        <time>2025-12-03T15:06:46.000Z</time>
        <extensions>
          <ns3:TrackPointExtension>
            <ns3:atemp>14.0</ns3:atemp>
            <ns3:hr>155</ns3:hr>
            <ns3:cad>78</ns3:cad>
          </ns3:TrackPointExtension>
        </extensions>
      </trkpt>
      <trkpt lat="37.75881274603307247161865234375" lon="-122.40301433019340038299560546875">
        <ele>75.59999847412109375</ele>
        <time>2025-12-03T15:06:47.000Z</time>
        <extensions>
          <ns3:TrackPointExtension>
            <ns3:atemp>14.0</ns3:atemp>
            <ns3:hr>155</ns3:hr>
            <ns3:cad>78</ns3:cad>
          </ns3:TrackPointExtension>
        </extensions>
      </trkpt>
      <trkpt lat="37.7587824873626232147216796875" lon="-122.40301231853663921356201171875">
        <ele>75.40000152587890625</ele>
        <time>2025-12-03T15:06:48.000Z</time>
        <extensions>
          <ns3:TrackPointExtension>
            <ns3:atemp>14.0</ns3:atemp>
            <ns3:hr>154</ns3:hr>
            <ns3:cad>78</ns3:cad>
          </ns3:TrackPointExtension>
        </extensions>
      </trkpt>
      <trkpt lat="37.7587452717125415802001953125" lon="-122.40301013924181461334228515625">
        <ele>75.1999969482421875</ele>
        <time>2025-12-03T15:06:49.000Z</time>
        <extensions>
          <ns3:TrackPointExtension>
            <ns3:atemp>14.0</ns3:atemp>
            <ns3:hr>155</ns3:hr>
            <ns3:cad>80</ns3:cad>
          </ns3:TrackPointExtension>
        </extensions>
      </trkpt>
      <trkpt lat="37.758709229528903961181640625" lon="-122.402997650206089019775390625">
        <ele>75</ele>
        <time>2025-12-03T15:06:50.000Z</time>
        <extensions>
          <ns3:TrackPointExtension>
            <ns3:atemp>14.0</ns3:atemp>
            <ns3:hr>154</ns3:hr>
            <ns3:cad>82</ns3:cad>
          </ns3:TrackPointExtension>
        </extensions>
      </trkpt>
      <trkpt lat="37.75867394171655178070068359375" lon="-122.40299354307353496551513671875">
        <ele>74.8000030517578125</ele>
        <time>2025-12-03T15:06:51.000Z</time>
        <extensions>
          <ns3:TrackPointExtension>
            <ns3:atemp>14.0</ns3:atemp>
            <ns3:hr>154</ns3:hr>
            <ns3:cad>83</ns3:cad>
          </ns3:TrackPointExtension>
        </extensions>
      </trkpt>
      <trkpt lat="37.75863622315227985382080078125" lon="-122.402982898056507110595703125">
        <ele>74.8000030517578125</ele>
        <time>2025-12-03T15:06:52.000Z</time>
        <extensions>
          <ns3:TrackPointExtension>
            <ns3:atemp>14.0</ns3:atemp>
            <ns3:hr>154</ns3:hr>
            <ns3:cad>84</ns3:cad>
          </ns3:TrackPointExtension>
        </extensions>
      </trkpt>
      <trkpt lat="37.75860470719635486602783203125" lon="-122.40298214368522167205810546875">
        <ele>74.59999847412109375</ele>
        <time>2025-12-03T15:06:53.000Z</time>
        <extensions>
          <ns3:TrackPointExtension>
            <ns3:atemp>14.0</ns3:atemp>
            <ns3:hr>154</ns3:hr>
            <ns3:cad>84</ns3:cad>
          </ns3:TrackPointExtension>
        </extensions>
      </trkpt>
      <trkpt lat="37.75856363587081432342529296875" lon="-122.4029803834855556488037109375">
        <ele>74.59999847412109375</ele>
        <time>2025-12-03T15:06:54.000Z</time>
        <extensions>
          <ns3:TrackPointExtension>
            <ns3:atemp>14.0</ns3:atemp>
            <ns3:hr>154</ns3:hr>
            <ns3:cad>84</ns3:cad>
          </ns3:TrackPointExtension>
        </extensions>
      </trkpt>
      <trkpt lat="37.75853094644844532012939453125" lon="-122.402981556951999664306640625">
        <ele>74.59999847412109375</ele>
        <time>2025-12-03T15:06:55.000Z</time>
        <extensions>
          <ns3:TrackPointExtension>
            <ns3:atemp>14.0</ns3:atemp>
            <ns3:hr>155</ns3:hr>
            <ns3:cad>84</ns3:cad>
          </ns3:TrackPointExtension>
        </extensions>
      </trkpt>
      <trkpt lat="37.75848752819001674652099609375" lon="-122.40297921001911163330078125">
        <ele>74.40000152587890625</ele>
        <time>2025-12-03T15:06:56.000Z</time>
        <extensions>
          <ns3:TrackPointExtension>
            <ns3:atemp>14.0</ns3:atemp>
            <ns3:hr>154</ns3:hr>
            <ns3:cad>88</ns3:cad>
          </ns3:TrackPointExtension>
        </extensions>
      </trkpt>
      <trkpt lat="37.75845819152891635894775390625" lon="-122.40297677926719188690185546875">
        <ele>74.40000152587890625</ele>
        <time>2025-12-03T15:06:57.000Z</time>
        <extensions>
          <ns3:TrackPointExtension>
            <ns3:atemp>14.0</ns3:atemp>
            <ns3:hr>154</ns3:hr>
            <ns3:cad>88</ns3:cad>
          </ns3:TrackPointExtension>
        </extensions>
      </trkpt>
      <trkpt lat="37.75841359980404376983642578125" lon="-122.402971498668193817138671875">
        <ele>74.59999847412109375</ele>
        <time>2025-12-03T15:06:58.000Z</time>
        <extensions>
          <ns3:TrackPointExtension>
            <ns3:atemp>14.0</ns3:atemp>
            <ns3:hr>154</ns3:hr>
            <ns3:cad>88</ns3:cad>
          </ns3:TrackPointExtension>
        </extensions>
      </trkpt>
      <trkpt lat="37.758380658924579620361328125" lon="-122.4029691517353057861328125">
        <ele>74.59999847412109375</ele>
        <time>2025-12-03T15:06:59.000Z</time>
        <extensions>
          <ns3:TrackPointExtension>
            <ns3:atemp>14.0</ns3:atemp>
            <ns3:hr>155</ns3:hr>
            <ns3:cad>88</ns3:cad>
          </ns3:TrackPointExtension>
        </extensions>
      </trkpt>
      <trkpt lat="37.75833539664745330810546875" lon="-122.4029624462127685546875">
        <ele>74.40000152587890625</ele>
        <time>2025-12-03T15:07:00.000Z</time>
        <extensions>
          <ns3:TrackPointExtension>
            <ns3:atemp>14.0</ns3:atemp>
            <ns3:hr>154</ns3:hr>
            <ns3:cad>88</ns3:cad>
          </ns3:TrackPointExtension>
        </extensions>
      </trkpt>
      <trkpt lat="37.7583027072250843048095703125" lon="-122.4029619432985782623291015625">
        <ele>74.40000152587890625</ele>
        <time>2025-12-03T15:07:01.000Z</time>
        <extensions>
          <ns3:TrackPointExtension>
            <ns3:atemp>14.0</ns3:atemp>
            <ns3:hr>154</ns3:hr>
            <ns3:cad>89</ns3:cad>
          </ns3:TrackPointExtension>
        </extensions>
      </trkpt>
      <trkpt lat="37.75825786404311656951904296875" lon="-122.40295532159507274627685546875">
        <ele>74.40000152587890625</ele>
        <time>2025-12-03T15:07:02.000Z</time>
        <extensions>
          <ns3:TrackPointExtension>
            <ns3:atemp>14.0</ns3:atemp>
            <ns3:hr>153</ns3:hr>
            <ns3:cad>89</ns3:cad>
          </ns3:TrackPointExtension>
        </extensions>
      </trkpt>
      <trkpt lat="37.7582245878875255584716796875" lon="-122.4029528908431529998779296875">
        <ele>74.1999969482421875</ele>
        <time>2025-12-03T15:07:03.000Z</time>
        <extensions>
          <ns3:TrackPointExtension>
            <ns3:atemp>14.0</ns3:atemp>
            <ns3:hr>153</ns3:hr>
            <ns3:cad>89</ns3:cad>
          </ns3:TrackPointExtension>
        </extensions>
      </trkpt>
      <trkpt lat="37.7581806667149066925048828125" lon="-122.40294677205383777618408203125">
        <ele>74.1999969482421875</ele>
        <time>2025-12-03T15:07:04.000Z</time>
        <extensions>
          <ns3:TrackPointExtension>
            <ns3:atemp>14.0</ns3:atemp>
            <ns3:hr>153</ns3:hr>
            <ns3:cad>90</ns3:cad>
          </ns3:TrackPointExtension>
        </extensions>
      </trkpt>
      <trkpt lat="37.75814470835030078887939453125" lon="-122.40294300019741058349609375">
        <ele>74.1999969482421875</ele>
        <time>2025-12-03T15:07:05.000Z</time>
        <extensions>
          <ns3:TrackPointExtension>
            <ns3:atemp>14.0</ns3:atemp>
            <ns3:hr>152</ns3:hr>
            <ns3:cad>90</ns3:cad>
          </ns3:TrackPointExtension>
        </extensions>
      </trkpt>
      <trkpt lat="37.75809978134930133819580078125" lon="-122.40293839015066623687744140625">
        <ele>74.1999969482421875</ele>
        <time>2025-12-03T15:07:06.000Z</time>
        <extensions>
          <ns3:TrackPointExtension>
            <ns3:atemp>14.0</ns3:atemp>
            <ns3:hr>152</ns3:hr>
            <ns3:cad>90</ns3:cad>
          </ns3:TrackPointExtension>
        </extensions>
      </trkpt>
      <trkpt lat="37.75806206278502941131591796875" lon="-122.40293939597904682159423828125">
        <ele>74</ele>
        <time>2025-12-03T15:07:07.000Z</time>
        <extensions>
          <ns3:TrackPointExtension>
            <ns3:atemp>14.0</ns3:atemp>
            <ns3:hr>153</ns3:hr>
            <ns3:cad>91</ns3:cad>
          </ns3:TrackPointExtension>
        </extensions>
      </trkpt>
      <trkpt lat="37.758025266230106353759765625" lon="-122.40294107235968112945556640625">
        <ele>74</ele>
        <time>2025-12-03T15:07:08.000Z</time>
        <extensions>
          <ns3:TrackPointExtension>
            <ns3:atemp>14.0</ns3:atemp>
            <ns3:hr>153</ns3:hr>
            <ns3:cad>91</ns3:cad>
          </ns3:TrackPointExtension>
        </extensions>
      </trkpt>
      <trkpt lat="37.7579882182180881500244140625" lon="-122.4029404856264591217041015625">
        <ele>74</ele>
        <time>2025-12-03T15:07:09.000Z</time>
        <extensions>
          <ns3:TrackPointExtension>
            <ns3:atemp>13.0</ns3:atemp>
            <ns3:hr>153</ns3:hr>
            <ns3:cad>92</ns3:cad>
          </ns3:TrackPointExtension>
        </extensions>
      </trkpt>
      <trkpt lat="37.75795561261475086212158203125" lon="-122.40294593386352062225341796875">
        <ele>74</ele>
        <time>2025-12-03T15:07:10.000Z</time>
        <extensions>
          <ns3:TrackPointExtension>
            <ns3:atemp>14.0</ns3:atemp>
            <ns3:hr>153</ns3:hr>
            <ns3:cad>92</ns3:cad>
          </ns3:TrackPointExtension>
        </extensions>
      </trkpt>
      <trkpt lat="37.75792124681174755096435546875" lon="-122.40294677205383777618408203125">
        <ele>74</ele>
        <time>2025-12-03T15:07:11.000Z</time>
        <extensions>
          <ns3:TrackPointExtension>
            <ns3:atemp>14.0</ns3:atemp>
            <ns3:hr>153</ns3:hr>
            <ns3:cad>92</ns3:cad>
          </ns3:TrackPointExtension>
        </extensions>
      </trkpt>
      <trkpt lat="37.757891826331615447998046875" lon="-122.4029304273426532745361328125">
        <ele>74.1999969482421875</ele>
        <time>2025-12-03T15:07:12.000Z</time>
        <extensions>
          <ns3:TrackPointExtension>
            <ns3:atemp>13.0</ns3:atemp>
            <ns3:hr>154</ns3:hr>
            <ns3:cad>92</ns3:cad>
          </ns3:TrackPointExtension>
        </extensions>
      </trkpt>
      <trkpt lat="37.75785620324313640594482421875" lon="-122.4029176868498325347900390625">
        <ele>74.1999969482421875</ele>
        <time>2025-12-03T15:07:13.000Z</time>
        <extensions>
          <ns3:TrackPointExtension>
            <ns3:atemp>13.0</ns3:atemp>
            <ns3:hr>154</ns3:hr>
            <ns3:cad>92</ns3:cad>
          </ns3:TrackPointExtension>
        </extensions>
      </trkpt>
      <trkpt lat="37.75782217271625995635986328125" lon="-122.40290754474699497222900390625">
        <ele>74.40000152587890625</ele>
        <time>2025-12-03T15:07:14.000Z</time>
        <extensions>
          <ns3:TrackPointExtension>
            <ns3:atemp>14.0</ns3:atemp>
            <ns3:hr>154</ns3:hr>
            <ns3:cad>92</ns3:cad>
          </ns3:TrackPointExtension>
        </extensions>
      </trkpt>
      <trkpt lat="37.75779216550290584564208984375" lon="-122.4028878472745418548583984375">
        <ele>74.59999847412109375</ele>
        <time>2025-12-03T15:07:15.000Z</time>
        <extensions>
          <ns3:TrackPointExtension>
            <ns3:atemp>13.0</ns3:atemp>
            <ns3:hr>154</ns3:hr>
            <ns3:cad>91</ns3:cad>
          </ns3:TrackPointExtension>
        </extensions>
      </trkpt>
      <trkpt lat="37.75777339003980159759521484375" lon="-122.402881644666194915771484375">
        <ele>74.40000152587890625</ele>
        <time>2025-12-03T15:07:16.000Z</time>
        <extensions>
          <ns3:TrackPointExtension>
            <ns3:atemp>13.0</ns3:atemp>
            <ns3:hr>154</ns3:hr>
            <ns3:cad>81</ns3:cad>
          </ns3:TrackPointExtension>
        </extensions>
      </trkpt>
      <trkpt lat="37.75774992071092128753662109375" lon="-122.402872927486896514892578125">
        <ele>74.40000152587890625</ele>
        <time>2025-12-03T15:07:17.000Z</time>
        <extensions>
          <ns3:TrackPointExtension>
            <ns3:atemp>13.0</ns3:atemp>
            <ns3:hr>155</ns3:hr>
            <ns3:cad>81</ns3:cad>
          </ns3:TrackPointExtension>
        </extensions>
      </trkpt>
      <trkpt lat="37.75773324072360992431640625" lon="-122.4028620310127735137939453125">
        <ele>74.1999969482421875</ele>
        <time>2025-12-03T15:07:18.000Z</time>
        <extensions>
          <ns3:TrackPointExtension>
            <ns3:atemp>13.0</ns3:atemp>
            <ns3:hr>155</ns3:hr>
            <ns3:cad>81</ns3:cad>
          </ns3:TrackPointExtension>
        </extensions>
      </trkpt>
      <trkpt lat="37.75771136395633220672607421875" lon="-122.40286253392696380615234375">
        <ele>73.8000030517578125</ele>
        <time>2025-12-03T15:07:19.000Z</time>
        <extensions>
          <ns3:TrackPointExtension>
            <ns3:atemp>13.0</ns3:atemp>
            <ns3:hr>155</ns3:hr>
            <ns3:cad>79</ns3:cad>
          </ns3:TrackPointExtension>
        </extensions>
      </trkpt>
      <trkpt lat="37.75769795291125774383544921875" lon="-122.4028637073934078216552734375">
        <ele>73.40000152587890625</ele>
        <time>2025-12-03T15:07:20.000Z</time>
        <extensions>
          <ns3:TrackPointExtension>
            <ns3:atemp>13.0</ns3:atemp>
            <ns3:hr>155</ns3:hr>
            <ns3:cad>78</ns3:cad>
          </ns3:TrackPointExtension>
        </extensions>
      </trkpt>
      <trkpt lat="37.75768588297069072723388671875" lon="-122.40286010317504405975341796875">
        <ele>73</ele>
        <time>2025-12-03T15:07:21.000Z</time>
        <extensions>
          <ns3:TrackPointExtension>
            <ns3:atemp>13.0</ns3:atemp>
            <ns3:hr>154</ns3:hr>
            <ns3:cad>77</ns3:cad>
          </ns3:TrackPointExtension>
        </extensions>
      </trkpt>
      <trkpt lat="37.7576695382595062255859375" lon="-122.40286261774599552154541015625">
        <ele>72.40000152587890625</ele>
        <time>2025-12-03T15:07:22.000Z</time>
        <extensions>
          <ns3:TrackPointExtension>
            <ns3:atemp>14.0</ns3:atemp>
            <ns3:hr>155</ns3:hr>
            <ns3:cad>77</ns3:cad>
          </ns3:TrackPointExtension>
        </extensions>
      </trkpt>
      <trkpt lat="37.7576519362628459930419921875" lon="-122.4028570018708705902099609375">
        <ele>72</ele>
        <time>2025-12-03T15:07:23.000Z</time>
        <extensions>
          <ns3:TrackPointExtension>
            <ns3:atemp>13.0</ns3:atemp>
            <ns3:hr>155</ns3:hr>
            <ns3:cad>76</ns3:cad>
          </ns3:TrackPointExtension>
        </extensions>
      </trkpt>
      <trkpt lat="37.75763726793229579925537109375" lon="-122.40285054780542850494384765625">
        <ele>71.59999847412109375</ele>
        <time>2025-12-03T15:07:24.000Z</time>
        <extensions>
          <ns3:TrackPointExtension>
            <ns3:atemp>13.0</ns3:atemp>
            <ns3:hr>154</ns3:hr>
            <ns3:cad>76</ns3:cad>
          </ns3:TrackPointExtension>
        </extensions>
      </trkpt>
      <trkpt lat="37.75762301869690418243408203125" lon="-122.4028476141393184661865234375">
        <ele>71.1999969482421875</ele>
        <time>2025-12-03T15:07:25.000Z</time>
        <extensions>
          <ns3:TrackPointExtension>
            <ns3:atemp>13.0</ns3:atemp>
            <ns3:hr>155</ns3:hr>
            <ns3:cad>72</ns3:cad>
          </ns3:TrackPointExtension>
        </extensions>
      </trkpt>
      <trkpt lat="37.7576103620231151580810546875" lon="-122.40284635685384273529052734375">
        <ele>71</ele>
        <time>2025-12-03T15:07:26.000Z</time>
        <extensions>
          <ns3:TrackPointExtension>
            <ns3:atemp>13.0</ns3:atemp>
            <ns3:hr>154</ns3:hr>
            <ns3:cad>72</ns3:cad>
          </ns3:TrackPointExtension>
        </extensions>
      </trkpt>
      <trkpt lat="37.7575944364070892333984375" lon="-122.40284099243581295013427734375">
        <ele>70.59999847412109375</ele>
        <time>2025-12-03T15:07:27.000Z</time>
        <extensions>
          <ns3:TrackPointExtension>
            <ns3:atemp>13.0</ns3:atemp>
            <ns3:hr>154</ns3:hr>
            <ns3:cad>72</ns3:cad>
          </ns3:TrackPointExtension>
        </extensions>
      </trkpt>
      <trkpt lat="37.7575741522014141082763671875" lon="-122.40282632410526275634765625">
        <ele>70.40000152587890625</ele>
        <time>2025-12-03T15:07:28.000Z</time>
        <extensions>
          <ns3:TrackPointExtension>
            <ns3:atemp>13.0</ns3:atemp>
            <ns3:hr>154</ns3:hr>
            <ns3:cad>72</ns3:cad>
          </ns3:TrackPointExtension>
        </extensions>
      </trkpt>
      <trkpt lat="37.75755948387086391448974609375" lon="-122.40282691083848476409912109375">
        <ele>70</ele>
        <time>2025-12-03T15:07:29.000Z</time>
        <extensions>
          <ns3:TrackPointExtension>
            <ns3:atemp>13.0</ns3:atemp>
            <ns3:hr>154</ns3:hr>
            <ns3:cad>72</ns3:cad>
          </ns3:TrackPointExtension>
        </extensions>
      </trkpt>
      <trkpt lat="37.75754548609256744384765625" lon="-122.40281417034566402435302734375">
        <ele>69.8000030517578125</ele>
        <time>2025-12-03T15:07:30.000Z</time>
        <extensions>
          <ns3:TrackPointExtension>
            <ns3:atemp>13.0</ns3:atemp>
            <ns3:hr>154</ns3:hr>
            <ns3:cad>72</ns3:cad>
          </ns3:TrackPointExtension>
        </extensions>
      </trkpt>
      <trkpt lat="37.75755579583346843719482421875" lon="-122.40280427969992160797119140625">
        <ele>69.40000152587890625</ele>
        <time>2025-12-03T15:07:31.000Z</time>
        <extensions>
          <ns3:TrackPointExtension>
            <ns3:atemp>13.0</ns3:atemp>
            <ns3:hr>154</ns3:hr>
            <ns3:cad>73</ns3:cad>
          </ns3:TrackPointExtension>
        </extensions>
      </trkpt>
      <trkpt lat="37.7575738169252872467041015625" lon="-122.402811907231807708740234375">
        <ele>69.1999969482421875</ele>
        <time>2025-12-03T15:07:32.000Z</time>
        <extensions>
          <ns3:TrackPointExtension>
            <ns3:atemp>13.0</ns3:atemp>
            <ns3:hr>154</ns3:hr>
            <ns3:cad>74</ns3:cad>
          </ns3:TrackPointExtension>
        </extensions>
      </trkpt>
      <trkpt lat="37.75758303701877593994140625" lon="-122.402816601097583770751953125">
        <ele>69</ele>
        <time>2025-12-03T15:07:33.000Z</time>
        <extensions>
          <ns3:TrackPointExtension>
            <ns3:atemp>13.0</ns3:atemp>
            <ns3:hr>154</ns3:hr>
            <ns3:cad>74</ns3:cad>
          </ns3:TrackPointExtension>
        </extensions>
      </trkpt>
      <trkpt lat="37.7575932629406452178955078125" lon="-122.40282087586820125579833984375">
        <ele>69</ele>
        <time>2025-12-03T15:07:34.000Z</time>
        <extensions>
          <ns3:TrackPointExtension>
            <ns3:atemp>14.0</ns3:atemp>
            <ns3:hr>154</ns3:hr>
            <ns3:cad>74</ns3:cad>
          </ns3:TrackPointExtension>
        </extensions>
      </trkpt>
      <trkpt lat="37.7576016448438167572021484375" lon="-122.4028224684298038482666015625">
        <ele>69</ele>
        <time>2025-12-03T15:07:35.000Z</time>
        <extensions>
          <ns3:TrackPointExtension>
            <ns3:atemp>13.0</ns3:atemp>
            <ns3:hr>153</ns3:hr>
            <ns3:cad>74</ns3:cad>
          </ns3:TrackPointExtension>
        </extensions>
      </trkpt>
      <trkpt lat="37.75761178694665431976318359375" lon="-122.40282640792429447174072265625">
        <ele>69</ele>
        <time>2025-12-03T15:07:36.000Z</time>
        <extensions>
          <ns3:TrackPointExtension>
            <ns3:atemp>13.0</ns3:atemp>
            <ns3:hr>153</ns3:hr>
            <ns3:cad>74</ns3:cad>
          </ns3:TrackPointExtension>
        </extensions>
      </trkpt>
      <trkpt lat="37.7576200850307941436767578125" lon="-122.40282590501010417938232421875">
        <ele>69</ele>
        <time>2025-12-03T15:07:37.000Z</time>
        <extensions>
          <ns3:TrackPointExtension>
            <ns3:atemp>13.0</ns3:atemp>
            <ns3:hr>153</ns3:hr>
            <ns3:cad>74</ns3:cad>
          </ns3:TrackPointExtension>
        </extensions>
      </trkpt>
      <trkpt lat="37.75762352161109447479248046875" lon="-122.402825988829135894775390625">
        <ele>69.1999969482421875</ele>
        <time>2025-12-03T15:07:38.000Z</time>
        <extensions>
          <ns3:TrackPointExtension>
            <ns3:atemp>13.0</ns3:atemp>
            <ns3:hr>153</ns3:hr>
            <ns3:cad>74</ns3:cad>
          </ns3:TrackPointExtension>
        </extensions>
      </trkpt>
      <trkpt lat="37.7576301433145999908447265625" lon="-122.4028269946575164794921875">
        <ele>69.1999969482421875</ele>
        <time>2025-12-03T15:07:39.000Z</time>
        <extensions>
          <ns3:TrackPointExtension>
            <ns3:atemp>13.0</ns3:atemp>
            <ns3:hr>153</ns3:hr>
            <ns3:cad>74</ns3:cad>
          </ns3:TrackPointExtension>
        </extensions>
      </trkpt>
      <trkpt lat="37.75764070451259613037109375" lon="-122.4028214626014232635498046875">
        <ele>69.40000152587890625</ele>
        <time>2025-12-03T15:07:40.000Z</time>
        <extensions>
          <ns3:TrackPointExtension>
            <ns3:atemp>13.0</ns3:atemp>
            <ns3:hr>152</ns3:hr>
            <ns3:cad>74</ns3:cad>
          </ns3:TrackPointExtension>
        </extensions>
      </trkpt>
      <trkpt lat="37.75764581747353076934814453125" lon="-122.40281903184950351715087890625">
        <ele>69.59999847412109375</ele>
        <time>2025-12-03T15:07:41.000Z</time>
        <extensions>
          <ns3:TrackPointExtension>
            <ns3:atemp>13.0</ns3:atemp>
            <ns3:hr>152</ns3:hr>
            <ns3:cad>74</ns3:cad>
          </ns3:TrackPointExtension>
        </extensions>
      </trkpt>
      <trkpt lat="37.75765478610992431640625" lon="-122.402824647724628448486328125">
        <ele>69.8000030517578125</ele>
        <time>2025-12-03T15:07:42.000Z</time>
        <extensions>
          <ns3:TrackPointExtension>
            <ns3:atemp>13.0</ns3:atemp>
            <ns3:hr>151</ns3:hr>
            <ns3:cad>41</ns3:cad>
          </ns3:TrackPointExtension>
        </extensions>
      </trkpt>
      <trkpt lat="37.7576509304344654083251953125" lon="-122.40282942540943622589111328125">
        <ele>70</ele>
        <time>2025-12-03T15:07:43.000Z</time>
        <extensions>
          <ns3:TrackPointExtension>
            <ns3:atemp>13.0</ns3:atemp>
            <ns3:hr>151</ns3:hr>
            <ns3:cad>41</ns3:cad>
          </ns3:TrackPointExtension>
        </extensions>
      </trkpt>
      <trkpt lat="37.75765721686184406280517578125" lon="-122.4028392322361469268798828125">
        <ele>70.1999969482421875</ele>
        <time>2025-12-03T15:07:44.000Z</time>
        <extensions>
          <ns3:TrackPointExtension>
            <ns3:atemp>13.0</ns3:atemp>
            <ns3:hr>150</ns3:hr>
            <ns3:cad>41</ns3:cad>
          </ns3:TrackPointExtension>
        </extensions>
      </trkpt>
      <trkpt lat="37.7576703764498233795166015625" lon="-122.40284250117838382720947265625">
        <ele>70.59999847412109375</ele>
        <time>2025-12-03T15:07:45.000Z</time>
        <extensions>
          <ns3:TrackPointExtension>
            <ns3:atemp>13.0</ns3:atemp>
            <ns3:hr>150</ns3:hr>
            <ns3:cad>41</ns3:cad>
          </ns3:TrackPointExtension>
        </extensions>
      </trkpt>
      <trkpt lat="37.7576811052858829498291015625" lon="-122.4028506316244602203369140625">
        <ele>70.8000030517578125</ele>
        <time>2025-12-03T15:07:46.000Z</time>
        <extensions>
          <ns3:TrackPointExtension>
            <ns3:atemp>14.0</ns3:atemp>
            <ns3:hr>149</ns3:hr>
            <ns3:cad>76</ns3:cad>
          </ns3:TrackPointExtension>
        </extensions>
      </trkpt>
      <trkpt lat="37.75770029984414577484130859375" lon="-122.40284635685384273529052734375">
        <ele>71</ele>
        <time>2025-12-03T15:07:47.000Z</time>
        <extensions>
          <ns3:TrackPointExtension>
            <ns3:atemp>13.0</ns3:atemp>
            <ns3:hr>148</ns3:hr>
            <ns3:cad>79</ns3:cad>
          </ns3:TrackPointExtension>
        </extensions>
      </trkpt>
      <trkpt lat="37.75771756656467914581298828125" lon="-122.402846775949001312255859375">
        <ele>71.1999969482421875</ele>
        <time>2025-12-03T15:07:48.000Z</time>
        <extensions>
          <ns3:TrackPointExtension>
            <ns3:atemp>13.0</ns3:atemp>
            <ns3:hr>147</ns3:hr>
            <ns3:cad>79</ns3:cad>
          </ns3:TrackPointExtension>
        </extensions>
      </trkpt>
      <trkpt lat="37.75773734785616397857666015625" lon="-122.4028419144451618194580078125">
        <ele>71.59999847412109375</ele>
        <time>2025-12-03T15:07:49.000Z</time>
        <extensions>
          <ns3:TrackPointExtension>
            <ns3:atemp>13.0</ns3:atemp>
            <ns3:hr>147</ns3:hr>
            <ns3:cad>79</ns3:cad>
          </ns3:TrackPointExtension>
        </extensions>
      </trkpt>
      <trkpt lat="37.7577649243175983428955078125" lon="-122.40284250117838382720947265625">
        <ele>71.8000030517578125</ele>
        <time>2025-12-03T15:07:50.000Z</time>
        <extensions>
          <ns3:TrackPointExtension>
            <ns3:atemp>14.0</ns3:atemp>
            <ns3:hr>146</ns3:hr>
            <ns3:cad>0</ns3:cad>
          </ns3:TrackPointExtension>
        </extensions>
      </trkpt>
      <trkpt lat="37.75778378359973430633544921875" lon="-122.40283747203648090362548828125">
        <ele>72.1999969482421875</ele>
        <time>2025-12-03T15:07:51.000Z</time>
        <extensions>
          <ns3:TrackPointExtension>
            <ns3:atemp>13.0</ns3:atemp>
            <ns3:hr>146</ns3:hr>
            <ns3:cad>0</ns3:cad>
          </ns3:TrackPointExtension>
        </extensions>
      </trkpt>
      <trkpt lat="37.75781370699405670166015625" lon="-122.402841746807098388671875">
        <ele>72.59999847412109375</ele>
        <time>2025-12-03T15:07:52.000Z</time>
        <extensions>
          <ns3:TrackPointExtension>
            <ns3:atemp>13.0</ns3:atemp>
            <ns3:hr>146</ns3:hr>
            <ns3:cad>85</ns3:cad>
          </ns3:TrackPointExtension>
        </extensions>
      </trkpt>
      <trkpt lat="37.7578343264758586883544921875" lon="-122.40284652449190616607666015625">
        <ele>73.1999969482421875</ele>
        <time>2025-12-03T15:07:53.000Z</time>
        <extensions>
          <ns3:TrackPointExtension>
            <ns3:atemp>13.0</ns3:atemp>
            <ns3:hr>145</ns3:hr>
            <ns3:cad>85</ns3:cad>
          </ns3:TrackPointExtension>
        </extensions>
      </trkpt>
      <trkpt lat="37.75786961428821086883544921875" lon="-122.40284367464482784271240234375">
        <ele>73.59999847412109375</ele>
        <time>2025-12-03T15:07:54.000Z</time>
        <extensions>
          <ns3:TrackPointExtension>
            <ns3:atemp>14.0</ns3:atemp>
            <ns3:hr>145</ns3:hr>
            <ns3:cad>85</ns3:cad>
          </ns3:TrackPointExtension>
        </extensions>
      </trkpt>
      <trkpt lat="37.75789978913962841033935546875" lon="-122.40284970961511135101318359375">
        <ele>73.8000030517578125</ele>
        <time>2025-12-03T15:07:55.000Z</time>
        <extensions>
          <ns3:TrackPointExtension>
            <ns3:atemp>14.0</ns3:atemp>
            <ns3:hr>145</ns3:hr>
            <ns3:cad>87</ns3:cad>
          </ns3:TrackPointExtension>
        </extensions>
      </trkpt>
      <trkpt lat="37.75793231092393398284912109375" lon="-122.4028513021767139434814453125">
        <ele>74</ele>
        <time>2025-12-03T15:07:56.000Z</time>
        <extensions>
          <ns3:TrackPointExtension>
            <ns3:atemp>13.0</ns3:atemp>
            <ns3:hr>144</ns3:hr>
            <ns3:cad>88</ns3:cad>
          </ns3:TrackPointExtension>
        </extensions>
      </trkpt>
      <trkpt lat="37.75797338224947452545166015625" lon="-122.40286312066018581390380859375">
        <ele>73.8000030517578125</ele>
        <time>2025-12-03T15:07:57.000Z</time>
        <extensions>
          <ns3:TrackPointExtension>
            <ns3:atemp>14.0</ns3:atemp>
            <ns3:hr>144</ns3:hr>
            <ns3:cad>88</ns3:cad>
          </ns3:TrackPointExtension>
        </extensions>
      </trkpt>
      <trkpt lat="37.75800975970923900604248046875" lon="-122.40286789834499359130859375">
        <ele>73.8000030517578125</ele>
        <time>2025-12-03T15:07:58.000Z</time>
        <extensions>
          <ns3:TrackPointExtension>
            <ns3:atemp>13.0</ns3:atemp>
            <ns3:hr>144</ns3:hr>
            <ns3:cad>88</ns3:cad>
          </ns3:TrackPointExtension>
        </extensions>
      </trkpt>
      <trkpt lat="37.75805250741541385650634765625" lon="-122.40288340486586093902587890625">
        <ele>73.59999847412109375</ele>
        <time>2025-12-03T15:07:59.000Z</time>
        <extensions>
          <ns3:TrackPointExtension>
            <ns3:atemp>13.0</ns3:atemp>
            <ns3:hr>144</ns3:hr>
            <ns3:cad>88</ns3:cad>
          </ns3:TrackPointExtension>
        </extensions>
      </trkpt>
      <trkpt lat="37.75809039361774921417236328125" lon="-122.402889691293239593505859375">
        <ele>73.40000152587890625</ele>
        <time>2025-12-03T15:08:00.000Z</time>
        <extensions>
          <ns3:TrackPointExtension>
            <ns3:atemp>14.0</ns3:atemp>
            <ns3:hr>144</ns3:hr>
            <ns3:cad>87</ns3:cad>
          </ns3:TrackPointExtension>
        </extensions>
      </trkpt>
      <trkpt lat="37.75813029147684574127197265625" lon="-122.40290201269090175628662109375">
        <ele>73.40000152587890625</ele>
        <time>2025-12-03T15:08:01.000Z</time>
        <extensions>
          <ns3:TrackPointExtension>
            <ns3:atemp>13.0</ns3:atemp>
            <ns3:hr>144</ns3:hr>
            <ns3:cad>87</ns3:cad>
          </ns3:TrackPointExtension>
        </extensions>
      </trkpt>
      <trkpt lat="37.758170776069164276123046875" lon="-122.4029052816331386566162109375">
        <ele>73.1999969482421875</ele>
        <time>2025-12-03T15:08:02.000Z</time>
        <extensions>
          <ns3:TrackPointExtension>
            <ns3:atemp>14.0</ns3:atemp>
            <ns3:hr>144</ns3:hr>
            <ns3:cad>88</ns3:cad>
          </ns3:TrackPointExtension>
        </extensions>
      </trkpt>
      <trkpt lat="37.7582105062901973724365234375" lon="-122.402910478413105010986328125">
        <ele>73.1999969482421875</ele>
        <time>2025-12-03T15:08:03.000Z</time>
        <extensions>
          <ns3:TrackPointExtension>
            <ns3:atemp>14.0</ns3:atemp>
            <ns3:hr>145</ns3:hr>
            <ns3:cad>88</ns3:cad>
          </ns3:TrackPointExtension>
        </extensions>
      </trkpt>
      <trkpt lat="37.75825518183410167694091796875" lon="-122.402909807860851287841796875">
        <ele>73.1999969482421875</ele>
        <time>2025-12-03T15:08:04.000Z</time>
        <extensions>
          <ns3:TrackPointExtension>
            <ns3:atemp>13.0</ns3:atemp>
            <ns3:hr>145</ns3:hr>
            <ns3:cad>88</ns3:cad>
          </ns3:TrackPointExtension>
        </extensions>
      </trkpt>
      <trkpt lat="37.75829122401773929595947265625" lon="-122.402915172278881072998046875">
        <ele>73.40000152587890625</ele>
        <time>2025-12-03T15:08:05.000Z</time>
        <extensions>
          <ns3:TrackPointExtension>
            <ns3:atemp>14.0</ns3:atemp>
            <ns3:hr>146</ns3:hr>
            <ns3:cad>88</ns3:cad>
          </ns3:TrackPointExtension>
        </extensions>
      </trkpt>
      <trkpt lat="37.75833514519035816192626953125" lon="-122.40291676484048366546630859375">
        <ele>73.40000152587890625</ele>
        <time>2025-12-03T15:08:06.000Z</time>
        <extensions>
          <ns3:TrackPointExtension>
            <ns3:atemp>14.0</ns3:atemp>
            <ns3:hr>146</ns3:hr>
            <ns3:cad>88</ns3:cad>
          </ns3:TrackPointExtension>
        </extensions>
      </trkpt>
      <trkpt lat="37.7583771385252475738525390625" lon="-122.4029297567903995513916015625">
        <ele>73.40000152587890625</ele>
        <time>2025-12-03T15:08:07.000Z</time>
        <extensions>
          <ns3:TrackPointExtension>
            <ns3:atemp>14.0</ns3:atemp>
            <ns3:hr>147</ns3:hr>
            <ns3:cad>88</ns3:cad>
          </ns3:TrackPointExtension>
        </extensions>
      </trkpt>
      <trkpt lat="37.7584143541753292083740234375" lon="-122.40293168462812900543212890625">
        <ele>73.40000152587890625</ele>
        <time>2025-12-03T15:08:08.000Z</time>
        <extensions>
          <ns3:TrackPointExtension>
            <ns3:atemp>14.0</ns3:atemp>
            <ns3:hr>147</ns3:hr>
            <ns3:cad>90</ns3:cad>
          </ns3:TrackPointExtension>
        </extensions>
      </trkpt>
      <trkpt lat="37.75844712741672992706298828125" lon="-122.4029391445219516754150390625">
        <ele>73.40000152587890625</ele>
        <time>2025-12-03T15:08:09.000Z</time>
        <extensions>
          <ns3:TrackPointExtension>
            <ns3:atemp>13.0</ns3:atemp>
            <ns3:hr>147</ns3:hr>
            <ns3:cad>90</ns3:cad>
          </ns3:TrackPointExtension>
        </extensions>
      </trkpt>
      <trkpt lat="37.75849255733191967010498046875" lon="-122.40294274874031543731689453125">
        <ele>73.40000152587890625</ele>
        <time>2025-12-03T15:08:10.000Z</time>
        <extensions>
          <ns3:TrackPointExtension>
            <ns3:atemp>13.0</ns3:atemp>
            <ns3:hr>148</ns3:hr>
            <ns3:cad>90</ns3:cad>
          </ns3:TrackPointExtension>
        </extensions>
      </trkpt>
      <trkpt lat="37.75852474384009838104248046875" lon="-122.4029508791863918304443359375">
        <ele>73.40000152587890625</ele>
        <time>2025-12-03T15:08:11.000Z</time>
        <extensions>
          <ns3:TrackPointExtension>
            <ns3:atemp>13.0</ns3:atemp>
            <ns3:hr>149</ns3:hr>
            <ns3:cad>91</ns3:cad>
          </ns3:TrackPointExtension>
        </extensions>
      </trkpt>
      <trkpt lat="37.7585719339549541473388671875" lon="-122.4029495380818843841552734375">
        <ele>73.40000152587890625</ele>
        <time>2025-12-03T15:08:12.000Z</time>
        <extensions>
          <ns3:TrackPointExtension>
            <ns3:atemp>13.0</ns3:atemp>
            <ns3:hr>149</ns3:hr>
            <ns3:cad>92</ns3:cad>
          </ns3:TrackPointExtension>
        </extensions>
      </trkpt>
      <trkpt lat="37.75861107744276523590087890625" lon="-122.402951382100582122802734375">
        <ele>73.40000152587890625</ele>
        <time>2025-12-03T15:08:13.000Z</time>
        <extensions>
          <ns3:TrackPointExtension>
            <ns3:atemp>13.0</ns3:atemp>
            <ns3:hr>150</ns3:hr>
            <ns3:cad>92</ns3:cad>
          </ns3:TrackPointExtension>
        </extensions>
      </trkpt>
      <trkpt lat="37.758659608662128448486328125" lon="-122.40294811315834522247314453125">
        <ele>73.59999847412109375</ele>
        <time>2025-12-03T15:08:14.000Z</time>
        <extensions>
          <ns3:TrackPointExtension>
            <ns3:atemp>13.0</ns3:atemp>
            <ns3:hr>150</ns3:hr>
            <ns3:cad>92</ns3:cad>
          </ns3:TrackPointExtension>
        </extensions>
      </trkpt>
      <trkpt lat="37.7586953155696392059326171875" lon="-122.4029451794922351837158203125">
        <ele>73.40000152587890625</ele>
        <time>2025-12-03T15:08:15.000Z</time>
        <extensions>
          <ns3:TrackPointExtension>
            <ns3:atemp>13.0</ns3:atemp>
            <ns3:hr>151</ns3:hr>
            <ns3:cad>93</ns3:cad>
          </ns3:TrackPointExtension>
        </extensions>
      </trkpt>
      <trkpt lat="37.7587429247796535491943359375" lon="-122.4029396474361419677734375">
        <ele>73.40000152587890625</ele>
        <time>2025-12-03T15:08:16.000Z</time>
        <extensions>
          <ns3:TrackPointExtension>
            <ns3:atemp>13.0</ns3:atemp>
            <ns3:hr>151</ns3:hr>
            <ns3:cad>93</ns3:cad>
          </ns3:TrackPointExtension>
        </extensions>
      </trkpt>
      <trkpt lat="37.7587751112878322601318359375" lon="-122.40293763577938079833984375">
        <ele>73.59999847412109375</ele>
        <time>2025-12-03T15:08:17.000Z</time>
        <extensions>
          <ns3:TrackPointExtension>
            <ns3:atemp>13.0</ns3:atemp>
            <ns3:hr>152</ns3:hr>
            <ns3:cad>93</ns3:cad>
          </ns3:TrackPointExtension>
        </extensions>
      </trkpt>
      <trkpt lat="37.758800089359283447265625" lon="-122.4029450118541717529296875">
        <ele>73.8000030517578125</ele>
        <time>2025-12-03T15:08:18.000Z</time>
        <extensions>
          <ns3:TrackPointExtension>
            <ns3:atemp>13.0</ns3:atemp>
            <ns3:hr>152</ns3:hr>
            <ns3:cad>93</ns3:cad>
          </ns3:TrackPointExtension>
        </extensions>
      </trkpt>
      <trkpt lat="37.75882489979267120361328125" lon="-122.4029502086341381072998046875">
        <ele>74</ele>
        <time>2025-12-03T15:08:19.000Z</time>
        <extensions>
          <ns3:TrackPointExtension>
            <ns3:atemp>13.0</ns3:atemp>
            <ns3:hr>153</ns3:hr>
            <ns3:cad>93</ns3:cad>
          </ns3:TrackPointExtension>
        </extensions>
      </trkpt>
      <trkpt lat="37.75884568691253662109375" lon="-122.40295330993831157684326171875">
        <ele>74</ele>
        <time>2025-12-03T15:08:20.000Z</time>
        <extensions>
          <ns3:TrackPointExtension>
            <ns3:atemp>13.0</ns3:atemp>
            <ns3:hr>153</ns3:hr>
            <ns3:cad>93</ns3:cad>
          </ns3:TrackPointExtension>
        </extensions>
      </trkpt>
      <trkpt lat="37.758857421576976776123046875" lon="-122.402958087623119354248046875">
        <ele>74.1999969482421875</ele>
        <time>2025-12-03T15:08:21.000Z</time>
        <extensions>
          <ns3:TrackPointExtension>
            <ns3:atemp>14.0</ns3:atemp>
            <ns3:hr>153</ns3:hr>
            <ns3:cad>46</ns3:cad>
          </ns3:TrackPointExtension>
        </extensions>
      </trkpt>
      <trkpt lat="37.758872173726558685302734375" lon="-122.4029611051082611083984375">
        <ele>74.1999969482421875</ele>
        <time>2025-12-03T15:08:22.000Z</time>
        <extensions>
          <ns3:TrackPointExtension>
            <ns3:atemp>13.0</ns3:atemp>
            <ns3:hr>153</ns3:hr>
            <ns3:cad>46</ns3:cad>
          </ns3:TrackPointExtension>
        </extensions>
      </trkpt>
      <trkpt lat="37.75888583622872829437255859375" lon="-122.40296135656535625457763671875">
        <ele>74.1999969482421875</ele>
        <time>2025-12-03T15:08:23.000Z</time>
        <extensions>
          <ns3:TrackPointExtension>
            <ns3:atemp>14.0</ns3:atemp>
            <ns3:hr>154</ns3:hr>
            <ns3:cad>46</ns3:cad>
          </ns3:TrackPointExtension>
        </extensions>
      </trkpt>
      <trkpt lat="37.75889840908348560333251953125" lon="-122.40296177566051483154296875">
        <ele>74.1999969482421875</ele>
        <time>2025-12-03T15:08:24.000Z</time>
        <extensions>
          <ns3:TrackPointExtension>
            <ns3:atemp>13.0</ns3:atemp>
            <ns3:hr>154</ns3:hr>
            <ns3:cad>46</ns3:cad>
          </ns3:TrackPointExtension>
        </extensions>
      </trkpt>
      <trkpt lat="37.758913077414035797119140625" lon="-122.4029595963656902313232421875">
        <ele>74.1999969482421875</ele>
        <time>2025-12-03T15:08:25.000Z</time>
        <extensions>
          <ns3:TrackPointExtension>
            <ns3:atemp>13.0</ns3:atemp>
            <ns3:hr>154</ns3:hr>
            <ns3:cad>46</ns3:cad>
          </ns3:TrackPointExtension>
        </extensions>
      </trkpt>
      <trkpt lat="37.7589301764965057373046875" lon="-122.40295884199440479278564453125">
        <ele>74.40000152587890625</ele>
        <time>2025-12-03T15:08:26.000Z</time>
        <extensions>
          <ns3:TrackPointExtension>
            <ns3:atemp>13.0</ns3:atemp>
            <ns3:hr>153</ns3:hr>
            <ns3:cad>46</ns3:cad>
          </ns3:TrackPointExtension>
        </extensions>
      </trkpt>
      <trkpt lat="37.75894601829349994659423828125" lon="-122.4029555730521678924560546875">
        <ele>74.40000152587890625</ele>
        <time>2025-12-03T15:08:27.000Z</time>
        <extensions>
          <ns3:TrackPointExtension>
            <ns3:atemp>13.0</ns3:atemp>
            <ns3:hr>153</ns3:hr>
            <ns3:cad>46</ns3:cad>
          </ns3:TrackPointExtension>
        </extensions>
      </trkpt>
      <trkpt lat="37.75895942933857440948486328125" lon="-122.4029557406902313232421875">
        <ele>74.59999847412109375</ele>
        <time>2025-12-03T15:08:28.000Z</time>
        <extensions>
          <ns3:TrackPointExtension>
            <ns3:atemp>13.0</ns3:atemp>
            <ns3:hr>153</ns3:hr>
            <ns3:cad>46</ns3:cad>
          </ns3:TrackPointExtension>
        </extensions>
      </trkpt>
      <trkpt lat="37.75896948762238025665283203125" lon="-122.40295507013797760009765625">
        <ele>74.59999847412109375</ele>
        <time>2025-12-03T15:08:29.000Z</time>
        <extensions>
          <ns3:TrackPointExtension>
            <ns3:atemp>13.0</ns3:atemp>
            <ns3:hr>153</ns3:hr>
            <ns3:cad>46</ns3:cad>
          </ns3:TrackPointExtension>
        </extensions>
      </trkpt>
      <trkpt lat="37.758979462087154388427734375" lon="-122.40295515395700931549072265625">
        <ele>74.8000030517578125</ele>
        <time>2025-12-03T15:08:30.000Z</time>
        <extensions>
          <ns3:TrackPointExtension>
            <ns3:atemp>13.0</ns3:atemp>
            <ns3:hr>152</ns3:hr>
            <ns3:cad>46</ns3:cad>
          </ns3:TrackPointExtension>
        </extensions>
      </trkpt>
      <trkpt lat="37.758988849818706512451171875" lon="-122.4029559083282947540283203125">
        <ele>74.8000030517578125</ele>
        <time>2025-12-03T15:08:31.000Z</time>
        <extensions>
          <ns3:TrackPointExtension>
            <ns3:atemp>13.0</ns3:atemp>
            <ns3:hr>152</ns3:hr>
            <ns3:cad>56</ns3:cad>
          </ns3:TrackPointExtension>
        </extensions>
      </trkpt>
      <trkpt lat="37.7589963935315608978271484375" lon="-122.402956746518611907958984375">
        <ele>75</ele>
        <time>2025-12-03T15:08:32.000Z</time>
        <extensions>
          <ns3:TrackPointExtension>
            <ns3:atemp>13.0</ns3:atemp>
            <ns3:hr>152</ns3:hr>
            <ns3:cad>56</ns3:cad>
          </ns3:TrackPointExtension>
        </extensions>
      </trkpt>
      <trkpt lat="37.759002260863780975341796875" lon="-122.40295414812862873077392578125">
        <ele>75</ele>
        <time>2025-12-03T15:08:33.000Z</time>
        <extensions>
          <ns3:TrackPointExtension>
            <ns3:atemp>13.0</ns3:atemp>
            <ns3:hr>152</ns3:hr>
            <ns3:cad>56</ns3:cad>
          </ns3:TrackPointExtension>
        </extensions>
      </trkpt>
      <trkpt lat="37.7590111456811428070068359375" lon="-122.40295448340475559234619140625">
        <ele>75.1999969482421875</ele>
        <time>2025-12-03T15:08:34.000Z</time>
        <extensions>
          <ns3:TrackPointExtension>
            <ns3:atemp>13.0</ns3:atemp>
            <ns3:hr>153</ns3:hr>
            <ns3:cad>55</ns3:cad>
          </ns3:TrackPointExtension>
        </extensions>
      </trkpt>
      <trkpt lat="37.7590198628604412078857421875" lon="-122.40295398049056529998779296875">
        <ele>75.40000152587890625</ele>
        <time>2025-12-03T15:08:35.000Z</time>
        <extensions>
          <ns3:TrackPointExtension>
            <ns3:atemp>13.0</ns3:atemp>
            <ns3:hr>152</ns3:hr>
            <ns3:cad>55</ns3:cad>
          </ns3:TrackPointExtension>
        </extensions>
      </trkpt>
      <trkpt lat="37.75903101079165935516357421875" lon="-122.40295582450926303863525390625">
        <ele>75.40000152587890625</ele>
        <time>2025-12-03T15:08:36.000Z</time>
        <extensions>
          <ns3:TrackPointExtension>
            <ns3:atemp>13.0</ns3:atemp>
            <ns3:hr>152</ns3:hr>
            <ns3:cad>55</ns3:cad>
          </ns3:TrackPointExtension>
        </extensions>
      </trkpt>
      <trkpt lat="37.759043835103511810302734375" lon="-122.40295775234699249267578125">
        <ele>75.59999847412109375</ele>
        <time>2025-12-03T15:08:37.000Z</time>
        <extensions>
          <ns3:TrackPointExtension>
            <ns3:atemp>13.0</ns3:atemp>
            <ns3:hr>152</ns3:hr>
            <ns3:cad>53</ns3:cad>
          </ns3:TrackPointExtension>
        </extensions>
      </trkpt>
      <trkpt lat="37.75905481539666652679443359375" lon="-122.4029585905373096466064453125">
        <ele>75.59999847412109375</ele>
        <time>2025-12-03T15:08:38.000Z</time>
        <extensions>
          <ns3:TrackPointExtension>
            <ns3:atemp>13.0</ns3:atemp>
            <ns3:hr>152</ns3:hr>
            <ns3:cad>52</ns3:cad>
          </ns3:TrackPointExtension>
        </extensions>
      </trkpt>
      <trkpt lat="37.759063281118869781494140625" lon="-122.4029602669179439544677734375">
        <ele>75.8000030517578125</ele>
        <time>2025-12-03T15:08:39.000Z</time>
        <extensions>
          <ns3:TrackPointExtension>
            <ns3:atemp>13.0</ns3:atemp>
            <ns3:hr>151</ns3:hr>
            <ns3:cad>52</ns3:cad>
          </ns3:TrackPointExtension>
        </extensions>
      </trkpt>
      <trkpt lat="37.7590731717646121978759765625" lon="-122.40296253003180027008056640625">
        <ele>75.8000030517578125</ele>
        <time>2025-12-03T15:08:40.000Z</time>
        <extensions>
          <ns3:TrackPointExtension>
            <ns3:atemp>13.0</ns3:atemp>
            <ns3:hr>151</ns3:hr>
            <ns3:cad>53</ns3:cad>
          </ns3:TrackPointExtension>
        </extensions>
      </trkpt>
      <trkpt lat="37.75908281095325946807861328125" lon="-122.4029666371643543243408203125">
        <ele>76</ele>
        <time>2025-12-03T15:08:41.000Z</time>
        <extensions>
          <ns3:TrackPointExtension>
            <ns3:atemp>13.0</ns3:atemp>
            <ns3:hr>151</ns3:hr>
            <ns3:cad>53</ns3:cad>
          </ns3:TrackPointExtension>
        </extensions>
      </trkpt>
      <trkpt lat="37.75909421034157276153564453125" lon="-122.40297158248722553253173828125">
        <ele>76.1999969482421875</ele>
        <time>2025-12-03T15:08:42.000Z</time>
        <extensions>
          <ns3:TrackPointExtension>
            <ns3:atemp>13.0</ns3:atemp>
            <ns3:hr>152</ns3:hr>
            <ns3:cad>53</ns3:cad>
          </ns3:TrackPointExtension>
        </extensions>
      </trkpt>
      <trkpt lat="37.75911114178597927093505859375" lon="-122.4029763601720333099365234375">
        <ele>76.1999969482421875</ele>
        <time>2025-12-03T15:08:43.000Z</time>
        <extensions>
          <ns3:TrackPointExtension>
            <ns3:atemp>13.0</ns3:atemp>
            <ns3:hr>152</ns3:hr>
            <ns3:cad>53</ns3:cad>
          </ns3:TrackPointExtension>
        </extensions>
      </trkpt>
      <trkpt lat="37.75912086479365825653076171875" lon="-122.4029797129333019256591796875">
        <ele>76.40000152587890625</ele>
        <time>2025-12-03T15:08:44.000Z</time>
        <extensions>
          <ns3:TrackPointExtension>
            <ns3:atemp>13.0</ns3:atemp>
            <ns3:hr>151</ns3:hr>
            <ns3:cad>53</ns3:cad>
          </ns3:TrackPointExtension>
        </extensions>
      </trkpt>
      <trkpt lat="37.75913343764841556549072265625" lon="-122.40297560580074787139892578125">
        <ele>76.59999847412109375</ele>
        <time>2025-12-03T15:08:45.000Z</time>
        <extensions>
          <ns3:TrackPointExtension>
            <ns3:atemp>13.0</ns3:atemp>
            <ns3:hr>151</ns3:hr>
            <ns3:cad>52</ns3:cad>
          </ns3:TrackPointExtension>
        </extensions>
      </trkpt>
      <trkpt lat="37.75914349593222141265869140625" lon="-122.402974851429462432861328125">
        <ele>76.8000030517578125</ele>
        <time>2025-12-03T15:08:46.000Z</time>
        <extensions>
          <ns3:TrackPointExtension>
            <ns3:atemp>13.0</ns3:atemp>
            <ns3:hr>151</ns3:hr>
            <ns3:cad>52</ns3:cad>
          </ns3:TrackPointExtension>
        </extensions>
      </trkpt>
      <trkpt lat="37.75917358696460723876953125" lon="-122.402974180877208709716796875">
        <ele>77</ele>
        <time>2025-12-03T15:08:47.000Z</time>
        <extensions>
          <ns3:TrackPointExtension>
            <ns3:atemp>13.0</ns3:atemp>
            <ns3:hr>151</ns3:hr>
            <ns3:cad>50</ns3:cad>
          </ns3:TrackPointExtension>
        </extensions>
      </trkpt>
      <trkpt lat="37.75919194333255290985107421875" lon="-122.4029874242842197418212890625">
        <ele>77.1999969482421875</ele>
        <time>2025-12-03T15:08:48.000Z</time>
        <extensions>
          <ns3:TrackPointExtension>
            <ns3:atemp>13.0</ns3:atemp>
            <ns3:hr>151</ns3:hr>
            <ns3:cad>0</ns3:cad>
          </ns3:TrackPointExtension>
        </extensions>
      </trkpt>
      <trkpt lat="37.75921541266143321990966796875" lon="-122.40300494246184825897216796875">
        <ele>77.40000152587890625</ele>
        <time>2025-12-03T15:08:49.000Z</time>
        <extensions>
          <ns3:TrackPointExtension>
            <ns3:atemp>13.0</ns3:atemp>
            <ns3:hr>151</ns3:hr>
            <ns3:cad>0</ns3:cad>
          </ns3:TrackPointExtension>
        </extensions>
      </trkpt>
      <trkpt lat="37.75924407877027988433837890625" lon="-122.40301902405917644500732421875">
        <ele>77.8000030517578125</ele>
        <time>2025-12-03T15:08:50.000Z</time>
        <extensions>
          <ns3:TrackPointExtension>
            <ns3:atemp>13.0</ns3:atemp>
            <ns3:hr>150</ns3:hr>
            <ns3:cad>0</ns3:cad>
          </ns3:TrackPointExtension>
        </extensions>
      </trkpt>
      <trkpt lat="37.7592716552317142486572265625" lon="-122.40303243510425090789794921875">
        <ele>78</ele>
        <time>2025-12-03T15:08:51.000Z</time>
        <extensions>
          <ns3:TrackPointExtension>
            <ns3:atemp>13.0</ns3:atemp>
            <ns3:hr>150</ns3:hr>
            <ns3:cad>0</ns3:cad>
          </ns3:TrackPointExtension>
        </extensions>
      </trkpt>
      <trkpt lat="37.7592961303889751434326171875" lon="-122.4030373804271221160888671875">
        <ele>78.59999847412109375</ele>
        <time>2025-12-03T15:08:52.000Z</time>
        <extensions>
          <ns3:TrackPointExtension>
            <ns3:atemp>13.0</ns3:atemp>
            <ns3:hr>150</ns3:hr>
            <ns3:cad>88</ns3:cad>
          </ns3:TrackPointExtension>
        </extensions>
      </trkpt>
      <trkpt lat="37.759327478706836700439453125" lon="-122.40304618142545223236083984375">
        <ele>79</ele>
        <time>2025-12-03T15:08:53.000Z</time>
        <extensions>
          <ns3:TrackPointExtension>
            <ns3:atemp>13.0</ns3:atemp>
            <ns3:hr>149</ns3:hr>
            <ns3:cad>88</ns3:cad>
          </ns3:TrackPointExtension>
        </extensions>
      </trkpt>
      <trkpt lat="37.759344913065433502197265625" lon="-122.4030504561960697174072265625">
        <ele>79.40000152587890625</ele>
        <time>2025-12-03T15:08:54.000Z</time>
        <extensions>
          <ns3:TrackPointExtension>
            <ns3:atemp>13.0</ns3:atemp>
            <ns3:hr>149</ns3:hr>
            <ns3:cad>90</ns3:cad>
          </ns3:TrackPointExtension>
        </extensions>
      </trkpt>
      <trkpt lat="37.759379446506500244140625" lon="-122.40305473096668720245361328125">
        <ele>79.8000030517578125</ele>
        <time>2025-12-03T15:08:55.000Z</time>
        <extensions>
          <ns3:TrackPointExtension>
            <ns3:atemp>13.0</ns3:atemp>
            <ns3:hr>149</ns3:hr>
            <ns3:cad>90</ns3:cad>
          </ns3:TrackPointExtension>
        </extensions>
      </trkpt>
      <trkpt lat="37.7594030834734439849853515625" lon="-122.40305674262344837188720703125">
        <ele>80.1999969482421875</ele>
        <time>2025-12-03T15:08:56.000Z</time>
        <extensions>
          <ns3:TrackPointExtension>
            <ns3:atemp>13.0</ns3:atemp>
            <ns3:hr>148</ns3:hr>
            <ns3:cad>90</ns3:cad>
          </ns3:TrackPointExtension>
        </extensions>
      </trkpt>
      <trkpt lat="37.75943183340132236480712890625" lon="-122.40305322222411632537841796875">
        <ele>80.8000030517578125</ele>
        <time>2025-12-03T15:08:57.000Z</time>
        <extensions>
          <ns3:TrackPointExtension>
            <ns3:atemp>13.0</ns3:atemp>
            <ns3:hr>148</ns3:hr>
            <ns3:cad>90</ns3:cad>
          </ns3:TrackPointExtension>
        </extensions>
      </trkpt>
      <trkpt lat="37.75944943539798259735107421875" lon="-122.403052635490894317626953125">
        <ele>81.1999969482421875</ele>
        <time>2025-12-03T15:08:58.000Z</time>
        <extensions>
          <ns3:TrackPointExtension>
            <ns3:atemp>13.0</ns3:atemp>
            <ns3:hr>148</ns3:hr>
            <ns3:cad>90</ns3:cad>
          </ns3:TrackPointExtension>
        </extensions>
      </trkpt>
      <trkpt lat="37.759481705725193023681640625" lon="-122.40305204875767230987548828125">
        <ele>81.59999847412109375</ele>
        <time>2025-12-03T15:08:59.000Z</time>
        <extensions>
          <ns3:TrackPointExtension>
            <ns3:atemp>13.0</ns3:atemp>
            <ns3:hr>147</ns3:hr>
            <ns3:cad>90</ns3:cad>
          </ns3:TrackPointExtension>
        </extensions>
      </trkpt>
      <trkpt lat="37.7595003135502338409423828125" lon="-122.4030581675469875335693359375">
        <ele>82</ele>
        <time>2025-12-03T15:09:00.000Z</time>
        <extensions>
          <ns3:TrackPointExtension>
            <ns3:atemp>13.0</ns3:atemp>
            <ns3:hr>147</ns3:hr>
            <ns3:cad>90</ns3:cad>
          </ns3:TrackPointExtension>
        </extensions>
      </trkpt>
      <trkpt lat="37.7595308236777782440185546875" lon="-122.4030799604952335357666015625">
        <ele>82.40000152587890625</ele>
        <time>2025-12-03T15:09:01.000Z</time>
        <extensions>
          <ns3:TrackPointExtension>
            <ns3:atemp>13.0</ns3:atemp>
            <ns3:hr>147</ns3:hr>
            <ns3:cad>89</ns3:cad>
          </ns3:TrackPointExtension>
        </extensions>
      </trkpt>
      <trkpt lat="37.75955337099730968475341796875" lon="-122.40309429354965686798095703125">
        <ele>83</ele>
        <time>2025-12-03T15:09:02.000Z</time>
        <extensions>
          <ns3:TrackPointExtension>
            <ns3:atemp>13.0</ns3:atemp>
            <ns3:hr>147</ns3:hr>
            <ns3:cad>89</ns3:cad>
          </ns3:TrackPointExtension>
        </extensions>
      </trkpt>
      <trkpt lat="37.75958186946809291839599609375" lon="-122.40312798880040645599365234375">
        <ele>83.1999969482421875</ele>
        <time>2025-12-03T15:09:03.000Z</time>
        <extensions>
          <ns3:TrackPointExtension>
            <ns3:atemp>13.0</ns3:atemp>
            <ns3:hr>148</ns3:hr>
            <ns3:cad>89</ns3:cad>
          </ns3:TrackPointExtension>
        </extensions>
      </trkpt>
      <trkpt lat="37.75959829799830913543701171875" lon="-122.403168641030788421630859375">
        <ele>83.59999847412109375</ele>
        <time>2025-12-03T15:09:04.000Z</time>
        <extensions>
          <ns3:TrackPointExtension>
            <ns3:atemp>13.0</ns3:atemp>
            <ns3:hr>148</ns3:hr>
            <ns3:cad>89</ns3:cad>
          </ns3:TrackPointExtension>
        </extensions>
      </trkpt>
      <trkpt lat="37.75960969738662242889404296875" lon="-122.4031999893486499786376953125">
        <ele>83.8000030517578125</ele>
        <time>2025-12-03T15:09:05.000Z</time>
        <extensions>
          <ns3:TrackPointExtension>
            <ns3:atemp>13.0</ns3:atemp>
            <ns3:hr>149</ns3:hr>
            <ns3:cad>89</ns3:cad>
          </ns3:TrackPointExtension>
        </extensions>
      </trkpt>
      <trkpt lat="37.7596193365752696990966796875" lon="-122.40325220860540866851806640625">
        <ele>83.8000030517578125</ele>
        <time>2025-12-03T15:09:06.000Z</time>
        <extensions>
          <ns3:TrackPointExtension>
            <ns3:atemp>13.0</ns3:atemp>
            <ns3:hr>149</ns3:hr>
            <ns3:cad>89</ns3:cad>
          </ns3:TrackPointExtension>
        </extensions>
      </trkpt>
      <trkpt lat="37.75962285697460174560546875" lon="-122.4032871611416339874267578125">
        <ele>83.59999847412109375</ele>
        <time>2025-12-03T15:09:07.000Z</time>
        <extensions>
          <ns3:TrackPointExtension>
            <ns3:atemp>13.0</ns3:atemp>
            <ns3:hr>149</ns3:hr>
            <ns3:cad>89</ns3:cad>
          </ns3:TrackPointExtension>
        </extensions>
      </trkpt>
      <trkpt lat="37.75962864048779010772705078125" lon="-122.403327561914920806884765625">
        <ele>83.1999969482421875</ele>
        <time>2025-12-03T15:09:08.000Z</time>
        <extensions>
          <ns3:TrackPointExtension>
            <ns3:atemp>13.0</ns3:atemp>
            <ns3:hr>150</ns3:hr>
            <ns3:cad>89</ns3:cad>
          </ns3:TrackPointExtension>
        </extensions>
      </trkpt>
      <trkpt lat="37.75962981395423412322998046875" lon="-122.4033796973526477813720703125">
        <ele>83</ele>
        <time>2025-12-03T15:09:09.000Z</time>
        <extensions>
          <ns3:TrackPointExtension>
            <ns3:atemp>13.0</ns3:atemp>
            <ns3:hr>150</ns3:hr>
            <ns3:cad>84</ns3:cad>
          </ns3:TrackPointExtension>
        </extensions>
      </trkpt>
      <trkpt lat="37.7596253715455532073974609375" lon="-122.403415404260158538818359375">
        <ele>82.59999847412109375</ele>
        <time>2025-12-03T15:09:10.000Z</time>
        <extensions>
          <ns3:TrackPointExtension>
            <ns3:atemp>13.0</ns3:atemp>
            <ns3:hr>151</ns3:hr>
            <ns3:cad>84</ns3:cad>
          </ns3:TrackPointExtension>
        </extensions>
      </trkpt>
      <trkpt lat="37.75962822139263153076171875" lon="-122.40345605649054050445556640625">
        <ele>82.1999969482421875</ele>
        <time>2025-12-03T15:09:11.000Z</time>
        <extensions>
          <ns3:TrackPointExtension>
            <ns3:atemp>14.0</ns3:atemp>
            <ns3:hr>151</ns3:hr>
            <ns3:cad>84</ns3:cad>
          </ns3:TrackPointExtension>
        </extensions>
      </trkpt>
      <trkpt lat="37.75962444953620433807373046875" lon="-122.403500564396381378173828125">
        <ele>82</ele>
        <time>2025-12-03T15:09:12.000Z</time>
        <extensions>
          <ns3:TrackPointExtension>
            <ns3:atemp>13.0</ns3:atemp>
            <ns3:hr>151</ns3:hr>
            <ns3:cad>84</ns3:cad>
          </ns3:TrackPointExtension>
        </extensions>
      </trkpt>
      <trkpt lat="37.7596236951649188995361328125" lon="-122.40354473702609539031982421875">
        <ele>81.59999847412109375</ele>
        <time>2025-12-03T15:09:13.000Z</time>
        <extensions>
          <ns3:TrackPointExtension>
            <ns3:atemp>13.0</ns3:atemp>
            <ns3:hr>152</ns3:hr>
            <ns3:cad>84</ns3:cad>
          </ns3:TrackPointExtension>
        </extensions>
      </trkpt>
      <trkpt lat="37.7596193365752696990966796875" lon="-122.40358413197100162506103515625">
        <ele>81.1999969482421875</ele>
        <time>2025-12-03T15:09:14.000Z</time>
        <extensions>
          <ns3:TrackPointExtension>
            <ns3:atemp>13.0</ns3:atemp>
            <ns3:hr>152</ns3:hr>
            <ns3:cad>84</ns3:cad>
          </ns3:TrackPointExtension>
        </extensions>
      </trkpt>
      <trkpt lat="37.75962009094655513763427734375" lon="-122.40362402983009815216064453125">
        <ele>80.8000030517578125</ele>
        <time>2025-12-03T15:09:15.000Z</time>
        <extensions>
          <ns3:TrackPointExtension>
            <ns3:atemp>13.0</ns3:atemp>
            <ns3:hr>152</ns3:hr>
            <ns3:cad>84</ns3:cad>
          </ns3:TrackPointExtension>
        </extensions>
      </trkpt>
      <trkpt lat="37.7596243657171726226806640625" lon="-122.40366183221340179443359375">
        <ele>80.40000152587890625</ele>
        <time>2025-12-03T15:09:16.000Z</time>
        <extensions>
          <ns3:TrackPointExtension>
            <ns3:atemp>13.0</ns3:atemp>
            <ns3:hr>152</ns3:hr>
            <ns3:cad>80</ns3:cad>
          </ns3:TrackPointExtension>
        </extensions>
      </trkpt>
      <trkpt lat="37.759625874459743499755859375" lon="-122.403701059520244598388671875">
        <ele>80.1999969482421875</ele>
        <time>2025-12-03T15:09:17.000Z</time>
        <extensions>
          <ns3:TrackPointExtension>
            <ns3:atemp>13.0</ns3:atemp>
            <ns3:hr>153</ns3:hr>
            <ns3:cad>80</ns3:cad>
          </ns3:TrackPointExtension>
        </extensions>
      </trkpt>
      <trkpt lat="37.75962285697460174560546875" lon="-122.4037374369800090789794921875">
        <ele>79.8000030517578125</ele>
        <time>2025-12-03T15:09:18.000Z</time>
        <extensions>
          <ns3:TrackPointExtension>
            <ns3:atemp>13.0</ns3:atemp>
            <ns3:hr>153</ns3:hr>
            <ns3:cad>80</ns3:cad>
          </ns3:TrackPointExtension>
        </extensions>
      </trkpt>
      <trkpt lat="37.7596210129559040069580078125" lon="-122.40377021022140979766845703125">
        <ele>79.40000152587890625</ele>
        <time>2025-12-03T15:09:19.000Z</time>
        <extensions>
          <ns3:TrackPointExtension>
            <ns3:atemp>13.0</ns3:atemp>
            <ns3:hr>153</ns3:hr>
            <ns3:cad>80</ns3:cad>
          </ns3:TrackPointExtension>
        </extensions>
      </trkpt>
      <trkpt lat="37.759623192250728607177734375" lon="-122.4038152210414409637451171875">
        <ele>78.8000030517578125</ele>
        <time>2025-12-03T15:09:20.000Z</time>
        <extensions>
          <ns3:TrackPointExtension>
            <ns3:atemp>13.0</ns3:atemp>
            <ns3:hr>152</ns3:hr>
            <ns3:cad>81</ns3:cad>
          </ns3:TrackPointExtension>
        </extensions>
      </trkpt>
      <trkpt lat="37.75961874984204769134521484375" lon="-122.40385486744344234466552734375">
        <ele>78.40000152587890625</ele>
        <time>2025-12-03T15:09:21.000Z</time>
        <extensions>
          <ns3:TrackPointExtension>
            <ns3:atemp>13.0</ns3:atemp>
            <ns3:hr>153</ns3:hr>
            <ns3:cad>81</ns3:cad>
          </ns3:TrackPointExtension>
        </extensions>
      </trkpt>
      <trkpt lat="37.75961690582334995269775390625" lon="-122.40388847887516021728515625">
        <ele>78</ele>
        <time>2025-12-03T15:09:22.000Z</time>
        <extensions>
          <ns3:TrackPointExtension>
            <ns3:atemp>13.0</ns3:atemp>
            <ns3:hr>152</ns3:hr>
            <ns3:cad>81</ns3:cad>
          </ns3:TrackPointExtension>
        </extensions>
      </trkpt>
      <trkpt lat="37.75961187668144702911376953125" lon="-122.403925359249114990234375">
        <ele>77.8000030517578125</ele>
        <time>2025-12-03T15:09:23.000Z</time>
        <extensions>
          <ns3:TrackPointExtension>
            <ns3:atemp>13.0</ns3:atemp>
            <ns3:hr>152</ns3:hr>
            <ns3:cad>81</ns3:cad>
          </ns3:TrackPointExtension>
        </extensions>
      </trkpt>
      <trkpt lat="37.7595911733806133270263671875" lon="-122.4039453081786632537841796875">
        <ele>77.59999847412109375</ele>
        <time>2025-12-03T15:09:24.000Z</time>
        <extensions>
          <ns3:TrackPointExtension>
            <ns3:atemp>13.0</ns3:atemp>
            <ns3:hr>152</ns3:hr>
            <ns3:cad>80</ns3:cad>
          </ns3:TrackPointExtension>
        </extensions>
      </trkpt>
      <trkpt lat="37.75956912897527217864990234375" lon="-122.403957881033420562744140625">
        <ele>77.1999969482421875</ele>
        <time>2025-12-03T15:09:25.000Z</time>
        <extensions>
          <ns3:TrackPointExtension>
            <ns3:atemp>13.0</ns3:atemp>
            <ns3:hr>153</ns3:hr>
            <ns3:cad>80</ns3:cad>
          </ns3:TrackPointExtension>
        </extensions>
      </trkpt>
      <trkpt lat="37.7595552988350391387939453125" lon="-122.4039704538881778717041015625">
        <ele>77</ele>
        <time>2025-12-03T15:09:26.000Z</time>
        <extensions>
          <ns3:TrackPointExtension>
            <ns3:atemp>13.0</ns3:atemp>
            <ns3:hr>152</ns3:hr>
            <ns3:cad>80</ns3:cad>
          </ns3:TrackPointExtension>
        </extensions>
      </trkpt>
      <trkpt lat="37.75954482145607471466064453125" lon="-122.4039825238287448883056640625">
        <ele>76.8000030517578125</ele>
        <time>2025-12-03T15:09:27.000Z</time>
        <extensions>
          <ns3:TrackPointExtension>
            <ns3:atemp>13.0</ns3:atemp>
            <ns3:hr>152</ns3:hr>
            <ns3:cad>80</ns3:cad>
          </ns3:TrackPointExtension>
        </extensions>
      </trkpt>
      <trkpt lat="37.75953912176191806793212890625" lon="-122.40399853326380252838134765625">
        <ele>76.8000030517578125</ele>
        <time>2025-12-03T15:09:28.000Z</time>
        <extensions>
          <ns3:TrackPointExtension>
            <ns3:atemp>13.0</ns3:atemp>
            <ns3:hr>153</ns3:hr>
            <ns3:cad>0</ns3:cad>
          </ns3:TrackPointExtension>
        </extensions>
      </trkpt>
      <trkpt lat="37.75953526608645915985107421875" lon="-122.40401546470820903778076171875">
        <ele>76.59999847412109375</ele>
        <time>2025-12-03T15:09:29.000Z</time>
        <extensions>
          <ns3:TrackPointExtension>
            <ns3:atemp>13.0</ns3:atemp>
            <ns3:hr>152</ns3:hr>
            <ns3:cad>0</ns3:cad>
          </ns3:TrackPointExtension>
        </extensions>
      </trkpt>
      <trkpt lat="37.75952956639230251312255859375" lon="-122.40403373725712299346923828125">
        <ele>76.8000030517578125</ele>
        <time>2025-12-03T15:09:30.000Z</time>
        <extensions>
          <ns3:TrackPointExtension>
            <ns3:atemp>13.0</ns3:atemp>
            <ns3:hr>152</ns3:hr>
            <ns3:cad>0</ns3:cad>
          </ns3:TrackPointExtension>
        </extensions>
      </trkpt>
      <trkpt lat="37.75952219031751155853271484375" lon="-122.4040500819683074951171875">
        <ele>76.8000030517578125</ele>
        <time>2025-12-03T15:09:31.000Z</time>
        <extensions>
          <ns3:TrackPointExtension>
            <ns3:atemp>13.0</ns3:atemp>
            <ns3:hr>152</ns3:hr>
            <ns3:cad>0</ns3:cad>
          </ns3:TrackPointExtension>
        </extensions>
      </trkpt>
      <trkpt lat="37.75951816700398921966552734375" lon="-122.40406760014593601226806640625">
        <ele>76.8000030517578125</ele>
        <time>2025-12-03T15:09:32.000Z</time>
        <extensions>
          <ns3:TrackPointExtension>
            <ns3:atemp>13.0</ns3:atemp>
            <ns3:hr>152</ns3:hr>
            <ns3:cad>0</ns3:cad>
          </ns3:TrackPointExtension>
        </extensions>
      </trkpt>
      <trkpt lat="37.75951582007110118865966796875" lon="-122.40408251993358135223388671875">
        <ele>76.8000030517578125</ele>
        <time>2025-12-03T15:09:33.000Z</time>
        <extensions>
          <ns3:TrackPointExtension>
            <ns3:atemp>13.0</ns3:atemp>
            <ns3:hr>152</ns3:hr>
            <ns3:cad>58</ns3:cad>
          </ns3:TrackPointExtension>
        </extensions>
      </trkpt>
      <trkpt lat="37.759513221681118011474609375" lon="-122.4040961824357509613037109375">
        <ele>76.8000030517578125</ele>
        <time>2025-12-03T15:09:34.000Z</time>
        <extensions>
          <ns3:TrackPointExtension>
            <ns3:atemp>13.0</ns3:atemp>
            <ns3:hr>152</ns3:hr>
            <ns3:cad>58</ns3:cad>
          </ns3:TrackPointExtension>
        </extensions>
      </trkpt>
      <trkpt lat="37.7595110423862934112548828125" lon="-122.40410213358700275421142578125">
        <ele>76.8000030517578125</ele>
        <time>2025-12-03T15:09:35.000Z</time>
        <extensions>
          <ns3:TrackPointExtension>
            <ns3:atemp>13.0</ns3:atemp>
            <ns3:hr>152</ns3:hr>
            <ns3:cad>58</ns3:cad>
          </ns3:TrackPointExtension>
        </extensions>
      </trkpt>
      <trkpt lat="37.75950743816792964935302734375" lon="-122.4041095934808254241943359375">
        <ele>76.59999847412109375</ele>
        <time>2025-12-03T15:09:36.000Z</time>
        <extensions>
          <ns3:TrackPointExtension>
            <ns3:atemp>13.0</ns3:atemp>
            <ns3:hr>152</ns3:hr>
            <ns3:cad>57</ns3:cad>
          </ns3:TrackPointExtension>
        </extensions>
      </trkpt>
      <trkpt lat="37.7595043368637561798095703125" lon="-122.4041144549846649169921875">
        <ele>76.59999847412109375</ele>
        <time>2025-12-03T15:09:37.000Z</time>
        <extensions>
          <ns3:TrackPointExtension>
            <ns3:atemp>13.0</ns3:atemp>
            <ns3:hr>151</ns3:hr>
            <ns3:cad>57</ns3:cad>
          </ns3:TrackPointExtension>
        </extensions>
      </trkpt>
      <trkpt lat="37.75949872098863124847412109375" lon="-122.4041189812123775482177734375">
        <ele>76.59999847412109375</ele>
        <time>2025-12-03T15:09:38.000Z</time>
        <extensions>
          <ns3:TrackPointExtension>
            <ns3:atemp>13.0</ns3:atemp>
            <ns3:hr>151</ns3:hr>
            <ns3:cad>57</ns3:cad>
          </ns3:TrackPointExtension>
        </extensions>
      </trkpt>
      <trkpt lat="37.75949117727577686309814453125" lon="-122.40412141196429729461669921875">
        <ele>76.59999847412109375</ele>
        <time>2025-12-03T15:09:39.000Z</time>
        <extensions>
          <ns3:TrackPointExtension>
            <ns3:atemp>13.0</ns3:atemp>
            <ns3:hr>151</ns3:hr>
            <ns3:cad>57</ns3:cad>
          </ns3:TrackPointExtension>
        </extensions>
      </trkpt>
      <trkpt lat="37.7594840526580810546875" lon="-122.40412157960236072540283203125">
        <ele>76.59999847412109375</ele>
        <time>2025-12-03T15:09:40.000Z</time>
        <extensions>
          <ns3:TrackPointExtension>
            <ns3:atemp>13.0</ns3:atemp>
            <ns3:hr>150</ns3:hr>
            <ns3:cad>57</ns3:cad>
          </ns3:TrackPointExtension>
        </extensions>
      </trkpt>
      <trkpt lat="37.7594724856317043304443359375" lon="-122.404118478298187255859375">
        <ele>76.59999847412109375</ele>
        <time>2025-12-03T15:09:41.000Z</time>
        <extensions>
          <ns3:TrackPointExtension>
            <ns3:atemp>13.0</ns3:atemp>
            <ns3:hr>150</ns3:hr>
            <ns3:cad>57</ns3:cad>
          </ns3:TrackPointExtension>
        </extensions>
      </trkpt>
      <trkpt lat="37.75945932604372501373291015625" lon="-122.404110431671142578125">
        <ele>76.59999847412109375</ele>
        <time>2025-12-03T15:09:42.000Z</time>
        <extensions>
          <ns3:TrackPointExtension>
            <ns3:atemp>13.0</ns3:atemp>
            <ns3:hr>150</ns3:hr>
            <ns3:cad>55</ns3:cad>
          </ns3:TrackPointExtension>
        </extensions>
      </trkpt>
      <trkpt lat="37.75944842956960201263427734375" lon="-122.40410707890987396240234375">
        <ele>76.59999847412109375</ele>
        <time>2025-12-03T15:09:43.000Z</time>
        <extensions>
          <ns3:TrackPointExtension>
            <ns3:atemp>13.0</ns3:atemp>
            <ns3:hr>149</ns3:hr>
            <ns3:cad>55</ns3:cad>
          </ns3:TrackPointExtension>
        </extensions>
      </trkpt>
      <trkpt lat="37.75944071821868419647216796875" lon="-122.4041048996150493621826171875">
        <ele>76.59999847412109375</ele>
        <time>2025-12-03T15:09:44.000Z</time>
        <extensions>
          <ns3:TrackPointExtension>
            <ns3:atemp>13.0</ns3:atemp>
            <ns3:hr>149</ns3:hr>
            <ns3:cad>55</ns3:cad>
          </ns3:TrackPointExtension>
        </extensions>
      </trkpt>
      <trkpt lat="37.75943267159163951873779296875" lon="-122.40410129539668560028076171875">
        <ele>76.59999847412109375</ele>
        <time>2025-12-03T15:09:45.000Z</time>
        <extensions>
          <ns3:TrackPointExtension>
            <ns3:atemp>13.0</ns3:atemp>
            <ns3:hr>149</ns3:hr>
            <ns3:cad>55</ns3:cad>
          </ns3:TrackPointExtension>
        </extensions>
      </trkpt>
      <trkpt lat="37.75941431522369384765625" lon="-122.4040985293686389923095703125">
        <ele>76.8000030517578125</ele>
        <time>2025-12-03T15:09:46.000Z</time>
        <extensions>
          <ns3:TrackPointExtension>
            <ns3:atemp>13.0</ns3:atemp>
            <ns3:hr>150</ns3:hr>
            <ns3:cad>55</ns3:cad>
          </ns3:TrackPointExtension>
        </extensions>
      </trkpt>
      <trkpt lat="37.7593940310180187225341796875" lon="-122.4040878005325794219970703125">
        <ele>76.8000030517578125</ele>
        <time>2025-12-03T15:09:47.000Z</time>
        <extensions>
          <ns3:TrackPointExtension>
            <ns3:atemp>13.0</ns3:atemp>
            <ns3:hr>149</ns3:hr>
            <ns3:cad>55</ns3:cad>
          </ns3:TrackPointExtension>
        </extensions>
      </trkpt>
      <trkpt lat="37.7593725733458995819091796875" lon="-122.4040810950100421905517578125">
        <ele>76.8000030517578125</ele>
        <time>2025-12-03T15:09:48.000Z</time>
        <extensions>
          <ns3:TrackPointExtension>
            <ns3:atemp>13.0</ns3:atemp>
            <ns3:hr>148</ns3:hr>
            <ns3:cad>0</ns3:cad>
          </ns3:TrackPointExtension>
        </extensions>
      </trkpt>
      <trkpt lat="37.75934432633221149444580078125" lon="-122.40407246164977550506591796875">
        <ele>77</ele>
        <time>2025-12-03T15:09:49.000Z</time>
        <extensions>
          <ns3:TrackPointExtension>
            <ns3:atemp>13.0</ns3:atemp>
            <ns3:hr>148</ns3:hr>
            <ns3:cad>0</ns3:cad>
          </ns3:TrackPointExtension>
        </extensions>
      </trkpt>
      <trkpt lat="37.75931063108146190643310546875" lon="-122.40406005643308162689208984375">
        <ele>77</ele>
        <time>2025-12-03T15:09:50.000Z</time>
        <extensions>
          <ns3:TrackPointExtension>
            <ns3:atemp>13.0</ns3:atemp>
            <ns3:hr>148</ns3:hr>
            <ns3:cad>0</ns3:cad>
          </ns3:TrackPointExtension>
        </extensions>
      </trkpt>
      <trkpt lat="37.75927324779331684112548828125" lon="-122.4040398560464382171630859375">
        <ele>77.1999969482421875</ele>
        <time>2025-12-03T15:09:51.000Z</time>
        <extensions>
          <ns3:TrackPointExtension>
            <ns3:atemp>13.0</ns3:atemp>
            <ns3:hr>148</ns3:hr>
            <ns3:cad>88</ns3:cad>
          </ns3:TrackPointExtension>
        </extensions>
      </trkpt>
      <trkpt lat="37.75923972018063068389892578125" lon="-122.40402636118233203887939453125">
        <ele>77.40000152587890625</ele>
        <time>2025-12-03T15:09:52.000Z</time>
        <extensions>
          <ns3:TrackPointExtension>
            <ns3:atemp>14.0</ns3:atemp>
            <ns3:hr>148</ns3:hr>
            <ns3:cad>91</ns3:cad>
          </ns3:TrackPointExtension>
        </extensions>
      </trkpt>
      <trkpt lat="37.75920166634023189544677734375" lon="-122.40400691516697406768798828125">
        <ele>77.59999847412109375</ele>
        <time>2025-12-03T15:09:53.000Z</time>
        <extensions>
          <ns3:TrackPointExtension>
            <ns3:atemp>13.0</ns3:atemp>
            <ns3:hr>148</ns3:hr>
            <ns3:cad>91</ns3:cad>
          </ns3:TrackPointExtension>
        </extensions>
      </trkpt>
      <trkpt lat="37.75916277430951595306396484375" lon="-122.404001466929912567138671875">
        <ele>77.8000030517578125</ele>
        <time>2025-12-03T15:09:54.000Z</time>
        <extensions>
          <ns3:TrackPointExtension>
            <ns3:atemp>14.0</ns3:atemp>
            <ns3:hr>147</ns3:hr>
            <ns3:cad>91</ns3:cad>
          </ns3:TrackPointExtension>
        </extensions>
      </trkpt>
      <trkpt lat="37.7591268159449100494384765625" lon="-122.40398394875228404998779296875">
        <ele>77.8000030517578125</ele>
        <time>2025-12-03T15:09:55.000Z</time>
        <extensions>
          <ns3:TrackPointExtension>
            <ns3:atemp>14.0</ns3:atemp>
            <ns3:hr>148</ns3:hr>
            <ns3:cad>91</ns3:cad>
          </ns3:TrackPointExtension>
        </extensions>
      </trkpt>
      <trkpt lat="37.75909236632287502288818359375" lon="-122.40397120825946331024169921875">
        <ele>77.8000030517578125</ele>
        <time>2025-12-03T15:09:56.000Z</time>
        <extensions>
          <ns3:TrackPointExtension>
            <ns3:atemp>13.0</ns3:atemp>
            <ns3:hr>147</ns3:hr>
            <ns3:cad>91</ns3:cad>
          </ns3:TrackPointExtension>
        </extensions>
      </trkpt>
      <trkpt lat="37.759059257805347442626953125" lon="-122.40395343862473964691162109375">
        <ele>77.8000030517578125</ele>
        <time>2025-12-03T15:09:57.000Z</time>
        <extensions>
          <ns3:TrackPointExtension>
            <ns3:atemp>13.0</ns3:atemp>
            <ns3:hr>147</ns3:hr>
            <ns3:cad>91</ns3:cad>
          </ns3:TrackPointExtension>
        </extensions>
      </trkpt>
      <trkpt lat="37.759026400744915008544921875" lon="-122.40394748747348785400390625">
        <ele>78</ele>
        <time>2025-12-03T15:09:58.000Z</time>
        <extensions>
          <ns3:TrackPointExtension>
            <ns3:atemp>13.0</ns3:atemp>
            <ns3:hr>147</ns3:hr>
            <ns3:cad>91</ns3:cad>
          </ns3:TrackPointExtension>
        </extensions>
      </trkpt>
      <trkpt lat="37.7589906938374042510986328125" lon="-122.4039409495890140533447265625">
        <ele>78</ele>
        <time>2025-12-03T15:09:59.000Z</time>
        <extensions>
          <ns3:TrackPointExtension>
            <ns3:atemp>13.0</ns3:atemp>
            <ns3:hr>148</ns3:hr>
            <ns3:cad>90</ns3:cad>
          </ns3:TrackPointExtension>
        </extensions>
      </trkpt>
      <trkpt lat="37.7589648775756359100341796875" lon="-122.40394840948283672332763671875">
        <ele>78</ele>
        <time>2025-12-03T15:10:00.000Z</time>
        <extensions>
          <ns3:TrackPointExtension>
            <ns3:atemp>13.0</ns3:atemp>
            <ns3:hr>147</ns3:hr>
            <ns3:cad>90</ns3:cad>
          </ns3:TrackPointExtension>
        </extensions>
      </trkpt>
      <trkpt lat="37.75894199497997760772705078125" lon="-122.40397908724844455718994140625">
        <ele>78</ele>
        <time>2025-12-03T15:10:01.000Z</time>
        <extensions>
          <ns3:TrackPointExtension>
            <ns3:atemp>13.0</ns3:atemp>
            <ns3:hr>147</ns3:hr>
            <ns3:cad>90</ns3:cad>
          </ns3:TrackPointExtension>
        </extensions>
      </trkpt>
      <trkpt lat="37.7589226327836513519287109375" lon="-122.4040049873292446136474609375">
        <ele>77.8000030517578125</ele>
        <time>2025-12-03T15:10:02.000Z</time>
        <extensions>
          <ns3:TrackPointExtension>
            <ns3:atemp>13.0</ns3:atemp>
            <ns3:hr>147</ns3:hr>
            <ns3:cad>90</ns3:cad>
          </ns3:TrackPointExtension>
        </extensions>
      </trkpt>
      <trkpt lat="37.75891148485243320465087890625" lon="-122.40403625182807445526123046875">
        <ele>77.40000152587890625</ele>
        <time>2025-12-03T15:10:03.000Z</time>
        <extensions>
          <ns3:TrackPointExtension>
            <ns3:atemp>13.0</ns3:atemp>
            <ns3:hr>148</ns3:hr>
            <ns3:cad>87</ns3:cad>
          </ns3:TrackPointExtension>
        </extensions>
      </trkpt>
      <trkpt lat="37.7588845789432525634765625" lon="-122.40406525321304798126220703125">
        <ele>77</ele>
        <time>2025-12-03T15:10:04.000Z</time>
        <extensions>
          <ns3:TrackPointExtension>
            <ns3:atemp>13.0</ns3:atemp>
            <ns3:hr>148</ns3:hr>
            <ns3:cad>83</ns3:cad>
          </ns3:TrackPointExtension>
        </extensions>
      </trkpt>
      <trkpt lat="37.7588555775582790374755859375" lon="-122.40406927652657032012939453125">
        <ele>76.59999847412109375</ele>
        <time>2025-12-03T15:10:05.000Z</time>
        <extensions>
          <ns3:TrackPointExtension>
            <ns3:atemp>14.0</ns3:atemp>
            <ns3:hr>148</ns3:hr>
            <ns3:cad>83</ns3:cad>
          </ns3:TrackPointExtension>
        </extensions>
      </trkpt>
      <trkpt lat="37.758825905621051788330078125" lon="-122.40405586548149585723876953125">
        <ele>76.1999969482421875</ele>
        <time>2025-12-03T15:10:06.000Z</time>
        <extensions>
          <ns3:TrackPointExtension>
            <ns3:atemp>13.0</ns3:atemp>
            <ns3:hr>149</ns3:hr>
            <ns3:cad>83</ns3:cad>
          </ns3:TrackPointExtension>
        </extensions>
      </trkpt>
      <trkpt lat="37.75880075991153717041015625" lon="-122.4040358327329158782958984375">
        <ele>75.8000030517578125</ele>
        <time>2025-12-03T15:10:07.000Z</time>
        <extensions>
          <ns3:TrackPointExtension>
            <ns3:atemp>13.0</ns3:atemp>
            <ns3:hr>149</ns3:hr>
            <ns3:cad>81</ns3:cad>
          </ns3:TrackPointExtension>
        </extensions>
      </trkpt>
      <trkpt lat="37.7587974071502685546875" lon="-122.40400557406246662139892578125">
        <ele>75.40000152587890625</ele>
        <time>2025-12-03T15:10:08.000Z</time>
        <extensions>
          <ns3:TrackPointExtension>
            <ns3:atemp>13.0</ns3:atemp>
            <ns3:hr>149</ns3:hr>
            <ns3:cad>81</ns3:cad>
          </ns3:TrackPointExtension>
        </extensions>
      </trkpt>
      <trkpt lat="37.75878868997097015380859375" lon="-122.4039654247462749481201171875">
        <ele>75</ele>
        <time>2025-12-03T15:10:09.000Z</time>
        <extensions>
          <ns3:TrackPointExtension>
            <ns3:atemp>13.0</ns3:atemp>
            <ns3:hr>149</ns3:hr>
            <ns3:cad>81</ns3:cad>
          </ns3:TrackPointExtension>
        </extensions>
      </trkpt>
      <trkpt lat="37.7587784640491008758544921875" lon="-122.40393416024744510650634765625">
        <ele>74.40000152587890625</ele>
        <time>2025-12-03T15:10:10.000Z</time>
        <extensions>
          <ns3:TrackPointExtension>
            <ns3:atemp>13.0</ns3:atemp>
            <ns3:hr>149</ns3:hr>
            <ns3:cad>81</ns3:cad>
          </ns3:TrackPointExtension>
        </extensions>
      </trkpt>
      <trkpt lat="37.75875440798699855804443359375" lon="-122.40391555242240428924560546875">
        <ele>73.8000030517578125</ele>
        <time>2025-12-03T15:10:11.000Z</time>
        <extensions>
          <ns3:TrackPointExtension>
            <ns3:atemp>13.0</ns3:atemp>
            <ns3:hr>150</ns3:hr>
            <ns3:cad>82</ns3:cad>
          </ns3:TrackPointExtension>
        </extensions>
      </trkpt>
      <trkpt lat="37.75871685706079006195068359375" lon="-122.40390784107148647308349609375">
        <ele>73.1999969482421875</ele>
        <time>2025-12-03T15:10:12.000Z</time>
        <extensions>
          <ns3:TrackPointExtension>
            <ns3:atemp>13.0</ns3:atemp>
            <ns3:hr>150</ns3:hr>
            <ns3:cad>82</ns3:cad>
          </ns3:TrackPointExtension>
        </extensions>
      </trkpt>
      <trkpt lat="37.75868098251521587371826171875" lon="-122.40391354076564311981201171875">
        <ele>72.59999847412109375</ele>
        <time>2025-12-03T15:10:13.000Z</time>
        <extensions>
          <ns3:TrackPointExtension>
            <ns3:atemp>13.0</ns3:atemp>
            <ns3:hr>149</ns3:hr>
            <ns3:cad>83</ns3:cad>
          </ns3:TrackPointExtension>
        </extensions>
      </trkpt>
      <trkpt lat="37.75866220705211162567138671875" lon="-122.40393013693392276763916015625">
        <ele>72.1999969482421875</ele>
        <time>2025-12-03T15:10:14.000Z</time>
        <extensions>
          <ns3:TrackPointExtension>
            <ns3:atemp>13.0</ns3:atemp>
            <ns3:hr>149</ns3:hr>
            <ns3:cad>83</ns3:cad>
          </ns3:TrackPointExtension>
        </extensions>
      </trkpt>
      <trkpt lat="37.7586694993078708648681640625" lon="-122.40395779721438884735107421875">
        <ele>71.8000030517578125</ele>
        <time>2025-12-03T15:10:15.000Z</time>
        <extensions>
          <ns3:TrackPointExtension>
            <ns3:atemp>13.0</ns3:atemp>
            <ns3:hr>149</ns3:hr>
            <ns3:cad>82</ns3:cad>
          </ns3:TrackPointExtension>
        </extensions>
      </trkpt>
      <trkpt lat="37.75867008604109287261962890625" lon="-122.4039945937693119049072265625">
        <ele>71.40000152587890625</ele>
        <time>2025-12-03T15:10:16.000Z</time>
        <extensions>
          <ns3:TrackPointExtension>
            <ns3:atemp>14.0</ns3:atemp>
            <ns3:hr>150</ns3:hr>
            <ns3:cad>81</ns3:cad>
          </ns3:TrackPointExtension>
        </extensions>
      </trkpt>
      <trkpt lat="37.7586698345839977264404296875" lon="-122.40402066148817539215087890625">
        <ele>71</ele>
        <time>2025-12-03T15:10:17.000Z</time>
        <extensions>
          <ns3:TrackPointExtension>
            <ns3:atemp>13.0</ns3:atemp>
            <ns3:hr>149</ns3:hr>
            <ns3:cad>81</ns3:cad>
          </ns3:TrackPointExtension>
        </extensions>
      </trkpt>
      <trkpt lat="37.75865801610052585601806640625" lon="-122.40404647774994373321533203125">
        <ele>70.59999847412109375</ele>
        <time>2025-12-03T15:10:18.000Z</time>
        <extensions>
          <ns3:TrackPointExtension>
            <ns3:atemp>13.0</ns3:atemp>
            <ns3:hr>149</ns3:hr>
            <ns3:cad>81</ns3:cad>
          </ns3:TrackPointExtension>
        </extensions>
      </trkpt>
      <trkpt lat="37.75864477269351482391357421875" lon="-122.40406458266079425811767578125">
        <ele>70.1999969482421875</ele>
        <time>2025-12-03T15:10:19.000Z</time>
        <extensions>
          <ns3:TrackPointExtension>
            <ns3:atemp>13.0</ns3:atemp>
            <ns3:hr>149</ns3:hr>
            <ns3:cad>81</ns3:cad>
          </ns3:TrackPointExtension>
        </extensions>
      </trkpt>
      <trkpt lat="37.7586270868778228759765625" lon="-122.40407329984009265899658203125">
        <ele>69.8000030517578125</ele>
        <time>2025-12-03T15:10:20.000Z</time>
        <extensions>
          <ns3:TrackPointExtension>
            <ns3:atemp>13.0</ns3:atemp>
            <ns3:hr>150</ns3:hr>
            <ns3:cad>79</ns3:cad>
          </ns3:TrackPointExtension>
        </extensions>
      </trkpt>
      <trkpt lat="37.75860135443508625030517578125" lon="-122.4040824361145496368408203125">
        <ele>69.40000152587890625</ele>
        <time>2025-12-03T15:10:21.000Z</time>
        <extensions>
          <ns3:TrackPointExtension>
            <ns3:atemp>13.0</ns3:atemp>
            <ns3:hr>149</ns3:hr>
            <ns3:cad>79</ns3:cad>
          </ns3:TrackPointExtension>
        </extensions>
      </trkpt>
      <trkpt lat="37.75857637636363506317138671875" lon="-122.404077239334583282470703125">
        <ele>69.1999969482421875</ele>
        <time>2025-12-03T15:10:22.000Z</time>
        <extensions>
          <ns3:TrackPointExtension>
            <ns3:atemp>13.0</ns3:atemp>
            <ns3:hr>149</ns3:hr>
            <ns3:cad>79</ns3:cad>
          </ns3:TrackPointExtension>
        </extensions>
      </trkpt>
      <trkpt lat="37.758559696376323699951171875" lon="-122.40407682023942470550537109375">
        <ele>69</ele>
        <time>2025-12-03T15:10:23.000Z</time>
        <extensions>
          <ns3:TrackPointExtension>
            <ns3:atemp>13.0</ns3:atemp>
            <ns3:hr>149</ns3:hr>
            <ns3:cad>79</ns3:cad>
          </ns3:TrackPointExtension>
        </extensions>
      </trkpt>
      <trkpt lat="37.75854771025478839874267578125" lon="-122.4040646664798259735107421875">
        <ele>68.8000030517578125</ele>
        <time>2025-12-03T15:10:24.000Z</time>
        <extensions>
          <ns3:TrackPointExtension>
            <ns3:atemp>13.0</ns3:atemp>
            <ns3:hr>150</ns3:hr>
            <ns3:cad>77</ns3:cad>
          </ns3:TrackPointExtension>
        </extensions>
      </trkpt>
      <trkpt lat="37.7585410885512828826904296875" lon="-122.4040445499122142791748046875">
        <ele>68.59999847412109375</ele>
        <time>2025-12-03T15:10:25.000Z</time>
        <extensions>
          <ns3:TrackPointExtension>
            <ns3:atemp>13.0</ns3:atemp>
            <ns3:hr>149</ns3:hr>
            <ns3:cad>77</ns3:cad>
          </ns3:TrackPointExtension>
        </extensions>
      </trkpt>
      <trkpt lat="37.75854469276964664459228515625" lon="-122.40401898510754108428955078125">
        <ele>68.40000152587890625</ele>
        <time>2025-12-03T15:10:26.000Z</time>
        <extensions>
          <ns3:TrackPointExtension>
            <ns3:atemp>13.0</ns3:atemp>
            <ns3:hr>149</ns3:hr>
            <ns3:cad>76</ns3:cad>
          </ns3:TrackPointExtension>
        </extensions>
      </trkpt>
      <trkpt lat="37.7585481293499469757080078125" lon="-122.40400272421538829803466796875">
        <ele>68.1999969482421875</ele>
        <time>2025-12-03T15:10:27.000Z</time>
        <extensions>
          <ns3:TrackPointExtension>
            <ns3:atemp>13.0</ns3:atemp>
            <ns3:hr>149</ns3:hr>
            <ns3:cad>76</ns3:cad>
          </ns3:TrackPointExtension>
        </extensions>
      </trkpt>
      <trkpt lat="37.75855374522507190704345703125" lon="-122.40398503839969635009765625">
        <ele>68</ele>
        <time>2025-12-03T15:10:28.000Z</time>
        <extensions>
          <ns3:TrackPointExtension>
            <ns3:atemp>14.0</ns3:atemp>
            <ns3:hr>149</ns3:hr>
            <ns3:cad>76</ns3:cad>
          </ns3:TrackPointExtension>
        </extensions>
      </trkpt>
      <trkpt lat="37.75855458341538906097412109375" lon="-122.40396366454660892486572265625">
        <ele>67.8000030517578125</ele>
        <time>2025-12-03T15:10:29.000Z</time>
        <extensions>
          <ns3:TrackPointExtension>
            <ns3:atemp>14.0</ns3:atemp>
            <ns3:hr>149</ns3:hr>
            <ns3:cad>76</ns3:cad>
          </ns3:TrackPointExtension>
        </extensions>
      </trkpt>
      <trkpt lat="37.75855575688183307647705078125" lon="-122.40393449552357196807861328125">
        <ele>67.59999847412109375</ele>
        <time>2025-12-03T15:10:30.000Z</time>
        <extensions>
          <ns3:TrackPointExtension>
            <ns3:atemp>13.0</ns3:atemp>
            <ns3:hr>148</ns3:hr>
            <ns3:cad>75</ns3:cad>
          </ns3:TrackPointExtension>
        </extensions>
      </trkpt>
      <trkpt lat="37.7585524879395961761474609375" lon="-122.40391454659402370452880859375">
        <ele>67.40000152587890625</ele>
        <time>2025-12-03T15:10:31.000Z</time>
        <extensions>
          <ns3:TrackPointExtension>
            <ns3:atemp>14.0</ns3:atemp>
            <ns3:hr>148</ns3:hr>
            <ns3:cad>75</ns3:cad>
          </ns3:TrackPointExtension>
        </extensions>
      </trkpt>
      <trkpt lat="37.758546955883502960205078125" lon="-122.40389384329319000244140625">
        <ele>67</ele>
        <time>2025-12-03T15:10:32.000Z</time>
        <extensions>
          <ns3:TrackPointExtension>
            <ns3:atemp>14.0</ns3:atemp>
            <ns3:hr>148</ns3:hr>
            <ns3:cad>74</ns3:cad>
          </ns3:TrackPointExtension>
        </extensions>
      </trkpt>
      <trkpt lat="37.75853429920971393585205078125" lon="-122.40387951023876667022705078125">
        <ele>66.8000030517578125</ele>
        <time>2025-12-03T15:10:33.000Z</time>
        <extensions>
          <ns3:TrackPointExtension>
            <ns3:atemp>14.0</ns3:atemp>
            <ns3:hr>148</ns3:hr>
            <ns3:cad>74</ns3:cad>
          </ns3:TrackPointExtension>
        </extensions>
      </trkpt>
      <trkpt lat="37.758518792688846588134765625" lon="-122.40385788492858409881591796875">
        <ele>66.40000152587890625</ele>
        <time>2025-12-03T15:10:34.000Z</time>
        <extensions>
          <ns3:TrackPointExtension>
            <ns3:atemp>14.0</ns3:atemp>
            <ns3:hr>148</ns3:hr>
            <ns3:cad>74</ns3:cad>
          </ns3:TrackPointExtension>
        </extensions>
      </trkpt>
      <trkpt lat="37.75850211270153522491455078125" lon="-122.4038567952811717987060546875">
        <ele>66.1999969482421875</ele>
        <time>2025-12-03T15:10:35.000Z</time>
        <extensions>
          <ns3:TrackPointExtension>
            <ns3:atemp>13.0</ns3:atemp>
            <ns3:hr>148</ns3:hr>
            <ns3:cad>75</ns3:cad>
          </ns3:TrackPointExtension>
        </extensions>
      </trkpt>
      <trkpt lat="37.75848870165646076202392578125" lon="-122.40385771729052066802978515625">
        <ele>65.8000030517578125</ele>
        <time>2025-12-03T15:10:36.000Z</time>
        <extensions>
          <ns3:TrackPointExtension>
            <ns3:atemp>14.0</ns3:atemp>
            <ns3:hr>149</ns3:hr>
            <ns3:cad>75</ns3:cad>
          </ns3:TrackPointExtension>
        </extensions>
      </trkpt>
      <trkpt lat="37.75846959091722965240478515625" lon="-122.40386274643242359161376953125">
        <ele>65.59999847412109375</ele>
        <time>2025-12-03T15:10:37.000Z</time>
        <extensions>
          <ns3:TrackPointExtension>
            <ns3:atemp>14.0</ns3:atemp>
            <ns3:hr>149</ns3:hr>
            <ns3:cad>75</ns3:cad>
          </ns3:TrackPointExtension>
        </extensions>
      </trkpt>
      <trkpt lat="37.75844628922641277313232421875" lon="-122.40386894904077053070068359375">
        <ele>65.40000152587890625</ele>
        <time>2025-12-03T15:10:38.000Z</time>
        <extensions>
          <ns3:TrackPointExtension>
            <ns3:atemp>14.0</ns3:atemp>
            <ns3:hr>149</ns3:hr>
            <ns3:cad>75</ns3:cad>
          </ns3:TrackPointExtension>
        </extensions>
      </trkpt>
      <trkpt lat="37.75843924842774868011474609375" lon="-122.40388311445713043212890625">
        <ele>65</ele>
        <time>2025-12-03T15:10:39.000Z</time>
        <extensions>
          <ns3:TrackPointExtension>
            <ns3:atemp>14.0</ns3:atemp>
            <ns3:hr>149</ns3:hr>
            <ns3:cad>75</ns3:cad>
          </ns3:TrackPointExtension>
        </extensions>
      </trkpt>
      <trkpt lat="37.75843405164778232574462890625" lon="-122.40390230901539325714111328125">
        <ele>64.8000030517578125</ele>
        <time>2025-12-03T15:10:40.000Z</time>
        <extensions>
          <ns3:TrackPointExtension>
            <ns3:atemp>14.0</ns3:atemp>
            <ns3:hr>149</ns3:hr>
            <ns3:cad>75</ns3:cad>
          </ns3:TrackPointExtension>
        </extensions>
      </trkpt>
      <trkpt lat="37.75843329727649688720703125" lon="-122.40392594598233699798583984375">
        <ele>64.59999847412109375</ele>
        <time>2025-12-03T15:10:41.000Z</time>
        <extensions>
          <ns3:TrackPointExtension>
            <ns3:atemp>14.0</ns3:atemp>
            <ns3:hr>149</ns3:hr>
            <ns3:cad>76</ns3:cad>
          </ns3:TrackPointExtension>
        </extensions>
      </trkpt>
      <trkpt lat="37.75843321345746517181396484375" lon="-122.40395276807248592376708984375">
        <ele>64.1999969482421875</ele>
        <time>2025-12-03T15:10:42.000Z</time>
        <extensions>
          <ns3:TrackPointExtension>
            <ns3:atemp>14.0</ns3:atemp>
            <ns3:hr>149</ns3:hr>
            <ns3:cad>76</ns3:cad>
          </ns3:TrackPointExtension>
        </extensions>
      </trkpt>
      <trkpt lat="37.75842566974461078643798828125" lon="-122.4039825238287448883056640625">
        <ele>64</ele>
        <time>2025-12-03T15:10:43.000Z</time>
        <extensions>
          <ns3:TrackPointExtension>
            <ns3:atemp>14.0</ns3:atemp>
            <ns3:hr>149</ns3:hr>
            <ns3:cad>76</ns3:cad>
          </ns3:TrackPointExtension>
        </extensions>
      </trkpt>
      <trkpt lat="37.7584193833172321319580078125" lon="-122.403999455273151397705078125">
        <ele>63.799999237060546875</ele>
        <time>2025-12-03T15:10:44.000Z</time>
        <extensions>
          <ns3:TrackPointExtension>
            <ns3:atemp>14.0</ns3:atemp>
            <ns3:hr>149</ns3:hr>
            <ns3:cad>76</ns3:cad>
          </ns3:TrackPointExtension>
        </extensions>
      </trkpt>
      <trkpt lat="37.75841460563242435455322265625" lon="-122.40402854047715663909912109375">
        <ele>63.40000152587890625</ele>
        <time>2025-12-03T15:10:45.000Z</time>
        <extensions>
          <ns3:TrackPointExtension>
            <ns3:atemp>14.0</ns3:atemp>
            <ns3:hr>149</ns3:hr>
            <ns3:cad>76</ns3:cad>
          </ns3:TrackPointExtension>
        </extensions>
      </trkpt>
      <trkpt lat="37.75840722955763339996337890625" lon="-122.404047735035419464111328125">
        <ele>63.200000762939453125</ele>
        <time>2025-12-03T15:10:46.000Z</time>
        <extensions>
          <ns3:TrackPointExtension>
            <ns3:atemp>14.0</ns3:atemp>
            <ns3:hr>149</ns3:hr>
            <ns3:cad>76</ns3:cad>
          </ns3:TrackPointExtension>
        </extensions>
      </trkpt>
      <trkpt lat="37.758039347827434539794921875" lon="-122.40392929874360561370849609375">
        <ele>54.40000152587890625</ele>
        <time>2025-12-03T15:11:19.000Z</time>
        <extensions>
          <ns3:TrackPointExtension>
            <ns3:atemp>14.0</ns3:atemp>
            <ns3:hr>146</ns3:hr>
            <ns3:cad>76</ns3:cad>
          </ns3:TrackPointExtension>
        </extensions>
      </trkpt>
      <trkpt lat="37.75804035365581512451171875" lon="-122.403905577957630157470703125">
        <ele>54.200000762939453125</ele>
        <time>2025-12-03T15:11:20.000Z</time>
        <extensions>
          <ns3:TrackPointExtension>
            <ns3:atemp>14.0</ns3:atemp>
            <ns3:hr>146</ns3:hr>
            <ns3:cad>76</ns3:cad>
          </ns3:TrackPointExtension>
        </extensions>
      </trkpt>
      <trkpt lat="37.75805468671023845672607421875" lon="-122.40387783385813236236572265625">
        <ele>54.200000762939453125</ele>
        <time>2025-12-03T15:11:21.000Z</time>
        <extensions>
          <ns3:TrackPointExtension>
            <ns3:atemp>14.0</ns3:atemp>
            <ns3:hr>146</ns3:hr>
            <ns3:cad>0</ns3:cad>
          </ns3:TrackPointExtension>
        </extensions>
      </trkpt>
      <trkpt lat="37.75807865895330905914306640625" lon="-122.4038557894527912139892578125">
        <ele>54.200000762939453125</ele>
        <time>2025-12-03T15:11:22.000Z</time>
        <extensions>
          <ns3:TrackPointExtension>
            <ns3:atemp>14.0</ns3:atemp>
            <ns3:hr>146</ns3:hr>
            <ns3:cad>0</ns3:cad>
          </ns3:TrackPointExtension>
        </extensions>
      </trkpt>
      <trkpt lat="37.75809776969254016876220703125" lon="-122.40384824573993682861328125">
        <ele>54.200000762939453125</ele>
        <time>2025-12-03T15:11:23.000Z</time>
        <extensions>
          <ns3:TrackPointExtension>
            <ns3:atemp>14.0</ns3:atemp>
            <ns3:hr>146</ns3:hr>
            <ns3:cad>0</ns3:cad>
          </ns3:TrackPointExtension>
        </extensions>
      </trkpt>
      <trkpt lat="37.758129537105560302734375" lon="-122.40384011529386043548583984375">
        <ele>54.40000152587890625</ele>
        <time>2025-12-03T15:11:24.000Z</time>
        <extensions>
          <ns3:TrackPointExtension>
            <ns3:atemp>14.0</ns3:atemp>
            <ns3:hr>145</ns3:hr>
            <ns3:cad>0</ns3:cad>
          </ns3:TrackPointExtension>
        </extensions>
      </trkpt>
      <trkpt lat="37.75815107859671115875244140625" lon="-122.4038366787135601043701171875">
        <ele>54.799999237060546875</ele>
        <time>2025-12-03T15:11:25.000Z</time>
        <extensions>
          <ns3:TrackPointExtension>
            <ns3:atemp>14.0</ns3:atemp>
            <ns3:hr>146</ns3:hr>
            <ns3:cad>0</ns3:cad>
          </ns3:TrackPointExtension>
        </extensions>
      </trkpt>
      <trkpt lat="37.7581776492297649383544921875" lon="-122.4038323201239109039306640625">
        <ele>55.200000762939453125</ele>
        <time>2025-12-03T15:11:26.000Z</time>
        <extensions>
          <ns3:TrackPointExtension>
            <ns3:atemp>14.0</ns3:atemp>
            <ns3:hr>146</ns3:hr>
            <ns3:cad>0</ns3:cad>
          </ns3:TrackPointExtension>
        </extensions>
      </trkpt>
      <trkpt lat="37.7582007832825183868408203125" lon="-122.403827793896198272705078125">
        <ele>55.59999847412109375</ele>
        <time>2025-12-03T15:11:27.000Z</time>
        <extensions>
          <ns3:TrackPointExtension>
            <ns3:atemp>14.0</ns3:atemp>
            <ns3:hr>146</ns3:hr>
            <ns3:cad>0</ns3:cad>
          </ns3:TrackPointExtension>
        </extensions>
      </trkpt>
      <trkpt lat="37.7582296170294284820556640625" lon="-122.4038262851536273956298828125">
        <ele>56</ele>
        <time>2025-12-03T15:11:28.000Z</time>
        <extensions>
          <ns3:TrackPointExtension>
            <ns3:atemp>14.0</ns3:atemp>
            <ns3:hr>146</ns3:hr>
            <ns3:cad>0</ns3:cad>
          </ns3:TrackPointExtension>
        </extensions>
      </trkpt>
      <trkpt lat="37.7582500688731670379638671875" lon="-122.403825782239437103271484375">
        <ele>56.59999847412109375</ele>
        <time>2025-12-03T15:11:29.000Z</time>
        <extensions>
          <ns3:TrackPointExtension>
            <ns3:atemp>14.0</ns3:atemp>
            <ns3:hr>147</ns3:hr>
            <ns3:cad>88</ns3:cad>
          </ns3:TrackPointExtension>
        </extensions>
      </trkpt>
      <trkpt lat="37.7582819201052188873291015625" lon="-122.40383081138134002685546875">
        <ele>57.200000762939453125</ele>
        <time>2025-12-03T15:11:30.000Z</time>
        <extensions>
          <ns3:TrackPointExtension>
            <ns3:atemp>14.0</ns3:atemp>
            <ns3:hr>147</ns3:hr>
            <ns3:cad>88</ns3:cad>
          </ns3:TrackPointExtension>
        </extensions>
      </trkpt>
      <trkpt lat="37.7583079040050506591796875" lon="-122.40383978001773357391357421875">
        <ele>57.799999237060546875</ele>
        <time>2025-12-03T15:11:31.000Z</time>
        <extensions>
          <ns3:TrackPointExtension>
            <ns3:atemp>14.0</ns3:atemp>
            <ns3:hr>147</ns3:hr>
            <ns3:cad>88</ns3:cad>
          </ns3:TrackPointExtension>
        </extensions>
      </trkpt>
      <trkpt lat="37.758333384990692138671875" lon="-122.40385822020471096038818359375">
        <ele>58.200000762939453125</ele>
        <time>2025-12-03T15:11:32.000Z</time>
        <extensions>
          <ns3:TrackPointExtension>
            <ns3:atemp>14.0</ns3:atemp>
            <ns3:hr>147</ns3:hr>
            <ns3:cad>88</ns3:cad>
          </ns3:TrackPointExtension>
        </extensions>
      </trkpt>
      <trkpt lat="37.7583214826881885528564453125" lon="-122.40390549413859844207763671875">
        <ele>58.59999847412109375</ele>
        <time>2025-12-03T15:11:33.000Z</time>
        <extensions>
          <ns3:TrackPointExtension>
            <ns3:atemp>14.0</ns3:atemp>
            <ns3:hr>147</ns3:hr>
            <ns3:cad>88</ns3:cad>
          </ns3:TrackPointExtension>
        </extensions>
      </trkpt>
      <trkpt lat="37.75832332670688629150390625" lon="-122.4039526842534542083740234375">
        <ele>59.200000762939453125</ele>
        <time>2025-12-03T15:11:34.000Z</time>
        <extensions>
          <ns3:TrackPointExtension>
            <ns3:atemp>14.0</ns3:atemp>
            <ns3:hr>147</ns3:hr>
            <ns3:cad>88</ns3:cad>
          </ns3:TrackPointExtension>
        </extensions>
      </trkpt>
      <trkpt lat="37.75833279825747013092041015625" lon="-122.40398461930453777313232421875">
        <ele>59.799999237060546875</ele>
        <time>2025-12-03T15:11:35.000Z</time>
        <extensions>
          <ns3:TrackPointExtension>
            <ns3:atemp>14.0</ns3:atemp>
            <ns3:hr>148</ns3:hr>
            <ns3:cad>88</ns3:cad>
          </ns3:TrackPointExtension>
        </extensions>
      </trkpt>
      <trkpt lat="37.75834939442574977874755859375" lon="-122.404014877974987030029296875">
        <ele>60.200000762939453125</ele>
        <time>2025-12-03T15:11:36.000Z</time>
        <extensions>
          <ns3:TrackPointExtension>
            <ns3:atemp>14.0</ns3:atemp>
            <ns3:hr>148</ns3:hr>
            <ns3:cad>88</ns3:cad>
          </ns3:TrackPointExtension>
        </extensions>
      </trkpt>
      <trkpt lat="37.75836833752691745758056640625" lon="-122.404020912945270538330078125">
        <ele>60.59999847412109375</ele>
        <time>2025-12-03T15:11:37.000Z</time>
        <extensions>
          <ns3:TrackPointExtension>
            <ns3:atemp>14.0</ns3:atemp>
            <ns3:hr>149</ns3:hr>
            <ns3:cad>88</ns3:cad>
          </ns3:TrackPointExtension>
        </extensions>
      </trkpt>
      <trkpt lat="37.75839415378868579864501953125" lon="-122.40400523878633975982666015625">
        <ele>61</ele>
        <time>2025-12-03T15:11:38.000Z</time>
        <extensions>
          <ns3:TrackPointExtension>
            <ns3:atemp>14.0</ns3:atemp>
            <ns3:hr>149</ns3:hr>
            <ns3:cad>88</ns3:cad>
          </ns3:TrackPointExtension>
        </extensions>
      </trkpt>
      <trkpt lat="37.75840287096798419952392578125" lon="-122.40398545749485492706298828125">
        <ele>61.40000152587890625</ele>
        <time>2025-12-03T15:11:39.000Z</time>
        <extensions>
          <ns3:TrackPointExtension>
            <ns3:atemp>14.0</ns3:atemp>
            <ns3:hr>150</ns3:hr>
            <ns3:cad>88</ns3:cad>
          </ns3:TrackPointExtension>
        </extensions>
      </trkpt>
      <trkpt lat="37.75841561146080493927001953125" lon="-122.40395285189151763916015625">
        <ele>61.799999237060546875</ele>
        <time>2025-12-03T15:11:40.000Z</time>
        <extensions>
          <ns3:TrackPointExtension>
            <ns3:atemp>14.0</ns3:atemp>
            <ns3:hr>151</ns3:hr>
            <ns3:cad>89</ns3:cad>
          </ns3:TrackPointExtension>
        </extensions>
      </trkpt>
      <trkpt lat="37.75841276161372661590576171875" lon="-122.40392309613525867462158203125">
        <ele>62.200000762939453125</ele>
        <time>2025-12-03T15:11:41.000Z</time>
        <extensions>
          <ns3:TrackPointExtension>
            <ns3:atemp>14.0</ns3:atemp>
            <ns3:hr>151</ns3:hr>
            <ns3:cad>89</ns3:cad>
          </ns3:TrackPointExtension>
        </extensions>
      </trkpt>
      <trkpt lat="37.75842248462140560150146484375" lon="-122.4038829468190670013427734375">
        <ele>62.59999847412109375</ele>
        <time>2025-12-03T15:11:42.000Z</time>
        <extensions>
          <ns3:TrackPointExtension>
            <ns3:atemp>14.0</ns3:atemp>
            <ns3:hr>152</ns3:hr>
            <ns3:cad>90</ns3:cad>
          </ns3:TrackPointExtension>
        </extensions>
      </trkpt>
      <trkpt lat="37.758438996970653533935546875" lon="-122.4038534425199031829833984375">
        <ele>63</ele>
        <time>2025-12-03T15:11:43.000Z</time>
        <extensions>
          <ns3:TrackPointExtension>
            <ns3:atemp>14.0</ns3:atemp>
            <ns3:hr>153</ns3:hr>
            <ns3:cad>90</ns3:cad>
          </ns3:TrackPointExtension>
        </extensions>
      </trkpt>
      <trkpt lat="37.75847026146948337554931640625" lon="-122.4038376845419406890869140625">
        <ele>63.40000152587890625</ele>
        <time>2025-12-03T15:11:44.000Z</time>
        <extensions>
          <ns3:TrackPointExtension>
            <ns3:atemp>14.0</ns3:atemp>
            <ns3:hr>154</ns3:hr>
            <ns3:cad>90</ns3:cad>
          </ns3:TrackPointExtension>
        </extensions>
      </trkpt>
      <trkpt lat="37.75849473662674427032470703125" lon="-122.4038350023329257965087890625">
        <ele>63.799999237060546875</ele>
        <time>2025-12-03T15:11:45.000Z</time>
        <extensions>
          <ns3:TrackPointExtension>
            <ns3:atemp>14.0</ns3:atemp>
            <ns3:hr>154</ns3:hr>
            <ns3:cad>90</ns3:cad>
          </ns3:TrackPointExtension>
        </extensions>
      </trkpt>
      <trkpt lat="37.75851912796497344970703125" lon="-122.40384313277900218963623046875">
        <ele>64.1999969482421875</ele>
        <time>2025-12-03T15:11:46.000Z</time>
        <extensions>
          <ns3:TrackPointExtension>
            <ns3:atemp>14.0</ns3:atemp>
            <ns3:hr>155</ns3:hr>
            <ns3:cad>91</ns3:cad>
          </ns3:TrackPointExtension>
        </extensions>
      </trkpt>
      <trkpt lat="37.7585358917713165283203125" lon="-122.40386459045112133026123046875">
        <ele>64.59999847412109375</ele>
        <time>2025-12-03T15:11:47.000Z</time>
        <extensions>
          <ns3:TrackPointExtension>
            <ns3:atemp>14.0</ns3:atemp>
            <ns3:hr>156</ns3:hr>
            <ns3:cad>91</ns3:cad>
          </ns3:TrackPointExtension>
        </extensions>
      </trkpt>
      <trkpt lat="37.75855173356831073760986328125" lon="-122.40389384329319000244140625">
        <ele>64.8000030517578125</ele>
        <time>2025-12-03T15:11:48.000Z</time>
        <extensions>
          <ns3:TrackPointExtension>
            <ns3:atemp>14.0</ns3:atemp>
            <ns3:hr>156</ns3:hr>
            <ns3:cad>91</ns3:cad>
          </ns3:TrackPointExtension>
        </extensions>
      </trkpt>
      <trkpt lat="37.75854863226413726806640625" lon="-122.4039144627749919891357421875">
        <ele>65.40000152587890625</ele>
        <time>2025-12-03T15:11:49.000Z</time>
        <extensions>
          <ns3:TrackPointExtension>
            <ns3:atemp>14.0</ns3:atemp>
            <ns3:hr>157</ns3:hr>
            <ns3:cad>91</ns3:cad>
          </ns3:TrackPointExtension>
        </extensions>
      </trkpt>
      <trkpt lat="37.75855667889118194580078125" lon="-122.40396114997565746307373046875">
        <ele>65.59999847412109375</ele>
        <time>2025-12-03T15:11:50.000Z</time>
        <extensions>
          <ns3:TrackPointExtension>
            <ns3:atemp>14.0</ns3:atemp>
            <ns3:hr>157</ns3:hr>
            <ns3:cad>91</ns3:cad>
          </ns3:TrackPointExtension>
        </extensions>
      </trkpt>
      <trkpt lat="37.7585585229098796844482421875" lon="-122.403996102511882781982421875">
        <ele>66.1999969482421875</ele>
        <time>2025-12-03T15:11:51.000Z</time>
        <extensions>
          <ns3:TrackPointExtension>
            <ns3:atemp>14.0</ns3:atemp>
            <ns3:hr>157</ns3:hr>
            <ns3:cad>91</ns3:cad>
          </ns3:TrackPointExtension>
        </extensions>
      </trkpt>
      <trkpt lat="37.7585653960704803466796875" lon="-122.40402082912623882293701171875">
        <ele>66.59999847412109375</ele>
        <time>2025-12-03T15:11:52.000Z</time>
        <extensions>
          <ns3:TrackPointExtension>
            <ns3:atemp>14.0</ns3:atemp>
            <ns3:hr>158</ns3:hr>
            <ns3:cad>91</ns3:cad>
          </ns3:TrackPointExtension>
        </extensions>
      </trkpt>
      <trkpt lat="37.75857553817331790924072265625" lon="-122.4040391854941844940185546875">
        <ele>66.8000030517578125</ele>
        <time>2025-12-03T15:11:53.000Z</time>
        <extensions>
          <ns3:TrackPointExtension>
            <ns3:atemp>14.0</ns3:atemp>
            <ns3:hr>158</ns3:hr>
            <ns3:cad>91</ns3:cad>
          </ns3:TrackPointExtension>
        </extensions>
      </trkpt>
      <trkpt lat="37.75858190841972827911376953125" lon="-122.40405335091054439544677734375">
        <ele>67.1999969482421875</ele>
        <time>2025-12-03T15:11:54.000Z</time>
        <extensions>
          <ns3:TrackPointExtension>
            <ns3:atemp>14.0</ns3:atemp>
            <ns3:hr>158</ns3:hr>
            <ns3:cad>47</ns3:cad>
          </ns3:TrackPointExtension>
        </extensions>
      </trkpt>
      <trkpt lat="37.75858777575194835662841796875" lon="-122.40405318327248096466064453125">
        <ele>67.40000152587890625</ele>
        <time>2025-12-03T15:11:55.000Z</time>
        <extensions>
          <ns3:TrackPointExtension>
            <ns3:atemp>14.0</ns3:atemp>
            <ns3:hr>159</ns3:hr>
            <ns3:cad>47</ns3:cad>
          </ns3:TrackPointExtension>
        </extensions>
      </trkpt>
      <trkpt lat="37.75859749875962734222412109375" lon="-122.40405720658600330352783203125">
        <ele>67.59999847412109375</ele>
        <time>2025-12-03T15:11:56.000Z</time>
        <extensions>
          <ns3:TrackPointExtension>
            <ns3:atemp>14.0</ns3:atemp>
            <ns3:hr>159</ns3:hr>
            <ns3:cad>0</ns3:cad>
          </ns3:TrackPointExtension>
        </extensions>
      </trkpt>
      <trkpt lat="37.75861040689051151275634765625" lon="-122.40406257100403308868408203125">
        <ele>67.59999847412109375</ele>
        <time>2025-12-03T15:11:57.000Z</time>
        <extensions>
          <ns3:TrackPointExtension>
            <ns3:atemp>14.0</ns3:atemp>
            <ns3:hr>159</ns3:hr>
            <ns3:cad>0</ns3:cad>
          </ns3:TrackPointExtension>
        </extensions>
      </trkpt>
      <trkpt lat="37.75862163864076137542724609375" lon="-122.404063828289508819580078125">
        <ele>67.59999847412109375</ele>
        <time>2025-12-03T15:11:58.000Z</time>
        <extensions>
          <ns3:TrackPointExtension>
            <ns3:atemp>14.0</ns3:atemp>
            <ns3:hr>159</ns3:hr>
            <ns3:cad>0</ns3:cad>
          </ns3:TrackPointExtension>
        </extensions>
      </trkpt>
      <trkpt lat="37.75862985290586948394775390625" lon="-122.4040626548230648040771484375">
        <ele>67.59999847412109375</ele>
        <time>2025-12-03T15:11:59.000Z</time>
        <extensions>
          <ns3:TrackPointExtension>
            <ns3:atemp>14.0</ns3:atemp>
            <ns3:hr>158</ns3:hr>
            <ns3:cad>0</ns3:cad>
          </ns3:TrackPointExtension>
        </extensions>
      </trkpt>
      <trkpt lat="37.75863655842840671539306640625" lon="-122.40406910888850688934326171875">
        <ele>67.59999847412109375</ele>
        <time>2025-12-03T15:12:00.000Z</time>
        <extensions>
          <ns3:TrackPointExtension>
            <ns3:atemp>14.0</ns3:atemp>
            <ns3:hr>158</ns3:hr>
            <ns3:cad>0</ns3:cad>
          </ns3:TrackPointExtension>
        </extensions>
      </trkpt>
      <trkpt lat="37.75863957591354846954345703125" lon="-122.40408319048583507537841796875">
        <ele>67.59999847412109375</ele>
        <time>2025-12-03T15:12:01.000Z</time>
        <extensions>
          <ns3:TrackPointExtension>
            <ns3:atemp>14.0</ns3:atemp>
            <ns3:hr>158</ns3:hr>
            <ns3:cad>0</ns3:cad>
          </ns3:TrackPointExtension>
        </extensions>
      </trkpt>
      <trkpt lat="37.75864359922707080841064453125" lon="-122.40409458987414836883544921875">
        <ele>67.59999847412109375</ele>
        <time>2025-12-03T15:12:02.000Z</time>
        <extensions>
          <ns3:TrackPointExtension>
            <ns3:atemp>14.0</ns3:atemp>
            <ns3:hr>157</ns3:hr>
            <ns3:cad>0</ns3:cad>
          </ns3:TrackPointExtension>
        </extensions>
      </trkpt>
      <trkpt lat="37.7586436830461025238037109375" lon="-122.4040991999208927154541015625">
        <ele>67.8000030517578125</ele>
        <time>2025-12-03T15:12:03.000Z</time>
        <extensions>
          <ns3:TrackPointExtension>
            <ns3:atemp>14.0</ns3:atemp>
            <ns3:hr>157</ns3:hr>
            <ns3:cad>0</ns3:cad>
          </ns3:TrackPointExtension>
        </extensions>
      </trkpt>
      <trkpt lat="37.7586413361132144927978515625" lon="-122.404108755290508270263671875">
        <ele>67.8000030517578125</ele>
        <time>2025-12-03T15:12:04.000Z</time>
        <extensions>
          <ns3:TrackPointExtension>
            <ns3:atemp>14.0</ns3:atemp>
            <ns3:hr>156</ns3:hr>
            <ns3:cad>0</ns3:cad>
          </ns3:TrackPointExtension>
        </extensions>
      </trkpt>
      <trkpt lat="37.758644521236419677734375" lon="-122.4041038937866687774658203125">
        <ele>68</ele>
        <time>2025-12-03T15:12:05.000Z</time>
        <extensions>
          <ns3:TrackPointExtension>
            <ns3:atemp>14.0</ns3:atemp>
            <ns3:hr>156</ns3:hr>
            <ns3:cad>40</ns3:cad>
          </ns3:TrackPointExtension>
        </extensions>
      </trkpt>
      <trkpt lat="37.75864250957965850830078125" lon="-122.4041042290627956390380859375">
        <ele>68.1999969482421875</ele>
        <time>2025-12-03T15:12:06.000Z</time>
        <extensions>
          <ns3:TrackPointExtension>
            <ns3:atemp>14.0</ns3:atemp>
            <ns3:hr>156</ns3:hr>
            <ns3:cad>40</ns3:cad>
          </ns3:TrackPointExtension>
        </extensions>
      </trkpt>
      <trkpt lat="37.7586446888744831085205078125" lon="-122.40411152131855487823486328125">
        <ele>68.40000152587890625</ele>
        <time>2025-12-03T15:12:07.000Z</time>
        <extensions>
          <ns3:TrackPointExtension>
            <ns3:atemp>14.0</ns3:atemp>
            <ns3:hr>155</ns3:hr>
            <ns3:cad>40</ns3:cad>
          </ns3:TrackPointExtension>
        </extensions>
      </trkpt>
      <trkpt lat="37.75864426977932453155517578125" lon="-122.4041149578988552093505859375">
        <ele>68.59999847412109375</ele>
        <time>2025-12-03T15:12:08.000Z</time>
        <extensions>
          <ns3:TrackPointExtension>
            <ns3:atemp>14.0</ns3:atemp>
            <ns3:hr>154</ns3:hr>
            <ns3:cad>77</ns3:cad>
          </ns3:TrackPointExtension>
        </extensions>
      </trkpt>
      <trkpt lat="37.75864326395094394683837890625" lon="-122.4041236750781536102294921875">
        <ele>68.8000030517578125</ele>
        <time>2025-12-03T15:12:09.000Z</time>
        <extensions>
          <ns3:TrackPointExtension>
            <ns3:atemp>14.0</ns3:atemp>
            <ns3:hr>154</ns3:hr>
            <ns3:cad>77</ns3:cad>
          </ns3:TrackPointExtension>
        </extensions>
      </trkpt>
      <trkpt lat="37.75864443741738796234130859375" lon="-122.40412225015461444854736328125">
        <ele>69</ele>
        <time>2025-12-03T15:12:10.000Z</time>
        <extensions>
          <ns3:TrackPointExtension>
            <ns3:atemp>14.0</ns3:atemp>
            <ns3:hr>154</ns3:hr>
            <ns3:cad>40</ns3:cad>
          </ns3:TrackPointExtension>
        </extensions>
      </trkpt>
      <trkpt lat="37.75863672606647014617919921875" lon="-122.4041293747723102569580078125">
        <ele>69.1999969482421875</ele>
        <time>2025-12-03T15:12:11.000Z</time>
        <extensions>
          <ns3:TrackPointExtension>
            <ns3:atemp>14.0</ns3:atemp>
            <ns3:hr>154</ns3:hr>
            <ns3:cad>0</ns3:cad>
          </ns3:TrackPointExtension>
        </extensions>
      </trkpt>
      <trkpt lat="37.7586336247622966766357421875" lon="-122.40413465537130832672119140625">
        <ele>69.59999847412109375</ele>
        <time>2025-12-03T15:12:12.000Z</time>
        <extensions>
          <ns3:TrackPointExtension>
            <ns3:atemp>14.0</ns3:atemp>
            <ns3:hr>153</ns3:hr>
            <ns3:cad>0</ns3:cad>
          </ns3:TrackPointExtension>
        </extensions>
      </trkpt>
      <trkpt lat="37.75862767361104488372802734375" lon="-122.404140271246433258056640625">
        <ele>69.8000030517578125</ele>
        <time>2025-12-03T15:12:13.000Z</time>
        <extensions>
          <ns3:TrackPointExtension>
            <ns3:atemp>14.0</ns3:atemp>
            <ns3:hr>153</ns3:hr>
            <ns3:cad>0</ns3:cad>
          </ns3:TrackPointExtension>
        </extensions>
      </trkpt>
      <trkpt lat="37.75862264446914196014404296875" lon="-122.40415091626346111297607421875">
        <ele>70.1999969482421875</ele>
        <time>2025-12-03T15:12:14.000Z</time>
        <extensions>
          <ns3:TrackPointExtension>
            <ns3:atemp>14.0</ns3:atemp>
            <ns3:hr>153</ns3:hr>
            <ns3:cad>0</ns3:cad>
          </ns3:TrackPointExtension>
        </extensions>
      </trkpt>
      <trkpt lat="37.7586232312023639678955078125" lon="-122.40415359847247600555419921875">
        <ele>70.1999969482421875</ele>
        <time>2025-12-03T15:12:15.000Z</time>
        <extensions>
          <ns3:TrackPointExtension>
            <ns3:atemp>14.0</ns3:atemp>
            <ns3:hr>152</ns3:hr>
            <ns3:cad>0</ns3:cad>
          </ns3:TrackPointExtension>
        </extensions>
      </trkpt>
      <trkpt lat="37.75861979462206363677978515625" lon="-122.40416667424142360687255859375">
        <ele>70.40000152587890625</ele>
        <time>2025-12-03T15:12:16.000Z</time>
        <extensions>
          <ns3:TrackPointExtension>
            <ns3:atemp>14.0</ns3:atemp>
            <ns3:hr>152</ns3:hr>
            <ns3:cad>0</ns3:cad>
          </ns3:TrackPointExtension>
        </extensions>
      </trkpt>
      <trkpt lat="37.758619375526905059814453125" lon="-122.4041732959449291229248046875">
        <ele>70.1999969482421875</ele>
        <time>2025-12-03T15:12:17.000Z</time>
        <extensions>
          <ns3:TrackPointExtension>
            <ns3:atemp>14.0</ns3:atemp>
            <ns3:hr>152</ns3:hr>
            <ns3:cad>0</ns3:cad>
          </ns3:TrackPointExtension>
        </extensions>
      </trkpt>
      <trkpt lat="37.7586178667843341827392578125" lon="-122.4041776545345783233642578125">
        <ele>70.1999969482421875</ele>
        <time>2025-12-03T15:12:18.000Z</time>
        <extensions>
          <ns3:TrackPointExtension>
            <ns3:atemp>14.0</ns3:atemp>
            <ns3:hr>152</ns3:hr>
            <ns3:cad>0</ns3:cad>
          </ns3:TrackPointExtension>
        </extensions>
      </trkpt>
      <trkpt lat="37.75861778296530246734619140625" lon="-122.4041813425719738006591796875">
        <ele>70.1999969482421875</ele>
        <time>2025-12-03T15:12:19.000Z</time>
        <extensions>
          <ns3:TrackPointExtension>
            <ns3:atemp>14.0</ns3:atemp>
            <ns3:hr>152</ns3:hr>
            <ns3:cad>0</ns3:cad>
          </ns3:TrackPointExtension>
        </extensions>
      </trkpt>
      <trkpt lat="37.758626751601696014404296875" lon="-122.40419718436896800994873046875">
        <ele>70.1999969482421875</ele>
        <time>2025-12-03T15:12:20.000Z</time>
        <extensions>
          <ns3:TrackPointExtension>
            <ns3:atemp>14.0</ns3:atemp>
            <ns3:hr>151</ns3:hr>
            <ns3:cad>0</ns3:cad>
          </ns3:TrackPointExtension>
        </extensions>
      </trkpt>
      <trkpt lat="37.75863471440970897674560546875" lon="-122.40421948023140430450439453125">
        <ele>70.1999969482421875</ele>
        <time>2025-12-03T15:12:21.000Z</time>
        <extensions>
          <ns3:TrackPointExtension>
            <ns3:atemp>14.0</ns3:atemp>
            <ns3:hr>151</ns3:hr>
            <ns3:cad>0</ns3:cad>
          </ns3:TrackPointExtension>
        </extensions>
      </trkpt>
      <trkpt lat="37.7586540766060352325439453125" lon="-122.40425569005310535430908203125">
        <ele>70.1999969482421875</ele>
        <time>2025-12-03T15:12:22.000Z</time>
        <extensions>
          <ns3:TrackPointExtension>
            <ns3:atemp>14.0</ns3:atemp>
            <ns3:hr>151</ns3:hr>
            <ns3:cad>0</ns3:cad>
          </ns3:TrackPointExtension>
        </extensions>
      </trkpt>
      <trkpt lat="37.75866908021271228790283203125" lon="-122.40428318269550800323486328125">
        <ele>70.1999969482421875</ele>
        <time>2025-12-03T15:12:23.000Z</time>
        <extensions>
          <ns3:TrackPointExtension>
            <ns3:atemp>14.0</ns3:atemp>
            <ns3:hr>152</ns3:hr>
            <ns3:cad>77</ns3:cad>
          </ns3:TrackPointExtension>
        </extensions>
      </trkpt>
      <trkpt lat="37.75869070552289485931396484375" lon="-122.4043214879930019378662109375">
        <ele>70</ele>
        <time>2025-12-03T15:12:24.000Z</time>
        <extensions>
          <ns3:TrackPointExtension>
            <ns3:atemp>14.0</ns3:atemp>
            <ns3:hr>152</ns3:hr>
            <ns3:cad>77</ns3:cad>
          </ns3:TrackPointExtension>
        </extensions>
      </trkpt>
      <trkpt lat="37.75871082209050655364990234375" lon="-122.40435778163373470306396484375">
        <ele>70</ele>
        <time>2025-12-03T15:12:25.000Z</time>
        <extensions>
          <ns3:TrackPointExtension>
            <ns3:atemp>14.0</ns3:atemp>
            <ns3:hr>153</ns3:hr>
            <ns3:cad>83</ns3:cad>
          </ns3:TrackPointExtension>
        </extensions>
      </trkpt>
      <trkpt lat="37.758727334439754486083984375" lon="-122.40438795648515224456787109375">
        <ele>70</ele>
        <time>2025-12-03T15:12:26.000Z</time>
        <extensions>
          <ns3:TrackPointExtension>
            <ns3:atemp>14.0</ns3:atemp>
            <ns3:hr>153</ns3:hr>
            <ns3:cad>85</ns3:cad>
          </ns3:TrackPointExtension>
        </extensions>
      </trkpt>
      <trkpt lat="37.75874619372189044952392578125" lon="-122.40442265756428241729736328125">
        <ele>70</ele>
        <time>2025-12-03T15:12:27.000Z</time>
        <extensions>
          <ns3:TrackPointExtension>
            <ns3:atemp>14.0</ns3:atemp>
            <ns3:hr>153</ns3:hr>
            <ns3:cad>85</ns3:cad>
          </ns3:TrackPointExtension>
        </extensions>
      </trkpt>
      <trkpt lat="37.75875792838633060455322265625" lon="-122.40444864146411418914794921875">
        <ele>70</ele>
        <time>2025-12-03T15:12:28.000Z</time>
        <extensions>
          <ns3:TrackPointExtension>
            <ns3:atemp>14.0</ns3:atemp>
            <ns3:hr>154</ns3:hr>
            <ns3:cad>85</ns3:cad>
          </ns3:TrackPointExtension>
        </extensions>
      </trkpt>
      <trkpt lat="37.7587844990193843841552734375" lon="-122.40448351018130779266357421875">
        <ele>70</ele>
        <time>2025-12-03T15:12:29.000Z</time>
        <extensions>
          <ns3:TrackPointExtension>
            <ns3:atemp>14.0</ns3:atemp>
            <ns3:hr>154</ns3:hr>
            <ns3:cad>87</ns3:cad>
          </ns3:TrackPointExtension>
        </extensions>
      </trkpt>
      <trkpt lat="37.7588029392063617706298828125" lon="-122.4045022018253803253173828125">
        <ele>70</ele>
        <time>2025-12-03T15:12:30.000Z</time>
        <extensions>
          <ns3:TrackPointExtension>
            <ns3:atemp>14.0</ns3:atemp>
            <ns3:hr>155</ns3:hr>
            <ns3:cad>87</ns3:cad>
          </ns3:TrackPointExtension>
        </extensions>
      </trkpt>
      <trkpt lat="37.7588311024010181427001953125" lon="-122.4045330472290515899658203125">
        <ele>70</ele>
        <time>2025-12-03T15:12:31.000Z</time>
        <extensions>
          <ns3:TrackPointExtension>
            <ns3:atemp>14.0</ns3:atemp>
            <ns3:hr>155</ns3:hr>
            <ns3:cad>87</ns3:cad>
          </ns3:TrackPointExtension>
        </extensions>
      </trkpt>
      <trkpt lat="37.75885381735861301422119140625" lon="-122.40455777384340763092041015625">
        <ele>70</ele>
        <time>2025-12-03T15:12:32.000Z</time>
        <extensions>
          <ns3:TrackPointExtension>
            <ns3:atemp>14.0</ns3:atemp>
            <ns3:hr>155</ns3:hr>
            <ns3:cad>87</ns3:cad>
          </ns3:TrackPointExtension>
        </extensions>
      </trkpt>
      <trkpt lat="37.75888550095260143280029296875" lon="-122.40458987653255462646484375">
        <ele>70</ele>
        <time>2025-12-03T15:12:33.000Z</time>
        <extensions>
          <ns3:TrackPointExtension>
            <ns3:atemp>14.0</ns3:atemp>
            <ns3:hr>155</ns3:hr>
            <ns3:cad>87</ns3:cad>
          </ns3:TrackPointExtension>
        </extensions>
      </trkpt>
      <trkpt lat="37.75891341269016265869140625" lon="-122.40461057983338832855224609375">
        <ele>70</ele>
        <time>2025-12-03T15:12:34.000Z</time>
        <extensions>
          <ns3:TrackPointExtension>
            <ns3:atemp>14.0</ns3:atemp>
            <ns3:hr>156</ns3:hr>
            <ns3:cad>87</ns3:cad>
          </ns3:TrackPointExtension>
        </extensions>
      </trkpt>
      <trkpt lat="37.75894685648381710052490234375" lon="-122.4046363122761249542236328125">
        <ele>70</ele>
        <time>2025-12-03T15:12:35.000Z</time>
        <extensions>
          <ns3:TrackPointExtension>
            <ns3:atemp>14.0</ns3:atemp>
            <ns3:hr>156</ns3:hr>
            <ns3:cad>88</ns3:cad>
          </ns3:TrackPointExtension>
        </extensions>
      </trkpt>
      <trkpt lat="37.75897250510752201080322265625" lon="-122.40466623567044734954833984375">
        <ele>69.8000030517578125</ele>
        <time>2025-12-03T15:12:36.000Z</time>
        <extensions>
          <ns3:TrackPointExtension>
            <ns3:atemp>14.0</ns3:atemp>
            <ns3:hr>156</ns3:hr>
            <ns3:cad>88</ns3:cad>
          </ns3:TrackPointExtension>
        </extensions>
      </trkpt>
      <trkpt lat="37.75899865664541721343994140625" lon="-122.4046938121318817138671875">
        <ele>69.8000030517578125</ele>
        <time>2025-12-03T15:12:37.000Z</time>
        <extensions>
          <ns3:TrackPointExtension>
            <ns3:atemp>14.0</ns3:atemp>
            <ns3:hr>156</ns3:hr>
            <ns3:cad>88</ns3:cad>
          </ns3:TrackPointExtension>
        </extensions>
      </trkpt>
      <trkpt lat="37.75902363471686840057373046875" lon="-122.40472692064940929412841796875">
        <ele>69.8000030517578125</ele>
        <time>2025-12-03T15:12:38.000Z</time>
        <extensions>
          <ns3:TrackPointExtension>
            <ns3:atemp>14.0</ns3:atemp>
            <ns3:hr>156</ns3:hr>
            <ns3:cad>88</ns3:cad>
          </ns3:TrackPointExtension>
        </extensions>
      </trkpt>
      <trkpt lat="37.75904626585543155670166015625" lon="-122.40475223399698734283447265625">
        <ele>69.8000030517578125</ele>
        <time>2025-12-03T15:12:39.000Z</time>
        <extensions>
          <ns3:TrackPointExtension>
            <ns3:atemp>14.0</ns3:atemp>
            <ns3:hr>156</ns3:hr>
            <ns3:cad>88</ns3:cad>
          </ns3:TrackPointExtension>
        </extensions>
      </trkpt>
      <trkpt lat="37.75907509960234165191650390625" lon="-122.40478374995291233062744140625">
        <ele>69.8000030517578125</ele>
        <time>2025-12-03T15:12:40.000Z</time>
        <extensions>
          <ns3:TrackPointExtension>
            <ns3:atemp>14.0</ns3:atemp>
            <ns3:hr>157</ns3:hr>
            <ns3:cad>88</ns3:cad>
          </ns3:TrackPointExtension>
        </extensions>
      </trkpt>
      <trkpt lat="37.7591040171682834625244140625" lon="-122.40480638109147548675537109375">
        <ele>69.8000030517578125</ele>
        <time>2025-12-03T15:12:41.000Z</time>
        <extensions>
          <ns3:TrackPointExtension>
            <ns3:atemp>14.0</ns3:atemp>
            <ns3:hr>157</ns3:hr>
            <ns3:cad>88</ns3:cad>
          </ns3:TrackPointExtension>
        </extensions>
      </trkpt>
      <trkpt lat="37.75913427583873271942138671875" lon="-122.40483722649514675140380859375">
        <ele>69.8000030517578125</ele>
        <time>2025-12-03T15:12:42.000Z</time>
        <extensions>
          <ns3:TrackPointExtension>
            <ns3:atemp>14.0</ns3:atemp>
            <ns3:hr>157</ns3:hr>
            <ns3:cad>88</ns3:cad>
          </ns3:TrackPointExtension>
        </extensions>
      </trkpt>
      <trkpt lat="37.75915925391018390655517578125" lon="-122.40485541522502899169921875">
        <ele>69.8000030517578125</ele>
        <time>2025-12-03T15:12:43.000Z</time>
        <extensions>
          <ns3:TrackPointExtension>
            <ns3:atemp>14.0</ns3:atemp>
            <ns3:hr>157</ns3:hr>
            <ns3:cad>88</ns3:cad>
          </ns3:TrackPointExtension>
        </extensions>
      </trkpt>
      <trkpt lat="37.75918775238096714019775390625" lon="-122.404874525964260101318359375">
        <ele>70</ele>
        <time>2025-12-03T15:12:44.000Z</time>
        <extensions>
          <ns3:TrackPointExtension>
            <ns3:atemp>14.0</ns3:atemp>
            <ns3:hr>157</ns3:hr>
            <ns3:cad>88</ns3:cad>
          </ns3:TrackPointExtension>
        </extensions>
      </trkpt>
      <trkpt lat="37.75921138934791088104248046875" lon="-122.404891289770603179931640625">
        <ele>70.1999969482421875</ele>
        <time>2025-12-03T15:12:45.000Z</time>
        <extensions>
          <ns3:TrackPointExtension>
            <ns3:atemp>14.0</ns3:atemp>
            <ns3:hr>157</ns3:hr>
            <ns3:cad>88</ns3:cad>
          </ns3:TrackPointExtension>
        </extensions>
      </trkpt>
      <trkpt lat="37.75923519395291805267333984375" lon="-122.404918782413005828857421875">
        <ele>70.40000152587890625</ele>
        <time>2025-12-03T15:12:46.000Z</time>
        <extensions>
          <ns3:TrackPointExtension>
            <ns3:atemp>14.0</ns3:atemp>
            <ns3:hr>157</ns3:hr>
            <ns3:cad>88</ns3:cad>
          </ns3:TrackPointExtension>
        </extensions>
      </trkpt>
      <trkpt lat="37.7592528797686100006103515625" lon="-122.4049271643161773681640625">
        <ele>70.40000152587890625</ele>
        <time>2025-12-03T15:12:47.000Z</time>
        <extensions>
          <ns3:TrackPointExtension>
            <ns3:atemp>14.0</ns3:atemp>
            <ns3:hr>157</ns3:hr>
            <ns3:cad>88</ns3:cad>
          </ns3:TrackPointExtension>
        </extensions>
      </trkpt>
      <trkpt lat="37.75928665883839130401611328125" lon="-122.4049474485218524932861328125">
        <ele>70.59999847412109375</ele>
        <time>2025-12-03T15:12:48.000Z</time>
        <extensions>
          <ns3:TrackPointExtension>
            <ns3:atemp>14.0</ns3:atemp>
            <ns3:hr>157</ns3:hr>
            <ns3:cad>88</ns3:cad>
          </ns3:TrackPointExtension>
        </extensions>
      </trkpt>
      <trkpt lat="37.759315073490142822265625" lon="-122.40496672689914703369140625">
        <ele>70.8000030517578125</ele>
        <time>2025-12-03T15:12:49.000Z</time>
        <extensions>
          <ns3:TrackPointExtension>
            <ns3:atemp>14.0</ns3:atemp>
            <ns3:hr>157</ns3:hr>
            <ns3:cad>89</ns3:cad>
          </ns3:TrackPointExtension>
        </extensions>
      </trkpt>
      <trkpt lat="37.75933854281902313232421875" lon="-122.4049792997539043426513671875">
        <ele>71.1999969482421875</ele>
        <time>2025-12-03T15:12:50.000Z</time>
        <extensions>
          <ns3:TrackPointExtension>
            <ns3:atemp>14.0</ns3:atemp>
            <ns3:hr>157</ns3:hr>
            <ns3:cad>89</ns3:cad>
          </ns3:TrackPointExtension>
        </extensions>
      </trkpt>
      <trkpt lat="37.7593594975769519805908203125" lon="-122.40498592145740985870361328125">
        <ele>71.40000152587890625</ele>
        <time>2025-12-03T15:12:51.000Z</time>
        <extensions>
          <ns3:TrackPointExtension>
            <ns3:atemp>14.0</ns3:atemp>
            <ns3:hr>158</ns3:hr>
            <ns3:cad>89</ns3:cad>
          </ns3:TrackPointExtension>
        </extensions>
      </trkpt>
      <trkpt lat="37.75937466882169246673583984375" lon="-122.40499363280832767486572265625">
        <ele>71.59999847412109375</ele>
        <time>2025-12-03T15:12:52.000Z</time>
        <extensions>
          <ns3:TrackPointExtension>
            <ns3:atemp>14.0</ns3:atemp>
            <ns3:hr>158</ns3:hr>
            <ns3:cad>89</ns3:cad>
          </ns3:TrackPointExtension>
        </extensions>
      </trkpt>
      <trkpt lat="37.759391851723194122314453125" lon="-122.40499530918896198272705078125">
        <ele>72</ele>
        <time>2025-12-03T15:12:53.000Z</time>
        <extensions>
          <ns3:TrackPointExtension>
            <ns3:atemp>14.0</ns3:atemp>
            <ns3:hr>158</ns3:hr>
            <ns3:cad>89</ns3:cad>
          </ns3:TrackPointExtension>
        </extensions>
      </trkpt>
      <trkpt lat="37.75940735824406147003173828125" lon="-122.4049917049705982208251953125">
        <ele>72.1999969482421875</ele>
        <time>2025-12-03T15:12:54.000Z</time>
        <extensions>
          <ns3:TrackPointExtension>
            <ns3:atemp>14.0</ns3:atemp>
            <ns3:hr>158</ns3:hr>
            <ns3:cad>83</ns3:cad>
          </ns3:TrackPointExtension>
        </extensions>
      </trkpt>
      <trkpt lat="37.75942613370716571807861328125" lon="-122.4049799703061580657958984375">
        <ele>72.1999969482421875</ele>
        <time>2025-12-03T15:12:55.000Z</time>
        <extensions>
          <ns3:TrackPointExtension>
            <ns3:atemp>14.0</ns3:atemp>
            <ns3:hr>158</ns3:hr>
            <ns3:cad>82</ns3:cad>
          </ns3:TrackPointExtension>
        </extensions>
      </trkpt>
      <trkpt lat="37.75943334214389324188232421875" lon="-122.40496865473687648773193359375">
        <ele>72.40000152587890625</ele>
        <time>2025-12-03T15:12:56.000Z</time>
        <extensions>
          <ns3:TrackPointExtension>
            <ns3:atemp>14.0</ns3:atemp>
            <ns3:hr>159</ns3:hr>
            <ns3:cad>81</ns3:cad>
          </ns3:TrackPointExtension>
        </extensions>
      </trkpt>
      <trkpt lat="37.7594439871609210968017578125" lon="-122.404952310025691986083984375">
        <ele>72.59999847412109375</ele>
        <time>2025-12-03T15:12:57.000Z</time>
        <extensions>
          <ns3:TrackPointExtension>
            <ns3:atemp>14.0</ns3:atemp>
            <ns3:hr>159</ns3:hr>
            <ns3:cad>81</ns3:cad>
          </ns3:TrackPointExtension>
        </extensions>
      </trkpt>
      <trkpt lat="37.75946770794689655303955078125" lon="-122.4049494601786136627197265625">
        <ele>72.59999847412109375</ele>
        <time>2025-12-03T15:12:58.000Z</time>
        <extensions>
          <ns3:TrackPointExtension>
            <ns3:atemp>14.0</ns3:atemp>
            <ns3:hr>159</ns3:hr>
            <ns3:cad>81</ns3:cad>
          </ns3:TrackPointExtension>
        </extensions>
      </trkpt>
      <trkpt lat="37.759479023516178131103515625" lon="-122.4049451015889644622802734375">
        <ele>72.8000030517578125</ele>
        <time>2025-12-03T15:12:59.000Z</time>
        <extensions>
          <ns3:TrackPointExtension>
            <ns3:atemp>14.0</ns3:atemp>
            <ns3:hr>159</ns3:hr>
            <ns3:cad>81</ns3:cad>
          </ns3:TrackPointExtension>
        </extensions>
      </trkpt>
      <trkpt lat="37.759495787322521209716796875" lon="-122.40494401194155216217041015625">
        <ele>72.8000030517578125</ele>
        <time>2025-12-03T15:13:00.000Z</time>
        <extensions>
          <ns3:TrackPointExtension>
            <ns3:atemp>14.0</ns3:atemp>
            <ns3:hr>159</ns3:hr>
            <ns3:cad>81</ns3:cad>
          </ns3:TrackPointExtension>
        </extensions>
      </trkpt>
      <trkpt lat="37.75951783172786235809326171875" lon="-122.40495306439697742462158203125">
        <ele>72.59999847412109375</ele>
        <time>2025-12-03T15:13:01.000Z</time>
        <extensions>
          <ns3:TrackPointExtension>
            <ns3:atemp>14.0</ns3:atemp>
            <ns3:hr>160</ns3:hr>
            <ns3:cad>81</ns3:cad>
          </ns3:TrackPointExtension>
        </extensions>
      </trkpt>
      <trkpt lat="37.75953174568712711334228515625" lon="-122.404960691928863525390625">
        <ele>72.59999847412109375</ele>
        <time>2025-12-03T15:13:02.000Z</time>
        <extensions>
          <ns3:TrackPointExtension>
            <ns3:atemp>14.0</ns3:atemp>
            <ns3:hr>160</ns3:hr>
            <ns3:cad>80</ns3:cad>
          </ns3:TrackPointExtension>
        </extensions>
      </trkpt>
      <trkpt lat="37.75954582728445529937744140625" lon="-122.4049628712236881256103515625">
        <ele>72.40000152587890625</ele>
        <time>2025-12-03T15:13:03.000Z</time>
        <extensions>
          <ns3:TrackPointExtension>
            <ns3:atemp>14.0</ns3:atemp>
            <ns3:hr>160</ns3:hr>
            <ns3:cad>80</ns3:cad>
          </ns3:TrackPointExtension>
        </extensions>
      </trkpt>
      <trkpt lat="37.7595613338053226470947265625" lon="-122.40497318096458911895751953125">
        <ele>72.1999969482421875</ele>
        <time>2025-12-03T15:13:04.000Z</time>
        <extensions>
          <ns3:TrackPointExtension>
            <ns3:atemp>14.0</ns3:atemp>
            <ns3:hr>159</ns3:hr>
            <ns3:cad>79</ns3:cad>
          </ns3:TrackPointExtension>
        </extensions>
      </trkpt>
      <trkpt lat="37.75957516394555568695068359375" lon="-122.404991872608661651611328125">
        <ele>72.1999969482421875</ele>
        <time>2025-12-03T15:13:05.000Z</time>
        <extensions>
          <ns3:TrackPointExtension>
            <ns3:atemp>14.0</ns3:atemp>
            <ns3:hr>160</ns3:hr>
            <ns3:cad>77</ns3:cad>
          </ns3:TrackPointExtension>
        </extensions>
      </trkpt>
      <trkpt lat="37.75958505459129810333251953125" lon="-122.4049866758286952972412109375">
        <ele>72</ele>
        <time>2025-12-03T15:13:06.000Z</time>
        <extensions>
          <ns3:TrackPointExtension>
            <ns3:atemp>14.0</ns3:atemp>
            <ns3:hr>159</ns3:hr>
            <ns3:cad>77</ns3:cad>
          </ns3:TrackPointExtension>
        </extensions>
      </trkpt>
      <trkpt lat="37.75960198603570461273193359375" lon="-122.404983155429363250732421875">
        <ele>72</ele>
        <time>2025-12-03T15:13:07.000Z</time>
        <extensions>
          <ns3:TrackPointExtension>
            <ns3:atemp>14.0</ns3:atemp>
            <ns3:hr>159</ns3:hr>
            <ns3:cad>77</ns3:cad>
          </ns3:TrackPointExtension>
        </extensions>
      </trkpt>
      <trkpt lat="37.759620510041713714599609375" lon="-122.4049809761345386505126953125">
        <ele>71.8000030517578125</ele>
        <time>2025-12-03T15:13:08.000Z</time>
        <extensions>
          <ns3:TrackPointExtension>
            <ns3:atemp>14.0</ns3:atemp>
            <ns3:hr>159</ns3:hr>
            <ns3:cad>77</ns3:cad>
          </ns3:TrackPointExtension>
        </extensions>
      </trkpt>
      <trkpt lat="37.75962889194488525390625" lon="-122.4049700796604156494140625">
        <ele>71.8000030517578125</ele>
        <time>2025-12-03T15:13:09.000Z</time>
        <extensions>
          <ns3:TrackPointExtension>
            <ns3:atemp>14.0</ns3:atemp>
            <ns3:hr>159</ns3:hr>
            <ns3:cad>77</ns3:cad>
          </ns3:TrackPointExtension>
        </extensions>
      </trkpt>
      <trkpt lat="37.75964691303670406341552734375" lon="-122.404965721070766448974609375">
        <ele>71.59999847412109375</ele>
        <time>2025-12-03T15:13:10.000Z</time>
        <extensions>
          <ns3:TrackPointExtension>
            <ns3:atemp>14.0</ns3:atemp>
            <ns3:hr>159</ns3:hr>
            <ns3:cad>78</ns3:cad>
          </ns3:TrackPointExtension>
        </extensions>
      </trkpt>
      <trkpt lat="37.75966954417526721954345703125" lon="-122.40496949292719364166259765625">
        <ele>71.40000152587890625</ele>
        <time>2025-12-03T15:13:11.000Z</time>
        <extensions>
          <ns3:TrackPointExtension>
            <ns3:atemp>14.0</ns3:atemp>
            <ns3:hr>158</ns3:hr>
            <ns3:cad>78</ns3:cad>
          </ns3:TrackPointExtension>
        </extensions>
      </trkpt>
      <trkpt lat="37.75968253612518310546875" lon="-122.4049746058881282806396484375">
        <ele>71.1999969482421875</ele>
        <time>2025-12-03T15:13:12.000Z</time>
        <extensions>
          <ns3:TrackPointExtension>
            <ns3:atemp>14.0</ns3:atemp>
            <ns3:hr>158</ns3:hr>
            <ns3:cad>78</ns3:cad>
          </ns3:TrackPointExtension>
        </extensions>
      </trkpt>
      <trkpt lat="37.75969770736992359161376953125" lon="-122.4049772880971431732177734375">
        <ele>71</ele>
        <time>2025-12-03T15:13:13.000Z</time>
        <extensions>
          <ns3:TrackPointExtension>
            <ns3:atemp>14.0</ns3:atemp>
            <ns3:hr>158</ns3:hr>
            <ns3:cad>78</ns3:cad>
          </ns3:TrackPointExtension>
        </extensions>
      </trkpt>
      <trkpt lat="37.75971329770982265472412109375" lon="-122.4049900285899639129638671875">
        <ele>70.8000030517578125</ele>
        <time>2025-12-03T15:13:14.000Z</time>
        <extensions>
          <ns3:TrackPointExtension>
            <ns3:atemp>14.0</ns3:atemp>
            <ns3:hr>158</ns3:hr>
            <ns3:cad>78</ns3:cad>
          </ns3:TrackPointExtension>
        </extensions>
      </trkpt>
      <trkpt lat="37.759733833372592926025390625" lon="-122.40500293672084808349609375">
        <ele>70.59999847412109375</ele>
        <time>2025-12-03T15:13:15.000Z</time>
        <extensions>
          <ns3:TrackPointExtension>
            <ns3:atemp>14.0</ns3:atemp>
            <ns3:hr>157</ns3:hr>
            <ns3:cad>78</ns3:cad>
          </ns3:TrackPointExtension>
        </extensions>
      </trkpt>
      <trkpt lat="37.7597517706453800201416015625" lon="-122.40501157008111476898193359375">
        <ele>70.40000152587890625</ele>
        <time>2025-12-03T15:13:16.000Z</time>
        <extensions>
          <ns3:TrackPointExtension>
            <ns3:atemp>14.0</ns3:atemp>
            <ns3:hr>157</ns3:hr>
            <ns3:cad>78</ns3:cad>
          </ns3:TrackPointExtension>
        </extensions>
      </trkpt>
      <trkpt lat="37.7597630023956298828125" lon="-122.40500704385340213775634765625">
        <ele>70.1999969482421875</ele>
        <time>2025-12-03T15:13:17.000Z</time>
        <extensions>
          <ns3:TrackPointExtension>
            <ns3:atemp>14.0</ns3:atemp>
            <ns3:hr>157</ns3:hr>
            <ns3:cad>77</ns3:cad>
          </ns3:TrackPointExtension>
        </extensions>
      </trkpt>
      <trkpt lat="37.7597858011722564697265625" lon="-122.40500687621533870697021484375">
        <ele>70.1999969482421875</ele>
        <time>2025-12-03T15:13:18.000Z</time>
        <extensions>
          <ns3:TrackPointExtension>
            <ns3:atemp>14.0</ns3:atemp>
            <ns3:hr>156</ns3:hr>
            <ns3:cad>77</ns3:cad>
          </ns3:TrackPointExtension>
        </extensions>
      </trkpt>
      <trkpt lat="37.75980650447309017181396484375" lon="-122.40500469692051410675048828125">
        <ele>70</ele>
        <time>2025-12-03T15:13:19.000Z</time>
        <extensions>
          <ns3:TrackPointExtension>
            <ns3:atemp>14.0</ns3:atemp>
            <ns3:hr>156</ns3:hr>
            <ns3:cad>77</ns3:cad>
          </ns3:TrackPointExtension>
        </extensions>
      </trkpt>
      <trkpt lat="37.75983634404838085174560546875" lon="-122.405001930892467498779296875">
        <ele>69.59999847412109375</ele>
        <time>2025-12-03T15:13:20.000Z</time>
        <extensions>
          <ns3:TrackPointExtension>
            <ns3:atemp>14.0</ns3:atemp>
            <ns3:hr>156</ns3:hr>
            <ns3:cad>78</ns3:cad>
          </ns3:TrackPointExtension>
        </extensions>
      </trkpt>
      <trkpt lat="37.75986718945205211639404296875" lon="-122.405015341937541961669921875">
        <ele>69.40000152587890625</ele>
        <time>2025-12-03T15:13:21.000Z</time>
        <extensions>
          <ns3:TrackPointExtension>
            <ns3:atemp>14.0</ns3:atemp>
            <ns3:hr>156</ns3:hr>
            <ns3:cad>77</ns3:cad>
          </ns3:TrackPointExtension>
        </extensions>
      </trkpt>
      <trkpt lat="37.7598899044096469879150390625" lon="-122.4050202034413814544677734375">
        <ele>69.1999969482421875</ele>
        <time>2025-12-03T15:13:22.000Z</time>
        <extensions>
          <ns3:TrackPointExtension>
            <ns3:atemp>14.0</ns3:atemp>
            <ns3:hr>156</ns3:hr>
            <ns3:cad>77</ns3:cad>
          </ns3:TrackPointExtension>
        </extensions>
      </trkpt>
      <trkpt lat="37.75992217473685741424560546875" lon="-122.405021376907825469970703125">
        <ele>69</ele>
        <time>2025-12-03T15:13:23.000Z</time>
        <extensions>
          <ns3:TrackPointExtension>
            <ns3:atemp>14.0</ns3:atemp>
            <ns3:hr>156</ns3:hr>
            <ns3:cad>77</ns3:cad>
          </ns3:TrackPointExtension>
        </extensions>
      </trkpt>
      <trkpt lat="37.75995201431214809417724609375" lon="-122.40503386594355106353759765625">
        <ele>68.59999847412109375</ele>
        <time>2025-12-03T15:13:24.000Z</time>
        <extensions>
          <ns3:TrackPointExtension>
            <ns3:atemp>14.0</ns3:atemp>
            <ns3:hr>156</ns3:hr>
            <ns3:cad>77</ns3:cad>
          </ns3:TrackPointExtension>
        </extensions>
      </trkpt>
      <trkpt lat="37.7599720470607280731201171875" lon="-122.40503688342869281768798828125">
        <ele>68.40000152587890625</ele>
        <time>2025-12-03T15:13:25.000Z</time>
        <extensions>
          <ns3:TrackPointExtension>
            <ns3:atemp>14.0</ns3:atemp>
            <ns3:hr>156</ns3:hr>
            <ns3:cad>79</ns3:cad>
          </ns3:TrackPointExtension>
        </extensions>
      </trkpt>
      <trkpt lat="37.76000515557825565338134765625" lon="-122.40503923036158084869384765625">
        <ele>68</ele>
        <time>2025-12-03T15:13:26.000Z</time>
        <extensions>
          <ns3:TrackPointExtension>
            <ns3:atemp>14.0</ns3:atemp>
            <ns3:hr>155</ns3:hr>
            <ns3:cad>79</ns3:cad>
          </ns3:TrackPointExtension>
        </extensions>
      </trkpt>
      <trkpt lat="37.76003683917224407196044921875" lon="-122.40504677407443523406982421875">
        <ele>67.59999847412109375</ele>
        <time>2025-12-03T15:13:27.000Z</time>
        <extensions>
          <ns3:TrackPointExtension>
            <ns3:atemp>14.0</ns3:atemp>
            <ns3:hr>155</ns3:hr>
            <ns3:cad>80</ns3:cad>
          </ns3:TrackPointExtension>
        </extensions>
      </trkpt>
      <trkpt lat="37.76005863212049007415771484375" lon="-122.4050393141806125640869140625">
        <ele>67.1999969482421875</ele>
        <time>2025-12-03T15:13:28.000Z</time>
        <extensions>
          <ns3:TrackPointExtension>
            <ns3:atemp>14.0</ns3:atemp>
            <ns3:hr>155</ns3:hr>
            <ns3:cad>80</ns3:cad>
          </ns3:TrackPointExtension>
        </extensions>
      </trkpt>
      <trkpt lat="37.76009500958025455474853515625" lon="-122.405026070773601531982421875">
        <ele>66.8000030517578125</ele>
        <time>2025-12-03T15:13:29.000Z</time>
        <extensions>
          <ns3:TrackPointExtension>
            <ns3:atemp>14.0</ns3:atemp>
            <ns3:hr>155</ns3:hr>
            <ns3:cad>80</ns3:cad>
          </ns3:TrackPointExtension>
        </extensions>
      </trkpt>
      <trkpt lat="37.760123424232006072998046875" lon="-122.4050218798220157623291015625">
        <ele>66.40000152587890625</ele>
        <time>2025-12-03T15:13:30.000Z</time>
        <extensions>
          <ns3:TrackPointExtension>
            <ns3:atemp>14.0</ns3:atemp>
            <ns3:hr>155</ns3:hr>
            <ns3:cad>80</ns3:cad>
          </ns3:TrackPointExtension>
        </extensions>
      </trkpt>
      <trkpt lat="37.7601470611989498138427734375" lon="-122.40502229891717433929443359375">
        <ele>66.1999969482421875</ele>
        <time>2025-12-03T15:13:31.000Z</time>
        <extensions>
          <ns3:TrackPointExtension>
            <ns3:atemp>14.0</ns3:atemp>
            <ns3:hr>155</ns3:hr>
            <ns3:cad>80</ns3:cad>
          </ns3:TrackPointExtension>
        </extensions>
      </trkpt>
      <trkpt lat="37.7601748891174793243408203125" lon="-122.40503554232418537139892578125">
        <ele>66</ele>
        <time>2025-12-03T15:13:32.000Z</time>
        <extensions>
          <ns3:TrackPointExtension>
            <ns3:atemp>14.0</ns3:atemp>
            <ns3:hr>155</ns3:hr>
            <ns3:cad>80</ns3:cad>
          </ns3:TrackPointExtension>
        </extensions>
      </trkpt>
      <trkpt lat="37.7602023817598819732666015625" lon="-122.405062615871429443359375">
        <ele>65.59999847412109375</ele>
        <time>2025-12-03T15:13:33.000Z</time>
        <extensions>
          <ns3:TrackPointExtension>
            <ns3:atemp>14.0</ns3:atemp>
            <ns3:hr>155</ns3:hr>
            <ns3:cad>81</ns3:cad>
          </ns3:TrackPointExtension>
        </extensions>
      </trkpt>
      <trkpt lat="37.7602238394320011138916015625" lon="-122.4050748534500598907470703125">
        <ele>65.40000152587890625</ele>
        <time>2025-12-03T15:13:34.000Z</time>
        <extensions>
          <ns3:TrackPointExtension>
            <ns3:atemp>14.0</ns3:atemp>
            <ns3:hr>156</ns3:hr>
            <ns3:cad>81</ns3:cad>
          </ns3:TrackPointExtension>
        </extensions>
      </trkpt>
      <trkpt lat="37.76025091297924518585205078125" lon="-122.40508365444839000701904296875">
        <ele>65</ele>
        <time>2025-12-03T15:13:35.000Z</time>
        <extensions>
          <ns3:TrackPointExtension>
            <ns3:atemp>14.0</ns3:atemp>
            <ns3:hr>155</ns3:hr>
            <ns3:cad>79</ns3:cad>
          </ns3:TrackPointExtension>
        </extensions>
      </trkpt>
      <trkpt lat="37.76028611697256565093994140625" lon="-122.405092455446720123291015625">
        <ele>64.59999847412109375</ele>
        <time>2025-12-03T15:13:36.000Z</time>
        <extensions>
          <ns3:TrackPointExtension>
            <ns3:atemp>14.0</ns3:atemp>
            <ns3:hr>155</ns3:hr>
            <ns3:cad>78</ns3:cad>
          </ns3:TrackPointExtension>
        </extensions>
      </trkpt>
      <trkpt lat="37.760303802788257598876953125" lon="-122.4050808884203433990478515625">
        <ele>64.1999969482421875</ele>
        <time>2025-12-03T15:13:37.000Z</time>
        <extensions>
          <ns3:TrackPointExtension>
            <ns3:atemp>14.0</ns3:atemp>
            <ns3:hr>156</ns3:hr>
            <ns3:cad>78</ns3:cad>
          </ns3:TrackPointExtension>
        </extensions>
      </trkpt>
      <trkpt lat="37.76033406145870685577392578125" lon="-122.4050694890320301055908203125">
        <ele>63.59999847412109375</ele>
        <time>2025-12-03T15:13:38.000Z</time>
        <extensions>
          <ns3:TrackPointExtension>
            <ns3:atemp>14.0</ns3:atemp>
            <ns3:hr>156</ns3:hr>
            <ns3:cad>78</ns3:cad>
          </ns3:TrackPointExtension>
        </extensions>
      </trkpt>
      <trkpt lat="37.7603683434426784515380859375" lon="-122.40506538189947605133056640625">
        <ele>63</ele>
        <time>2025-12-03T15:13:39.000Z</time>
        <extensions>
          <ns3:TrackPointExtension>
            <ns3:atemp>14.0</ns3:atemp>
            <ns3:hr>156</ns3:hr>
            <ns3:cad>78</ns3:cad>
          </ns3:TrackPointExtension>
        </extensions>
      </trkpt>
      <trkpt lat="37.760390974581241607666015625" lon="-122.405057586729526519775390625">
        <ele>62.40000152587890625</ele>
        <time>2025-12-03T15:13:40.000Z</time>
        <extensions>
          <ns3:TrackPointExtension>
            <ns3:atemp>14.0</ns3:atemp>
            <ns3:hr>156</ns3:hr>
            <ns3:cad>79</ns3:cad>
          </ns3:TrackPointExtension>
        </extensions>
      </trkpt>
      <trkpt lat="37.76042140088975429534912109375" lon="-122.40504794754087924957275390625">
        <ele>62</ele>
        <time>2025-12-03T15:13:41.000Z</time>
        <extensions>
          <ns3:TrackPointExtension>
            <ns3:atemp>14.0</ns3:atemp>
            <ns3:hr>156</ns3:hr>
            <ns3:cad>80</ns3:cad>
          </ns3:TrackPointExtension>
        </extensions>
      </trkpt>
      <trkpt lat="37.7604538388550281524658203125" lon="-122.405052222311496734619140625">
        <ele>61.40000152587890625</ele>
        <time>2025-12-03T15:13:42.000Z</time>
        <extensions>
          <ns3:TrackPointExtension>
            <ns3:atemp>14.0</ns3:atemp>
            <ns3:hr>155</ns3:hr>
            <ns3:cad>80</ns3:cad>
          </ns3:TrackPointExtension>
        </extensions>
      </trkpt>
      <trkpt lat="37.76047873310744762420654296875" lon="-122.40506974048912525177001953125">
        <ele>60.799999237060546875</ele>
        <time>2025-12-03T15:13:43.000Z</time>
        <extensions>
          <ns3:TrackPointExtension>
            <ns3:atemp>14.0</ns3:atemp>
            <ns3:hr>155</ns3:hr>
            <ns3:cad>80</ns3:cad>
          </ns3:TrackPointExtension>
        </extensions>
      </trkpt>
      <trkpt lat="37.7605091594159603118896484375" lon="-122.40509304217994213104248046875">
        <ele>60.40000152587890625</ele>
        <time>2025-12-03T15:13:44.000Z</time>
        <extensions>
          <ns3:TrackPointExtension>
            <ns3:atemp>14.0</ns3:atemp>
            <ns3:hr>155</ns3:hr>
            <ns3:cad>79</ns3:cad>
          </ns3:TrackPointExtension>
        </extensions>
      </trkpt>
      <trkpt lat="37.7605448663234710693359375" lon="-122.40511097945272922515869140625">
        <ele>59.799999237060546875</ele>
        <time>2025-12-03T15:13:45.000Z</time>
        <extensions>
          <ns3:TrackPointExtension>
            <ns3:atemp>14.0</ns3:atemp>
            <ns3:hr>155</ns3:hr>
            <ns3:cad>79</ns3:cad>
          </ns3:TrackPointExtension>
        </extensions>
      </trkpt>
      <trkpt lat="37.76057043112814426422119140625" lon="-122.40511064417660236358642578125">
        <ele>59.200000762939453125</ele>
        <time>2025-12-03T15:13:46.000Z</time>
        <extensions>
          <ns3:TrackPointExtension>
            <ns3:atemp>14.0</ns3:atemp>
            <ns3:hr>155</ns3:hr>
            <ns3:cad>79</ns3:cad>
          </ns3:TrackPointExtension>
        </extensions>
      </trkpt>
      <trkpt lat="37.760590799152851104736328125" lon="-122.40509052760899066925048828125">
        <ele>58.59999847412109375</ele>
        <time>2025-12-03T15:13:47.000Z</time>
        <extensions>
          <ns3:TrackPointExtension>
            <ns3:atemp>14.0</ns3:atemp>
            <ns3:hr>155</ns3:hr>
            <ns3:cad>79</ns3:cad>
          </ns3:TrackPointExtension>
        </extensions>
      </trkpt>
      <trkpt lat="37.7606198005378246307373046875" lon="-122.40506990812718868255615234375">
        <ele>58.200000762939453125</ele>
        <time>2025-12-03T15:13:48.000Z</time>
        <extensions>
          <ns3:TrackPointExtension>
            <ns3:atemp>14.0</ns3:atemp>
            <ns3:hr>154</ns3:hr>
            <ns3:cad>79</ns3:cad>
          </ns3:TrackPointExtension>
        </extensions>
      </trkpt>
      <trkpt lat="37.760649137198925018310546875" lon="-122.4050520546734333038330078125">
        <ele>57.40000152587890625</ele>
        <time>2025-12-03T15:13:49.000Z</time>
        <extensions>
          <ns3:TrackPointExtension>
            <ns3:atemp>14.0</ns3:atemp>
            <ns3:hr>154</ns3:hr>
            <ns3:cad>81</ns3:cad>
          </ns3:TrackPointExtension>
        </extensions>
      </trkpt>
      <trkpt lat="37.7606824971735477447509765625" lon="-122.40505389869213104248046875">
        <ele>56.799999237060546875</ele>
        <time>2025-12-03T15:13:50.000Z</time>
        <extensions>
          <ns3:TrackPointExtension>
            <ns3:atemp>14.0</ns3:atemp>
            <ns3:hr>154</ns3:hr>
            <ns3:cad>81</ns3:cad>
          </ns3:TrackPointExtension>
        </extensions>
      </trkpt>
      <trkpt lat="37.7607084810733795166015625" lon="-122.4050647951662540435791015625">
        <ele>56.200000762939453125</ele>
        <time>2025-12-03T15:13:51.000Z</time>
        <extensions>
          <ns3:TrackPointExtension>
            <ns3:atemp>14.0</ns3:atemp>
            <ns3:hr>154</ns3:hr>
            <ns3:cad>81</ns3:cad>
          </ns3:TrackPointExtension>
        </extensions>
      </trkpt>
      <trkpt lat="37.760748378932476043701171875" lon="-122.4050872586667537689208984375">
        <ele>55.799999237060546875</ele>
        <time>2025-12-03T15:13:52.000Z</time>
        <extensions>
          <ns3:TrackPointExtension>
            <ns3:atemp>14.0</ns3:atemp>
            <ns3:hr>154</ns3:hr>
            <ns3:cad>80</ns3:cad>
          </ns3:TrackPointExtension>
        </extensions>
      </trkpt>
      <trkpt lat="37.76077310554683208465576171875" lon="-122.40511600859463214874267578125">
        <ele>55.40000152587890625</ele>
        <time>2025-12-03T15:13:53.000Z</time>
        <extensions>
          <ns3:TrackPointExtension>
            <ns3:atemp>14.0</ns3:atemp>
            <ns3:hr>154</ns3:hr>
            <ns3:cad>80</ns3:cad>
          </ns3:TrackPointExtension>
        </extensions>
      </trkpt>
      <trkpt lat="37.7607954852283000946044921875" lon="-122.4051415733993053436279296875">
        <ele>55</ele>
        <time>2025-12-03T15:13:54.000Z</time>
        <extensions>
          <ns3:TrackPointExtension>
            <ns3:atemp>14.0</ns3:atemp>
            <ns3:hr>154</ns3:hr>
            <ns3:cad>80</ns3:cad>
          </ns3:TrackPointExtension>
        </extensions>
      </trkpt>
      <trkpt lat="37.76080839335918426513671875" lon="-122.4051818065345287322998046875">
        <ele>54.799999237060546875</ele>
        <time>2025-12-03T15:13:55.000Z</time>
        <extensions>
          <ns3:TrackPointExtension>
            <ns3:atemp>14.0</ns3:atemp>
            <ns3:hr>154</ns3:hr>
            <ns3:cad>80</ns3:cad>
          </ns3:TrackPointExtension>
        </extensions>
      </trkpt>
      <trkpt lat="37.76081736199557781219482421875" lon="-122.40520820952951908111572265625">
        <ele>54.59999847412109375</ele>
        <time>2025-12-03T15:13:56.000Z</time>
        <extensions>
          <ns3:TrackPointExtension>
            <ns3:atemp>14.0</ns3:atemp>
            <ns3:hr>154</ns3:hr>
            <ns3:cad>80</ns3:cad>
          </ns3:TrackPointExtension>
        </extensions>
      </trkpt>
      <trkpt lat="37.76082850992679595947265625" lon="-122.405233271420001983642578125">
        <ele>54.40000152587890625</ele>
        <time>2025-12-03T15:13:57.000Z</time>
        <extensions>
          <ns3:TrackPointExtension>
            <ns3:atemp>14.0</ns3:atemp>
            <ns3:hr>154</ns3:hr>
            <ns3:cad>80</ns3:cad>
          </ns3:TrackPointExtension>
        </extensions>
      </trkpt>
      <trkpt lat="37.76083412580192089080810546875" lon="-122.4052619375288486480712890625">
        <ele>54.40000152587890625</ele>
        <time>2025-12-03T15:13:58.000Z</time>
        <extensions>
          <ns3:TrackPointExtension>
            <ns3:atemp>14.0</ns3:atemp>
            <ns3:hr>154</ns3:hr>
            <ns3:cad>80</ns3:cad>
          </ns3:TrackPointExtension>
        </extensions>
      </trkpt>
      <trkpt lat="37.7608363889157772064208984375" lon="-122.4052907712757587432861328125">
        <ele>54.40000152587890625</ele>
        <time>2025-12-03T15:13:59.000Z</time>
        <extensions>
          <ns3:TrackPointExtension>
            <ns3:atemp>14.0</ns3:atemp>
            <ns3:hr>154</ns3:hr>
            <ns3:cad>80</ns3:cad>
          </ns3:TrackPointExtension>
        </extensions>
      </trkpt>
      <trkpt lat="37.76083244942128658294677734375" lon="-122.4053162522614002227783203125">
        <ele>54.40000152587890625</ele>
        <time>2025-12-03T15:14:00.000Z</time>
        <extensions>
          <ns3:TrackPointExtension>
            <ns3:atemp>14.0</ns3:atemp>
            <ns3:hr>155</ns3:hr>
            <ns3:cad>81</ns3:cad>
          </ns3:TrackPointExtension>
        </extensions>
      </trkpt>
      <trkpt lat="37.76082574389874935150146484375" lon="-122.405350618064403533935546875">
        <ele>54.200000762939453125</ele>
        <time>2025-12-03T15:14:01.000Z</time>
        <extensions>
          <ns3:TrackPointExtension>
            <ns3:atemp>14.0</ns3:atemp>
            <ns3:hr>156</ns3:hr>
            <ns3:cad>81</ns3:cad>
          </ns3:TrackPointExtension>
        </extensions>
      </trkpt>
      <trkpt lat="37.76082423515617847442626953125" lon="-122.4053722433745861053466796875">
        <ele>54.200000762939453125</ele>
        <time>2025-12-03T15:14:02.000Z</time>
        <extensions>
          <ns3:TrackPointExtension>
            <ns3:atemp>14.0</ns3:atemp>
            <ns3:hr>158</ns3:hr>
            <ns3:cad>81</ns3:cad>
          </ns3:TrackPointExtension>
        </extensions>
      </trkpt>
      <trkpt lat="37.7608182840049266815185546875" lon="-122.40541440434753894805908203125">
        <ele>54.200000762939453125</ele>
        <time>2025-12-03T15:14:03.000Z</time>
        <extensions>
          <ns3:TrackPointExtension>
            <ns3:atemp>14.0</ns3:atemp>
            <ns3:hr>160</ns3:hr>
            <ns3:cad>82</ns3:cad>
          </ns3:TrackPointExtension>
        </extensions>
      </trkpt>
      <trkpt lat="37.7608169429004192352294921875" lon="-122.405439801514148712158203125">
        <ele>54.200000762939453125</ele>
        <time>2025-12-03T15:14:04.000Z</time>
        <extensions>
          <ns3:TrackPointExtension>
            <ns3:atemp>14.0</ns3:atemp>
            <ns3:hr>160</ns3:hr>
            <ns3:cad>83</ns3:cad>
          </ns3:TrackPointExtension>
        </extensions>
      </trkpt>
      <trkpt lat="37.760814093053340911865234375" lon="-122.40546469576656818389892578125">
        <ele>54.200000762939453125</ele>
        <time>2025-12-03T15:14:05.000Z</time>
        <extensions>
          <ns3:TrackPointExtension>
            <ns3:atemp>14.0</ns3:atemp>
            <ns3:hr>161</ns3:hr>
            <ns3:cad>84</ns3:cad>
          </ns3:TrackPointExtension>
        </extensions>
      </trkpt>
      <trkpt lat="37.7608058787882328033447265625" lon="-122.40549109876155853271484375">
        <ele>54.200000762939453125</ele>
        <time>2025-12-03T15:14:06.000Z</time>
        <extensions>
          <ns3:TrackPointExtension>
            <ns3:atemp>14.0</ns3:atemp>
            <ns3:hr>161</ns3:hr>
            <ns3:cad>84</ns3:cad>
          </ns3:TrackPointExtension>
        </extensions>
      </trkpt>
      <trkpt lat="37.7608021907508373260498046875" lon="-122.4055076949298381805419921875">
        <ele>54.200000762939453125</ele>
        <time>2025-12-03T15:14:07.000Z</time>
        <extensions>
          <ns3:TrackPointExtension>
            <ns3:atemp>14.0</ns3:atemp>
            <ns3:hr>162</ns3:hr>
            <ns3:cad>83</ns3:cad>
          </ns3:TrackPointExtension>
        </extensions>
      </trkpt>
      <trkpt lat="37.7608005143702030181884765625" lon="-122.4055348522961139678955078125">
        <ele>54.200000762939453125</ele>
        <time>2025-12-03T15:14:08.000Z</time>
        <extensions>
          <ns3:TrackPointExtension>
            <ns3:atemp>14.0</ns3:atemp>
            <ns3:hr>163</ns3:hr>
            <ns3:cad>83</ns3:cad>
          </ns3:TrackPointExtension>
        </extensions>
      </trkpt>
      <trkpt lat="37.7607958205044269561767578125" lon="-122.4055613391101360321044921875">
        <ele>54.200000762939453125</ele>
        <time>2025-12-03T15:14:09.000Z</time>
        <extensions>
          <ns3:TrackPointExtension>
            <ns3:atemp>14.0</ns3:atemp>
            <ns3:hr>163</ns3:hr>
            <ns3:cad>83</ns3:cad>
          </ns3:TrackPointExtension>
        </extensions>
      </trkpt>
      <trkpt lat="37.76079623959958553314208984375" lon="-122.40557852201163768768310546875">
        <ele>54</ele>
        <time>2025-12-03T15:14:10.000Z</time>
        <extensions>
          <ns3:TrackPointExtension>
            <ns3:atemp>14.0</ns3:atemp>
            <ns3:hr>163</ns3:hr>
            <ns3:cad>83</ns3:cad>
          </ns3:TrackPointExtension>
        </extensions>
      </trkpt>
      <trkpt lat="37.76079674251377582550048828125" lon="-122.40560383535921573638916015625">
        <ele>54</ele>
        <time>2025-12-03T15:14:11.000Z</time>
        <extensions>
          <ns3:TrackPointExtension>
            <ns3:atemp>14.0</ns3:atemp>
            <ns3:hr>164</ns3:hr>
            <ns3:cad>82</ns3:cad>
          </ns3:TrackPointExtension>
        </extensions>
      </trkpt>
      <trkpt lat="37.76079221628606319427490234375" lon="-122.40562747232615947723388671875">
        <ele>53.799999237060546875</ele>
        <time>2025-12-03T15:14:12.000Z</time>
        <extensions>
          <ns3:TrackPointExtension>
            <ns3:atemp>14.0</ns3:atemp>
            <ns3:hr>164</ns3:hr>
            <ns3:cad>81</ns3:cad>
          </ns3:TrackPointExtension>
        </extensions>
      </trkpt>
      <trkpt lat="37.7607969939708709716796875" lon="-122.4056407995522022247314453125">
        <ele>53.799999237060546875</ele>
        <time>2025-12-03T15:14:13.000Z</time>
        <extensions>
          <ns3:TrackPointExtension>
            <ns3:atemp>14.0</ns3:atemp>
            <ns3:hr>164</ns3:hr>
            <ns3:cad>80</ns3:cad>
          </ns3:TrackPointExtension>
        </extensions>
      </trkpt>
      <trkpt lat="37.760800682008266448974609375" lon="-122.40566971711814403533935546875">
        <ele>53.59999847412109375</ele>
        <time>2025-12-03T15:14:14.000Z</time>
        <extensions>
          <ns3:TrackPointExtension>
            <ns3:atemp>14.0</ns3:atemp>
            <ns3:hr>164</ns3:hr>
            <ns3:cad>80</ns3:cad>
          </ns3:TrackPointExtension>
        </extensions>
      </trkpt>
      <trkpt lat="37.760802693665027618408203125" lon="-122.40570710040628910064697265625">
        <ele>53.40000152587890625</ele>
        <time>2025-12-03T15:14:15.000Z</time>
        <extensions>
          <ns3:TrackPointExtension>
            <ns3:atemp>14.0</ns3:atemp>
            <ns3:hr>164</ns3:hr>
            <ns3:cad>80</ns3:cad>
          </ns3:TrackPointExtension>
        </extensions>
      </trkpt>
      <trkpt lat="37.7608031965792179107666015625" lon="-122.4057376943528652191162109375">
        <ele>53.200000762939453125</ele>
        <time>2025-12-03T15:14:16.000Z</time>
        <extensions>
          <ns3:TrackPointExtension>
            <ns3:atemp>14.0</ns3:atemp>
            <ns3:hr>164</ns3:hr>
            <ns3:cad>79</ns3:cad>
          </ns3:TrackPointExtension>
        </extensions>
      </trkpt>
      <trkpt lat="37.76080034673213958740234375" lon="-122.40576200187206268310546875">
        <ele>52.799999237060546875</ele>
        <time>2025-12-03T15:14:17.000Z</time>
        <extensions>
          <ns3:TrackPointExtension>
            <ns3:atemp>14.0</ns3:atemp>
            <ns3:hr>164</ns3:hr>
            <ns3:cad>79</ns3:cad>
          </ns3:TrackPointExtension>
        </extensions>
      </trkpt>
      <trkpt lat="37.760797999799251556396484375" lon="-122.405783124268054962158203125">
        <ele>52.59999847412109375</ele>
        <time>2025-12-03T15:14:18.000Z</time>
        <extensions>
          <ns3:TrackPointExtension>
            <ns3:atemp>14.0</ns3:atemp>
            <ns3:hr>164</ns3:hr>
            <ns3:cad>78</ns3:cad>
          </ns3:TrackPointExtension>
        </extensions>
      </trkpt>
      <trkpt lat="37.76080445386469364166259765625" lon="-122.40580181591212749481201171875">
        <ele>52.200000762939453125</ele>
        <time>2025-12-03T15:14:19.000Z</time>
        <extensions>
          <ns3:TrackPointExtension>
            <ns3:atemp>14.0</ns3:atemp>
            <ns3:hr>164</ns3:hr>
            <ns3:cad>78</ns3:cad>
          </ns3:TrackPointExtension>
        </extensions>
      </trkpt>
      <trkpt lat="37.76080579496920108795166015625" lon="-122.40584020502865314483642578125">
        <ele>52</ele>
        <time>2025-12-03T15:14:20.000Z</time>
        <extensions>
          <ns3:TrackPointExtension>
            <ns3:atemp>14.0</ns3:atemp>
            <ns3:hr>164</ns3:hr>
            <ns3:cad>78</ns3:cad>
          </ns3:TrackPointExtension>
        </extensions>
      </trkpt>
      <trkpt lat="37.76079322211444377899169921875" lon="-122.4058617465198040008544921875">
        <ele>51.59999847412109375</ele>
        <time>2025-12-03T15:14:21.000Z</time>
        <extensions>
          <ns3:TrackPointExtension>
            <ns3:atemp>14.0</ns3:atemp>
            <ns3:hr>164</ns3:hr>
            <ns3:cad>80</ns3:cad>
          </ns3:TrackPointExtension>
        </extensions>
      </trkpt>
      <trkpt lat="37.76076891459524631500244140625" lon="-122.40586233325302600860595703125">
        <ele>51.40000152587890625</ele>
        <time>2025-12-03T15:14:22.000Z</time>
        <extensions>
          <ns3:TrackPointExtension>
            <ns3:atemp>14.0</ns3:atemp>
            <ns3:hr>164</ns3:hr>
            <ns3:cad>80</ns3:cad>
          </ns3:TrackPointExtension>
        </extensions>
      </trkpt>
      <trkpt lat="37.76076673530042171478271484375" lon="-122.4058446474373340606689453125">
        <ele>51.200000762939453125</ele>
        <time>2025-12-03T15:14:23.000Z</time>
        <extensions>
          <ns3:TrackPointExtension>
            <ns3:atemp>14.0</ns3:atemp>
            <ns3:hr>164</ns3:hr>
            <ns3:cad>80</ns3:cad>
          </ns3:TrackPointExtension>
        </extensions>
      </trkpt>
      <trkpt lat="37.760769166052341461181640625" lon="-122.405810616910457611083984375">
        <ele>51.200000762939453125</ele>
        <time>2025-12-03T15:14:24.000Z</time>
        <extensions>
          <ns3:TrackPointExtension>
            <ns3:atemp>14.0</ns3:atemp>
            <ns3:hr>164</ns3:hr>
            <ns3:cad>80</ns3:cad>
          </ns3:TrackPointExtension>
        </extensions>
      </trkpt>
      <trkpt lat="37.7607726864516735076904296875" lon="-122.405777089297771453857421875">
        <ele>51.200000762939453125</ele>
        <time>2025-12-03T15:14:25.000Z</time>
        <extensions>
          <ns3:TrackPointExtension>
            <ns3:atemp>14.0</ns3:atemp>
            <ns3:hr>164</ns3:hr>
            <ns3:cad>80</ns3:cad>
          </ns3:TrackPointExtension>
        </extensions>
      </trkpt>
      <trkpt lat="37.76077461428940296173095703125" lon="-122.40572755225002765655517578125">
        <ele>51.59999847412109375</ele>
        <time>2025-12-03T15:14:26.000Z</time>
        <extensions>
          <ns3:TrackPointExtension>
            <ns3:atemp>14.0</ns3:atemp>
            <ns3:hr>163</ns3:hr>
            <ns3:cad>87</ns3:cad>
          </ns3:TrackPointExtension>
        </extensions>
      </trkpt>
      <trkpt lat="37.76077662594616413116455078125" lon="-122.405690252780914306640625">
        <ele>52.200000762939453125</ele>
        <time>2025-12-03T15:14:27.000Z</time>
        <extensions>
          <ns3:TrackPointExtension>
            <ns3:atemp>14.0</ns3:atemp>
            <ns3:hr>164</ns3:hr>
            <ns3:cad>87</ns3:cad>
          </ns3:TrackPointExtension>
        </extensions>
      </trkpt>
      <trkpt lat="37.7607773803174495697021484375" lon="-122.4056475050747394561767578125">
        <ele>52.59999847412109375</ele>
        <time>2025-12-03T15:14:28.000Z</time>
        <extensions>
          <ns3:TrackPointExtension>
            <ns3:atemp>14.0</ns3:atemp>
            <ns3:hr>164</ns3:hr>
            <ns3:cad>87</ns3:cad>
          </ns3:TrackPointExtension>
        </extensions>
      </trkpt>
      <trkpt lat="37.76078400202095508575439453125" lon="-122.405615486204624176025390625">
        <ele>53</ele>
        <time>2025-12-03T15:14:29.000Z</time>
        <extensions>
          <ns3:TrackPointExtension>
            <ns3:atemp>14.0</ns3:atemp>
            <ns3:hr>163</ns3:hr>
            <ns3:cad>87</ns3:cad>
          </ns3:TrackPointExtension>
        </extensions>
      </trkpt>
      <trkpt lat="37.76078450493514537811279296875" lon="-122.40556561388075351715087890625">
        <ele>53.200000762939453125</ele>
        <time>2025-12-03T15:14:30.000Z</time>
        <extensions>
          <ns3:TrackPointExtension>
            <ns3:atemp>14.0</ns3:atemp>
            <ns3:hr>163</ns3:hr>
            <ns3:cad>87</ns3:cad>
          </ns3:TrackPointExtension>
        </extensions>
      </trkpt>
      <trkpt lat="37.76078450493514537811279296875" lon="-122.405525632202625274658203125">
        <ele>53.59999847412109375</ele>
        <time>2025-12-03T15:14:31.000Z</time>
        <extensions>
          <ns3:TrackPointExtension>
            <ns3:atemp>14.0</ns3:atemp>
            <ns3:hr>163</ns3:hr>
            <ns3:cad>87</ns3:cad>
          </ns3:TrackPointExtension>
        </extensions>
      </trkpt>
      <trkpt lat="37.760784588754177093505859375" lon="-122.40547173656523227691650390625">
        <ele>53.799999237060546875</ele>
        <time>2025-12-03T15:14:32.000Z</time>
        <extensions>
          <ns3:TrackPointExtension>
            <ns3:atemp>14.0</ns3:atemp>
            <ns3:hr>163</ns3:hr>
            <ns3:cad>87</ns3:cad>
          </ns3:TrackPointExtension>
        </extensions>
      </trkpt>
      <trkpt lat="37.7607817389070987701416015625" lon="-122.4054359458386898040771484375">
        <ele>54</ele>
        <time>2025-12-03T15:14:33.000Z</time>
        <extensions>
          <ns3:TrackPointExtension>
            <ns3:atemp>14.0</ns3:atemp>
            <ns3:hr>164</ns3:hr>
            <ns3:cad>90</ns3:cad>
          </ns3:TrackPointExtension>
        </extensions>
      </trkpt>
      <trkpt lat="37.76078199036419391632080078125" lon="-122.40538205020129680633544921875">
        <ele>54.40000152587890625</ele>
        <time>2025-12-03T15:14:34.000Z</time>
        <extensions>
          <ns3:TrackPointExtension>
            <ns3:atemp>14.0</ns3:atemp>
            <ns3:hr>163</ns3:hr>
            <ns3:cad>90</ns3:cad>
          </ns3:TrackPointExtension>
        </extensions>
      </trkpt>
      <trkpt lat="37.760786600410938262939453125" lon="-122.40534516982734203338623046875">
        <ele>54.40000152587890625</ele>
        <time>2025-12-03T15:14:35.000Z</time>
        <extensions>
          <ns3:TrackPointExtension>
            <ns3:atemp>14.0</ns3:atemp>
            <ns3:hr>164</ns3:hr>
            <ns3:cad>90</ns3:cad>
          </ns3:TrackPointExtension>
        </extensions>
      </trkpt>
      <trkpt lat="37.7607958205044269561767578125" lon="-122.40529395639896392822265625">
        <ele>54.40000152587890625</ele>
        <time>2025-12-03T15:14:36.000Z</time>
        <extensions>
          <ns3:TrackPointExtension>
            <ns3:atemp>14.0</ns3:atemp>
            <ns3:hr>164</ns3:hr>
            <ns3:cad>90</ns3:cad>
          </ns3:TrackPointExtension>
        </extensions>
      </trkpt>
      <trkpt lat="37.76080428622663021087646484375" lon="-122.40524173714220523834228515625">
        <ele>54.40000152587890625</ele>
        <time>2025-12-03T15:14:37.000Z</time>
        <extensions>
          <ns3:TrackPointExtension>
            <ns3:atemp>14.0</ns3:atemp>
            <ns3:hr>164</ns3:hr>
            <ns3:cad>90</ns3:cad>
          </ns3:TrackPointExtension>
        </extensions>
      </trkpt>
      <trkpt lat="37.7608246542513370513916015625" lon="-122.40519681014120578765869140625">
        <ele>54.200000762939453125</ele>
        <time>2025-12-03T15:14:38.000Z</time>
        <extensions>
          <ns3:TrackPointExtension>
            <ns3:atemp>14.0</ns3:atemp>
            <ns3:hr>164</ns3:hr>
            <ns3:cad>90</ns3:cad>
          </ns3:TrackPointExtension>
        </extensions>
      </trkpt>
      <trkpt lat="37.76085206307470798492431640625" lon="-122.405167557299137115478515625">
        <ele>54.200000762939453125</ele>
        <time>2025-12-03T15:14:39.000Z</time>
        <extensions>
          <ns3:TrackPointExtension>
            <ns3:atemp>14.0</ns3:atemp>
            <ns3:hr>164</ns3:hr>
            <ns3:cad>90</ns3:cad>
          </ns3:TrackPointExtension>
        </extensions>
      </trkpt>
      <trkpt lat="37.76088072918355464935302734375" lon="-122.405145429074764251708984375">
        <ele>54</ele>
        <time>2025-12-03T15:14:40.000Z</time>
        <extensions>
          <ns3:TrackPointExtension>
            <ns3:atemp>14.0</ns3:atemp>
            <ns3:hr>165</ns3:hr>
            <ns3:cad>89</ns3:cad>
          </ns3:TrackPointExtension>
        </extensions>
      </trkpt>
      <trkpt lat="37.76092347688972949981689453125" lon="-122.40513294003903865814208984375">
        <ele>54</ele>
        <time>2025-12-03T15:14:41.000Z</time>
        <extensions>
          <ns3:TrackPointExtension>
            <ns3:atemp>14.0</ns3:atemp>
            <ns3:hr>165</ns3:hr>
            <ns3:cad>89</ns3:cad>
          </ns3:TrackPointExtension>
        </extensions>
      </trkpt>
      <trkpt lat="37.76094879023730754852294921875" lon="-122.405121959745883941650390625">
        <ele>53.799999237060546875</ele>
        <time>2025-12-03T15:14:42.000Z</time>
        <extensions>
          <ns3:TrackPointExtension>
            <ns3:atemp>14.0</ns3:atemp>
            <ns3:hr>165</ns3:hr>
            <ns3:cad>89</ns3:cad>
          </ns3:TrackPointExtension>
        </extensions>
      </trkpt>
      <trkpt lat="37.7609860897064208984375" lon="-122.40510729141533374786376953125">
        <ele>53.40000152587890625</ele>
        <time>2025-12-03T15:14:43.000Z</time>
        <extensions>
          <ns3:TrackPointExtension>
            <ns3:atemp>14.0</ns3:atemp>
            <ns3:hr>165</ns3:hr>
            <ns3:cad>87</ns3:cad>
          </ns3:TrackPointExtension>
        </extensions>
      </trkpt>
      <trkpt lat="37.76102573610842227935791015625" lon="-122.4051090516149997711181640625">
        <ele>53.200000762939453125</ele>
        <time>2025-12-03T15:14:44.000Z</time>
        <extensions>
          <ns3:TrackPointExtension>
            <ns3:atemp>14.0</ns3:atemp>
            <ns3:hr>166</ns3:hr>
            <ns3:cad>87</ns3:cad>
          </ns3:TrackPointExtension>
        </extensions>
      </trkpt>
      <trkpt lat="37.761056162416934967041015625" lon="-122.40511315874755382537841796875">
        <ele>52.799999237060546875</ele>
        <time>2025-12-03T15:14:45.000Z</time>
        <extensions>
          <ns3:TrackPointExtension>
            <ns3:atemp>14.0</ns3:atemp>
            <ns3:hr>166</ns3:hr>
            <ns3:cad>85</ns3:cad>
          </ns3:TrackPointExtension>
        </extensions>
      </trkpt>
      <trkpt lat="37.76109145022928714752197265625" lon="-122.40511617623269557952880859375">
        <ele>52.200000762939453125</ele>
        <time>2025-12-03T15:14:46.000Z</time>
        <extensions>
          <ns3:TrackPointExtension>
            <ns3:atemp>14.0</ns3:atemp>
            <ns3:hr>166</ns3:hr>
            <ns3:cad>83</ns3:cad>
          </ns3:TrackPointExtension>
        </extensions>
      </trkpt>
      <trkpt lat="37.76112950406968593597412109375" lon="-122.40512908436357975006103515625">
        <ele>51.799999237060546875</ele>
        <time>2025-12-03T15:14:47.000Z</time>
        <extensions>
          <ns3:TrackPointExtension>
            <ns3:atemp>14.0</ns3:atemp>
            <ns3:hr>166</ns3:hr>
            <ns3:cad>82</ns3:cad>
          </ns3:TrackPointExtension>
        </extensions>
      </trkpt>
      <trkpt lat="37.76115615852177143096923828125" lon="-122.40513562224805355072021484375">
        <ele>51.200000762939453125</ele>
        <time>2025-12-03T15:14:48.000Z</time>
        <extensions>
          <ns3:TrackPointExtension>
            <ns3:atemp>14.0</ns3:atemp>
            <ns3:hr>166</ns3:hr>
            <ns3:cad>82</ns3:cad>
          </ns3:TrackPointExtension>
        </extensions>
      </trkpt>
      <trkpt lat="37.76118884794414043426513671875" lon="-122.40513436496257781982421875">
        <ele>50.799999237060546875</ele>
        <time>2025-12-03T15:14:49.000Z</time>
        <extensions>
          <ns3:TrackPointExtension>
            <ns3:atemp>14.0</ns3:atemp>
            <ns3:hr>167</ns3:hr>
            <ns3:cad>82</ns3:cad>
          </ns3:TrackPointExtension>
        </extensions>
      </trkpt>
      <trkpt lat="37.761211395263671875" lon="-122.40513897500932216644287109375">
        <ele>50.40000152587890625</ele>
        <time>2025-12-03T15:14:50.000Z</time>
        <extensions>
          <ns3:TrackPointExtension>
            <ns3:atemp>14.0</ns3:atemp>
            <ns3:hr>167</ns3:hr>
            <ns3:cad>83</ns3:cad>
          </ns3:TrackPointExtension>
        </extensions>
      </trkpt>
      <trkpt lat="37.7612343616783618927001953125" lon="-122.4051442556083202362060546875">
        <ele>50</ele>
        <time>2025-12-03T15:14:51.000Z</time>
        <extensions>
          <ns3:TrackPointExtension>
            <ns3:atemp>14.0</ns3:atemp>
            <ns3:hr>167</ns3:hr>
            <ns3:cad>82</ns3:cad>
          </ns3:TrackPointExtension>
        </extensions>
      </trkpt>
      <trkpt lat="37.76126344688236713409423828125" lon="-122.4051539786159992218017578125">
        <ele>49.59999847412109375</ele>
        <time>2025-12-03T15:14:52.000Z</time>
        <extensions>
          <ns3:TrackPointExtension>
            <ns3:atemp>14.0</ns3:atemp>
            <ns3:hr>167</ns3:hr>
            <ns3:cad>82</ns3:cad>
          </ns3:TrackPointExtension>
        </extensions>
      </trkpt>
      <trkpt lat="37.761286161839962005615234375" lon="-122.40516294725239276885986328125">
        <ele>49.200000762939453125</ele>
        <time>2025-12-03T15:14:53.000Z</time>
        <extensions>
          <ns3:TrackPointExtension>
            <ns3:atemp>14.0</ns3:atemp>
            <ns3:hr>167</ns3:hr>
            <ns3:cad>81</ns3:cad>
          </ns3:TrackPointExtension>
        </extensions>
      </trkpt>
      <trkpt lat="37.76130669750273227691650390625" lon="-122.40516412071883678436279296875">
        <ele>49</ele>
        <time>2025-12-03T15:14:54.000Z</time>
        <extensions>
          <ns3:TrackPointExtension>
            <ns3:atemp>14.0</ns3:atemp>
            <ns3:hr>166</ns3:hr>
            <ns3:cad>81</ns3:cad>
          </ns3:TrackPointExtension>
        </extensions>
      </trkpt>
      <trkpt lat="37.7613369561731815338134765625" lon="-122.4051707424223423004150390625">
        <ele>48.59999847412109375</ele>
        <time>2025-12-03T15:14:55.000Z</time>
        <extensions>
          <ns3:TrackPointExtension>
            <ns3:atemp>14.0</ns3:atemp>
            <ns3:hr>167</ns3:hr>
            <ns3:cad>81</ns3:cad>
          </ns3:TrackPointExtension>
        </extensions>
      </trkpt>
      <trkpt lat="37.76135958731174468994140625" lon="-122.40518474020063877105712890625">
        <ele>48.40000152587890625</ele>
        <time>2025-12-03T15:14:56.000Z</time>
        <extensions>
          <ns3:TrackPointExtension>
            <ns3:atemp>14.0</ns3:atemp>
            <ns3:hr>166</ns3:hr>
            <ns3:cad>80</ns3:cad>
          </ns3:TrackPointExtension>
        </extensions>
      </trkpt>
      <trkpt lat="37.7613755129277706146240234375" lon="-122.40518088452517986297607421875">
        <ele>48</ele>
        <time>2025-12-03T15:14:57.000Z</time>
        <extensions>
          <ns3:TrackPointExtension>
            <ns3:atemp>14.0</ns3:atemp>
            <ns3:hr>166</ns3:hr>
            <ns3:cad>79</ns3:cad>
          </ns3:TrackPointExtension>
        </extensions>
      </trkpt>
      <trkpt lat="37.7613949589431285858154296875" lon="-122.40517937578260898590087890625">
        <ele>47.799999237060546875</ele>
        <time>2025-12-03T15:14:58.000Z</time>
        <extensions>
          <ns3:TrackPointExtension>
            <ns3:atemp>14.0</ns3:atemp>
            <ns3:hr>166</ns3:hr>
            <ns3:cad>77</ns3:cad>
          </ns3:TrackPointExtension>
        </extensions>
      </trkpt>
      <trkpt lat="37.761417590081691741943359375" lon="-122.40519463084638118743896484375">
        <ele>47.59999847412109375</ele>
        <time>2025-12-03T15:14:59.000Z</time>
        <extensions>
          <ns3:TrackPointExtension>
            <ns3:atemp>14.0</ns3:atemp>
            <ns3:hr>166</ns3:hr>
            <ns3:cad>77</ns3:cad>
          </ns3:TrackPointExtension>
        </extensions>
      </trkpt>
      <trkpt lat="37.76143343187868595123291015625" lon="-122.40519479848444461822509765625">
        <ele>47.200000762939453125</ele>
        <time>2025-12-03T15:15:00.000Z</time>
        <extensions>
          <ns3:TrackPointExtension>
            <ns3:atemp>14.0</ns3:atemp>
            <ns3:hr>166</ns3:hr>
            <ns3:cad>79</ns3:cad>
          </ns3:TrackPointExtension>
        </extensions>
      </trkpt>
      <trkpt lat="37.76144986040890216827392578125" lon="-122.4051968939602375030517578125">
        <ele>47</ele>
        <time>2025-12-03T15:15:01.000Z</time>
        <extensions>
          <ns3:TrackPointExtension>
            <ns3:atemp>14.0</ns3:atemp>
            <ns3:hr>166</ns3:hr>
            <ns3:cad>79</ns3:cad>
          </ns3:TrackPointExtension>
        </extensions>
      </trkpt>
      <trkpt lat="37.761474587023258209228515625" lon="-122.405205108225345611572265625">
        <ele>46.799999237060546875</ele>
        <time>2025-12-03T15:15:02.000Z</time>
        <extensions>
          <ns3:TrackPointExtension>
            <ns3:atemp>14.0</ns3:atemp>
            <ns3:hr>166</ns3:hr>
            <ns3:cad>79</ns3:cad>
          </ns3:TrackPointExtension>
        </extensions>
      </trkpt>
      <trkpt lat="37.76149411685764789581298828125" lon="-122.40521625615656375885009765625">
        <ele>46.40000152587890625</ele>
        <time>2025-12-03T15:15:03.000Z</time>
        <extensions>
          <ns3:TrackPointExtension>
            <ns3:atemp>14.0</ns3:atemp>
            <ns3:hr>166</ns3:hr>
            <ns3:cad>79</ns3:cad>
          </ns3:TrackPointExtension>
        </extensions>
      </trkpt>
      <trkpt lat="37.76151021011173725128173828125" lon="-122.40521390922367572784423828125">
        <ele>46</ele>
        <time>2025-12-03T15:15:04.000Z</time>
        <extensions>
          <ns3:TrackPointExtension>
            <ns3:atemp>14.0</ns3:atemp>
            <ns3:hr>165</ns3:hr>
            <ns3:cad>79</ns3:cad>
          </ns3:TrackPointExtension>
        </extensions>
      </trkpt>
      <trkpt lat="37.76153133250772953033447265625" lon="-122.405211813747882843017578125">
        <ele>45.799999237060546875</ele>
        <time>2025-12-03T15:15:05.000Z</time>
        <extensions>
          <ns3:TrackPointExtension>
            <ns3:atemp>14.0</ns3:atemp>
            <ns3:hr>165</ns3:hr>
            <ns3:cad>78</ns3:cad>
          </ns3:TrackPointExtension>
        </extensions>
      </trkpt>
      <trkpt lat="37.76155496947467327117919921875" lon="-122.40521726198494434356689453125">
        <ele>45.59999847412109375</ele>
        <time>2025-12-03T15:15:06.000Z</time>
        <extensions>
          <ns3:TrackPointExtension>
            <ns3:atemp>14.0</ns3:atemp>
            <ns3:hr>165</ns3:hr>
            <ns3:cad>78</ns3:cad>
          </ns3:TrackPointExtension>
        </extensions>
      </trkpt>
      <trkpt lat="37.76157106272876262664794921875" lon="-122.4052114784717559814453125">
        <ele>45.200000762939453125</ele>
        <time>2025-12-03T15:15:07.000Z</time>
        <extensions>
          <ns3:TrackPointExtension>
            <ns3:atemp>14.0</ns3:atemp>
            <ns3:hr>165</ns3:hr>
            <ns3:cad>77</ns3:cad>
          </ns3:TrackPointExtension>
        </extensions>
      </trkpt>
      <trkpt lat="37.76159201748669147491455078125" lon="-122.40521013736724853515625">
        <ele>45</ele>
        <time>2025-12-03T15:15:08.000Z</time>
        <extensions>
          <ns3:TrackPointExtension>
            <ns3:atemp>14.0</ns3:atemp>
            <ns3:hr>165</ns3:hr>
            <ns3:cad>76</ns3:cad>
          </ns3:TrackPointExtension>
        </extensions>
      </trkpt>
      <trkpt lat="37.76161783374845981597900390625" lon="-122.40521826781332492828369140625">
        <ele>44.799999237060546875</ele>
        <time>2025-12-03T15:15:09.000Z</time>
        <extensions>
          <ns3:TrackPointExtension>
            <ns3:atemp>14.0</ns3:atemp>
            <ns3:hr>165</ns3:hr>
            <ns3:cad>76</ns3:cad>
          </ns3:TrackPointExtension>
        </extensions>
      </trkpt>
      <trkpt lat="37.76163459755480289459228515625" lon="-122.405221201479434967041015625">
        <ele>44.40000152587890625</ele>
        <time>2025-12-03T15:15:10.000Z</time>
        <extensions>
          <ns3:TrackPointExtension>
            <ns3:atemp>14.0</ns3:atemp>
            <ns3:hr>165</ns3:hr>
            <ns3:cad>76</ns3:cad>
          </ns3:TrackPointExtension>
        </extensions>
      </trkpt>
      <trkpt lat="37.7616527862846851348876953125" lon="-122.405221201479434967041015625">
        <ele>44</ele>
        <time>2025-12-03T15:15:11.000Z</time>
        <extensions>
          <ns3:TrackPointExtension>
            <ns3:atemp>14.0</ns3:atemp>
            <ns3:hr>165</ns3:hr>
            <ns3:cad>77</ns3:cad>
          </ns3:TrackPointExtension>
        </extensions>
      </trkpt>
      <trkpt lat="37.7616759203374385833740234375" lon="-122.40521893836557865142822265625">
        <ele>43.799999237060546875</ele>
        <time>2025-12-03T15:15:12.000Z</time>
        <extensions>
          <ns3:TrackPointExtension>
            <ns3:atemp>14.0</ns3:atemp>
            <ns3:hr>165</ns3:hr>
            <ns3:cad>77</ns3:cad>
          </ns3:TrackPointExtension>
        </extensions>
      </trkpt>
      <trkpt lat="37.76169486343860626220703125" lon="-122.40522916428744792938232421875">
        <ele>43.59999847412109375</ele>
        <time>2025-12-03T15:15:13.000Z</time>
        <extensions>
          <ns3:TrackPointExtension>
            <ns3:atemp>14.0</ns3:atemp>
            <ns3:hr>164</ns3:hr>
            <ns3:cad>77</ns3:cad>
          </ns3:TrackPointExtension>
        </extensions>
      </trkpt>
      <trkpt lat="37.7617104537785053253173828125" lon="-122.40522866137325763702392578125">
        <ele>43.40000152587890625</ele>
        <time>2025-12-03T15:15:14.000Z</time>
        <extensions>
          <ns3:TrackPointExtension>
            <ns3:atemp>14.0</ns3:atemp>
            <ns3:hr>164</ns3:hr>
            <ns3:cad>77</ns3:cad>
          </ns3:TrackPointExtension>
        </extensions>
      </trkpt>
      <trkpt lat="37.761724032461643218994140625" lon="-122.40522983483970165252685546875">
        <ele>43</ele>
        <time>2025-12-03T15:15:15.000Z</time>
        <extensions>
          <ns3:TrackPointExtension>
            <ns3:atemp>14.0</ns3:atemp>
            <ns3:hr>164</ns3:hr>
            <ns3:cad>77</ns3:cad>
          </ns3:TrackPointExtension>
        </extensions>
      </trkpt>
      <trkpt lat="37.7617433108389377593994140625" lon="-122.40523586980998516082763671875">
        <ele>42.799999237060546875</ele>
        <time>2025-12-03T15:15:16.000Z</time>
        <extensions>
          <ns3:TrackPointExtension>
            <ns3:atemp>14.0</ns3:atemp>
            <ns3:hr>164</ns3:hr>
            <ns3:cad>77</ns3:cad>
          </ns3:TrackPointExtension>
        </extensions>
      </trkpt>
      <trkpt lat="37.76176267303526401519775390625" lon="-122.40523494780063629150390625">
        <ele>42.59999847412109375</ele>
        <time>2025-12-03T15:15:17.000Z</time>
        <extensions>
          <ns3:TrackPointExtension>
            <ns3:atemp>14.0</ns3:atemp>
            <ns3:hr>164</ns3:hr>
            <ns3:cad>77</ns3:cad>
          </ns3:TrackPointExtension>
        </extensions>
      </trkpt>
      <trkpt lat="37.76179569773375988006591796875" lon="-122.4052243866026401519775390625">
        <ele>42.200000762939453125</ele>
        <time>2025-12-03T15:15:18.000Z</time>
        <extensions>
          <ns3:TrackPointExtension>
            <ns3:atemp>14.0</ns3:atemp>
            <ns3:hr>164</ns3:hr>
            <ns3:cad>78</ns3:cad>
          </ns3:TrackPointExtension>
        </extensions>
      </trkpt>
      <trkpt lat="37.761840708553791046142578125" lon="-122.40521776489913463592529296875">
        <ele>41.799999237060546875</ele>
        <time>2025-12-03T15:15:19.000Z</time>
        <extensions>
          <ns3:TrackPointExtension>
            <ns3:atemp>14.0</ns3:atemp>
            <ns3:hr>164</ns3:hr>
            <ns3:cad>78</ns3:cad>
          </ns3:TrackPointExtension>
        </extensions>
      </trkpt>
      <trkpt lat="37.7618733979761600494384765625" lon="-122.40521189756691455841064453125">
        <ele>41.40000152587890625</ele>
        <time>2025-12-03T15:15:20.000Z</time>
        <extensions>
          <ns3:TrackPointExtension>
            <ns3:atemp>14.0</ns3:atemp>
            <ns3:hr>164</ns3:hr>
            <ns3:cad>78</ns3:cad>
          </ns3:TrackPointExtension>
        </extensions>
      </trkpt>
      <trkpt lat="37.76191572658717632293701171875" lon="-122.40520569495856761932373046875">
        <ele>41</ele>
        <time>2025-12-03T15:15:21.000Z</time>
        <extensions>
          <ns3:TrackPointExtension>
            <ns3:atemp>14.0</ns3:atemp>
            <ns3:hr>163</ns3:hr>
            <ns3:cad>78</ns3:cad>
          </ns3:TrackPointExtension>
        </extensions>
      </trkpt>
      <trkpt lat="37.76194891892373561859130859375" lon="-122.40519748069345951080322265625">
        <ele>40.59999847412109375</ele>
        <time>2025-12-03T15:15:22.000Z</time>
        <extensions>
          <ns3:TrackPointExtension>
            <ns3:atemp>14.0</ns3:atemp>
            <ns3:hr>163</ns3:hr>
            <ns3:cad>78</ns3:cad>
          </ns3:TrackPointExtension>
        </extensions>
      </trkpt>
      <trkpt lat="37.76199904270470142364501953125" lon="-122.4051739275455474853515625">
        <ele>40.200000762939453125</ele>
        <time>2025-12-03T15:15:23.000Z</time>
        <extensions>
          <ns3:TrackPointExtension>
            <ns3:atemp>14.0</ns3:atemp>
            <ns3:hr>163</ns3:hr>
            <ns3:cad>81</ns3:cad>
          </ns3:TrackPointExtension>
        </extensions>
      </trkpt>
      <trkpt lat="37.76203491725027561187744140625" lon="-122.405148781836032867431640625">
        <ele>39.59999847412109375</ele>
        <time>2025-12-03T15:15:24.000Z</time>
        <extensions>
          <ns3:TrackPointExtension>
            <ns3:atemp>14.0</ns3:atemp>
            <ns3:hr>163</ns3:hr>
            <ns3:cad>83</ns3:cad>
          </ns3:TrackPointExtension>
        </extensions>
      </trkpt>
      <trkpt lat="37.7620651759207248687744140625" lon="-122.4051041901111602783203125">
        <ele>39.200000762939453125</ele>
        <time>2025-12-03T15:15:25.000Z</time>
        <extensions>
          <ns3:TrackPointExtension>
            <ns3:atemp>14.0</ns3:atemp>
            <ns3:hr>163</ns3:hr>
            <ns3:cad>83</ns3:cad>
          </ns3:TrackPointExtension>
        </extensions>
      </trkpt>
      <trkpt lat="37.762070707976818084716796875" lon="-122.40506219677627086639404296875">
        <ele>39</ele>
        <time>2025-12-03T15:15:26.000Z</time>
        <extensions>
          <ns3:TrackPointExtension>
            <ns3:atemp>14.0</ns3:atemp>
            <ns3:hr>162</ns3:hr>
            <ns3:cad>88</ns3:cad>
          </ns3:TrackPointExtension>
        </extensions>
      </trkpt>
      <trkpt lat="37.762074060738086700439453125" lon="-122.40500788204371929168701171875">
        <ele>38.799999237060546875</ele>
        <time>2025-12-03T15:15:27.000Z</time>
        <extensions>
          <ns3:TrackPointExtension>
            <ns3:atemp>14.0</ns3:atemp>
            <ns3:hr>163</ns3:hr>
            <ns3:cad>90</ns3:cad>
          </ns3:TrackPointExtension>
        </extensions>
      </trkpt>
      <trkpt lat="37.7620718814432621002197265625" lon="-122.40496379323303699493408203125">
        <ele>39</ele>
        <time>2025-12-03T15:15:28.000Z</time>
        <extensions>
          <ns3:TrackPointExtension>
            <ns3:atemp>14.0</ns3:atemp>
            <ns3:hr>162</ns3:hr>
            <ns3:cad>91</ns3:cad>
          </ns3:TrackPointExtension>
        </extensions>
      </trkpt>
      <trkpt lat="37.76207112707197666168212890625" lon="-122.40491903387010097503662109375">
        <ele>39.40000152587890625</ele>
        <time>2025-12-03T15:15:29.000Z</time>
        <extensions>
          <ns3:TrackPointExtension>
            <ns3:atemp>14.0</ns3:atemp>
            <ns3:hr>162</ns3:hr>
            <ns3:cad>92</ns3:cad>
          </ns3:TrackPointExtension>
        </extensions>
      </trkpt>
      <trkpt lat="37.7620688639581203460693359375" lon="-122.4048693291842937469482421875">
        <ele>39.799999237060546875</ele>
        <time>2025-12-03T15:15:30.000Z</time>
        <extensions>
          <ns3:TrackPointExtension>
            <ns3:atemp>14.0</ns3:atemp>
            <ns3:hr>163</ns3:hr>
            <ns3:cad>93</ns3:cad>
          </ns3:TrackPointExtension>
        </extensions>
      </trkpt>
      <trkpt lat="37.7620678581297397613525390625" lon="-122.40482448600232601165771484375">
        <ele>40.200000762939453125</ele>
        <time>2025-12-03T15:15:31.000Z</time>
        <extensions>
          <ns3:TrackPointExtension>
            <ns3:atemp>14.0</ns3:atemp>
            <ns3:hr>163</ns3:hr>
            <ns3:cad>93</ns3:cad>
          </ns3:TrackPointExtension>
        </extensions>
      </trkpt>
      <trkpt lat="37.76206626556813716888427734375" lon="-122.40477117709815502166748046875">
        <ele>40.40000152587890625</ele>
        <time>2025-12-03T15:15:32.000Z</time>
        <extensions>
          <ns3:TrackPointExtension>
            <ns3:atemp>14.0</ns3:atemp>
            <ns3:hr>163</ns3:hr>
            <ns3:cad>93</ns3:cad>
          </ns3:TrackPointExtension>
        </extensions>
      </trkpt>
      <trkpt lat="37.7620656788349151611328125" lon="-122.40474921651184558868408203125">
        <ele>41</ele>
        <time>2025-12-03T15:15:33.000Z</time>
        <extensions>
          <ns3:TrackPointExtension>
            <ns3:atemp>14.0</ns3:atemp>
            <ns3:hr>163</ns3:hr>
            <ns3:cad>92</ns3:cad>
          </ns3:TrackPointExtension>
        </extensions>
      </trkpt>
      <trkpt lat="37.76206576265394687652587890625" lon="-122.404703199863433837890625">
        <ele>41.59999847412109375</ele>
        <time>2025-12-03T15:15:34.000Z</time>
        <extensions>
          <ns3:TrackPointExtension>
            <ns3:atemp>14.0</ns3:atemp>
            <ns3:hr>163</ns3:hr>
            <ns3:cad>92</ns3:cad>
          </ns3:TrackPointExtension>
        </extensions>
      </trkpt>
      <trkpt lat="37.76206408627331256866455078125" lon="-122.40466824732720851898193359375">
        <ele>42</ele>
        <time>2025-12-03T15:15:35.000Z</time>
        <extensions>
          <ns3:TrackPointExtension>
            <ns3:atemp>14.0</ns3:atemp>
            <ns3:hr>164</ns3:hr>
            <ns3:cad>92</ns3:cad>
          </ns3:TrackPointExtension>
        </extensions>
      </trkpt>
      <trkpt lat="37.76206760667264461517333984375" lon="-122.4046222306787967681884765625">
        <ele>42.200000762939453125</ele>
        <time>2025-12-03T15:15:36.000Z</time>
        <extensions>
          <ns3:TrackPointExtension>
            <ns3:atemp>14.0</ns3:atemp>
            <ns3:hr>164</ns3:hr>
            <ns3:cad>92</ns3:cad>
          </ns3:TrackPointExtension>
        </extensions>
      </trkpt>
      <trkpt lat="37.7620655111968517303466796875" lon="-122.40458610467612743377685546875">
        <ele>42.799999237060546875</ele>
        <time>2025-12-03T15:15:37.000Z</time>
        <extensions>
          <ns3:TrackPointExtension>
            <ns3:atemp>14.0</ns3:atemp>
            <ns3:hr>164</ns3:hr>
            <ns3:cad>94</ns3:cad>
          </ns3:TrackPointExtension>
        </extensions>
      </trkpt>
      <trkpt lat="37.7620718814432621002197265625" lon="-122.4045474641025066375732421875">
        <ele>43.200000762939453125</ele>
        <time>2025-12-03T15:15:38.000Z</time>
        <extensions>
          <ns3:TrackPointExtension>
            <ns3:atemp>14.0</ns3:atemp>
            <ns3:hr>164</ns3:hr>
            <ns3:cad>94</ns3:cad>
          </ns3:TrackPointExtension>
        </extensions>
      </trkpt>
      <trkpt lat="37.76207515038549900054931640625" lon="-122.404505051672458648681640625">
        <ele>43.59999847412109375</ele>
        <time>2025-12-03T15:15:39.000Z</time>
        <extensions>
          <ns3:TrackPointExtension>
            <ns3:atemp>14.0</ns3:atemp>
            <ns3:hr>165</ns3:hr>
            <ns3:cad>94</ns3:cad>
          </ns3:TrackPointExtension>
        </extensions>
      </trkpt>
      <trkpt lat="37.7620782516896724700927734375" lon="-122.4044676683843135833740234375">
        <ele>43.799999237060546875</ele>
        <time>2025-12-03T15:15:40.000Z</time>
        <extensions>
          <ns3:TrackPointExtension>
            <ns3:atemp>14.0</ns3:atemp>
            <ns3:hr>165</ns3:hr>
            <ns3:cad>94</ns3:cad>
          </ns3:TrackPointExtension>
        </extensions>
      </trkpt>
      <trkpt lat="37.7620842866599559783935546875" lon="-122.404421232640743255615234375">
        <ele>44.200000762939453125</ele>
        <time>2025-12-03T15:15:41.000Z</time>
        <extensions>
          <ns3:TrackPointExtension>
            <ns3:atemp>14.0</ns3:atemp>
            <ns3:hr>165</ns3:hr>
            <ns3:cad>94</ns3:cad>
          </ns3:TrackPointExtension>
        </extensions>
      </trkpt>
      <trkpt lat="37.7620732225477695465087890625" lon="-122.40438745357096195220947265625">
        <ele>44.59999847412109375</ele>
        <time>2025-12-03T15:15:42.000Z</time>
        <extensions>
          <ns3:TrackPointExtension>
            <ns3:atemp>14.0</ns3:atemp>
            <ns3:hr>165</ns3:hr>
            <ns3:cad>93</ns3:cad>
          </ns3:TrackPointExtension>
        </extensions>
      </trkpt>
      <trkpt lat="37.7620510943233966827392578125" lon="-122.4043429456651210784912109375">
        <ele>45</ele>
        <time>2025-12-03T15:15:43.000Z</time>
        <extensions>
          <ns3:TrackPointExtension>
            <ns3:atemp>14.0</ns3:atemp>
            <ns3:hr>166</ns3:hr>
            <ns3:cad>93</ns3:cad>
          </ns3:TrackPointExtension>
        </extensions>
      </trkpt>
      <trkpt lat="37.7620246075093746185302734375" lon="-122.4043224938213825225830078125">
        <ele>45.40000152587890625</ele>
        <time>2025-12-03T15:15:44.000Z</time>
        <extensions>
          <ns3:TrackPointExtension>
            <ns3:atemp>14.0</ns3:atemp>
            <ns3:hr>166</ns3:hr>
            <ns3:cad>93</ns3:cad>
          </ns3:TrackPointExtension>
        </extensions>
      </trkpt>
      <trkpt lat="37.762006334960460662841796875" lon="-122.40431184880435466766357421875">
        <ele>45.59999847412109375</ele>
        <time>2025-12-03T15:15:45.000Z</time>
        <extensions>
          <ns3:TrackPointExtension>
            <ns3:atemp>14.0</ns3:atemp>
            <ns3:hr>167</ns3:hr>
            <ns3:cad>93</ns3:cad>
          </ns3:TrackPointExtension>
        </extensions>
      </trkpt>
      <trkpt lat="37.76196819730103015899658203125" lon="-122.4043094180524349212646484375">
        <ele>46</ele>
        <time>2025-12-03T15:15:46.000Z</time>
        <extensions>
          <ns3:TrackPointExtension>
            <ns3:atemp>14.0</ns3:atemp>
            <ns3:hr>168</ns3:hr>
            <ns3:cad>93</ns3:cad>
          </ns3:TrackPointExtension>
        </extensions>
      </trkpt>
      <trkpt lat="37.761941961944103240966796875" lon="-122.40430598147213459014892578125">
        <ele>46.200000762939453125</ele>
        <time>2025-12-03T15:15:47.000Z</time>
        <extensions>
          <ns3:TrackPointExtension>
            <ns3:atemp>14.0</ns3:atemp>
            <ns3:hr>168</ns3:hr>
            <ns3:cad>94</ns3:cad>
          </ns3:TrackPointExtension>
        </extensions>
      </trkpt>
      <trkpt lat="37.76189829222857952117919921875" lon="-122.40430288016796112060546875">
        <ele>46.40000152587890625</ele>
        <time>2025-12-03T15:15:48.000Z</time>
        <extensions>
          <ns3:TrackPointExtension>
            <ns3:atemp>14.0</ns3:atemp>
            <ns3:hr>168</ns3:hr>
            <ns3:cad>94</ns3:cad>
          </ns3:TrackPointExtension>
        </extensions>
      </trkpt>
      <trkpt lat="37.761869542300701141357421875" lon="-122.40430279634892940521240234375">
        <ele>46.799999237060546875</ele>
        <time>2025-12-03T15:15:49.000Z</time>
        <extensions>
          <ns3:TrackPointExtension>
            <ns3:atemp>14.0</ns3:atemp>
            <ns3:hr>169</ns3:hr>
            <ns3:cad>94</ns3:cad>
          </ns3:TrackPointExtension>
        </extensions>
      </trkpt>
      <trkpt lat="37.761832661926746368408203125" lon="-122.40429206751286983489990234375">
        <ele>47.200000762939453125</ele>
        <time>2025-12-03T15:15:50.000Z</time>
        <extensions>
          <ns3:TrackPointExtension>
            <ns3:atemp>14.0</ns3:atemp>
            <ns3:hr>169</ns3:hr>
            <ns3:cad>94</ns3:cad>
          </ns3:TrackPointExtension>
        </extensions>
      </trkpt>
      <trkpt lat="37.7618107013404369354248046875" lon="-122.4042916484177112579345703125">
        <ele>47.799999237060546875</ele>
        <time>2025-12-03T15:15:51.000Z</time>
        <extensions>
          <ns3:TrackPointExtension>
            <ns3:atemp>14.0</ns3:atemp>
            <ns3:hr>170</ns3:hr>
            <ns3:cad>94</ns3:cad>
          </ns3:TrackPointExtension>
        </extensions>
      </trkpt>
      <trkpt lat="37.76179351843893527984619140625" lon="-122.4042779020965099334716796875">
        <ele>48.200000762939453125</ele>
        <time>2025-12-03T15:15:52.000Z</time>
        <extensions>
          <ns3:TrackPointExtension>
            <ns3:atemp>14.0</ns3:atemp>
            <ns3:hr>171</ns3:hr>
            <ns3:cad>94</ns3:cad>
          </ns3:TrackPointExtension>
        </extensions>
      </trkpt>
      <trkpt lat="37.7617989666759967803955078125" lon="-122.4042641557753086090087890625">
        <ele>48.59999847412109375</ele>
        <time>2025-12-03T15:15:53.000Z</time>
        <extensions>
          <ns3:TrackPointExtension>
            <ns3:atemp>14.0</ns3:atemp>
            <ns3:hr>171</ns3:hr>
            <ns3:cad>94</ns3:cad>
          </ns3:TrackPointExtension>
        </extensions>
      </trkpt>
      <trkpt lat="37.761814892292022705078125" lon="-122.4042534269392490386962890625">
        <ele>48.799999237060546875</ele>
        <time>2025-12-03T15:15:54.000Z</time>
        <extensions>
          <ns3:TrackPointExtension>
            <ns3:atemp>14.0</ns3:atemp>
            <ns3:hr>171</ns3:hr>
            <ns3:cad>88</ns3:cad>
          </ns3:TrackPointExtension>
        </extensions>
      </trkpt>
      <trkpt lat="37.76183626614511013031005859375" lon="-122.40424747578799724578857421875">
        <ele>48.799999237060546875</ele>
        <time>2025-12-03T15:15:55.000Z</time>
        <extensions>
          <ns3:TrackPointExtension>
            <ns3:atemp>14.0</ns3:atemp>
            <ns3:hr>172</ns3:hr>
            <ns3:cad>83</ns3:cad>
          </ns3:TrackPointExtension>
        </extensions>
      </trkpt>
      <trkpt lat="37.76185990311205387115478515625" lon="-122.404259629547595977783203125">
        <ele>48.799999237060546875</ele>
        <time>2025-12-03T15:15:56.000Z</time>
        <extensions>
          <ns3:TrackPointExtension>
            <ns3:atemp>13.0</ns3:atemp>
            <ns3:hr>172</ns3:hr>
            <ns3:cad>82</ns3:cad>
          </ns3:TrackPointExtension>
        </extensions>
      </trkpt>
      <trkpt lat="37.7618797682225704193115234375" lon="-122.404269017279148101806640625">
        <ele>48.59999847412109375</ele>
        <time>2025-12-03T15:15:57.000Z</time>
        <extensions>
          <ns3:TrackPointExtension>
            <ns3:atemp>14.0</ns3:atemp>
            <ns3:hr>172</ns3:hr>
            <ns3:cad>80</ns3:cad>
          </ns3:TrackPointExtension>
        </extensions>
      </trkpt>
      <trkpt lat="37.761899046599864959716796875" lon="-122.40427337586879730224609375">
        <ele>48.40000152587890625</ele>
        <time>2025-12-03T15:15:58.000Z</time>
        <extensions>
          <ns3:TrackPointExtension>
            <ns3:atemp>13.0</ns3:atemp>
            <ns3:hr>172</ns3:hr>
            <ns3:cad>79</ns3:cad>
          </ns3:TrackPointExtension>
        </extensions>
      </trkpt>
      <trkpt lat="37.7619210071861743927001953125" lon="-122.40428385324776172637939453125">
        <ele>48.200000762939453125</ele>
        <time>2025-12-03T15:15:59.000Z</time>
        <extensions>
          <ns3:TrackPointExtension>
            <ns3:atemp>14.0</ns3:atemp>
            <ns3:hr>173</ns3:hr>
            <ns3:cad>78</ns3:cad>
          </ns3:TrackPointExtension>
        </extensions>
      </trkpt>
      <trkpt lat="37.76193969883024692535400390625" lon="-122.4042914807796478271484375">
        <ele>47.799999237060546875</ele>
        <time>2025-12-03T15:16:00.000Z</time>
        <extensions>
          <ns3:TrackPointExtension>
            <ns3:atemp>13.0</ns3:atemp>
            <ns3:hr>173</ns3:hr>
            <ns3:cad>78</ns3:cad>
          </ns3:TrackPointExtension>
        </extensions>
      </trkpt>
      <trkpt lat="37.7619572170078754425048828125" lon="-122.40429156459867954254150390625">
        <ele>47.59999847412109375</ele>
        <time>2025-12-03T15:16:01.000Z</time>
        <extensions>
          <ns3:TrackPointExtension>
            <ns3:atemp>14.0</ns3:atemp>
            <ns3:hr>173</ns3:hr>
            <ns3:cad>79</ns3:cad>
          </ns3:TrackPointExtension>
        </extensions>
      </trkpt>
      <trkpt lat="37.7619810216128826141357421875" lon="-122.40429324097931385040283203125">
        <ele>47.40000152587890625</ele>
        <time>2025-12-03T15:16:02.000Z</time>
        <extensions>
          <ns3:TrackPointExtension>
            <ns3:atemp>14.0</ns3:atemp>
            <ns3:hr>173</ns3:hr>
            <ns3:cad>79</ns3:cad>
          </ns3:TrackPointExtension>
        </extensions>
      </trkpt>
      <trkpt lat="37.76199853979051113128662109375" lon="-122.404293827712535858154296875">
        <ele>47.200000762939453125</ele>
        <time>2025-12-03T15:16:03.000Z</time>
        <extensions>
          <ns3:TrackPointExtension>
            <ns3:atemp>14.0</ns3:atemp>
            <ns3:hr>173</ns3:hr>
            <ns3:cad>79</ns3:cad>
          </ns3:TrackPointExtension>
        </extensions>
      </trkpt>
      <trkpt lat="37.76202217675745487213134765625" lon="-122.404295839369297027587890625">
        <ele>47</ele>
        <time>2025-12-03T15:16:04.000Z</time>
        <extensions>
          <ns3:TrackPointExtension>
            <ns3:atemp>14.0</ns3:atemp>
            <ns3:hr>173</ns3:hr>
            <ns3:cad>79</ns3:cad>
          </ns3:TrackPointExtension>
        </extensions>
      </trkpt>
      <trkpt lat="37.76204598136246204376220703125" lon="-122.404317297041416168212890625">
        <ele>46.59999847412109375</ele>
        <time>2025-12-03T15:16:05.000Z</time>
        <extensions>
          <ns3:TrackPointExtension>
            <ns3:atemp>14.0</ns3:atemp>
            <ns3:hr>173</ns3:hr>
            <ns3:cad>79</ns3:cad>
          </ns3:TrackPointExtension>
        </extensions>
      </trkpt>
      <trkpt lat="37.7620641700923442840576171875" lon="-122.4043302051723003387451171875">
        <ele>46.40000152587890625</ele>
        <time>2025-12-03T15:16:06.000Z</time>
        <extensions>
          <ns3:TrackPointExtension>
            <ns3:atemp>13.0</ns3:atemp>
            <ns3:hr>173</ns3:hr>
            <ns3:cad>80</ns3:cad>
          </ns3:TrackPointExtension>
        </extensions>
      </trkpt>
      <trkpt lat="37.76208571158349514007568359375" lon="-122.404360212385654449462890625">
        <ele>46.200000762939453125</ele>
        <time>2025-12-03T15:16:07.000Z</time>
        <extensions>
          <ns3:TrackPointExtension>
            <ns3:atemp>14.0</ns3:atemp>
            <ns3:hr>172</ns3:hr>
            <ns3:cad>80</ns3:cad>
          </ns3:TrackPointExtension>
        </extensions>
      </trkpt>
      <trkpt lat="37.7620966918766498565673828125" lon="-122.4043865315616130828857421875">
        <ele>46</ele>
        <time>2025-12-03T15:16:08.000Z</time>
        <extensions>
          <ns3:TrackPointExtension>
            <ns3:atemp>13.0</ns3:atemp>
            <ns3:hr>173</ns3:hr>
            <ns3:cad>81</ns3:cad>
          </ns3:TrackPointExtension>
        </extensions>
      </trkpt>
      <trkpt lat="37.76210431940853595733642578125" lon="-122.404404468834400177001953125">
        <ele>46</ele>
        <time>2025-12-03T15:16:09.000Z</time>
        <extensions>
          <ns3:TrackPointExtension>
            <ns3:atemp>13.0</ns3:atemp>
            <ns3:hr>172</ns3:hr>
            <ns3:cad>81</ns3:cad>
          </ns3:TrackPointExtension>
        </extensions>
      </trkpt>
      <trkpt lat="37.7621084265410900115966796875" lon="-122.4044317938387393951416015625">
        <ele>45.799999237060546875</ele>
        <time>2025-12-03T15:16:10.000Z</time>
        <extensions>
          <ns3:TrackPointExtension>
            <ns3:atemp>14.0</ns3:atemp>
            <ns3:hr>172</ns3:hr>
            <ns3:cad>82</ns3:cad>
          </ns3:TrackPointExtension>
        </extensions>
      </trkpt>
      <trkpt lat="37.7621080912649631500244140625" lon="-122.40445937030017375946044921875">
        <ele>45.799999237060546875</ele>
        <time>2025-12-03T15:16:11.000Z</time>
        <extensions>
          <ns3:TrackPointExtension>
            <ns3:atemp>13.0</ns3:atemp>
            <ns3:hr>172</ns3:hr>
            <ns3:cad>82</ns3:cad>
          </ns3:TrackPointExtension>
        </extensions>
      </trkpt>
      <trkpt lat="37.76211638934910297393798828125" lon="-122.4044773913919925689697265625">
        <ele>45.799999237060546875</ele>
        <time>2025-12-03T15:16:12.000Z</time>
        <extensions>
          <ns3:TrackPointExtension>
            <ns3:atemp>14.0</ns3:atemp>
            <ns3:hr>172</ns3:hr>
            <ns3:cad>82</ns3:cad>
          </ns3:TrackPointExtension>
        </extensions>
      </trkpt>
      <trkpt lat="37.76212041266262531280517578125" lon="-122.404500357806682586669921875">
        <ele>45.59999847412109375</ele>
        <time>2025-12-03T15:16:13.000Z</time>
        <extensions>
          <ns3:TrackPointExtension>
            <ns3:atemp>13.0</ns3:atemp>
            <ns3:hr>172</ns3:hr>
            <ns3:cad>81</ns3:cad>
          </ns3:TrackPointExtension>
        </extensions>
      </trkpt>
      <trkpt lat="37.76211488060653209686279296875" lon="-122.40452860482037067413330078125">
        <ele>45.40000152587890625</ele>
        <time>2025-12-03T15:16:14.000Z</time>
        <extensions>
          <ns3:TrackPointExtension>
            <ns3:atemp>13.0</ns3:atemp>
            <ns3:hr>172</ns3:hr>
            <ns3:cad>79</ns3:cad>
          </ns3:TrackPointExtension>
        </extensions>
      </trkpt>
      <trkpt lat="37.76210733689367771148681640625" lon="-122.40455877967178821563720703125">
        <ele>45.200000762939453125</ele>
        <time>2025-12-03T15:16:15.000Z</time>
        <extensions>
          <ns3:TrackPointExtension>
            <ns3:atemp>13.0</ns3:atemp>
            <ns3:hr>172</ns3:hr>
            <ns3:cad>78</ns3:cad>
          </ns3:TrackPointExtension>
        </extensions>
      </trkpt>
      <trkpt lat="37.76210800744593143463134765625" lon="-122.40458409301936626434326171875">
        <ele>44.799999237060546875</ele>
        <time>2025-12-03T15:16:16.000Z</time>
        <extensions>
          <ns3:TrackPointExtension>
            <ns3:atemp>14.0</ns3:atemp>
            <ns3:hr>172</ns3:hr>
            <ns3:cad>77</ns3:cad>
          </ns3:TrackPointExtension>
        </extensions>
      </trkpt>
      <trkpt lat="37.7621064148843288421630859375" lon="-122.40460772998631000518798828125">
        <ele>44.59999847412109375</ele>
        <time>2025-12-03T15:16:17.000Z</time>
        <extensions>
          <ns3:TrackPointExtension>
            <ns3:atemp>14.0</ns3:atemp>
            <ns3:hr>171</ns3:hr>
            <ns3:cad>77</ns3:cad>
          </ns3:TrackPointExtension>
        </extensions>
      </trkpt>
      <trkpt lat="37.762105576694011688232421875" lon="-122.40464360453188419342041015625">
        <ele>44.40000152587890625</ele>
        <time>2025-12-03T15:16:18.000Z</time>
        <extensions>
          <ns3:TrackPointExtension>
            <ns3:atemp>13.0</ns3:atemp>
            <ns3:hr>171</ns3:hr>
            <ns3:cad>77</ns3:cad>
          </ns3:TrackPointExtension>
        </extensions>
      </trkpt>
      <trkpt lat="37.76210649870336055755615234375" lon="-122.40466036833822727203369140625">
        <ele>44</ele>
        <time>2025-12-03T15:16:19.000Z</time>
        <extensions>
          <ns3:TrackPointExtension>
            <ns3:atemp>13.0</ns3:atemp>
            <ns3:hr>171</ns3:hr>
            <ns3:cad>77</ns3:cad>
          </ns3:TrackPointExtension>
        </extensions>
      </trkpt>
      <trkpt lat="37.76210029609501361846923828125" lon="-122.40468869917094707489013671875">
        <ele>43.799999237060546875</ele>
        <time>2025-12-03T15:16:20.000Z</time>
        <extensions>
          <ns3:TrackPointExtension>
            <ns3:atemp>13.0</ns3:atemp>
            <ns3:hr>171</ns3:hr>
            <ns3:cad>77</ns3:cad>
          </ns3:TrackPointExtension>
        </extensions>
      </trkpt>
      <trkpt lat="37.7620951831340789794921875" lon="-122.4047073908150196075439453125">
        <ele>43.59999847412109375</ele>
        <time>2025-12-03T15:16:21.000Z</time>
        <extensions>
          <ns3:TrackPointExtension>
            <ns3:atemp>13.0</ns3:atemp>
            <ns3:hr>171</ns3:hr>
            <ns3:cad>77</ns3:cad>
          </ns3:TrackPointExtension>
        </extensions>
      </trkpt>
      <trkpt lat="37.76209660805761814117431640625" lon="-122.4047291837632656097412109375">
        <ele>43.40000152587890625</ele>
        <time>2025-12-03T15:16:22.000Z</time>
        <extensions>
          <ns3:TrackPointExtension>
            <ns3:atemp>14.0</ns3:atemp>
            <ns3:hr>171</ns3:hr>
            <ns3:cad>78</ns3:cad>
          </ns3:TrackPointExtension>
        </extensions>
      </trkpt>
      <trkpt lat="37.762097530066967010498046875" lon="-122.404757179319858551025390625">
        <ele>43.200000762939453125</ele>
        <time>2025-12-03T15:16:23.000Z</time>
        <extensions>
          <ns3:TrackPointExtension>
            <ns3:atemp>13.0</ns3:atemp>
            <ns3:hr>171</ns3:hr>
            <ns3:cad>78</ns3:cad>
          </ns3:TrackPointExtension>
        </extensions>
      </trkpt>
      <trkpt lat="37.76209141127765178680419921875" lon="-122.40478944964706897735595703125">
        <ele>43</ele>
        <time>2025-12-03T15:16:24.000Z</time>
        <extensions>
          <ns3:TrackPointExtension>
            <ns3:atemp>13.0</ns3:atemp>
            <ns3:hr>171</ns3:hr>
            <ns3:cad>78</ns3:cad>
          </ns3:TrackPointExtension>
        </extensions>
      </trkpt>
      <trkpt lat="37.76208772324025630950927734375" lon="-122.404816858470439910888671875">
        <ele>42.799999237060546875</ele>
        <time>2025-12-03T15:16:25.000Z</time>
        <extensions>
          <ns3:TrackPointExtension>
            <ns3:atemp>14.0</ns3:atemp>
            <ns3:hr>171</ns3:hr>
            <ns3:cad>78</ns3:cad>
          </ns3:TrackPointExtension>
        </extensions>
      </trkpt>
      <trkpt lat="37.762085460126399993896484375" lon="-122.4048440158367156982421875">
        <ele>42.59999847412109375</ele>
        <time>2025-12-03T15:16:26.000Z</time>
        <extensions>
          <ns3:TrackPointExtension>
            <ns3:atemp>14.0</ns3:atemp>
            <ns3:hr>171</ns3:hr>
            <ns3:cad>78</ns3:cad>
          </ns3:TrackPointExtension>
        </extensions>
      </trkpt>
      <trkpt lat="37.76207447983324527740478515625" lon="-122.40487779490649700164794921875">
        <ele>42.200000762939453125</ele>
        <time>2025-12-03T15:16:27.000Z</time>
        <extensions>
          <ns3:TrackPointExtension>
            <ns3:atemp>13.0</ns3:atemp>
            <ns3:hr>170</ns3:hr>
            <ns3:cad>78</ns3:cad>
          </ns3:TrackPointExtension>
        </extensions>
      </trkpt>
      <trkpt lat="37.762071378529071807861328125" lon="-122.40490235388278961181640625">
        <ele>41.799999237060546875</ele>
        <time>2025-12-03T15:16:28.000Z</time>
        <extensions>
          <ns3:TrackPointExtension>
            <ns3:atemp>13.0</ns3:atemp>
            <ns3:hr>170</ns3:hr>
            <ns3:cad>78</ns3:cad>
          </ns3:TrackPointExtension>
        </extensions>
      </trkpt>
      <trkpt lat="37.76206693612039089202880859375" lon="-122.40492540411651134490966796875">
        <ele>41.59999847412109375</ele>
        <time>2025-12-03T15:16:29.000Z</time>
        <extensions>
          <ns3:TrackPointExtension>
            <ns3:atemp>14.0</ns3:atemp>
            <ns3:hr>170</ns3:hr>
            <ns3:cad>78</ns3:cad>
          </ns3:TrackPointExtension>
        </extensions>
      </trkpt>
      <trkpt lat="37.7620601467788219451904296875" lon="-122.40495356731116771697998046875">
        <ele>41.200000762939453125</ele>
        <time>2025-12-03T15:16:30.000Z</time>
        <extensions>
          <ns3:TrackPointExtension>
            <ns3:atemp>14.0</ns3:atemp>
            <ns3:hr>170</ns3:hr>
            <ns3:cad>77</ns3:cad>
          </ns3:TrackPointExtension>
        </extensions>
      </trkpt>
      <trkpt lat="37.76205696165561676025390625" lon="-122.40498013794422149658203125">
        <ele>41</ele>
        <time>2025-12-03T15:16:31.000Z</time>
        <extensions>
          <ns3:TrackPointExtension>
            <ns3:atemp>13.0</ns3:atemp>
            <ns3:hr>170</ns3:hr>
            <ns3:cad>77</ns3:cad>
          </ns3:TrackPointExtension>
        </extensions>
      </trkpt>
      <trkpt lat="37.76205486617982387542724609375" lon="-122.40500737912952899932861328125">
        <ele>40.59999847412109375</ele>
        <time>2025-12-03T15:16:32.000Z</time>
        <extensions>
          <ns3:TrackPointExtension>
            <ns3:atemp>14.0</ns3:atemp>
            <ns3:hr>170</ns3:hr>
            <ns3:cad>78</ns3:cad>
          </ns3:TrackPointExtension>
        </extensions>
      </trkpt>
      <trkpt lat="37.76204514317214488983154296875" lon="-122.40504677407443523406982421875">
        <ele>40.40000152587890625</ele>
        <time>2025-12-03T15:16:33.000Z</time>
        <extensions>
          <ns3:TrackPointExtension>
            <ns3:atemp>13.0</ns3:atemp>
            <ns3:hr>170</ns3:hr>
            <ns3:cad>78</ns3:cad>
          </ns3:TrackPointExtension>
        </extensions>
      </trkpt>
      <trkpt lat="37.76204749010503292083740234375" lon="-122.40507778711616992950439453125">
        <ele>40.200000762939453125</ele>
        <time>2025-12-03T15:16:34.000Z</time>
        <extensions>
          <ns3:TrackPointExtension>
            <ns3:atemp>13.0</ns3:atemp>
            <ns3:hr>169</ns3:hr>
            <ns3:cad>79</ns3:cad>
          </ns3:TrackPointExtension>
        </extensions>
      </trkpt>
      <trkpt lat="37.76204681955277919769287109375" lon="-122.40511684678494930267333984375">
        <ele>39.799999237060546875</ele>
        <time>2025-12-03T15:16:35.000Z</time>
        <extensions>
          <ns3:TrackPointExtension>
            <ns3:atemp>14.0</ns3:atemp>
            <ns3:hr>169</ns3:hr>
            <ns3:cad>79</ns3:cad>
          </ns3:TrackPointExtension>
        </extensions>
      </trkpt>
      <trkpt lat="37.762036509811878204345703125" lon="-122.40515221841633319854736328125">
        <ele>39.40000152587890625</ele>
        <time>2025-12-03T15:16:36.000Z</time>
        <extensions>
          <ns3:TrackPointExtension>
            <ns3:atemp>14.0</ns3:atemp>
            <ns3:hr>169</ns3:hr>
            <ns3:cad>80</ns3:cad>
          </ns3:TrackPointExtension>
        </extensions>
      </trkpt>
      <trkpt lat="37.76203558780252933502197265625" lon="-122.4051784537732601165771484375">
        <ele>39.40000152587890625</ele>
        <time>2025-12-03T15:16:37.000Z</time>
        <extensions>
          <ns3:TrackPointExtension>
            <ns3:atemp>13.0</ns3:atemp>
            <ns3:hr>169</ns3:hr>
            <ns3:cad>80</ns3:cad>
          </ns3:TrackPointExtension>
        </extensions>
      </trkpt>
      <trkpt lat="37.76202745735645294189453125" lon="-122.40521877072751522064208984375">
        <ele>39.200000762939453125</ele>
        <time>2025-12-03T15:16:38.000Z</time>
        <extensions>
          <ns3:TrackPointExtension>
            <ns3:atemp>14.0</ns3:atemp>
            <ns3:hr>169</ns3:hr>
            <ns3:cad>80</ns3:cad>
          </ns3:TrackPointExtension>
        </extensions>
      </trkpt>
      <trkpt lat="37.76202150620520114898681640625" lon="-122.40524274297058582305908203125">
        <ele>39.200000762939453125</ele>
        <time>2025-12-03T15:16:39.000Z</time>
        <extensions>
          <ns3:TrackPointExtension>
            <ns3:atemp>13.0</ns3:atemp>
            <ns3:hr>169</ns3:hr>
            <ns3:cad>82</ns3:cad>
          </ns3:TrackPointExtension>
        </extensions>
      </trkpt>
      <trkpt lat="37.76201345957815647125244140625" lon="-122.405276186764240264892578125">
        <ele>39.40000152587890625</ele>
        <time>2025-12-03T15:16:40.000Z</time>
        <extensions>
          <ns3:TrackPointExtension>
            <ns3:atemp>13.0</ns3:atemp>
            <ns3:hr>169</ns3:hr>
            <ns3:cad>83</ns3:cad>
          </ns3:TrackPointExtension>
        </extensions>
      </trkpt>
      <trkpt lat="37.76200273074209690093994140625" lon="-122.40530359558761119842529296875">
        <ele>39.40000152587890625</ele>
        <time>2025-12-03T15:16:41.000Z</time>
        <extensions>
          <ns3:TrackPointExtension>
            <ns3:atemp>14.0</ns3:atemp>
            <ns3:hr>169</ns3:hr>
            <ns3:cad>84</ns3:cad>
          </ns3:TrackPointExtension>
        </extensions>
      </trkpt>
      <trkpt lat="37.76200155727565288543701171875" lon="-122.40533025003969669342041015625">
        <ele>39.40000152587890625</ele>
        <time>2025-12-03T15:16:42.000Z</time>
        <extensions>
          <ns3:TrackPointExtension>
            <ns3:atemp>13.0</ns3:atemp>
            <ns3:hr>169</ns3:hr>
            <ns3:cad>84</ns3:cad>
          </ns3:TrackPointExtension>
        </extensions>
      </trkpt>
      <trkpt lat="37.76200558058917522430419921875" lon="-122.40536369383335113525390625">
        <ele>39.200000762939453125</ele>
        <time>2025-12-03T15:16:43.000Z</time>
        <extensions>
          <ns3:TrackPointExtension>
            <ns3:atemp>13.0</ns3:atemp>
            <ns3:hr>168</ns3:hr>
            <ns3:cad>84</ns3:cad>
          </ns3:TrackPointExtension>
        </extensions>
      </trkpt>
      <trkpt lat="37.762014381587505340576171875" lon="-122.40538137964904308319091796875">
        <ele>39.200000762939453125</ele>
        <time>2025-12-03T15:16:44.000Z</time>
        <extensions>
          <ns3:TrackPointExtension>
            <ns3:atemp>14.0</ns3:atemp>
            <ns3:hr>168</ns3:hr>
            <ns3:cad>84</ns3:cad>
          </ns3:TrackPointExtension>
        </extensions>
      </trkpt>
      <trkpt lat="37.762026451528072357177734375" lon="-122.4054084531962871551513671875">
        <ele>39.200000762939453125</ele>
        <time>2025-12-03T15:16:45.000Z</time>
        <extensions>
          <ns3:TrackPointExtension>
            <ns3:atemp>13.0</ns3:atemp>
            <ns3:hr>168</ns3:hr>
            <ns3:cad>84</ns3:cad>
          </ns3:TrackPointExtension>
        </extensions>
      </trkpt>
      <trkpt lat="37.7620370127260684967041015625" lon="-122.4054366163909435272216796875">
        <ele>39.200000762939453125</ele>
        <time>2025-12-03T15:16:46.000Z</time>
        <extensions>
          <ns3:TrackPointExtension>
            <ns3:atemp>14.0</ns3:atemp>
            <ns3:hr>168</ns3:hr>
            <ns3:cad>85</ns3:cad>
          </ns3:TrackPointExtension>
        </extensions>
      </trkpt>
      <trkpt lat="37.7620484121143817901611328125" lon="-122.40545782260596752166748046875">
        <ele>39.200000762939453125</ele>
        <time>2025-12-03T15:16:47.000Z</time>
        <extensions>
          <ns3:TrackPointExtension>
            <ns3:atemp>14.0</ns3:atemp>
            <ns3:hr>168</ns3:hr>
            <ns3:cad>85</ns3:cad>
          </ns3:TrackPointExtension>
        </extensions>
      </trkpt>
      <trkpt lat="37.7620628289878368377685546875" lon="-122.4054904282093048095703125">
        <ele>39</ele>
        <time>2025-12-03T15:16:48.000Z</time>
        <extensions>
          <ns3:TrackPointExtension>
            <ns3:atemp>13.0</ns3:atemp>
            <ns3:hr>168</ns3:hr>
            <ns3:cad>85</ns3:cad>
          </ns3:TrackPointExtension>
        </extensions>
      </trkpt>
      <trkpt lat="37.76207364164292812347412109375" lon="-122.40550928749144077301025390625">
        <ele>39</ele>
        <time>2025-12-03T15:16:49.000Z</time>
        <extensions>
          <ns3:TrackPointExtension>
            <ns3:atemp>13.0</ns3:atemp>
            <ns3:hr>168</ns3:hr>
            <ns3:cad>85</ns3:cad>
          </ns3:TrackPointExtension>
        </extensions>
      </trkpt>
      <trkpt lat="37.76209074072539806365966796875" lon="-122.40554717369377613067626953125">
        <ele>39</ele>
        <time>2025-12-03T15:16:50.000Z</time>
        <extensions>
          <ns3:TrackPointExtension>
            <ns3:atemp>14.0</ns3:atemp>
            <ns3:hr>168</ns3:hr>
            <ns3:cad>83</ns3:cad>
          </ns3:TrackPointExtension>
        </extensions>
      </trkpt>
      <trkpt lat="37.76209945790469646453857421875" lon="-122.40556829608976840972900390625">
        <ele>38.799999237060546875</ele>
        <time>2025-12-03T15:16:51.000Z</time>
        <extensions>
          <ns3:TrackPointExtension>
            <ns3:atemp>14.0</ns3:atemp>
            <ns3:hr>168</ns3:hr>
            <ns3:cad>83</ns3:cad>
          </ns3:TrackPointExtension>
        </extensions>
      </trkpt>
      <trkpt lat="37.7621137909591197967529296875" lon="-122.40559796802699565887451171875">
        <ele>39</ele>
        <time>2025-12-03T15:16:52.000Z</time>
        <extensions>
          <ns3:TrackPointExtension>
            <ns3:atemp>14.0</ns3:atemp>
            <ns3:hr>168</ns3:hr>
            <ns3:cad>85</ns3:cad>
          </ns3:TrackPointExtension>
        </extensions>
      </trkpt>
      <trkpt lat="37.7621198259294033050537109375" lon="-122.40563149563968181610107421875">
        <ele>39</ele>
        <time>2025-12-03T15:16:53.000Z</time>
        <extensions>
          <ns3:TrackPointExtension>
            <ns3:atemp>13.0</ns3:atemp>
            <ns3:hr>167</ns3:hr>
            <ns3:cad>85</ns3:cad>
          </ns3:TrackPointExtension>
        </extensions>
      </trkpt>
      <trkpt lat="37.7621255256235599517822265625" lon="-122.4056575633585453033447265625">
        <ele>39</ele>
        <time>2025-12-03T15:16:54.000Z</time>
        <extensions>
          <ns3:TrackPointExtension>
            <ns3:atemp>13.0</ns3:atemp>
            <ns3:hr>167</ns3:hr>
            <ns3:cad>85</ns3:cad>
          </ns3:TrackPointExtension>
        </extensions>
      </trkpt>
      <trkpt lat="37.762140445411205291748046875" lon="-122.40569293498992919921875">
        <ele>39.200000762939453125</ele>
        <time>2025-12-03T15:16:55.000Z</time>
        <extensions>
          <ns3:TrackPointExtension>
            <ns3:atemp>14.0</ns3:atemp>
            <ns3:hr>168</ns3:hr>
            <ns3:cad>85</ns3:cad>
          </ns3:TrackPointExtension>
        </extensions>
      </trkpt>
      <trkpt lat="37.7621526829898357391357421875" lon="-122.4057155661284923553466796875">
        <ele>39.200000762939453125</ele>
        <time>2025-12-03T15:16:56.000Z</time>
        <extensions>
          <ns3:TrackPointExtension>
            <ns3:atemp>13.0</ns3:atemp>
            <ns3:hr>168</ns3:hr>
            <ns3:cad>87</ns3:cad>
          </ns3:TrackPointExtension>
        </extensions>
      </trkpt>
      <trkpt lat="37.76216919533908367156982421875" lon="-122.4057467468082904815673828125">
        <ele>39.40000152587890625</ele>
        <time>2025-12-03T15:16:57.000Z</time>
        <extensions>
          <ns3:TrackPointExtension>
            <ns3:atemp>14.0</ns3:atemp>
            <ns3:hr>167</ns3:hr>
            <ns3:cad>87</ns3:cad>
          </ns3:TrackPointExtension>
        </extensions>
      </trkpt>
      <trkpt lat="37.76218126527965068817138671875" lon="-122.40577273070812225341796875">
        <ele>39.40000152587890625</ele>
        <time>2025-12-03T15:16:58.000Z</time>
        <extensions>
          <ns3:TrackPointExtension>
            <ns3:atemp>14.0</ns3:atemp>
            <ns3:hr>167</ns3:hr>
            <ns3:cad>85</ns3:cad>
          </ns3:TrackPointExtension>
        </extensions>
      </trkpt>
      <trkpt lat="37.76219299994409084320068359375" lon="-122.405797876417636871337890625">
        <ele>39.40000152587890625</ele>
        <time>2025-12-03T15:16:59.000Z</time>
        <extensions>
          <ns3:TrackPointExtension>
            <ns3:atemp>13.0</ns3:atemp>
            <ns3:hr>167</ns3:hr>
            <ns3:cad>85</ns3:cad>
          </ns3:TrackPointExtension>
        </extensions>
      </trkpt>
      <trkpt lat="37.76220423169434070587158203125" lon="-122.4058319069445133209228515625">
        <ele>39.200000762939453125</ele>
        <time>2025-12-03T15:17:00.000Z</time>
        <extensions>
          <ns3:TrackPointExtension>
            <ns3:atemp>14.0</ns3:atemp>
            <ns3:hr>167</ns3:hr>
            <ns3:cad>85</ns3:cad>
          </ns3:TrackPointExtension>
        </extensions>
      </trkpt>
      <trkpt lat="37.76221127249300479888916015625" lon="-122.40585411898791790008544921875">
        <ele>39.200000762939453125</ele>
        <time>2025-12-03T15:17:01.000Z</time>
        <extensions>
          <ns3:TrackPointExtension>
            <ns3:atemp>13.0</ns3:atemp>
            <ns3:hr>167</ns3:hr>
            <ns3:cad>85</ns3:cad>
          </ns3:TrackPointExtension>
        </extensions>
      </trkpt>
      <trkpt lat="37.762225605547428131103515625" lon="-122.40588395856320858001708984375">
        <ele>39.200000762939453125</ele>
        <time>2025-12-03T15:17:02.000Z</time>
        <extensions>
          <ns3:TrackPointExtension>
            <ns3:atemp>13.0</ns3:atemp>
            <ns3:hr>167</ns3:hr>
            <ns3:cad>85</ns3:cad>
          </ns3:TrackPointExtension>
        </extensions>
      </trkpt>
      <trkpt lat="37.76223541237413883209228515625" lon="-122.40591446869075298309326171875">
        <ele>39.200000762939453125</ele>
        <time>2025-12-03T15:17:03.000Z</time>
        <extensions>
          <ns3:TrackPointExtension>
            <ns3:atemp>14.0</ns3:atemp>
            <ns3:hr>167</ns3:hr>
            <ns3:cad>85</ns3:cad>
          </ns3:TrackPointExtension>
        </extensions>
      </trkpt>
      <trkpt lat="37.7622453868389129638671875" lon="-122.4059395305812358856201171875">
        <ele>39.200000762939453125</ele>
        <time>2025-12-03T15:17:04.000Z</time>
        <extensions>
          <ns3:TrackPointExtension>
            <ns3:atemp>14.0</ns3:atemp>
            <ns3:hr>167</ns3:hr>
            <ns3:cad>83</ns3:cad>
          </ns3:TrackPointExtension>
        </extensions>
      </trkpt>
      <trkpt lat="37.76225653477013111114501953125" lon="-122.40597414784133434295654296875">
        <ele>39.200000762939453125</ele>
        <time>2025-12-03T15:17:05.000Z</time>
        <extensions>
          <ns3:TrackPointExtension>
            <ns3:atemp>13.0</ns3:atemp>
            <ns3:hr>166</ns3:hr>
            <ns3:cad>83</ns3:cad>
          </ns3:TrackPointExtension>
        </extensions>
      </trkpt>
      <trkpt lat="37.7622623182833194732666015625" lon="-122.40600616671144962310791015625">
        <ele>39</ele>
        <time>2025-12-03T15:17:06.000Z</time>
        <extensions>
          <ns3:TrackPointExtension>
            <ns3:atemp>14.0</ns3:atemp>
            <ns3:hr>167</ns3:hr>
            <ns3:cad>83</ns3:cad>
          </ns3:TrackPointExtension>
        </extensions>
      </trkpt>
      <trkpt lat="37.762268520891666412353515625" lon="-122.40603030659258365631103515625">
        <ele>39</ele>
        <time>2025-12-03T15:17:07.000Z</time>
        <extensions>
          <ns3:TrackPointExtension>
            <ns3:atemp>14.0</ns3:atemp>
            <ns3:hr>167</ns3:hr>
            <ns3:cad>83</ns3:cad>
          </ns3:TrackPointExtension>
        </extensions>
      </trkpt>
      <trkpt lat="37.76227698661386966705322265625" lon="-122.40605427883565425872802734375">
        <ele>38.799999237060546875</ele>
        <time>2025-12-03T15:17:08.000Z</time>
        <extensions>
          <ns3:TrackPointExtension>
            <ns3:atemp>13.0</ns3:atemp>
            <ns3:hr>166</ns3:hr>
            <ns3:cad>83</ns3:cad>
          </ns3:TrackPointExtension>
        </extensions>
      </trkpt>
      <trkpt lat="37.76228570379316806793212890625" lon="-122.406086213886737823486328125">
        <ele>38.59999847412109375</ele>
        <time>2025-12-03T15:17:09.000Z</time>
        <extensions>
          <ns3:TrackPointExtension>
            <ns3:atemp>14.0</ns3:atemp>
            <ns3:hr>166</ns3:hr>
            <ns3:cad>83</ns3:cad>
          </ns3:TrackPointExtension>
        </extensions>
      </trkpt>
      <trkpt lat="37.76229995302855968475341796875" lon="-122.40609987638890743255615234375">
        <ele>38.40000152587890625</ele>
        <time>2025-12-03T15:17:10.000Z</time>
        <extensions>
          <ns3:TrackPointExtension>
            <ns3:atemp>14.0</ns3:atemp>
            <ns3:hr>166</ns3:hr>
            <ns3:cad>83</ns3:cad>
          </ns3:TrackPointExtension>
        </extensions>
      </trkpt>
      <trkpt lat="37.76232250034809112548828125" lon="-122.406105659902095794677734375">
        <ele>38.200000762939453125</ele>
        <time>2025-12-03T15:17:11.000Z</time>
        <extensions>
          <ns3:TrackPointExtension>
            <ns3:atemp>13.0</ns3:atemp>
            <ns3:hr>166</ns3:hr>
            <ns3:cad>78</ns3:cad>
          </ns3:TrackPointExtension>
        </extensions>
      </trkpt>
      <trkpt lat="37.762348316609859466552734375" lon="-122.40610607899725437164306640625">
        <ele>38</ele>
        <time>2025-12-03T15:17:12.000Z</time>
        <extensions>
          <ns3:TrackPointExtension>
            <ns3:atemp>13.0</ns3:atemp>
            <ns3:hr>165</ns3:hr>
            <ns3:cad>77</ns3:cad>
          </ns3:TrackPointExtension>
        </extensions>
      </trkpt>
      <trkpt lat="37.76236834935843944549560546875" lon="-122.40610071457922458648681640625">
        <ele>37.59999847412109375</ele>
        <time>2025-12-03T15:17:13.000Z</time>
        <extensions>
          <ns3:TrackPointExtension>
            <ns3:atemp>13.0</ns3:atemp>
            <ns3:hr>165</ns3:hr>
            <ns3:cad>77</ns3:cad>
          </ns3:TrackPointExtension>
        </extensions>
      </trkpt>
      <trkpt lat="37.7623833529651165008544921875" lon="-122.406084202229976654052734375">
        <ele>37.200000762939453125</ele>
        <time>2025-12-03T15:17:14.000Z</time>
        <extensions>
          <ns3:TrackPointExtension>
            <ns3:atemp>14.0</ns3:atemp>
            <ns3:hr>165</ns3:hr>
            <ns3:cad>78</ns3:cad>
          </ns3:TrackPointExtension>
        </extensions>
      </trkpt>
      <trkpt lat="37.76239785365760326385498046875" lon="-122.4060595594346523284912109375">
        <ele>37</ele>
        <time>2025-12-03T15:17:15.000Z</time>
        <extensions>
          <ns3:TrackPointExtension>
            <ns3:atemp>14.0</ns3:atemp>
            <ns3:hr>165</ns3:hr>
            <ns3:cad>79</ns3:cad>
          </ns3:TrackPointExtension>
        </extensions>
      </trkpt>
      <trkpt lat="37.7624051459133625030517578125" lon="-122.4060337431728839874267578125">
        <ele>36.59999847412109375</ele>
        <time>2025-12-03T15:17:16.000Z</time>
        <extensions>
          <ns3:TrackPointExtension>
            <ns3:atemp>14.0</ns3:atemp>
            <ns3:hr>164</ns3:hr>
            <ns3:cad>79</ns3:cad>
          </ns3:TrackPointExtension>
        </extensions>
      </trkpt>
      <trkpt lat="37.762399613857269287109375" lon="-122.40600616671144962310791015625">
        <ele>36.40000152587890625</ele>
        <time>2025-12-03T15:17:17.000Z</time>
        <extensions>
          <ns3:TrackPointExtension>
            <ns3:atemp>14.0</ns3:atemp>
            <ns3:hr>164</ns3:hr>
            <ns3:cad>79</ns3:cad>
          </ns3:TrackPointExtension>
        </extensions>
      </trkpt>
      <trkpt lat="37.7623860351741313934326171875" lon="-122.40597448311746120452880859375">
        <ele>36</ele>
        <time>2025-12-03T15:17:18.000Z</time>
        <extensions>
          <ns3:TrackPointExtension>
            <ns3:atemp>14.0</ns3:atemp>
            <ns3:hr>164</ns3:hr>
            <ns3:cad>79</ns3:cad>
          </ns3:TrackPointExtension>
        </extensions>
      </trkpt>
      <trkpt lat="37.76236784644424915313720703125" lon="-122.40595956332981586456298828125">
        <ele>35.799999237060546875</ele>
        <time>2025-12-03T15:17:19.000Z</time>
        <extensions>
          <ns3:TrackPointExtension>
            <ns3:atemp>14.0</ns3:atemp>
            <ns3:hr>164</ns3:hr>
            <ns3:cad>79</ns3:cad>
          </ns3:TrackPointExtension>
        </extensions>
      </trkpt>
      <trkpt lat="37.7623501606285572052001953125" lon="-122.40594950504601001739501953125">
        <ele>35.40000152587890625</ele>
        <time>2025-12-03T15:17:20.000Z</time>
        <extensions>
          <ns3:TrackPointExtension>
            <ns3:atemp>14.0</ns3:atemp>
            <ns3:hr>163</ns3:hr>
            <ns3:cad>79</ns3:cad>
          </ns3:TrackPointExtension>
        </extensions>
      </trkpt>
      <trkpt lat="37.7623240090906620025634765625" lon="-122.40594430826604366302490234375">
        <ele>35.200000762939453125</ele>
        <time>2025-12-03T15:17:21.000Z</time>
        <extensions>
          <ns3:TrackPointExtension>
            <ns3:atemp>14.0</ns3:atemp>
            <ns3:hr>163</ns3:hr>
            <ns3:cad>79</ns3:cad>
          </ns3:TrackPointExtension>
        </extensions>
      </trkpt>
      <trkpt lat="37.762308083474636077880859375" lon="-122.40595109760761260986328125">
        <ele>34.799999237060546875</ele>
        <time>2025-12-03T15:17:22.000Z</time>
        <extensions>
          <ns3:TrackPointExtension>
            <ns3:atemp>14.0</ns3:atemp>
            <ns3:hr>163</ns3:hr>
            <ns3:cad>79</ns3:cad>
          </ns3:TrackPointExtension>
        </extensions>
      </trkpt>
      <trkpt lat="37.76229592971503734588623046875" lon="-122.40596056915819644927978515625">
        <ele>34.59999847412109375</ele>
        <time>2025-12-03T15:17:23.000Z</time>
        <extensions>
          <ns3:TrackPointExtension>
            <ns3:atemp>14.0</ns3:atemp>
            <ns3:hr>163</ns3:hr>
            <ns3:cad>79</ns3:cad>
          </ns3:TrackPointExtension>
        </extensions>
      </trkpt>
      <trkpt lat="37.76227824389934539794921875" lon="-122.405984289944171905517578125">
        <ele>34.200000762939453125</ele>
        <time>2025-12-03T15:17:24.000Z</time>
        <extensions>
          <ns3:TrackPointExtension>
            <ns3:atemp>14.0</ns3:atemp>
            <ns3:hr>163</ns3:hr>
            <ns3:cad>79</ns3:cad>
          </ns3:TrackPointExtension>
        </extensions>
      </trkpt>
      <trkpt lat="37.76225754059851169586181640625" lon="-122.40600474178791046142578125">
        <ele>34</ele>
        <time>2025-12-03T15:17:25.000Z</time>
        <extensions>
          <ns3:TrackPointExtension>
            <ns3:atemp>14.0</ns3:atemp>
            <ns3:hr>163</ns3:hr>
            <ns3:cad>79</ns3:cad>
          </ns3:TrackPointExtension>
        </extensions>
      </trkpt>
      <trkpt lat="37.7622489072382450103759765625" lon="-122.406027205288410186767578125">
        <ele>33.59999847412109375</ele>
        <time>2025-12-03T15:17:26.000Z</time>
        <extensions>
          <ns3:TrackPointExtension>
            <ns3:atemp>14.0</ns3:atemp>
            <ns3:hr>163</ns3:hr>
            <ns3:cad>79</ns3:cad>
          </ns3:TrackPointExtension>
        </extensions>
      </trkpt>
      <trkpt lat="37.76223558001220226287841796875" lon="-122.40606383420526981353759765625">
        <ele>33.40000152587890625</ele>
        <time>2025-12-03T15:17:27.000Z</time>
        <extensions>
          <ns3:TrackPointExtension>
            <ns3:atemp>14.0</ns3:atemp>
            <ns3:hr>162</ns3:hr>
            <ns3:cad>78</ns3:cad>
          </ns3:TrackPointExtension>
        </extensions>
      </trkpt>
      <trkpt lat="37.76222317479550838470458984375" lon="-122.40610255859792232513427734375">
        <ele>33</ele>
        <time>2025-12-03T15:17:28.000Z</time>
        <extensions>
          <ns3:TrackPointExtension>
            <ns3:atemp>13.0</ns3:atemp>
            <ns3:hr>162</ns3:hr>
            <ns3:cad>78</ns3:cad>
          </ns3:TrackPointExtension>
        </extensions>
      </trkpt>
      <trkpt lat="37.762220241129398345947265625" lon="-122.40612904541194438934326171875">
        <ele>32.799999237060546875</ele>
        <time>2025-12-03T15:17:29.000Z</time>
        <extensions>
          <ns3:TrackPointExtension>
            <ns3:atemp>14.0</ns3:atemp>
            <ns3:hr>162</ns3:hr>
            <ns3:cad>78</ns3:cad>
          </ns3:TrackPointExtension>
        </extensions>
      </trkpt>
      <trkpt lat="37.7622251026332378387451171875" lon="-122.40616760216653347015380859375">
        <ele>32.59999847412109375</ele>
        <time>2025-12-03T15:17:30.000Z</time>
        <extensions>
          <ns3:TrackPointExtension>
            <ns3:atemp>14.0</ns3:atemp>
            <ns3:hr>162</ns3:hr>
            <ns3:cad>78</ns3:cad>
          </ns3:TrackPointExtension>
        </extensions>
      </trkpt>
      <trkpt lat="37.7622425369918346405029296875" lon="-122.40619593299925327301025390625">
        <ele>32.40000152587890625</ele>
        <time>2025-12-03T15:17:31.000Z</time>
        <extensions>
          <ns3:TrackPointExtension>
            <ns3:atemp>14.0</ns3:atemp>
            <ns3:hr>163</ns3:hr>
            <ns3:cad>78</ns3:cad>
          </ns3:TrackPointExtension>
        </extensions>
      </trkpt>
      <trkpt lat="37.7622589655220508575439453125" lon="-122.4062199890613555908203125">
        <ele>32.40000152587890625</ele>
        <time>2025-12-03T15:17:32.000Z</time>
        <extensions>
          <ns3:TrackPointExtension>
            <ns3:atemp>14.0</ns3:atemp>
            <ns3:hr>162</ns3:hr>
            <ns3:cad>78</ns3:cad>
          </ns3:TrackPointExtension>
        </extensions>
      </trkpt>
      <trkpt lat="37.7622857876121997833251953125" lon="-122.4062409438192844390869140625">
        <ele>32.200000762939453125</ele>
        <time>2025-12-03T15:17:33.000Z</time>
        <extensions>
          <ns3:TrackPointExtension>
            <ns3:atemp>14.0</ns3:atemp>
            <ns3:hr>162</ns3:hr>
            <ns3:cad>80</ns3:cad>
          </ns3:TrackPointExtension>
        </extensions>
      </trkpt>
      <trkpt lat="37.76230397634208202362060546875" lon="-122.40625016391277313232421875">
        <ele>32.200000762939453125</ele>
        <time>2025-12-03T15:17:34.000Z</time>
        <extensions>
          <ns3:TrackPointExtension>
            <ns3:atemp>14.0</ns3:atemp>
            <ns3:hr>162</ns3:hr>
            <ns3:cad>81</ns3:cad>
          </ns3:TrackPointExtension>
        </extensions>
      </trkpt>
      <trkpt lat="37.76233180426061153411865234375" lon="-122.40625393576920032501220703125">
        <ele>32.200000762939453125</ele>
        <time>2025-12-03T15:17:35.000Z</time>
        <extensions>
          <ns3:TrackPointExtension>
            <ns3:atemp>14.0</ns3:atemp>
            <ns3:hr>163</ns3:hr>
            <ns3:cad>81</ns3:cad>
          </ns3:TrackPointExtension>
        </extensions>
      </trkpt>
      <trkpt lat="37.76236214675009250640869140625" lon="-122.40625821053981781005859375">
        <ele>32.40000152587890625</ele>
        <time>2025-12-03T15:17:36.000Z</time>
        <extensions>
          <ns3:TrackPointExtension>
            <ns3:atemp>14.0</ns3:atemp>
            <ns3:hr>162</ns3:hr>
            <ns3:cad>82</ns3:cad>
          </ns3:TrackPointExtension>
        </extensions>
      </trkpt>
      <trkpt lat="37.76238427497446537017822265625" lon="-122.40625645034015178680419921875">
        <ele>32.40000152587890625</ele>
        <time>2025-12-03T15:17:37.000Z</time>
        <extensions>
          <ns3:TrackPointExtension>
            <ns3:atemp>14.0</ns3:atemp>
            <ns3:hr>162</ns3:hr>
            <ns3:cad>83</ns3:cad>
          </ns3:TrackPointExtension>
        </extensions>
      </trkpt>
      <trkpt lat="37.76241771876811981201171875" lon="-122.4062506668269634246826171875">
        <ele>32.40000152587890625</ele>
        <time>2025-12-03T15:17:38.000Z</time>
        <extensions>
          <ns3:TrackPointExtension>
            <ns3:atemp>14.0</ns3:atemp>
            <ns3:hr>162</ns3:hr>
            <ns3:cad>83</ns3:cad>
          </ns3:TrackPointExtension>
        </extensions>
      </trkpt>
      <trkpt lat="37.76243842206895351409912109375" lon="-122.40624287165701389312744140625">
        <ele>32.40000152587890625</ele>
        <time>2025-12-03T15:17:39.000Z</time>
        <extensions>
          <ns3:TrackPointExtension>
            <ns3:atemp>14.0</ns3:atemp>
            <ns3:hr>162</ns3:hr>
            <ns3:cad>82</ns3:cad>
          </ns3:TrackPointExtension>
        </extensions>
      </trkpt>
      <trkpt lat="37.76246557943522930145263671875" lon="-122.406235076487064361572265625">
        <ele>32.59999847412109375</ele>
        <time>2025-12-03T15:17:40.000Z</time>
        <extensions>
          <ns3:TrackPointExtension>
            <ns3:atemp>14.0</ns3:atemp>
            <ns3:hr>162</ns3:hr>
            <ns3:cad>82</ns3:cad>
          </ns3:TrackPointExtension>
        </extensions>
      </trkpt>
      <trkpt lat="37.76249307207763195037841796875" lon="-122.40623834542930126190185546875">
        <ele>32.59999847412109375</ele>
        <time>2025-12-03T15:17:41.000Z</time>
        <extensions>
          <ns3:TrackPointExtension>
            <ns3:atemp>14.0</ns3:atemp>
            <ns3:hr>162</ns3:hr>
            <ns3:cad>82</ns3:cad>
          </ns3:TrackPointExtension>
        </extensions>
      </trkpt>
      <trkpt lat="37.762512266635894775390625" lon="-122.406233735382556915283203125">
        <ele>32.799999237060546875</ele>
        <time>2025-12-03T15:17:42.000Z</time>
        <extensions>
          <ns3:TrackPointExtension>
            <ns3:atemp>14.0</ns3:atemp>
            <ns3:hr>162</ns3:hr>
            <ns3:cad>82</ns3:cad>
          </ns3:TrackPointExtension>
        </extensions>
      </trkpt>
      <trkpt lat="37.76254436932504177093505859375" lon="-122.406229712069034576416015625">
        <ele>32.799999237060546875</ele>
        <time>2025-12-03T15:17:43.000Z</time>
        <extensions>
          <ns3:TrackPointExtension>
            <ns3:atemp>14.0</ns3:atemp>
            <ns3:hr>162</ns3:hr>
            <ns3:cad>84</ns3:cad>
          </ns3:TrackPointExtension>
        </extensions>
      </trkpt>
      <trkpt lat="37.76256683282554149627685546875" lon="-122.4062345735728740692138671875">
        <ele>33</ele>
        <time>2025-12-03T15:17:44.000Z</time>
        <extensions>
          <ns3:TrackPointExtension>
            <ns3:atemp>14.0</ns3:atemp>
            <ns3:hr>162</ns3:hr>
            <ns3:cad>84</ns3:cad>
          </ns3:TrackPointExtension>
        </extensions>
      </trkpt>
      <trkpt lat="37.7625908888876438140869140625" lon="-122.40623247809708118438720703125">
        <ele>33</ele>
        <time>2025-12-03T15:17:45.000Z</time>
        <extensions>
          <ns3:TrackPointExtension>
            <ns3:atemp>14.0</ns3:atemp>
            <ns3:hr>162</ns3:hr>
            <ns3:cad>84</ns3:cad>
          </ns3:TrackPointExtension>
        </extensions>
      </trkpt>
      <trkpt lat="37.7626224048435688018798828125" lon="-122.406233064830303192138671875">
        <ele>33.200000762939453125</ele>
        <time>2025-12-03T15:17:46.000Z</time>
        <extensions>
          <ns3:TrackPointExtension>
            <ns3:atemp>14.0</ns3:atemp>
            <ns3:hr>162</ns3:hr>
            <ns3:cad>83</ns3:cad>
          </ns3:TrackPointExtension>
        </extensions>
      </trkpt>
      <trkpt lat="37.76264545507729053497314453125" lon="-122.406233735382556915283203125">
        <ele>33.200000762939453125</ele>
        <time>2025-12-03T15:17:47.000Z</time>
        <extensions>
          <ns3:TrackPointExtension>
            <ns3:atemp>13.0</ns3:atemp>
            <ns3:hr>161</ns3:hr>
            <ns3:cad>83</ns3:cad>
          </ns3:TrackPointExtension>
        </extensions>
      </trkpt>
      <trkpt lat="37.7626760490238666534423828125" lon="-122.4062328971922397613525390625">
        <ele>33.200000762939453125</ele>
        <time>2025-12-03T15:17:48.000Z</time>
        <extensions>
          <ns3:TrackPointExtension>
            <ns3:atemp>14.0</ns3:atemp>
            <ns3:hr>161</ns3:hr>
            <ns3:cad>84</ns3:cad>
          </ns3:TrackPointExtension>
        </extensions>
      </trkpt>
      <trkpt lat="37.7627025358378887176513671875" lon="-122.40623407065868377685546875">
        <ele>33.40000152587890625</ele>
        <time>2025-12-03T15:17:49.000Z</time>
        <extensions>
          <ns3:TrackPointExtension>
            <ns3:atemp>14.0</ns3:atemp>
            <ns3:hr>161</ns3:hr>
            <ns3:cad>84</ns3:cad>
          </ns3:TrackPointExtension>
        </extensions>
      </trkpt>
      <trkpt lat="37.7627306990325450897216796875" lon="-122.40623147226870059967041015625">
        <ele>33.40000152587890625</ele>
        <time>2025-12-03T15:17:50.000Z</time>
        <extensions>
          <ns3:TrackPointExtension>
            <ns3:atemp>14.0</ns3:atemp>
            <ns3:hr>160</ns3:hr>
            <ns3:cad>84</ns3:cad>
          </ns3:TrackPointExtension>
        </extensions>
      </trkpt>
      <trkpt lat="37.7627642266452312469482421875" lon="-122.40623650141060352325439453125">
        <ele>33.59999847412109375</ele>
        <time>2025-12-03T15:17:51.000Z</time>
        <extensions>
          <ns3:TrackPointExtension>
            <ns3:atemp>14.0</ns3:atemp>
            <ns3:hr>160</ns3:hr>
            <ns3:cad>83</ns3:cad>
          </ns3:TrackPointExtension>
        </extensions>
      </trkpt>
      <trkpt lat="37.7627887018024921417236328125" lon="-122.4062349088490009307861328125">
        <ele>33.59999847412109375</ele>
        <time>2025-12-03T15:17:52.000Z</time>
        <extensions>
          <ns3:TrackPointExtension>
            <ns3:atemp>13.0</ns3:atemp>
            <ns3:hr>160</ns3:hr>
            <ns3:cad>83</ns3:cad>
          </ns3:TrackPointExtension>
        </extensions>
      </trkpt>
      <trkpt lat="37.76281812228262424468994140625" lon="-122.406236417591571807861328125">
        <ele>33.59999847412109375</ele>
        <time>2025-12-03T15:17:53.000Z</time>
        <extensions>
          <ns3:TrackPointExtension>
            <ns3:atemp>14.0</ns3:atemp>
            <ns3:hr>159</ns3:hr>
            <ns3:cad>83</ns3:cad>
          </ns3:TrackPointExtension>
        </extensions>
      </trkpt>
      <trkpt lat="37.76283773593604564666748046875" lon="-122.4062389321625232696533203125">
        <ele>33.59999847412109375</ele>
        <time>2025-12-03T15:17:54.000Z</time>
        <extensions>
          <ns3:TrackPointExtension>
            <ns3:atemp>14.0</ns3:atemp>
            <ns3:hr>159</ns3:hr>
            <ns3:cad>84</ns3:cad>
          </ns3:TrackPointExtension>
        </extensions>
      </trkpt>
      <trkpt lat="37.76286271400749683380126953125" lon="-122.40623733960092067718505859375">
        <ele>33.59999847412109375</ele>
        <time>2025-12-03T15:17:55.000Z</time>
        <extensions>
          <ns3:TrackPointExtension>
            <ns3:atemp>14.0</ns3:atemp>
            <ns3:hr>159</ns3:hr>
            <ns3:cad>84</ns3:cad>
          </ns3:TrackPointExtension>
        </extensions>
      </trkpt>
      <trkpt lat="37.76288970373570919036865234375" lon="-122.4062436260282993316650390625">
        <ele>33.59999847412109375</ele>
        <time>2025-12-03T15:17:56.000Z</time>
        <extensions>
          <ns3:TrackPointExtension>
            <ns3:atemp>13.0</ns3:atemp>
            <ns3:hr>159</ns3:hr>
            <ns3:cad>84</ns3:cad>
          </ns3:TrackPointExtension>
        </extensions>
      </trkpt>
      <trkpt lat="37.76291099376976490020751953125" lon="-122.406238429248332977294921875">
        <ele>33.59999847412109375</ele>
        <time>2025-12-03T15:17:57.000Z</time>
        <extensions>
          <ns3:TrackPointExtension>
            <ns3:atemp>14.0</ns3:atemp>
            <ns3:hr>158</ns3:hr>
            <ns3:cad>84</ns3:cad>
          </ns3:TrackPointExtension>
        </extensions>
      </trkpt>
      <trkpt lat="37.7629452757537364959716796875" lon="-122.4062419496476650238037109375">
        <ele>33.799999237060546875</ele>
        <time>2025-12-03T15:17:58.000Z</time>
        <extensions>
          <ns3:TrackPointExtension>
            <ns3:atemp>13.0</ns3:atemp>
            <ns3:hr>158</ns3:hr>
            <ns3:cad>84</ns3:cad>
          </ns3:TrackPointExtension>
        </extensions>
      </trkpt>
      <trkpt lat="37.76296765543520450592041015625" lon="-122.40624253638088703155517578125">
        <ele>33.799999237060546875</ele>
        <time>2025-12-03T15:17:59.000Z</time>
        <extensions>
          <ns3:TrackPointExtension>
            <ns3:atemp>14.0</ns3:atemp>
            <ns3:hr>158</ns3:hr>
            <ns3:cad>84</ns3:cad>
          </ns3:TrackPointExtension>
        </extensions>
      </trkpt>
      <trkpt lat="37.7629922144114971160888671875" lon="-122.40624940954148769378662109375">
        <ele>33.799999237060546875</ele>
        <time>2025-12-03T15:18:00.000Z</time>
        <extensions>
          <ns3:TrackPointExtension>
            <ns3:atemp>13.0</ns3:atemp>
            <ns3:hr>158</ns3:hr>
            <ns3:cad>84</ns3:cad>
          </ns3:TrackPointExtension>
        </extensions>
      </trkpt>
      <trkpt lat="37.76302129961550235748291015625" lon="-122.4062580429017543792724609375">
        <ele>33.799999237060546875</ele>
        <time>2025-12-03T15:18:01.000Z</time>
        <extensions>
          <ns3:TrackPointExtension>
            <ns3:atemp>13.0</ns3:atemp>
            <ns3:hr>159</ns3:hr>
            <ns3:cad>84</ns3:cad>
          </ns3:TrackPointExtension>
        </extensions>
      </trkpt>
      <trkpt lat="37.76304267346858978271484375" lon="-122.4062587134540081024169921875">
        <ele>33.799999237060546875</ele>
        <time>2025-12-03T15:18:02.000Z</time>
        <extensions>
          <ns3:TrackPointExtension>
            <ns3:atemp>13.0</ns3:atemp>
            <ns3:hr>158</ns3:hr>
            <ns3:cad>84</ns3:cad>
          </ns3:TrackPointExtension>
        </extensions>
      </trkpt>
      <trkpt lat="37.76308131404221057891845703125" lon="-122.40626416169106960296630859375">
        <ele>34</ele>
        <time>2025-12-03T15:18:03.000Z</time>
        <extensions>
          <ns3:TrackPointExtension>
            <ns3:atemp>13.0</ns3:atemp>
            <ns3:hr>158</ns3:hr>
            <ns3:cad>84</ns3:cad>
          </ns3:TrackPointExtension>
        </extensions>
      </trkpt>
      <trkpt lat="37.76309355162084102630615234375" lon="-122.40625997073948383331298828125">
        <ele>34</ele>
        <time>2025-12-03T15:18:04.000Z</time>
        <extensions>
          <ns3:TrackPointExtension>
            <ns3:atemp>13.0</ns3:atemp>
            <ns3:hr>158</ns3:hr>
            <ns3:cad>85</ns3:cad>
          </ns3:TrackPointExtension>
        </extensions>
      </trkpt>
      <trkpt lat="37.7631233073770999908447265625" lon="-122.40625091828405857086181640625">
        <ele>34</ele>
        <time>2025-12-03T15:18:05.000Z</time>
        <extensions>
          <ns3:TrackPointExtension>
            <ns3:atemp>14.0</ns3:atemp>
            <ns3:hr>158</ns3:hr>
            <ns3:cad>85</ns3:cad>
          </ns3:TrackPointExtension>
        </extensions>
      </trkpt>
      <trkpt lat="37.76315289549529552459716796875" lon="-122.40625645034015178680419921875">
        <ele>34</ele>
        <time>2025-12-03T15:18:06.000Z</time>
        <extensions>
          <ns3:TrackPointExtension>
            <ns3:atemp>14.0</ns3:atemp>
            <ns3:hr>158</ns3:hr>
            <ns3:cad>85</ns3:cad>
          </ns3:TrackPointExtension>
        </extensions>
      </trkpt>
      <trkpt lat="37.7631813101470470428466796875" lon="-122.40625209175050258636474609375">
        <ele>34</ele>
        <time>2025-12-03T15:18:07.000Z</time>
        <extensions>
          <ns3:TrackPointExtension>
            <ns3:atemp>13.0</ns3:atemp>
            <ns3:hr>158</ns3:hr>
            <ns3:cad>85</ns3:cad>
          </ns3:TrackPointExtension>
        </extensions>
      </trkpt>
      <trkpt lat="37.76321274228394031524658203125" lon="-122.40625083446502685546875">
        <ele>34</ele>
        <time>2025-12-03T15:18:08.000Z</time>
        <extensions>
          <ns3:TrackPointExtension>
            <ns3:atemp>13.0</ns3:atemp>
            <ns3:hr>159</ns3:hr>
            <ns3:cad>85</ns3:cad>
          </ns3:TrackPointExtension>
        </extensions>
      </trkpt>
      <trkpt lat="37.7632299251854419708251953125" lon="-122.40623398683965206146240234375">
        <ele>34</ele>
        <time>2025-12-03T15:18:09.000Z</time>
        <extensions>
          <ns3:TrackPointExtension>
            <ns3:atemp>13.0</ns3:atemp>
            <ns3:hr>158</ns3:hr>
            <ns3:cad>85</ns3:cad>
          </ns3:TrackPointExtension>
        </extensions>
      </trkpt>
      <trkpt lat="37.76325062848627567291259765625" lon="-122.40620448254048824310302734375">
        <ele>34</ele>
        <time>2025-12-03T15:18:10.000Z</time>
        <extensions>
          <ns3:TrackPointExtension>
            <ns3:atemp>13.0</ns3:atemp>
            <ns3:hr>158</ns3:hr>
            <ns3:cad>85</ns3:cad>
          </ns3:TrackPointExtension>
        </extensions>
      </trkpt>
      <trkpt lat="37.76326085440814495086669921875" lon="-122.40618453361093997955322265625">
        <ele>34</ele>
        <time>2025-12-03T15:18:11.000Z</time>
        <extensions>
          <ns3:TrackPointExtension>
            <ns3:atemp>13.0</ns3:atemp>
            <ns3:hr>158</ns3:hr>
            <ns3:cad>85</ns3:cad>
          </ns3:TrackPointExtension>
        </extensions>
      </trkpt>
      <trkpt lat="37.76326923631131649017333984375" lon="-122.406154610216617584228515625">
        <ele>34</ele>
        <time>2025-12-03T15:18:12.000Z</time>
        <extensions>
          <ns3:TrackPointExtension>
            <ns3:atemp>13.0</ns3:atemp>
            <ns3:hr>158</ns3:hr>
            <ns3:cad>85</ns3:cad>
          </ns3:TrackPointExtension>
        </extensions>
      </trkpt>
      <trkpt lat="37.76327895931899547576904296875" lon="-122.40612141788005828857421875">
        <ele>34.200000762939453125</ele>
        <time>2025-12-03T15:18:13.000Z</time>
        <extensions>
          <ns3:TrackPointExtension>
            <ns3:atemp>13.0</ns3:atemp>
            <ns3:hr>158</ns3:hr>
            <ns3:cad>85</ns3:cad>
          </ns3:TrackPointExtension>
        </extensions>
      </trkpt>
      <trkpt lat="37.76327946223318576812744140625" lon="-122.4060950987040996551513671875">
        <ele>34.200000762939453125</ele>
        <time>2025-12-03T15:18:14.000Z</time>
        <extensions>
          <ns3:TrackPointExtension>
            <ns3:atemp>13.0</ns3:atemp>
            <ns3:hr>158</ns3:hr>
            <ns3:cad>85</ns3:cad>
          </ns3:TrackPointExtension>
        </extensions>
      </trkpt>
      <trkpt lat="37.7632889337837696075439453125" lon="-122.4060555361211299896240234375">
        <ele>34.200000762939453125</ele>
        <time>2025-12-03T15:18:15.000Z</time>
        <extensions>
          <ns3:TrackPointExtension>
            <ns3:atemp>13.0</ns3:atemp>
            <ns3:hr>159</ns3:hr>
            <ns3:cad>85</ns3:cad>
          </ns3:TrackPointExtension>
        </extensions>
      </trkpt>
      <trkpt lat="37.7632916159927845001220703125" lon="-122.40602896548807621002197265625">
        <ele>34.40000152587890625</ele>
        <time>2025-12-03T15:18:16.000Z</time>
        <extensions>
          <ns3:TrackPointExtension>
            <ns3:atemp>13.0</ns3:atemp>
            <ns3:hr>158</ns3:hr>
            <ns3:cad>84</ns3:cad>
          </ns3:TrackPointExtension>
        </extensions>
      </trkpt>
      <trkpt lat="37.7632963098585605621337890625" lon="-122.405998706817626953125">
        <ele>34.40000152587890625</ele>
        <time>2025-12-03T15:18:17.000Z</time>
        <extensions>
          <ns3:TrackPointExtension>
            <ns3:atemp>13.0</ns3:atemp>
            <ns3:hr>158</ns3:hr>
            <ns3:cad>84</ns3:cad>
          </ns3:TrackPointExtension>
        </extensions>
      </trkpt>
      <trkpt lat="37.76330879889428615570068359375" lon="-122.40596610121428966522216796875">
        <ele>34.40000152587890625</ele>
        <time>2025-12-03T15:18:18.000Z</time>
        <extensions>
          <ns3:TrackPointExtension>
            <ns3:atemp>13.0</ns3:atemp>
            <ns3:hr>158</ns3:hr>
            <ns3:cad>84</ns3:cad>
          </ns3:TrackPointExtension>
        </extensions>
      </trkpt>
      <trkpt lat="37.76331433095037937164306640625" lon="-122.4059385247528553009033203125">
        <ele>34.40000152587890625</ele>
        <time>2025-12-03T15:18:19.000Z</time>
        <extensions>
          <ns3:TrackPointExtension>
            <ns3:atemp>13.0</ns3:atemp>
            <ns3:hr>158</ns3:hr>
            <ns3:cad>84</ns3:cad>
          </ns3:TrackPointExtension>
        </extensions>
      </trkpt>
      <trkpt lat="37.76332271285355091094970703125" lon="-122.40590239875018596649169921875">
        <ele>34.40000152587890625</ele>
        <time>2025-12-03T15:18:20.000Z</time>
        <extensions>
          <ns3:TrackPointExtension>
            <ns3:atemp>13.0</ns3:atemp>
            <ns3:hr>158</ns3:hr>
            <ns3:cad>84</ns3:cad>
          </ns3:TrackPointExtension>
        </extensions>
      </trkpt>
      <trkpt lat="37.7633264847099781036376953125" lon="-122.40587406791746616363525390625">
        <ele>34.40000152587890625</ele>
        <time>2025-12-03T15:18:21.000Z</time>
        <extensions>
          <ns3:TrackPointExtension>
            <ns3:atemp>13.0</ns3:atemp>
            <ns3:hr>158</ns3:hr>
            <ns3:cad>84</ns3:cad>
          </ns3:TrackPointExtension>
        </extensions>
      </trkpt>
      <trkpt lat="37.7633316814899444580078125" lon="-122.40584121085703372955322265625">
        <ele>34.40000152587890625</ele>
        <time>2025-12-03T15:18:22.000Z</time>
        <extensions>
          <ns3:TrackPointExtension>
            <ns3:atemp>13.0</ns3:atemp>
            <ns3:hr>158</ns3:hr>
            <ns3:cad>84</ns3:cad>
          </ns3:TrackPointExtension>
        </extensions>
      </trkpt>
      <trkpt lat="37.7633352018892765045166015625" lon="-122.405802905559539794921875">
        <ele>34.40000152587890625</ele>
        <time>2025-12-03T15:18:23.000Z</time>
        <extensions>
          <ns3:TrackPointExtension>
            <ns3:atemp>13.0</ns3:atemp>
            <ns3:hr>158</ns3:hr>
            <ns3:cad>84</ns3:cad>
          </ns3:TrackPointExtension>
        </extensions>
      </trkpt>
      <trkpt lat="37.7633264847099781036376953125" lon="-122.40577935241162776947021484375">
        <ele>34.40000152587890625</ele>
        <time>2025-12-03T15:18:24.000Z</time>
        <extensions>
          <ns3:TrackPointExtension>
            <ns3:atemp>13.0</ns3:atemp>
            <ns3:hr>158</ns3:hr>
            <ns3:cad>84</ns3:cad>
          </ns3:TrackPointExtension>
        </extensions>
      </trkpt>
      <trkpt lat="37.7633130736649036407470703125" lon="-122.40574163384735584259033203125">
        <ele>34.40000152587890625</ele>
        <time>2025-12-03T15:18:25.000Z</time>
        <extensions>
          <ns3:TrackPointExtension>
            <ns3:atemp>13.0</ns3:atemp>
            <ns3:hr>158</ns3:hr>
            <ns3:cad>84</ns3:cad>
          </ns3:TrackPointExtension>
        </extensions>
      </trkpt>
      <trkpt lat="37.76331013999879360198974609375" lon="-122.40571078844368457794189453125">
        <ele>34.40000152587890625</ele>
        <time>2025-12-03T15:18:26.000Z</time>
        <extensions>
          <ns3:TrackPointExtension>
            <ns3:atemp>13.0</ns3:atemp>
            <ns3:hr>158</ns3:hr>
            <ns3:cad>84</ns3:cad>
          </ns3:TrackPointExtension>
        </extensions>
      </trkpt>
      <trkpt lat="37.76330712251365184783935546875" lon="-122.4056760035455226898193359375">
        <ele>34.40000152587890625</ele>
        <time>2025-12-03T15:18:27.000Z</time>
        <extensions>
          <ns3:TrackPointExtension>
            <ns3:atemp>14.0</ns3:atemp>
            <ns3:hr>157</ns3:hr>
            <ns3:cad>84</ns3:cad>
          </ns3:TrackPointExtension>
        </extensions>
      </trkpt>
      <trkpt lat="37.76331625878810882568359375" lon="-122.405640296638011932373046875">
        <ele>34.40000152587890625</ele>
        <time>2025-12-03T15:18:28.000Z</time>
        <extensions>
          <ns3:TrackPointExtension>
            <ns3:atemp>13.0</ns3:atemp>
            <ns3:hr>157</ns3:hr>
            <ns3:cad>84</ns3:cad>
          </ns3:TrackPointExtension>
        </extensions>
      </trkpt>
      <trkpt lat="37.7633236348628997802734375" lon="-122.4056116305291652679443359375">
        <ele>34.40000152587890625</ele>
        <time>2025-12-03T15:18:29.000Z</time>
        <extensions>
          <ns3:TrackPointExtension>
            <ns3:atemp>13.0</ns3:atemp>
            <ns3:hr>157</ns3:hr>
            <ns3:cad>83</ns3:cad>
          </ns3:TrackPointExtension>
        </extensions>
      </trkpt>
      <trkpt lat="37.76334484107792377471923828125" lon="-122.405577264726161956787109375">
        <ele>34.40000152587890625</ele>
        <time>2025-12-03T15:18:30.000Z</time>
        <extensions>
          <ns3:TrackPointExtension>
            <ns3:atemp>13.0</ns3:atemp>
            <ns3:hr>158</ns3:hr>
            <ns3:cad>83</ns3:cad>
          </ns3:TrackPointExtension>
        </extensions>
      </trkpt>
      <trkpt lat="37.76335825212299823760986328125" lon="-122.40555346012115478515625">
        <ele>34.59999847412109375</ele>
        <time>2025-12-03T15:18:31.000Z</time>
        <extensions>
          <ns3:TrackPointExtension>
            <ns3:atemp>13.0</ns3:atemp>
            <ns3:hr>157</ns3:hr>
            <ns3:cad>84</ns3:cad>
          </ns3:TrackPointExtension>
        </extensions>
      </trkpt>
      <trkpt lat="37.76337929069995880126953125" lon="-122.40553594194352626800537109375">
        <ele>34.59999847412109375</ele>
        <time>2025-12-03T15:18:32.000Z</time>
        <extensions>
          <ns3:TrackPointExtension>
            <ns3:atemp>13.0</ns3:atemp>
            <ns3:hr>157</ns3:hr>
            <ns3:cad>85</ns3:cad>
          </ns3:TrackPointExtension>
        </extensions>
      </trkpt>
      <trkpt lat="37.7634039334952831268310546875" lon="-122.40552638657391071319580078125">
        <ele>34.59999847412109375</ele>
        <time>2025-12-03T15:18:33.000Z</time>
        <extensions>
          <ns3:TrackPointExtension>
            <ns3:atemp>13.0</ns3:atemp>
            <ns3:hr>157</ns3:hr>
            <ns3:cad>85</ns3:cad>
          </ns3:TrackPointExtension>
        </extensions>
      </trkpt>
      <trkpt lat="37.763418853282928466796875" lon="-122.40551683120429515838623046875">
        <ele>34.40000152587890625</ele>
        <time>2025-12-03T15:18:34.000Z</time>
        <extensions>
          <ns3:TrackPointExtension>
            <ns3:atemp>13.0</ns3:atemp>
            <ns3:hr>158</ns3:hr>
            <ns3:cad>85</ns3:cad>
          </ns3:TrackPointExtension>
        </extensions>
      </trkpt>
      <trkpt lat="37.76343871839344501495361328125" lon="-122.40550610236823558807373046875">
        <ele>34.40000152587890625</ele>
        <time>2025-12-03T15:18:35.000Z</time>
        <extensions>
          <ns3:TrackPointExtension>
            <ns3:atemp>13.0</ns3:atemp>
            <ns3:hr>157</ns3:hr>
            <ns3:cad>85</ns3:cad>
          </ns3:TrackPointExtension>
        </extensions>
      </trkpt>
      <trkpt lat="37.7634639479219913482666015625" lon="-122.40549889393150806427001953125">
        <ele>34.40000152587890625</ele>
        <time>2025-12-03T15:18:36.000Z</time>
        <extensions>
          <ns3:TrackPointExtension>
            <ns3:atemp>13.0</ns3:atemp>
            <ns3:hr>158</ns3:hr>
            <ns3:cad>84</ns3:cad>
          </ns3:TrackPointExtension>
        </extensions>
      </trkpt>
      <trkpt lat="37.7634833939373493194580078125" lon="-122.4054889194667339324951171875">
        <ele>34.200000762939453125</ele>
        <time>2025-12-03T15:18:37.000Z</time>
        <extensions>
          <ns3:TrackPointExtension>
            <ns3:atemp>13.0</ns3:atemp>
            <ns3:hr>158</ns3:hr>
            <ns3:cad>82</ns3:cad>
          </ns3:TrackPointExtension>
        </extensions>
      </trkpt>
      <trkpt lat="37.7635033428668975830078125" lon="-122.40548112429678440093994140625">
        <ele>34.200000762939453125</ele>
        <time>2025-12-03T15:18:38.000Z</time>
        <extensions>
          <ns3:TrackPointExtension>
            <ns3:atemp>13.0</ns3:atemp>
            <ns3:hr>158</ns3:hr>
            <ns3:cad>80</ns3:cad>
          </ns3:TrackPointExtension>
        </extensions>
      </trkpt>
      <trkpt lat="37.76352815330028533935546875" lon="-122.4054775200784206390380859375">
        <ele>33.799999237060546875</ele>
        <time>2025-12-03T15:18:39.000Z</time>
        <extensions>
          <ns3:TrackPointExtension>
            <ns3:atemp>13.0</ns3:atemp>
            <ns3:hr>159</ns3:hr>
            <ns3:cad>80</ns3:cad>
          </ns3:TrackPointExtension>
        </extensions>
      </trkpt>
      <trkpt lat="37.76354768313467502593994140625" lon="-122.40546955727040767669677734375">
        <ele>33.59999847412109375</ele>
        <time>2025-12-03T15:18:40.000Z</time>
        <extensions>
          <ns3:TrackPointExtension>
            <ns3:atemp>13.0</ns3:atemp>
            <ns3:hr>159</ns3:hr>
            <ns3:cad>79</ns3:cad>
          </ns3:TrackPointExtension>
        </extensions>
      </trkpt>
      <trkpt lat="37.763566710054874420166015625" lon="-122.405460588634014129638671875">
        <ele>33.40000152587890625</ele>
        <time>2025-12-03T15:18:41.000Z</time>
        <extensions>
          <ns3:TrackPointExtension>
            <ns3:atemp>13.0</ns3:atemp>
            <ns3:hr>158</ns3:hr>
            <ns3:cad>79</ns3:cad>
          </ns3:TrackPointExtension>
        </extensions>
      </trkpt>
      <trkpt lat="37.763592191040515899658203125" lon="-122.4054513685405254364013671875">
        <ele>33.200000762939453125</ele>
        <time>2025-12-03T15:18:42.000Z</time>
        <extensions>
          <ns3:TrackPointExtension>
            <ns3:atemp>13.0</ns3:atemp>
            <ns3:hr>158</ns3:hr>
            <ns3:cad>79</ns3:cad>
          </ns3:TrackPointExtension>
        </extensions>
      </trkpt>
      <trkpt lat="37.76361339725553989410400390625" lon="-122.40544281899929046630859375">
        <ele>33</ele>
        <time>2025-12-03T15:18:43.000Z</time>
        <extensions>
          <ns3:TrackPointExtension>
            <ns3:atemp>13.0</ns3:atemp>
            <ns3:hr>158</ns3:hr>
            <ns3:cad>79</ns3:cad>
          </ns3:TrackPointExtension>
        </extensions>
      </trkpt>
      <trkpt lat="37.7636312507092952728271484375" lon="-122.405432760715484619140625">
        <ele>32.799999237060546875</ele>
        <time>2025-12-03T15:18:44.000Z</time>
        <extensions>
          <ns3:TrackPointExtension>
            <ns3:atemp>13.0</ns3:atemp>
            <ns3:hr>158</ns3:hr>
            <ns3:cad>79</ns3:cad>
          </ns3:TrackPointExtension>
        </extensions>
      </trkpt>
      <trkpt lat="37.763655893504619598388671875" lon="-122.40542328916490077972412109375">
        <ele>32.40000152587890625</ele>
        <time>2025-12-03T15:18:45.000Z</time>
        <extensions>
          <ns3:TrackPointExtension>
            <ns3:atemp>13.0</ns3:atemp>
            <ns3:hr>159</ns3:hr>
            <ns3:cad>79</ns3:cad>
          </ns3:TrackPointExtension>
        </extensions>
      </trkpt>
      <trkpt lat="37.76367793790996074676513671875" lon="-122.40541842766106128692626953125">
        <ele>32.200000762939453125</ele>
        <time>2025-12-03T15:18:46.000Z</time>
        <extensions>
          <ns3:TrackPointExtension>
            <ns3:atemp>13.0</ns3:atemp>
            <ns3:hr>158</ns3:hr>
            <ns3:cad>79</ns3:cad>
          </ns3:TrackPointExtension>
        </extensions>
      </trkpt>
      <trkpt lat="37.76369436644017696380615234375" lon="-122.40541063249111175537109375">
        <ele>32</ele>
        <time>2025-12-03T15:18:47.000Z</time>
        <extensions>
          <ns3:TrackPointExtension>
            <ns3:atemp>13.0</ns3:atemp>
            <ns3:hr>158</ns3:hr>
            <ns3:cad>79</ns3:cad>
          </ns3:TrackPointExtension>
        </extensions>
      </trkpt>
      <trkpt lat="37.7637170813977718353271484375" lon="-122.4054014123976230621337890625">
        <ele>31.799999237060546875</ele>
        <time>2025-12-03T15:18:48.000Z</time>
        <extensions>
          <ns3:TrackPointExtension>
            <ns3:atemp>13.0</ns3:atemp>
            <ns3:hr>158</ns3:hr>
            <ns3:cad>79</ns3:cad>
          </ns3:TrackPointExtension>
        </extensions>
      </trkpt>
      <trkpt lat="37.76373828761279582977294921875" lon="-122.40541591309010982513427734375">
        <ele>31.6000003814697265625</ele>
        <time>2025-12-03T15:18:49.000Z</time>
        <extensions>
          <ns3:TrackPointExtension>
            <ns3:atemp>14.0</ns3:atemp>
            <ns3:hr>159</ns3:hr>
            <ns3:cad>79</ns3:cad>
          </ns3:TrackPointExtension>
        </extensions>
      </trkpt>
      <trkpt lat="37.76375119574368000030517578125" lon="-122.405429743230342864990234375">
        <ele>31.3999996185302734375</ele>
        <time>2025-12-03T15:18:50.000Z</time>
        <extensions>
          <ns3:TrackPointExtension>
            <ns3:atemp>13.0</ns3:atemp>
            <ns3:hr>158</ns3:hr>
            <ns3:cad>79</ns3:cad>
          </ns3:TrackPointExtension>
        </extensions>
      </trkpt>
      <trkpt lat="37.76375354267656803131103515625" lon="-122.405464611947536468505859375">
        <ele>31.200000762939453125</ele>
        <time>2025-12-03T15:18:51.000Z</time>
        <extensions>
          <ns3:TrackPointExtension>
            <ns3:atemp>14.0</ns3:atemp>
            <ns3:hr>158</ns3:hr>
            <ns3:cad>79</ns3:cad>
          </ns3:TrackPointExtension>
        </extensions>
      </trkpt>
      <trkpt lat="37.76373711414635181427001953125" lon="-122.40548648871481418609619140625">
        <ele>31</ele>
        <time>2025-12-03T15:18:52.000Z</time>
        <extensions>
          <ns3:TrackPointExtension>
            <ns3:atemp>13.0</ns3:atemp>
            <ns3:hr>158</ns3:hr>
            <ns3:cad>78</ns3:cad>
          </ns3:TrackPointExtension>
        </extensions>
      </trkpt>
      <trkpt lat="37.76372127234935760498046875" lon="-122.405502498149871826171875">
        <ele>31</ele>
        <time>2025-12-03T15:18:53.000Z</time>
        <extensions>
          <ns3:TrackPointExtension>
            <ns3:atemp>13.0</ns3:atemp>
            <ns3:hr>158</ns3:hr>
            <ns3:cad>78</ns3:cad>
          </ns3:TrackPointExtension>
        </extensions>
      </trkpt>
      <trkpt lat="37.76369704864919185638427734375" lon="-122.4055118858814239501953125">
        <ele>30.799999237060546875</ele>
        <time>2025-12-03T15:18:54.000Z</time>
        <extensions>
          <ns3:TrackPointExtension>
            <ns3:atemp>13.0</ns3:atemp>
            <ns3:hr>158</ns3:hr>
            <ns3:cad>79</ns3:cad>
          </ns3:TrackPointExtension>
        </extensions>
      </trkpt>
      <trkpt lat="37.76368330232799053192138671875" lon="-122.4055113829672336578369140625">
        <ele>30.799999237060546875</ele>
        <time>2025-12-03T15:18:55.000Z</time>
        <extensions>
          <ns3:TrackPointExtension>
            <ns3:atemp>14.0</ns3:atemp>
            <ns3:hr>158</ns3:hr>
            <ns3:cad>80</ns3:cad>
          </ns3:TrackPointExtension>
        </extensions>
      </trkpt>
      <trkpt lat="37.763665951788425445556640625" lon="-122.40551398135721683502197265625">
        <ele>31</ele>
        <time>2025-12-03T15:18:56.000Z</time>
        <extensions>
          <ns3:TrackPointExtension>
            <ns3:atemp>13.0</ns3:atemp>
            <ns3:hr>158</ns3:hr>
            <ns3:cad>81</ns3:cad>
          </ns3:TrackPointExtension>
        </extensions>
      </trkpt>
      <trkpt lat="37.7636409737169742584228515625" lon="-122.4055197648704051971435546875">
        <ele>31.200000762939453125</ele>
        <time>2025-12-03T15:18:57.000Z</time>
        <extensions>
          <ns3:TrackPointExtension>
            <ns3:atemp>14.0</ns3:atemp>
            <ns3:hr>158</ns3:hr>
            <ns3:cad>82</ns3:cad>
          </ns3:TrackPointExtension>
        </extensions>
      </trkpt>
      <trkpt lat="37.76362739503383636474609375" lon="-122.4055291526019573211669921875">
        <ele>31.6000003814697265625</ele>
        <time>2025-12-03T15:18:58.000Z</time>
        <extensions>
          <ns3:TrackPointExtension>
            <ns3:atemp>14.0</ns3:atemp>
            <ns3:hr>158</ns3:hr>
            <ns3:cad>82</ns3:cad>
          </ns3:TrackPointExtension>
        </extensions>
      </trkpt>
      <trkpt lat="37.76360870338976383209228515625" lon="-122.40554080344736576080322265625">
        <ele>31.799999237060546875</ele>
        <time>2025-12-03T15:18:59.000Z</time>
        <extensions>
          <ns3:TrackPointExtension>
            <ns3:atemp>14.0</ns3:atemp>
            <ns3:hr>158</ns3:hr>
            <ns3:cad>82</ns3:cad>
          </ns3:TrackPointExtension>
        </extensions>
      </trkpt>
      <trkpt lat="37.76359261013567447662353515625" lon="-122.4055475927889347076416015625">
        <ele>32</ele>
        <time>2025-12-03T15:19:00.000Z</time>
        <extensions>
          <ns3:TrackPointExtension>
            <ns3:atemp>14.0</ns3:atemp>
            <ns3:hr>158</ns3:hr>
            <ns3:cad>82</ns3:cad>
          </ns3:TrackPointExtension>
        </extensions>
      </trkpt>
      <trkpt lat="37.7635739184916019439697265625" lon="-122.405558489263057708740234375">
        <ele>32.200000762939453125</ele>
        <time>2025-12-03T15:19:01.000Z</time>
        <extensions>
          <ns3:TrackPointExtension>
            <ns3:atemp>14.0</ns3:atemp>
            <ns3:hr>158</ns3:hr>
            <ns3:cad>83</ns3:cad>
          </ns3:TrackPointExtension>
        </extensions>
      </trkpt>
      <trkpt lat="37.76354919187724590301513671875" lon="-122.40556611679494380950927734375">
        <ele>32.40000152587890625</ele>
        <time>2025-12-03T15:19:02.000Z</time>
        <extensions>
          <ns3:TrackPointExtension>
            <ns3:atemp>14.0</ns3:atemp>
            <ns3:hr>158</ns3:hr>
            <ns3:cad>83</ns3:cad>
          </ns3:TrackPointExtension>
        </extensions>
      </trkpt>
      <trkpt lat="37.763533852994441986083984375" lon="-122.405571900308132171630859375">
        <ele>32.59999847412109375</ele>
        <time>2025-12-03T15:19:03.000Z</time>
        <extensions>
          <ns3:TrackPointExtension>
            <ns3:atemp>14.0</ns3:atemp>
            <ns3:hr>158</ns3:hr>
            <ns3:cad>83</ns3:cad>
          </ns3:TrackPointExtension>
        </extensions>
      </trkpt>
      <trkpt lat="37.76350929401814937591552734375" lon="-122.4055777676403522491455078125">
        <ele>32.799999237060546875</ele>
        <time>2025-12-03T15:19:04.000Z</time>
        <extensions>
          <ns3:TrackPointExtension>
            <ns3:atemp>13.0</ns3:atemp>
            <ns3:hr>158</ns3:hr>
            <ns3:cad>83</ns3:cad>
          </ns3:TrackPointExtension>
        </extensions>
      </trkpt>
      <trkpt lat="37.76348263956606388092041015625" lon="-122.4055794440209865570068359375">
        <ele>33</ele>
        <time>2025-12-03T15:19:05.000Z</time>
        <extensions>
          <ns3:TrackPointExtension>
            <ns3:atemp>14.0</ns3:atemp>
            <ns3:hr>157</ns3:hr>
            <ns3:cad>83</ns3:cad>
          </ns3:TrackPointExtension>
        </extensions>
      </trkpt>
      <trkpt lat="37.76346470229327678680419921875" lon="-122.40558623336255550384521484375">
        <ele>33.200000762939453125</ele>
        <time>2025-12-03T15:19:06.000Z</time>
        <extensions>
          <ns3:TrackPointExtension>
            <ns3:atemp>13.0</ns3:atemp>
            <ns3:hr>157</ns3:hr>
            <ns3:cad>83</ns3:cad>
          </ns3:TrackPointExtension>
        </extensions>
      </trkpt>
      <trkpt lat="37.7634361200034618377685546875" lon="-122.40559570491313934326171875">
        <ele>33.40000152587890625</ele>
        <time>2025-12-03T15:19:07.000Z</time>
        <extensions>
          <ns3:TrackPointExtension>
            <ns3:atemp>14.0</ns3:atemp>
            <ns3:hr>157</ns3:hr>
            <ns3:cad>83</ns3:cad>
          </ns3:TrackPointExtension>
        </extensions>
      </trkpt>
      <trkpt lat="37.7634206973016262054443359375" lon="-122.40560769103467464447021484375">
        <ele>33.59999847412109375</ele>
        <time>2025-12-03T15:19:08.000Z</time>
        <extensions>
          <ns3:TrackPointExtension>
            <ns3:atemp>14.0</ns3:atemp>
            <ns3:hr>157</ns3:hr>
            <ns3:cad>84</ns3:cad>
          </ns3:TrackPointExtension>
        </extensions>
      </trkpt>
      <trkpt lat="37.76340384967625141143798828125" lon="-122.40562562830746173858642578125">
        <ele>33.799999237060546875</ele>
        <time>2025-12-03T15:19:09.000Z</time>
        <extensions>
          <ns3:TrackPointExtension>
            <ns3:atemp>14.0</ns3:atemp>
            <ns3:hr>157</ns3:hr>
            <ns3:cad>84</ns3:cad>
          </ns3:TrackPointExtension>
        </extensions>
      </trkpt>
      <trkpt lat="37.76338557712733745574951171875" lon="-122.4056446552276611328125">
        <ele>33.799999237060546875</ele>
        <time>2025-12-03T15:19:10.000Z</time>
        <extensions>
          <ns3:TrackPointExtension>
            <ns3:atemp>13.0</ns3:atemp>
            <ns3:hr>157</ns3:hr>
            <ns3:cad>84</ns3:cad>
          </ns3:TrackPointExtension>
        </extensions>
      </trkpt>
      <trkpt lat="37.76337769813835620880126953125" lon="-122.40566602908074855804443359375">
        <ele>33.799999237060546875</ele>
        <time>2025-12-03T15:19:11.000Z</time>
        <extensions>
          <ns3:TrackPointExtension>
            <ns3:atemp>14.0</ns3:atemp>
            <ns3:hr>157</ns3:hr>
            <ns3:cad>83</ns3:cad>
          </ns3:TrackPointExtension>
        </extensions>
      </trkpt>
      <trkpt lat="37.7633663825690746307373046875" lon="-122.40569486282765865325927734375">
        <ele>34</ele>
        <time>2025-12-03T15:19:12.000Z</time>
        <extensions>
          <ns3:TrackPointExtension>
            <ns3:atemp>14.0</ns3:atemp>
            <ns3:hr>157</ns3:hr>
            <ns3:cad>83</ns3:cad>
          </ns3:TrackPointExtension>
        </extensions>
      </trkpt>
      <trkpt lat="37.7633613534271717071533203125" lon="-122.40571799688041210174560546875">
        <ele>34</ele>
        <time>2025-12-03T15:19:13.000Z</time>
        <extensions>
          <ns3:TrackPointExtension>
            <ns3:atemp>14.0</ns3:atemp>
            <ns3:hr>157</ns3:hr>
            <ns3:cad>83</ns3:cad>
          </ns3:TrackPointExtension>
        </extensions>
      </trkpt>
      <trkpt lat="37.7633546479046344757080078125" lon="-122.40575118921697139739990234375">
        <ele>34</ele>
        <time>2025-12-03T15:19:14.000Z</time>
        <extensions>
          <ns3:TrackPointExtension>
            <ns3:atemp>14.0</ns3:atemp>
            <ns3:hr>157</ns3:hr>
            <ns3:cad>83</ns3:cad>
          </ns3:TrackPointExtension>
        </extensions>
      </trkpt>
      <trkpt lat="37.76334702037274837493896484375" lon="-122.4057832919061183929443359375">
        <ele>34</ele>
        <time>2025-12-03T15:19:15.000Z</time>
        <extensions>
          <ns3:TrackPointExtension>
            <ns3:atemp>14.0</ns3:atemp>
            <ns3:hr>157</ns3:hr>
            <ns3:cad>83</ns3:cad>
          </ns3:TrackPointExtension>
        </extensions>
      </trkpt>
      <trkpt lat="37.76334710419178009033203125" lon="-122.40581086836755275726318359375">
        <ele>34</ele>
        <time>2025-12-03T15:19:16.000Z</time>
        <extensions>
          <ns3:TrackPointExtension>
            <ns3:atemp>14.0</ns3:atemp>
            <ns3:hr>157</ns3:hr>
            <ns3:cad>85</ns3:cad>
          </ns3:TrackPointExtension>
        </extensions>
      </trkpt>
      <trkpt lat="37.7633496187627315521240234375" lon="-122.4058429710566997528076171875">
        <ele>34</ele>
        <time>2025-12-03T15:19:17.000Z</time>
        <extensions>
          <ns3:TrackPointExtension>
            <ns3:atemp>14.0</ns3:atemp>
            <ns3:hr>157</ns3:hr>
            <ns3:cad>85</ns3:cad>
          </ns3:TrackPointExtension>
        </extensions>
      </trkpt>
      <trkpt lat="37.76335112750530242919921875" lon="-122.405878342688083648681640625">
        <ele>34</ele>
        <time>2025-12-03T15:19:18.000Z</time>
        <extensions>
          <ns3:TrackPointExtension>
            <ns3:atemp>14.0</ns3:atemp>
            <ns3:hr>158</ns3:hr>
            <ns3:cad>85</ns3:cad>
          </ns3:TrackPointExtension>
        </extensions>
      </trkpt>
      <trkpt lat="37.76334987021982669830322265625" lon="-122.4059029854834079742431640625">
        <ele>34</ele>
        <time>2025-12-03T15:19:19.000Z</time>
        <extensions>
          <ns3:TrackPointExtension>
            <ns3:atemp>14.0</ns3:atemp>
            <ns3:hr>158</ns3:hr>
            <ns3:cad>85</ns3:cad>
          </ns3:TrackPointExtension>
        </extensions>
      </trkpt>
      <trkpt lat="37.76334852911531925201416015625" lon="-122.4059385247528553009033203125">
        <ele>34</ele>
        <time>2025-12-03T15:19:20.000Z</time>
        <extensions>
          <ns3:TrackPointExtension>
            <ns3:atemp>14.0</ns3:atemp>
            <ns3:hr>158</ns3:hr>
            <ns3:cad>83</ns3:cad>
          </ns3:TrackPointExtension>
        </extensions>
      </trkpt>
      <trkpt lat="37.76334634982049465179443359375" lon="-122.40595537237823009490966796875">
        <ele>34</ele>
        <time>2025-12-03T15:19:21.000Z</time>
        <extensions>
          <ns3:TrackPointExtension>
            <ns3:atemp>14.0</ns3:atemp>
            <ns3:hr>157</ns3:hr>
            <ns3:cad>83</ns3:cad>
          </ns3:TrackPointExtension>
        </extensions>
      </trkpt>
    </trkseg>
  </trk>
</gpx>
